"customer_id","last_order_date","days_since_last_order","total_orders","total_spent","customer_status"
1,"2025-06-25",128,2,115.39,"Churned"
2,"2025-01-02",302,2,68.52,"Churned"
3,"2020-07-04",1945,1,66.72,"Churned"
4,"2023-08-01",822,2,279.86,"Churned"
5,"2025-01-30",274,3,271.29,"Churned"
6,"2024-11-27",338,4,387.40,"Churned"
7,"2022-09-11",1146,2,96.81,"Churned"
8,"2020-08-08",1910,1,207.40,"Churned"
9,"2024-05-21",528,1,122.51,"Churned"
10,"2023-04-02",943,3,398.85,"Churned"
12,"2024-08-04",453,2,484.25,"Churned"
14,"2025-10-28",3,3,380.89,"Active"
15,"2022-05-04",1276,2,40.06,"Churned"
16,"2024-04-22",557,1,285.40,"Churned"
17,"2024-03-11",599,3,791.85,"Churned"
18,"2024-10-16",380,4,805.64,"Churned"
19,"2021-05-06",1639,3,265.32,"Churned"
20,"2025-05-24",160,4,499.73,"Churned"
22,"2020-08-31",1887,1,169.83,"Churned"
23,"2023-05-31",884,1,57.19,"Churned"
25,"2025-03-22",223,2,318.95,"Churned"
26,"2023-05-08",907,1,5.93,"Churned"
27,"2023-12-18",683,2,75.13,"Churned"
28,"2020-08-25",1893,1,44.21,"Churned"
29,"2020-10-15",1842,1,16.80,"Churned"
30,"2025-02-15",258,2,369.64,"Churned"
31,"2025-08-14",78,2,296.48,"At Risk"
32,"2023-05-22",893,1,75.05,"Churned"
34,"2025-07-16",107,6,464.48,"Churned"
35,"2025-06-19",134,3,253.84,"Churned"
36,"2023-10-05",757,3,183.79,"Churned"
37,"2022-10-31",1096,2,239.33,"Churned"
39,"2023-02-05",999,3,358.38,"Churned"
40,"2025-04-24",190,5,1025.31,"Churned"
42,"2023-04-06",939,2,63.13,"Churned"
43,"2025-09-01",60,3,675.04,"At Risk"
45,"2024-07-27",461,3,383.31,"Churned"
46,"2025-09-30",31,2,72.24,"At Risk"
48,"2025-02-08",265,2,441.99,"Churned"
49,"2024-04-04",575,3,580.52,"Churned"
50,"2021-04-03",1672,1,186.60,"Churned"
51,"2025-09-18",43,2,267.34,"At Risk"
52,"2023-07-20",834,2,108.40,"Churned"
54,"2022-06-01",1248,2,180.43,"Churned"
55,"2023-11-13",718,2,351.59,"Churned"
56,"2024-01-12",658,3,220.52,"Churned"
57,"2023-08-20",803,1,97.38,"Churned"
58,"2023-07-09",845,2,246.35,"Churned"
59,"2022-02-28",1341,1,81.92,"Churned"
60,"2023-10-31",731,3,191.16,"Churned"
61,"2025-09-06",55,3,288.47,"At Risk"
62,"2021-06-29",1585,3,393.98,"Churned"
63,"2024-04-07",572,1,239.32,"Churned"
64,"2023-10-02",760,1,32.27,"Churned"
65,"2023-11-10",721,1,64.69,"Churned"
66,"2022-12-03",1063,2,311.93,"Churned"
68,"2021-08-23",1530,2,196.32,"Churned"
69,"2025-05-19",165,2,502.80,"Churned"
70,"2023-02-12",992,3,132.72,"Churned"
72,"2024-07-13",475,2,215.50,"Churned"
73,"2023-08-03",820,2,367.86,"Churned"
74,"2024-12-07",328,5,429.62,"Churned"
75,"2025-08-14",78,1,589.54,"At Risk"
76,"2022-11-02",1094,3,306.15,"Churned"
78,"2025-03-27",218,2,362.26,"Churned"
79,"2024-06-09",509,3,887.65,"Churned"
80,"2025-09-25",36,2,367.45,"At Risk"
81,"2024-07-07",481,5,334.92,"Churned"
82,"2024-05-05",544,1,37.63,"Churned"
85,"2022-02-20",1349,1,75.05,"Churned"
86,"2022-06-24",1225,1,245.08,"Churned"
91,"2025-08-20",72,5,727.71,"At Risk"
92,"2025-08-30",62,4,344.28,"At Risk"
93,"2021-06-26",1588,2,126.78,"Churned"
94,"2021-08-21",1532,1,407.08,"Churned"
95,"2025-02-08",265,2,500.47,"Churned"
97,"2022-08-31",1157,2,278.23,"Churned"
98,"2022-01-07",1393,1,59.52,"Churned"
99,"2025-09-26",35,4,730.92,"At Risk"
100,"2024-03-02",608,4,297.38,"Churned"
101,"2025-03-11",234,4,601.57,"Churned"
102,"2024-12-10",325,4,404.15,"Churned"
103,"2023-06-05",879,1,12.37,"Churned"
104,"2022-08-24",1164,2,145.17,"Churned"
105,"2020-01-21",2110,1,324.03,"Churned"
106,"2023-10-29",733,2,101.59,"Churned"
107,"2023-08-20",803,2,397.49,"Churned"
108,"2022-10-22",1105,2,453.75,"Churned"
109,"2025-06-14",139,1,1290.44,"Churned"
110,"2024-05-13",536,1,30.12,"Churned"
112,"2022-08-31",1157,1,44.71,"Churned"
113,"2025-04-04",210,1,50.89,"Churned"
114,"2022-07-14",1205,1,202.80,"Churned"
117,"2025-10-01",30,5,1355.84,"Active"
118,"2025-03-19",226,3,266.13,"Churned"
120,"2022-05-14",1266,2,193.42,"Churned"
121,"2024-05-12",537,2,160.79,"Churned"
123,"2025-01-27",277,2,160.86,"Churned"
124,"2022-08-20",1168,2,216.86,"Churned"
127,"2024-05-20",529,2,419.14,"Churned"
128,"2021-09-08",1514,3,202.05,"Churned"
129,"2024-10-09",387,2,359.80,"Churned"
130,"2025-02-14",259,2,122.73,"Churned"
133,"2022-05-14",1266,1,90.99,"Churned"
134,"2025-05-11",173,1,243.78,"Churned"
135,"2022-04-04",1306,1,7.82,"Churned"
138,"2023-10-28",734,1,15.86,"Churned"
140,"2020-12-24",1772,1,215.51,"Churned"
141,"2025-05-20",164,5,573.52,"Churned"
142,"2022-12-02",1064,2,405.84,"Churned"
143,"2025-10-17",14,3,409.48,"Active"
144,"2024-12-09",326,2,160.97,"Churned"
146,"2022-02-21",1348,3,268.29,"Churned"
147,"2024-06-06",512,3,681.71,"Churned"
148,"2025-10-18",13,1,224.01,"Active"
149,"2022-04-28",1282,1,140.18,"Churned"
150,"2020-10-13",1844,1,171.96,"Churned"
151,"2022-01-27",1373,1,90.75,"Churned"
152,"2023-02-02",1002,3,171.37,"Churned"
154,"2024-10-24",372,3,145.83,"Churned"
155,"2020-11-12",1814,1,39.06,"Churned"
156,"2024-06-21",497,1,30.56,"Churned"
157,"2020-02-13",2087,1,325.46,"Churned"
158,"2025-09-27",34,1,50.38,"At Risk"
160,"2025-05-21",163,3,133.99,"Churned"
161,"2022-12-28",1038,2,862.84,"Churned"
162,"2023-03-28",948,3,236.25,"Churned"
163,"2025-07-30",93,2,379.42,"Churned"
164,"2023-05-04",911,2,190.90,"Churned"
165,"2024-02-13",626,3,293.82,"Churned"
166,"2022-06-06",1243,2,293.42,"Churned"
167,"2023-03-27",949,1,237.34,"Churned"
169,"2024-02-05",634,2,180.90,"Churned"
171,"2025-07-21",102,3,115.21,"Churned"
172,"2024-07-24",464,2,544.05,"Churned"
173,"2022-06-11",1238,4,572.79,"Churned"
174,"2024-08-06",451,3,522.14,"Churned"
175,"2024-10-29",367,5,441.37,"Churned"
176,"2025-04-09",205,1,67.32,"Churned"
177,"2020-10-12",1845,2,149.46,"Churned"
178,"2025-08-02",90,1,56.09,"At Risk"
179,"2023-01-01",1034,1,69.45,"Churned"
180,"2020-07-10",1939,1,249.08,"Churned"
181,"2023-03-27",949,3,653.41,"Churned"
182,"2023-05-18",897,1,139.43,"Churned"
183,"2024-02-25",614,2,181.15,"Churned"
184,"2025-07-14",109,1,247.08,"Churned"
185,"2024-11-30",335,3,575.53,"Churned"
186,"2025-02-27",246,2,201.48,"Churned"
187,"2025-01-26",278,4,203.45,"Churned"
188,"2024-03-22",588,4,466.20,"Churned"
189,"2023-09-30",762,2,371.33,"Churned"
190,"2022-08-09",1179,1,109.31,"Churned"
191,"2021-02-12",1722,1,30.64,"Churned"
192,"2021-03-15",1691,1,106.40,"Churned"
193,"2024-10-20",376,2,180.55,"Churned"
194,"2020-06-22",1957,1,46.87,"Churned"
196,"2022-08-18",1170,2,444.50,"Churned"
197,"2022-03-10",1331,2,118.83,"Churned"
198,"2024-09-12",414,1,877.96,"Churned"
199,"2020-10-13",1844,1,178.72,"Churned"
200,"2023-05-31",884,2,104.17,"Churned"
201,"2021-01-24",1741,1,138.19,"Churned"
202,"2023-02-14",990,1,445.93,"Churned"
203,"2022-01-03",1397,1,47.62,"Churned"
204,"2025-06-21",132,1,123.35,"Churned"
205,"2025-07-05",118,3,266.91,"Churned"
206,"2023-07-01",853,2,275.33,"Churned"
207,"2021-01-26",1739,2,335.36,"Churned"
208,"2024-07-13",475,4,244.21,"Churned"
209,"2024-04-23",556,2,514.09,"Churned"
210,"2021-10-29",1463,2,494.76,"Churned"
211,"2024-08-04",453,2,150.69,"Churned"
212,"2022-10-20",1107,1,76.07,"Churned"
214,"2025-08-14",78,3,366.75,"At Risk"
215,"2023-01-10",1025,1,147.06,"Churned"
216,"2025-02-05",268,2,461.91,"Churned"
218,"2024-11-05",360,2,307.51,"Churned"
219,"2022-07-13",1206,1,56.86,"Churned"
221,"2021-11-05",1456,1,44.27,"Churned"
222,"2025-09-29",32,2,108.74,"At Risk"
223,"2020-10-20",1837,3,205.22,"Churned"
224,"2025-09-25",36,1,100.07,"At Risk"
225,"2024-10-28",368,2,84.63,"Churned"
226,"2025-09-04",57,2,190.83,"At Risk"
227,"2020-04-23",2017,1,82.47,"Churned"
228,"2025-03-31",214,2,180.84,"Churned"
229,"2023-10-05",757,1,116.54,"Churned"
231,"2020-07-17",1932,1,54.03,"Churned"
233,"2022-03-21",1320,1,199.88,"Churned"
234,"2025-04-30",184,1,7.26,"Churned"
235,"2020-08-16",1902,1,135.36,"Churned"
236,"2025-03-19",226,3,677.15,"Churned"
237,"2025-04-16",198,4,693.97,"Churned"
238,"2023-10-12",750,2,284.27,"Churned"
239,"2025-02-13",260,2,787.76,"Churned"
240,"2024-11-15",350,2,49.32,"Churned"
241,"2024-04-29",550,1,41.65,"Churned"
243,"2021-02-12",1722,1,233.70,"Churned"
244,"2024-11-20",345,1,45.56,"Churned"
246,"2025-07-31",92,1,228.32,"Churned"
247,"2022-01-23",1377,1,51.90,"Churned"
248,"2025-08-23",69,1,96.51,"At Risk"
250,"2025-04-03",211,3,247.66,"Churned"
251,"2022-01-02",1398,1,213.07,"Churned"
253,"2025-08-20",72,3,1030.41,"At Risk"
254,"2024-09-22",404,5,510.58,"Churned"
255,"2025-01-10",294,3,183.28,"Churned"
256,"2022-12-12",1054,1,172.23,"Churned"
257,"2024-11-23",342,4,274.03,"Churned"
258,"2020-01-01",2130,1,69.26,"Churned"
259,"2020-10-30",1827,1,147.49,"Churned"
261,"2021-07-05",1579,2,962.45,"Churned"
262,"2025-10-29",2,1,692.35,"Active"
263,"2025-09-18",43,3,50.82,"At Risk"
264,"2024-11-13",352,4,322.40,"Churned"
265,"2025-02-17",256,4,910.64,"Churned"
266,"2023-12-21",680,4,647.90,"Churned"
269,"2025-01-19",285,2,114.08,"Churned"
270,"2025-10-04",27,2,321.34,"Active"
271,"2024-04-08",571,2,86.27,"Churned"
272,"2023-11-09",722,1,90.44,"Churned"
273,"2024-03-18",592,2,408.31,"Churned"
275,"2025-10-02",29,2,169.07,"Active"
276,"2024-10-27",369,3,217.25,"Churned"
277,"2024-03-26",584,1,57.89,"Churned"
278,"2024-04-02",577,2,111.18,"Churned"
279,"2023-09-25",767,2,270.70,"Churned"
280,"2025-05-25",159,1,44.18,"Churned"
281,"2024-09-12",414,2,47.91,"Churned"
283,"2024-04-28",551,2,54.84,"Churned"
284,"2024-05-21",528,2,554.80,"Churned"
285,"2023-10-19",743,2,147.82,"Churned"
286,"2024-02-26",613,1,372.36,"Churned"
288,"2025-01-09",295,3,409.72,"Churned"
289,"2024-01-28",642,2,959.12,"Churned"
291,"2025-09-26",35,2,213.03,"At Risk"
293,"2021-11-24",1437,1,75.91,"Churned"
294,"2023-01-15",1020,2,1064.59,"Churned"
296,"2022-02-07",1362,1,31.72,"Churned"
297,"2020-10-30",1827,2,112.72,"Churned"
298,"2025-03-24",221,2,86.07,"Churned"
299,"2021-05-02",1643,1,126.67,"Churned"
302,"2025-03-23",222,1,435.02,"Churned"
303,"2024-12-30",305,2,250.29,"Churned"
304,"2022-04-12",1298,2,230.92,"Churned"
305,"2024-09-13",413,4,348.22,"Churned"
306,"2022-03-23",1318,1,87.06,"Churned"
307,"2023-11-29",702,1,78.99,"Churned"
308,"2020-11-04",1822,2,115.01,"Churned"
309,"2024-09-12",414,1,12.97,"Churned"
310,"2021-02-04",1730,2,171.87,"Churned"
311,"2023-01-12",1023,2,246.18,"Churned"
312,"2024-11-30",335,2,77.04,"Churned"
314,"2025-04-18",196,3,852.49,"Churned"
315,"2024-09-13",413,4,347.73,"Churned"
316,"2024-12-05",330,3,855.77,"Churned"
317,"2024-08-21",436,3,228.84,"Churned"
318,"2024-06-24",494,3,618.18,"Churned"
320,"2025-05-20",164,5,426.47,"Churned"
322,"2025-06-03",150,4,330.42,"Churned"
323,"2023-03-29",947,2,78.52,"Churned"
324,"2021-06-11",1603,1,225.48,"Churned"
326,"2024-04-18",561,1,168.69,"Churned"
327,"2025-04-05",209,6,1008.15,"Churned"
331,"2023-01-10",1025,1,48.64,"Churned"
332,"2022-04-30",1280,1,130.03,"Churned"
333,"2023-03-13",963,2,29.00,"Churned"
334,"2025-06-28",125,5,805.12,"Churned"
335,"2022-08-12",1176,2,203.33,"Churned"
336,"2025-10-19",12,3,546.58,"Active"
337,"2020-09-27",1860,1,586.78,"Churned"
339,"2023-07-06",848,1,162.55,"Churned"
341,"2024-05-10",539,1,23.61,"Churned"
342,"2022-06-26",1223,1,29.46,"Churned"
343,"2023-01-31",1004,3,725.09,"Churned"
344,"2025-04-13",201,3,361.03,"Churned"
345,"2025-09-28",33,2,620.09,"At Risk"
346,"2023-12-30",671,1,17.47,"Churned"
347,"2020-03-26",2045,1,259.60,"Churned"
348,"2020-06-27",1952,1,143.19,"Churned"
349,"2022-01-11",1389,3,418.85,"Churned"
350,"2023-07-29",825,2,231.42,"Churned"
351,"2022-05-24",1256,1,161.63,"Churned"
352,"2025-01-03",301,3,290.25,"Churned"
353,"2024-06-18",500,2,423.38,"Churned"
354,"2024-01-24",646,4,334.27,"Churned"
356,"2021-10-23",1469,1,97.89,"Churned"
357,"2020-12-17",1779,1,179.55,"Churned"
358,"2020-09-23",1864,1,231.10,"Churned"
359,"2024-12-10",325,3,260.20,"Churned"
360,"2024-09-14",412,1,57.01,"Churned"
361,"2020-06-28",1951,2,225.15,"Churned"
362,"2024-11-15",350,4,696.85,"Churned"
363,"2024-05-31",518,1,65.85,"Churned"
364,"2021-06-16",1598,1,242.78,"Churned"
365,"2023-12-30",671,1,183.55,"Churned"
366,"2025-09-19",42,1,187.57,"At Risk"
369,"2023-06-19",865,3,510.79,"Churned"
370,"2022-04-29",1281,2,434.90,"Churned"
371,"2023-07-23",831,1,117.47,"Churned"
372,"2022-07-26",1193,3,2978.28,"Churned"
373,"2025-02-22",251,1,104.84,"Churned"
375,"2025-06-15",138,2,205.59,"Churned"
376,"2025-10-31",0,2,260.42,"Active"
377,"2023-08-08",815,1,251.58,"Churned"
379,"2020-03-07",2064,1,50.05,"Churned"
381,"2020-06-09",1970,2,220.97,"Churned"
382,"2024-08-27",430,2,853.33,"Churned"
385,"2022-02-07",1362,3,270.92,"Churned"
386,"2024-05-26",523,1,43.79,"Churned"
387,"2025-07-16",107,2,223.79,"Churned"
389,"2024-09-03",423,3,257.78,"Churned"
390,"2021-09-16",1506,1,120.95,"Churned"
392,"2024-01-12",658,2,258.56,"Churned"
393,"2023-07-14",840,3,679.75,"Churned"
394,"2021-05-17",1628,1,158.16,"Churned"
395,"2024-11-15",350,5,1273.15,"Churned"
396,"2021-03-12",1694,1,5.93,"Churned"
397,"2024-09-26",400,2,73.53,"Churned"
398,"2024-09-25",401,3,602.46,"Churned"
399,"2023-04-01",944,2,614.89,"Churned"
400,"2024-06-11",507,1,80.65,"Churned"
401,"2025-05-04",180,2,39.10,"Churned"
402,"2024-12-06",329,3,1015.68,"Churned"
403,"2025-07-12",111,2,122.44,"Churned"
405,"2024-11-17",348,1,75.36,"Churned"
406,"2022-02-16",1353,1,234.11,"Churned"
407,"2021-05-13",1632,2,263.66,"Churned"
408,"2020-11-24",1802,1,107.60,"Churned"
410,"2021-12-27",1404,1,168.95,"Churned"
412,"2025-02-03",270,1,201.76,"Churned"
413,"2023-09-22",770,1,133.44,"Churned"
414,"2023-02-10",994,2,450.04,"Churned"
415,"2023-08-03",820,5,661.19,"Churned"
416,"2025-08-19",73,2,225.00,"At Risk"
417,"2025-10-20",11,2,183.79,"Active"
419,"2022-12-15",1051,3,375.33,"Churned"
420,"2025-07-08",115,3,414.11,"Churned"
421,"2022-10-06",1121,1,42.13,"Churned"
422,"2025-04-02",212,1,122.43,"Churned"
423,"2022-08-22",1166,2,165.30,"Churned"
424,"2025-01-22",282,1,17.34,"Churned"
425,"2022-11-20",1076,3,105.20,"Churned"
426,"2025-10-14",17,2,305.43,"Active"
428,"2024-03-26",584,1,25.71,"Churned"
429,"2025-07-09",114,1,28.59,"Churned"
430,"2024-02-10",629,3,568.53,"Churned"
431,"2025-06-02",151,2,271.08,"Churned"
432,"2025-09-02",59,4,514.57,"At Risk"
433,"2025-10-29",2,3,398.26,"Active"
434,"2025-10-10",21,1,207.64,"Active"
435,"2024-11-25",340,1,52.87,"Churned"
436,"2025-05-24",160,3,431.43,"Churned"
438,"2024-07-26",462,1,37.17,"Churned"
439,"2025-05-06",178,4,207.10,"Churned"
441,"2020-06-21",1958,1,813.98,"Churned"
442,"2021-03-27",1679,1,43.85,"Churned"
443,"2020-05-13",1997,1,10.11,"Churned"
444,"2022-04-17",1293,1,248.16,"Churned"
445,"2020-09-07",1880,1,52.58,"Churned"
449,"2025-07-14",109,1,11.92,"Churned"
450,"2022-01-04",1396,1,85.03,"Churned"
451,"2025-09-28",33,3,380.81,"At Risk"
452,"2020-01-14",2117,1,148.93,"Churned"
453,"2022-11-19",1077,2,145.88,"Churned"
454,"2025-07-29",94,2,206.05,"Churned"
455,"2025-01-17",287,6,1105.20,"Churned"
456,"2024-01-06",664,2,125.47,"Churned"
457,"2025-01-05",299,4,348.70,"Churned"
458,"2023-06-25",859,3,163.92,"Churned"
459,"2025-06-14",139,5,340.08,"Churned"
463,"2024-06-09",509,2,544.51,"Churned"
465,"2025-05-01",183,2,82.91,"Churned"
466,"2024-07-08",480,2,97.30,"Churned"
467,"2025-04-03",211,1,7.98,"Churned"
469,"2024-10-11",385,2,448.52,"Churned"
470,"2024-07-25",463,1,150.37,"Churned"
472,"2024-05-17",532,3,523.71,"Churned"
474,"2024-06-23",495,2,431.03,"Churned"
475,"2025-10-09",22,4,785.36,"Active"
476,"2024-01-24",646,2,220.88,"Churned"
477,"2024-05-28",521,5,321.01,"Churned"
478,"2020-12-16",1780,2,127.07,"Churned"
479,"2022-01-16",1384,1,109.67,"Churned"
481,"2023-12-19",682,3,368.36,"Churned"
482,"2024-01-16",654,3,742.42,"Churned"
483,"2025-08-29",63,4,563.77,"At Risk"
484,"2022-12-18",1048,2,306.15,"Churned"
485,"2024-12-15",320,4,323.10,"Churned"
487,"2024-07-21",467,2,774.50,"Churned"
488,"2023-03-12",964,3,352.45,"Churned"
489,"2025-09-11",50,4,173.73,"At Risk"
490,"2025-08-15",77,1,57.72,"At Risk"
493,"2025-08-11",81,3,384.10,"At Risk"
494,"2023-02-25",979,1,217.85,"Churned"
495,"2025-09-28",33,5,345.51,"At Risk"
496,"2024-11-10",355,3,384.93,"Churned"
497,"2023-12-10",691,2,438.76,"Churned"
498,"2025-10-14",17,5,941.15,"Active"
499,"2022-02-04",1365,3,519.80,"Churned"
500,"2025-07-29",94,3,364.54,"Churned"
502,"2020-04-08",2032,1,159.49,"Churned"
503,"2022-07-19",1200,5,2100.96,"Churned"
504,"2025-04-27",187,3,405.38,"Churned"
505,"2023-12-21",680,4,705.02,"Churned"
506,"2025-08-18",74,2,257.02,"At Risk"
507,"2021-09-26",1496,1,375.01,"Churned"
508,"2025-10-21",10,2,502.09,"Active"
509,"2024-03-29",581,2,256.16,"Churned"
510,"2022-03-13",1328,3,728.95,"Churned"
511,"2022-02-25",1344,1,73.44,"Churned"
512,"2023-05-28",887,1,89.90,"Churned"
513,"2024-06-16",502,2,213.52,"Churned"
514,"2025-01-04",300,2,182.92,"Churned"
515,"2024-11-01",364,3,747.64,"Churned"
516,"2020-07-03",1946,1,35.48,"Churned"
518,"2025-07-30",93,5,227.76,"Churned"
519,"2023-08-03",820,3,122.53,"Churned"
520,"2021-06-17",1597,1,66.78,"Churned"
521,"2020-06-03",1976,1,59.77,"Churned"
523,"2024-07-25",463,2,116.15,"Churned"
524,"2024-11-01",364,3,479.61,"Churned"
525,"2022-12-14",1052,1,275.50,"Churned"
527,"2021-12-17",1414,2,110.59,"Churned"
528,"2024-02-19",620,2,173.12,"Churned"
529,"2020-10-22",1835,1,6.93,"Churned"
531,"2024-08-01",456,5,310.08,"Churned"
533,"2025-09-17",44,4,383.93,"At Risk"
536,"2025-05-31",153,3,432.58,"Churned"
537,"2024-06-18",500,1,25.51,"Churned"
538,"2020-02-27",2073,1,84.31,"Churned"
540,"2021-10-06",1486,2,350.04,"Churned"
541,"2024-11-08",357,1,47.24,"Churned"
542,"2022-08-23",1165,2,570.47,"Churned"
543,"2025-09-26",35,3,168.63,"At Risk"
545,"2021-11-23",1438,2,309.25,"Churned"
546,"2025-01-30",274,1,42.58,"Churned"
547,"2024-02-04",635,2,242.24,"Churned"
548,"2024-06-05",513,1,15.86,"Churned"
549,"2021-10-31",1461,2,142.38,"Churned"
550,"2020-02-06",2094,1,684.68,"Churned"
551,"2020-09-19",1868,1,471.96,"Churned"
552,"2021-05-23",1622,3,329.31,"Churned"
553,"2025-03-14",231,1,137.54,"Churned"
554,"2024-10-28",368,1,508.23,"Churned"
555,"2025-06-16",137,3,253.93,"Churned"
556,"2023-04-08",937,1,40.57,"Churned"
557,"2025-03-15",230,3,501.10,"Churned"
558,"2024-03-23",587,1,35.76,"Churned"
560,"2025-09-10",51,1,140.37,"At Risk"
562,"2025-05-19",165,1,307.53,"Churned"
564,"2024-08-12",445,1,16.09,"Churned"
565,"2023-01-27",1008,2,356.78,"Churned"
566,"2024-02-05",634,3,698.71,"Churned"
567,"2025-08-12",80,1,19.56,"At Risk"
569,"2021-11-25",1436,2,119.02,"Churned"
570,"2023-07-24",830,1,17.78,"Churned"
571,"2023-08-20",803,4,477.16,"Churned"
572,"2022-12-02",1064,1,289.64,"Churned"
573,"2024-09-14",412,2,757.79,"Churned"
575,"2021-12-04",1427,1,79.58,"Churned"
576,"2021-03-12",1694,1,93.06,"Churned"
577,"2023-01-16",1019,1,86.29,"Churned"
578,"2025-05-15",169,2,552.56,"Churned"
579,"2021-02-02",1732,1,24.47,"Churned"
582,"2023-03-07",969,1,88.93,"Churned"
583,"2020-03-30",2041,1,356.66,"Churned"
584,"2024-03-08",602,2,139.67,"Churned"
585,"2024-11-01",364,3,103.98,"Churned"
586,"2023-10-13",749,2,169.78,"Churned"
587,"2025-02-18",255,3,651.41,"Churned"
588,"2023-07-09",845,1,136.67,"Churned"
589,"2022-01-11",1389,1,23.83,"Churned"
590,"2025-09-04",57,4,374.37,"At Risk"
591,"2025-04-01",213,4,603.29,"Churned"
593,"2025-08-31",61,2,385.31,"At Risk"
594,"2024-06-16",502,4,221.83,"Churned"
595,"2025-05-05",179,5,371.78,"Churned"
597,"2025-03-17",228,1,516.40,"Churned"
598,"2024-07-15",473,3,298.85,"Churned"
599,"2023-11-13",718,2,328.52,"Churned"
602,"2023-04-12",933,1,100.77,"Churned"
605,"2023-10-17",745,4,401.64,"Churned"
606,"2023-10-14",748,2,740.97,"Churned"
608,"2024-02-03",636,3,209.26,"Churned"
609,"2025-05-11",173,3,527.07,"Churned"
610,"2022-12-23",1043,2,145.29,"Churned"
611,"2023-02-04",1000,1,597.26,"Churned"
612,"2024-04-29",550,5,1055.32,"Churned"
613,"2020-04-19",2021,1,515.82,"Churned"
614,"2022-01-09",1391,3,466.38,"Churned"
615,"2023-02-03",1001,2,334.42,"Churned"
616,"2020-02-15",2085,1,202.41,"Churned"
617,"2021-11-03",1458,1,31.09,"Churned"
618,"2021-12-13",1418,1,39.60,"Churned"
619,"2024-02-11",628,2,622.93,"Churned"
624,"2022-01-10",1390,1,37.77,"Churned"
626,"2025-05-18",166,3,188.42,"Churned"
629,"2025-06-12",141,2,271.02,"Churned"
630,"2025-06-24",129,1,3.32,"Churned"
631,"2024-01-09",661,2,220.86,"Churned"
632,"2021-01-07",1758,3,611.69,"Churned"
634,"2025-07-14",109,2,1300.17,"Churned"
635,"2025-09-13",48,2,337.37,"At Risk"
636,"2023-04-06",939,2,184.54,"Churned"
637,"2025-07-17",106,2,601.77,"Churned"
638,"2023-01-22",1013,4,568.65,"Churned"
640,"2022-02-21",1348,1,11.64,"Churned"
641,"2025-03-22",223,1,52.89,"Churned"
642,"2024-12-28",307,1,27.12,"Churned"
643,"2025-04-17",197,4,248.51,"Churned"
644,"2024-08-27",430,5,936.92,"Churned"
645,"2023-05-31",884,2,273.41,"Churned"
646,"2023-09-06",786,3,415.99,"Churned"
647,"2022-06-15",1234,1,31.86,"Churned"
649,"2025-06-24",129,1,12.97,"Churned"
650,"2021-04-17",1658,1,79.62,"Churned"
651,"2025-08-31",61,2,364.51,"At Risk"
652,"2024-08-31",426,2,200.09,"Churned"
653,"2023-01-05",1030,4,718.90,"Churned"
654,"2024-05-08",541,3,339.24,"Churned"
655,"2023-01-10",1025,2,143.83,"Churned"
656,"2025-04-04",210,2,178.98,"Churned"
657,"2023-07-21",833,2,326.79,"Churned"
658,"2022-04-08",1302,1,120.95,"Churned"
659,"2023-01-21",1014,2,435.18,"Churned"
660,"2024-09-06",420,3,270.98,"Churned"
662,"2025-10-01",30,4,244.03,"Active"
663,"2022-07-07",1212,4,296.75,"Churned"
664,"2024-03-14",596,2,251.52,"Churned"
665,"2022-07-21",1198,1,361.61,"Churned"
666,"2023-12-02",699,3,130.15,"Churned"
667,"2021-06-02",1612,2,30.33,"Churned"
668,"2024-08-15",442,2,109.45,"Churned"
669,"2022-08-29",1159,3,171.43,"Churned"
670,"2024-11-18",347,2,85.86,"Churned"
672,"2021-02-10",1724,1,127.01,"Churned"
673,"2024-03-31",579,2,128.33,"Churned"
674,"2023-03-30",946,1,28.57,"Churned"
675,"2023-08-14",809,1,23.70,"Churned"
676,"2021-09-28",1494,1,185.24,"Churned"
677,"2022-06-03",1246,1,223.87,"Churned"
680,"2023-05-10",905,2,570.66,"Churned"
681,"2023-10-25",737,1,103.44,"Churned"
682,"2025-02-01",272,1,109.01,"Churned"
683,"2023-10-26",736,1,195.58,"Churned"
684,"2025-01-19",285,3,225.71,"Churned"
685,"2024-02-11",628,5,675.84,"Churned"
686,"2022-05-14",1266,2,103.14,"Churned"
688,"2020-12-29",1767,1,46.29,"Churned"
689,"2025-02-28",245,1,205.72,"Churned"
691,"2025-08-30",62,3,307.62,"At Risk"
692,"2025-10-02",29,3,298.52,"Active"
693,"2023-12-28",673,2,262.50,"Churned"
694,"2025-05-31",153,1,590.75,"Churned"
695,"2023-03-11",965,4,195.59,"Churned"
696,"2024-10-18",378,1,181.92,"Churned"
697,"2021-09-15",1507,2,213.02,"Churned"
698,"2023-07-13",841,2,472.56,"Churned"
699,"2023-11-22",709,2,102.16,"Churned"
701,"2023-04-26",919,1,405.24,"Churned"
702,"2025-05-01",183,2,175.06,"Churned"
703,"2025-06-11",142,4,427.01,"Churned"
704,"2025-10-06",25,1,161.42,"Active"
705,"2025-02-01",272,1,15.18,"Churned"
706,"2021-08-31",1522,2,383.94,"Churned"
707,"2024-07-18",470,3,306.03,"Churned"
708,"2025-08-14",78,4,169.14,"At Risk"
709,"2023-09-18",774,1,23.83,"Churned"
710,"2020-08-31",1887,1,35.43,"Churned"
711,"2021-05-27",1618,1,113.27,"Churned"
712,"2023-09-30",762,1,102.08,"Churned"
714,"2025-06-17",136,3,480.02,"Churned"
715,"2024-12-08",327,1,97.43,"Churned"
716,"2025-08-13",79,1,515.63,"At Risk"
718,"2024-06-01",517,3,268.30,"Churned"
719,"2024-01-31",639,1,261.83,"Churned"
720,"2024-09-01",425,1,39.62,"Churned"
723,"2025-02-16",257,4,539.70,"Churned"
726,"2021-01-19",1746,1,75.93,"Churned"
727,"2025-08-22",70,2,54.49,"At Risk"
728,"2024-04-02",577,2,346.81,"Churned"
729,"2024-01-19",651,1,43.66,"Churned"
730,"2023-06-24",860,2,563.06,"Churned"
732,"2025-09-16",45,2,299.90,"At Risk"
733,"2025-09-03",58,3,296.94,"At Risk"
734,"2025-09-12",49,5,353.60,"At Risk"
735,"2025-10-06",25,1,41.32,"Active"
738,"2022-05-10",1270,2,591.38,"Churned"
739,"2023-10-01",761,2,176.23,"Churned"
740,"2025-09-26",35,2,116.75,"At Risk"
741,"2025-09-19",42,3,1045.67,"At Risk"
742,"2020-12-16",1780,1,8.68,"Churned"
744,"2023-08-10",813,2,357.10,"Churned"
745,"2025-10-15",16,3,979.65,"Active"
748,"2024-10-28",368,1,165.93,"Churned"
749,"2020-10-11",1846,1,160.63,"Churned"
750,"2024-08-04",453,1,141.65,"Churned"
751,"2020-10-16",1841,1,91.14,"Churned"
753,"2024-10-30",366,2,423.17,"Churned"
755,"2021-03-03",1703,1,10.38,"Churned"
757,"2025-05-31",153,2,670.10,"Churned"
758,"2022-09-24",1133,1,8.53,"Churned"
759,"2021-11-15",1446,1,165.11,"Churned"
760,"2025-07-17",106,2,248.53,"Churned"
761,"2025-07-18",105,3,276.69,"Churned"
763,"2025-06-23",130,2,268.32,"Churned"
764,"2021-12-08",1423,1,392.03,"Churned"
766,"2021-12-05",1426,2,188.80,"Churned"
767,"2024-09-12",414,2,194.06,"Churned"
768,"2023-07-16",838,1,128.97,"Churned"
769,"2023-06-08",876,2,908.51,"Churned"
770,"2021-04-14",1661,1,180.45,"Churned"
771,"2025-08-27",65,3,497.35,"At Risk"
772,"2024-12-04",331,4,343.99,"Churned"
773,"2022-04-30",1280,3,436.40,"Churned"
774,"2024-04-16",563,1,169.84,"Churned"
775,"2023-05-22",893,4,326.02,"Churned"
776,"2023-11-21",710,2,528.01,"Churned"
777,"2025-08-12",80,2,374.90,"At Risk"
778,"2022-07-29",1190,2,246.20,"Churned"
779,"2023-05-29",886,1,7.45,"Churned"
780,"2021-12-19",1412,1,203.10,"Churned"
781,"2025-08-06",86,3,426.62,"At Risk"
782,"2025-09-24",37,2,107.64,"At Risk"
784,"2022-04-13",1297,3,131.89,"Churned"
785,"2025-05-27",157,3,461.38,"Churned"
786,"2021-09-30",1492,1,6.63,"Churned"
787,"2021-07-19",1565,1,12.16,"Churned"
788,"2025-04-10",204,2,91.04,"Churned"
789,"2024-03-10",600,2,92.61,"Churned"
790,"2024-10-08",388,4,321.15,"Churned"
791,"2024-01-27",643,7,683.48,"Churned"
792,"2024-06-24",494,1,205.69,"Churned"
793,"2024-11-24",341,2,854.28,"Churned"
794,"2024-07-15",473,2,219.26,"Churned"
795,"2022-10-25",1102,2,821.01,"Churned"
796,"2021-03-13",1693,2,99.18,"Churned"
797,"2024-02-08",631,1,280.22,"Churned"
798,"2022-09-15",1142,2,248.05,"Churned"
799,"2024-08-01",456,2,193.29,"Churned"
801,"2024-03-29",581,2,394.23,"Churned"
802,"2025-08-06",86,5,760.94,"At Risk"
803,"2021-09-04",1518,2,98.59,"Churned"
804,"2025-02-09",264,2,142.70,"Churned"
806,"2024-05-22",527,3,785.69,"Churned"
807,"2023-01-21",1014,2,195.72,"Churned"
810,"2025-10-02",29,4,493.05,"Active"
811,"2024-11-18",347,3,227.04,"Churned"
812,"2024-12-15",320,1,52.06,"Churned"
813,"2022-02-16",1353,2,351.14,"Churned"
814,"2021-10-21",1471,2,494.32,"Churned"
815,"2021-04-15",1660,1,201.06,"Churned"
816,"2024-05-31",518,3,1246.78,"Churned"
817,"2023-07-04",850,2,301.63,"Churned"
818,"2022-11-21",1075,2,902.06,"Churned"
819,"2022-06-24",1225,4,438.28,"Churned"
820,"2024-09-07",419,3,475.42,"Churned"
821,"2025-07-31",92,1,51.72,"Churned"
822,"2022-11-04",1092,1,23.05,"Churned"
823,"2021-06-08",1606,2,146.63,"Churned"
824,"2024-09-15",411,2,341.67,"Churned"
825,"2025-08-06",86,3,377.10,"At Risk"
826,"2025-04-21",193,2,192.89,"Churned"
827,"2024-07-19",469,2,101.03,"Churned"
828,"2025-02-25",248,1,139.04,"Churned"
829,"2025-01-18",286,2,581.74,"Churned"
830,"2021-06-20",1594,3,1327.16,"Churned"
832,"2024-10-05",391,2,280.37,"Churned"
833,"2025-03-18",227,2,45.97,"Churned"
834,"2024-11-30",335,3,357.97,"Churned"
835,"2023-06-21",863,3,506.48,"Churned"
836,"2022-03-15",1326,2,265.37,"Churned"
837,"2022-03-09",1332,2,77.42,"Churned"
838,"2025-09-28",33,3,616.83,"At Risk"
839,"2025-08-11",81,1,435.28,"At Risk"
841,"2025-03-20",225,3,689.16,"Churned"
842,"2025-02-18",255,3,337.66,"Churned"
843,"2022-05-13",1267,1,44.06,"Churned"
845,"2025-08-08",84,2,187.57,"At Risk"
846,"2024-11-16",349,3,304.38,"Churned"
847,"2025-10-25",6,5,1335.73,"Active"
849,"2024-05-03",546,2,174.19,"Churned"
850,"2024-10-08",388,1,66.56,"Churned"
851,"2021-11-13",1448,1,9.20,"Churned"
854,"2022-09-12",1145,1,17.42,"Churned"
855,"2020-02-12",2088,1,146.07,"Churned"
856,"2023-08-27",796,2,565.36,"Churned"
858,"2023-06-12",872,2,543.26,"Churned"
859,"2024-11-10",355,6,295.67,"Churned"
860,"2023-01-27",1008,1,20.88,"Churned"
861,"2024-12-05",330,1,362.74,"Churned"
862,"2020-01-07",2124,1,496.43,"Churned"
863,"2024-12-25",310,4,363.23,"Churned"
864,"2023-02-19",985,2,341.41,"Churned"
865,"2024-08-13",444,3,167.67,"Churned"
866,"2025-10-10",21,4,734.43,"Active"
867,"2020-09-21",1866,1,19.85,"Churned"
869,"2021-05-14",1631,1,50.31,"Churned"
871,"2025-08-12",80,1,86.09,"At Risk"
872,"2021-07-17",1567,3,302.00,"Churned"
873,"2022-08-17",1171,2,132.88,"Churned"
874,"2024-01-03",667,1,539.06,"Churned"
878,"2025-03-27",218,2,445.92,"Churned"
879,"2023-01-30",1005,1,108.17,"Churned"
880,"2024-02-08",631,4,325.31,"Churned"
881,"2025-06-21",132,2,183.49,"Churned"
882,"2023-06-14",870,1,135.02,"Churned"
883,"2024-06-20",498,2,265.94,"Churned"
885,"2022-03-14",1327,2,444.61,"Churned"
886,"2023-03-08",968,2,411.46,"Churned"
887,"2022-11-17",1079,1,8.85,"Churned"
889,"2022-02-12",1357,2,153.83,"Churned"
890,"2024-01-06",664,3,394.03,"Churned"
892,"2023-06-01",883,2,140.94,"Churned"
894,"2022-05-13",1267,1,65.94,"Churned"
895,"2025-08-27",65,3,139.30,"At Risk"
896,"2024-05-12",537,2,310.16,"Churned"
897,"2022-03-02",1339,1,37.31,"Churned"
898,"2025-03-30",215,3,515.62,"Churned"
899,"2021-06-25",1589,2,145.76,"Churned"
900,"2023-08-05",818,2,353.73,"Churned"
901,"2024-07-14",474,2,242.47,"Churned"
902,"2021-03-27",1679,1,54.98,"Churned"
903,"2025-03-17",228,2,65.44,"Churned"
904,"2020-08-10",1908,1,11.72,"Churned"
905,"2025-05-14",170,3,232.32,"Churned"
906,"2025-02-05",268,5,724.43,"Churned"
907,"2023-06-17",867,4,316.46,"Churned"
908,"2024-10-24",372,2,530.27,"Churned"
909,"2023-06-27",857,3,386.67,"Churned"
910,"2021-06-04",1610,1,16.54,"Churned"
911,"2024-02-13",626,1,91.14,"Churned"
912,"2023-04-23",922,4,114.78,"Churned"
913,"2021-11-06",1455,1,199.65,"Churned"
914,"2023-03-24",952,1,44.44,"Churned"
915,"2024-11-20",345,4,688.52,"Churned"
916,"2024-08-28",429,3,204.96,"Churned"
917,"2025-07-16",107,2,411.36,"Churned"
918,"2024-11-07",358,1,26.62,"Churned"
919,"2024-05-13",536,2,523.53,"Churned"
920,"2021-09-25",1497,1,143.18,"Churned"
922,"2020-09-15",1872,1,107.54,"Churned"
923,"2022-08-16",1172,3,467.15,"Churned"
924,"2021-07-03",1581,2,104.16,"Churned"
925,"2020-07-05",1944,1,161.30,"Churned"
926,"2020-07-04",1945,2,50.81,"Churned"
928,"2025-05-11",173,3,78.83,"Churned"
929,"2024-04-27",552,4,259.09,"Churned"
930,"2022-06-17",1232,1,94.24,"Churned"
931,"2025-05-15",169,1,128.86,"Churned"
932,"2024-10-09",387,1,77.10,"Churned"
933,"2024-10-20",376,4,552.80,"Churned"
934,"2022-09-25",1132,1,37.01,"Churned"
935,"2024-08-15",442,1,186.55,"Churned"
938,"2025-01-19",285,2,278.32,"Churned"
939,"2021-04-25",1650,1,172.71,"Churned"
940,"2021-12-15",1416,2,364.63,"Churned"
941,"2024-01-05",665,2,210.25,"Churned"
942,"2024-10-31",365,2,218.85,"Churned"
943,"2021-03-18",1688,1,51.99,"Churned"
944,"2022-03-23",1318,2,101.03,"Churned"
945,"2024-04-03",576,1,117.10,"Churned"
946,"2024-08-27",430,2,167.22,"Churned"
947,"2023-08-07",816,2,48.41,"Churned"
948,"2022-04-13",1297,2,558.72,"Churned"
949,"2022-11-14",1082,2,139.87,"Churned"
950,"2025-07-10",113,1,19.63,"Churned"
951,"2020-06-30",1949,1,78.50,"Churned"
952,"2023-08-03",820,2,293.71,"Churned"
955,"2025-05-20",164,1,291.19,"Churned"
956,"2024-10-14",382,2,229.58,"Churned"
957,"2020-10-04",1853,1,189.96,"Churned"
958,"2025-05-31",153,2,239.55,"Churned"
959,"2021-11-08",1453,2,119.32,"Churned"
960,"2023-07-07",847,2,104.08,"Churned"
962,"2024-11-05",360,2,77.87,"Churned"
963,"2025-02-22",251,1,49.91,"Churned"
964,"2025-05-04",180,4,393.53,"Churned"
966,"2021-07-16",1568,1,194.77,"Churned"
967,"2020-05-04",2006,1,10.55,"Churned"
968,"2024-04-28",551,3,297.73,"Churned"
969,"2024-11-18",347,4,422.34,"Churned"
971,"2024-01-16",654,4,1004.25,"Churned"
972,"2025-02-03",270,2,160.43,"Churned"
973,"2023-12-10",691,1,37.79,"Churned"
975,"2021-08-31",1522,1,62.33,"Churned"
977,"2020-03-01",2070,2,276.42,"Churned"
978,"2022-10-15",1112,1,80.11,"Churned"
979,"2024-01-14",656,2,95.60,"Churned"
980,"2023-06-30",854,2,193.92,"Churned"
981,"2020-10-22",1835,1,23.53,"Churned"
982,"2020-01-29",2102,1,752.49,"Churned"
983,"2025-10-25",6,1,28.70,"Active"
985,"2023-08-17",806,1,53.88,"Churned"
986,"2023-10-28",734,1,41.97,"Churned"
987,"2021-01-08",1757,1,15.19,"Churned"
988,"2025-04-08",206,3,907.33,"Churned"
989,"2024-01-08",662,3,575.53,"Churned"
990,"2024-04-26",553,2,98.96,"Churned"
991,"2021-05-13",1632,2,576.11,"Churned"
992,"2024-09-29",397,2,421.26,"Churned"
993,"2021-09-18",1504,1,196.66,"Churned"
994,"2021-10-07",1485,2,123.24,"Churned"
996,"2023-02-18",986,3,846.45,"Churned"
997,"2024-09-24",402,2,325.78,"Churned"
998,"2025-09-30",31,2,154.48,"At Risk"
999,"2021-03-20",1686,1,305.88,"Churned"
1000,"2021-11-03",1458,1,65.88,"Churned"
1001,"2025-06-06",147,1,28.03,"Churned"
1002,"2022-03-26",1315,1,24.66,"Churned"
1004,"2020-08-05",1913,2,603.53,"Churned"
1005,"2025-03-11",234,3,374.00,"Churned"
1007,"2025-10-23",8,4,713.36,"Active"
1008,"2024-08-02",455,1,87.31,"Churned"
1009,"2025-01-12",292,1,30.96,"Churned"
1010,"2024-09-11",415,2,648.45,"Churned"
1012,"2023-07-25",829,2,203.22,"Churned"
1013,"2025-05-23",161,3,250.26,"Churned"
1014,"2021-09-15",1507,1,33.66,"Churned"
1015,"2021-05-23",1622,2,274.82,"Churned"
1016,"2024-07-04",484,1,6.96,"Churned"
1017,"2025-09-23",38,2,74.18,"At Risk"
1018,"2023-04-22",923,5,1202.37,"Churned"
1019,"2025-01-06",298,4,446.33,"Churned"
1020,"2024-07-12",476,2,180.57,"Churned"
1021,"2025-02-15",258,3,449.98,"Churned"
1022,"2024-02-19",620,2,329.33,"Churned"
1023,"2024-03-15",595,3,300.15,"Churned"
1025,"2024-01-28",642,1,179.00,"Churned"
1028,"2021-05-26",1619,1,35.99,"Churned"
1029,"2025-01-22",282,1,85.05,"Churned"
1030,"2022-05-22",1258,1,180.68,"Churned"
1032,"2022-04-03",1307,2,240.85,"Churned"
1033,"2023-01-09",1026,2,385.91,"Churned"
1034,"2020-10-24",1833,1,27.53,"Churned"
1035,"2022-05-10",1270,2,97.74,"Churned"
1036,"2022-09-18",1139,1,300.94,"Churned"
1037,"2024-07-11",477,3,269.86,"Churned"
1038,"2023-01-29",1006,1,156.00,"Churned"
1039,"2021-04-24",1651,3,75.85,"Churned"
1041,"2023-01-29",1006,1,93.25,"Churned"
1042,"2025-03-11",234,3,257.19,"Churned"
1043,"2022-04-01",1309,1,224.35,"Churned"
1044,"2025-04-27",187,1,26.21,"Churned"
1045,"2025-01-31",273,1,402.20,"Churned"
1046,"2023-10-09",753,1,70.01,"Churned"
1048,"2020-09-06",1881,1,296.30,"Churned"
1049,"2020-05-24",1986,2,372.59,"Churned"
1050,"2021-03-14",1692,2,648.81,"Churned"
1051,"2021-06-27",1587,2,463.15,"Churned"
1052,"2025-06-26",127,3,424.62,"Churned"
1055,"2023-09-27",765,2,50.83,"Churned"
1056,"2023-11-24",707,1,131.44,"Churned"
1057,"2022-01-29",1371,2,263.41,"Churned"
1059,"2021-01-01",1764,1,240.35,"Churned"
1060,"2025-01-14",290,2,220.28,"Churned"
1061,"2021-08-17",1536,4,578.08,"Churned"
1062,"2023-01-05",1030,2,307.71,"Churned"
1063,"2025-05-01",183,1,47.24,"Churned"
1064,"2023-05-07",908,2,402.94,"Churned"
1065,"2023-07-24",830,5,491.62,"Churned"
1066,"2023-07-25",829,2,111.57,"Churned"
1067,"2025-09-03",58,1,186.60,"At Risk"
1069,"2024-12-22",313,1,166.33,"Churned"
1070,"2024-11-19",346,1,244.55,"Churned"
1072,"2024-05-08",541,2,182.88,"Churned"
1073,"2024-09-18",408,1,230.49,"Churned"
1074,"2025-05-26",158,2,164.50,"Churned"
1075,"2025-02-25",248,1,3.82,"Churned"
1078,"2022-11-15",1081,1,182.08,"Churned"
1079,"2024-01-12",658,1,722.36,"Churned"
1080,"2021-07-25",1559,1,11.24,"Churned"
1081,"2021-06-26",1588,1,162.54,"Churned"
1082,"2025-10-08",23,2,208.82,"Active"
1083,"2022-02-28",1341,2,138.00,"Churned"
1085,"2024-07-14",474,2,248.12,"Churned"
1087,"2024-09-19",407,2,588.06,"Churned"
1088,"2025-08-07",85,3,1141.87,"At Risk"
1090,"2020-09-18",1869,1,32.94,"Churned"
1091,"2025-05-07",177,3,63.26,"Churned"
1094,"2024-01-21",649,1,21.90,"Churned"
1095,"2023-08-02",821,3,222.28,"Churned"
1096,"2023-05-25",890,3,269.01,"Churned"
1098,"2025-06-15",138,2,239.82,"Churned"
1099,"2024-04-06",573,1,28.05,"Churned"
1102,"2024-12-29",306,3,1256.24,"Churned"
1103,"2023-10-12",750,1,184.29,"Churned"
1105,"2025-02-22",251,5,507.31,"Churned"
1106,"2024-01-13",657,4,838.59,"Churned"
1107,"2025-03-04",241,1,65.67,"Churned"
1108,"2022-05-22",1258,2,61.69,"Churned"
1109,"2024-11-25",340,3,593.14,"Churned"
1111,"2022-03-17",1324,1,40.08,"Churned"
1112,"2025-08-11",81,2,238.79,"At Risk"
1113,"2025-01-21",283,3,365.06,"Churned"
1114,"2023-09-27",765,1,133.70,"Churned"
1115,"2025-06-18",135,2,27.41,"Churned"
1118,"2021-11-10",1451,1,94.85,"Churned"
1119,"2023-11-08",723,3,258.36,"Churned"
1121,"2024-06-17",501,2,77.98,"Churned"
1122,"2024-06-28",490,2,826.65,"Churned"
1123,"2025-05-21",163,2,237.22,"Churned"
1124,"2023-11-18",713,2,107.79,"Churned"
1125,"2024-05-27",522,2,320.79,"Churned"
1126,"2024-02-11",628,4,1027.18,"Churned"
1128,"2023-09-14",778,2,294.66,"Churned"
1129,"2025-04-16",198,3,206.76,"Churned"
1130,"2023-04-15",930,2,172.86,"Churned"
1131,"2024-06-07",511,3,198.85,"Churned"
1132,"2023-05-15",900,1,389.38,"Churned"
1133,"2024-01-25",645,1,67.78,"Churned"
1134,"2020-05-12",1998,1,543.71,"Churned"
1135,"2020-02-12",2088,1,116.31,"Churned"
1136,"2025-09-28",33,1,52.94,"At Risk"
1137,"2022-07-05",1214,1,28.04,"Churned"
1138,"2025-10-01",30,1,225.11,"Active"
1139,"2021-08-20",1533,1,48.47,"Churned"
1140,"2025-01-06",298,3,775.10,"Churned"
1141,"2025-06-29",124,3,111.90,"Churned"
1142,"2025-04-09",205,4,537.03,"Churned"
1143,"2024-07-14",474,2,317.01,"Churned"
1144,"2022-09-02",1155,2,383.93,"Churned"
1145,"2022-09-20",1137,2,145.37,"Churned"
1147,"2021-12-25",1406,1,5.89,"Churned"
1149,"2025-09-24",37,2,524.91,"At Risk"
1150,"2024-10-16",380,2,278.77,"Churned"
1151,"2025-04-09",205,6,734.84,"Churned"
1152,"2022-09-20",1137,1,208.56,"Churned"
1153,"2025-09-26",35,1,65.60,"At Risk"
1155,"2025-04-19",195,3,396.36,"Churned"
1157,"2022-07-26",1193,3,224.68,"Churned"
1158,"2024-05-23",526,1,107.54,"Churned"
1161,"2021-08-15",1538,2,88.73,"Churned"
1162,"2022-01-08",1392,3,62.96,"Churned"
1163,"2021-07-31",1553,1,40.15,"Churned"
1164,"2024-03-31",579,1,157.72,"Churned"
1165,"2022-10-04",1123,3,1065.35,"Churned"
1166,"2022-03-30",1311,1,94.57,"Churned"
1167,"2025-10-22",9,3,484.12,"Active"
1168,"2025-02-26",247,2,963.79,"Churned"
1169,"2023-06-05",879,2,145.81,"Churned"
1170,"2021-09-18",1504,1,283.89,"Churned"
1171,"2020-06-05",1974,1,78.92,"Churned"
1172,"2025-06-15",138,3,274.83,"Churned"
1173,"2023-02-08",996,1,158.85,"Churned"
1174,"2024-12-05",330,2,211.13,"Churned"
1175,"2024-01-11",659,1,130.08,"Churned"
1176,"2024-05-26",523,1,55.33,"Churned"
1177,"2024-09-08",418,3,598.77,"Churned"
1178,"2024-10-17",379,3,323.24,"Churned"
1179,"2021-08-17",1536,1,103.56,"Churned"
1180,"2023-12-21",680,1,32.05,"Churned"
1181,"2024-03-20",590,1,207.65,"Churned"
1182,"2024-01-09",661,2,449.36,"Churned"
1183,"2020-10-18",1839,1,37.16,"Churned"
1185,"2022-01-26",1374,5,501.35,"Churned"
1186,"2025-06-16",137,2,521.36,"Churned"
1187,"2023-01-09",1026,2,194.55,"Churned"
1189,"2022-12-09",1057,3,1271.25,"Churned"
1190,"2023-11-24",707,3,219.52,"Churned"
1191,"2020-09-18",1869,1,46.46,"Churned"
1192,"2020-08-30",1888,1,42.92,"Churned"
1193,"2025-10-12",19,3,391.19,"Active"
1194,"2024-08-18",439,3,335.04,"Churned"
1195,"2023-06-17",867,2,546.72,"Churned"
1196,"2024-07-29",459,4,529.58,"Churned"
1197,"2024-04-04",575,1,26.61,"Churned"
1198,"2023-02-01",1003,4,180.20,"Churned"
1199,"2025-10-29",2,2,260.67,"Active"
1200,"2023-01-25",1010,2,555.07,"Churned"
1203,"2025-10-17",14,1,100.88,"Active"
1204,"2021-08-02",1551,1,25.08,"Churned"
1205,"2024-09-24",402,1,64.72,"Churned"
1208,"2020-11-20",1806,1,154.48,"Churned"
1209,"2025-01-05",299,3,315.37,"Churned"
1210,"2024-11-24",341,2,584.77,"Churned"
1211,"2025-03-17",228,3,186.07,"Churned"
1212,"2024-09-26",400,1,42.22,"Churned"
1213,"2025-05-10",174,4,160.64,"Churned"
1214,"2025-03-24",221,3,441.15,"Churned"
1215,"2022-08-28",1160,3,349.75,"Churned"
1216,"2024-05-10",539,1,112.75,"Churned"
1217,"2022-09-25",1132,3,744.36,"Churned"
1218,"2020-10-11",1846,1,20.74,"Churned"
1219,"2024-06-11",507,2,102.76,"Churned"
1220,"2025-09-29",32,4,206.36,"At Risk"
1221,"2022-09-15",1142,1,51.22,"Churned"
1222,"2023-08-17",806,2,328.07,"Churned"
1223,"2022-08-31",1157,3,367.23,"Churned"
1224,"2020-09-07",1880,1,94.29,"Churned"
1225,"2025-04-15",199,3,82.31,"Churned"
1226,"2023-03-29",947,3,561.89,"Churned"
1227,"2024-10-15",381,3,509.28,"Churned"
1229,"2024-06-26",492,3,499.35,"Churned"
1230,"2023-05-02",913,4,192.74,"Churned"
1231,"2025-09-09",52,3,177.13,"At Risk"
1232,"2025-04-18",196,1,103.55,"Churned"
1233,"2020-08-30",1888,1,42.33,"Churned"
1234,"2024-09-20",406,2,245.05,"Churned"
1235,"2023-08-11",812,3,114.02,"Churned"
1236,"2020-02-09",2091,1,49.21,"Churned"
1240,"2025-05-08",176,2,127.86,"Churned"
1241,"2024-06-24",494,2,77.88,"Churned"
1242,"2025-04-20",194,5,454.42,"Churned"
1243,"2025-02-20",253,2,456.20,"Churned"
1244,"2022-05-28",1252,1,61.04,"Churned"
1245,"2024-04-12",567,2,102.83,"Churned"
1246,"2025-06-17",136,1,38.35,"Churned"
1247,"2025-05-08",176,4,495.86,"Churned"
1248,"2020-07-17",1932,1,87.79,"Churned"
1250,"2024-01-17",653,2,25.41,"Churned"
1251,"2024-12-08",327,3,194.81,"Churned"
1252,"2021-09-03",1519,1,162.84,"Churned"
1253,"2022-01-27",1373,3,296.71,"Churned"
1254,"2025-10-05",26,2,305.42,"Active"
1255,"2022-05-20",1260,2,152.55,"Churned"
1256,"2023-08-11",812,2,280.29,"Churned"
1257,"2025-03-22",223,3,630.32,"Churned"
1258,"2022-06-22",1227,1,159.06,"Churned"
1259,"2025-01-04",300,2,143.85,"Churned"
1260,"2025-10-27",4,1,320.59,"Active"
1262,"2024-09-01",425,3,430.77,"Churned"
1263,"2022-11-12",1084,2,346.71,"Churned"
1264,"2025-06-22",131,1,50.01,"Churned"
1265,"2023-11-13",718,3,122.86,"Churned"
1266,"2020-12-01",1795,3,264.17,"Churned"
1268,"2021-04-19",1656,1,28.89,"Churned"
1269,"2021-02-15",1719,2,84.37,"Churned"
1270,"2022-12-16",1050,3,267.05,"Churned"
1271,"2024-08-16",441,1,57.06,"Churned"
1272,"2021-02-12",1722,1,333.63,"Churned"
1273,"2020-03-25",2046,1,87.64,"Churned"
1274,"2021-06-17",1597,1,109.44,"Churned"
1278,"2023-01-12",1023,1,236.63,"Churned"
1279,"2022-07-01",1218,2,250.39,"Churned"
1280,"2020-06-01",1978,1,247.85,"Churned"
1281,"2022-12-29",1037,2,72.19,"Churned"
1282,"2025-04-29",185,2,273.63,"Churned"
1283,"2024-07-12",476,1,115.21,"Churned"
1284,"2025-10-09",22,2,145.33,"Active"
1285,"2022-05-12",1268,1,107.07,"Churned"
1286,"2023-12-17",684,1,1484.96,"Churned"
1287,"2021-02-02",1732,1,21.77,"Churned"
1289,"2023-01-20",1015,1,90.81,"Churned"
1290,"2020-01-02",2129,1,117.91,"Churned"
1291,"2023-09-01",791,1,10.21,"Churned"
1292,"2023-05-17",898,3,371.54,"Churned"
1293,"2025-08-06",86,1,18.39,"At Risk"
1294,"2022-02-06",1363,2,193.46,"Churned"
1295,"2023-12-25",676,2,123.45,"Churned"
1296,"2023-09-21",771,1,69.62,"Churned"
1297,"2025-06-11",142,1,61.33,"Churned"
1298,"2025-07-30",93,6,563.07,"Churned"
1299,"2025-10-11",20,2,163.62,"Active"
1300,"2020-01-22",2109,1,132.34,"Churned"
1302,"2024-01-12",658,2,716.07,"Churned"
1303,"2025-08-24",68,2,635.76,"At Risk"
1304,"2023-04-01",944,4,565.80,"Churned"
1305,"2025-01-07",297,5,436.58,"Churned"
1306,"2023-10-12",750,1,48.72,"Churned"
1307,"2024-06-29",489,2,37.81,"Churned"
1308,"2025-09-27",34,2,359.16,"At Risk"
1309,"2023-10-13",749,4,249.08,"Churned"
1310,"2024-06-22",496,2,153.78,"Churned"
1311,"2025-10-31",0,4,371.72,"Active"
1312,"2025-09-27",34,1,13.48,"At Risk"
1313,"2023-09-19",773,2,344.69,"Churned"
1314,"2023-05-31",884,2,544.68,"Churned"
1315,"2020-04-19",2021,1,68.30,"Churned"
1316,"2024-02-03",636,4,444.09,"Churned"
1317,"2022-05-19",1261,1,160.78,"Churned"
1318,"2021-02-05",1729,1,167.56,"Churned"
1319,"2023-07-24",830,2,287.11,"Churned"
1320,"2024-08-03",454,1,14.55,"Churned"
1322,"2024-05-07",542,1,14.24,"Churned"
1323,"2020-04-19",2021,1,117.41,"Churned"
1324,"2025-07-30",93,3,272.55,"Churned"
1325,"2022-12-21",1045,2,86.50,"Churned"
1327,"2023-01-25",1010,3,221.28,"Churned"
1328,"2023-12-18",683,3,718.46,"Churned"
1332,"2024-03-23",587,1,62.27,"Churned"
1333,"2024-11-20",345,1,106.10,"Churned"
1334,"2025-04-19",195,1,222.84,"Churned"
1335,"2025-04-21",193,2,160.97,"Churned"
1336,"2022-02-18",1351,1,8.03,"Churned"
1337,"2021-04-12",1663,1,76.66,"Churned"
1338,"2020-07-09",1940,1,138.77,"Churned"
1339,"2024-05-28",521,3,276.52,"Churned"
1340,"2023-11-13",718,1,394.73,"Churned"
1341,"2023-08-08",815,1,42.89,"Churned"
1342,"2022-01-31",1369,1,31.33,"Churned"
1343,"2025-07-28",95,2,259.66,"Churned"
1344,"2024-03-19",591,4,840.34,"Churned"
1345,"2020-04-03",2037,1,39.99,"Churned"
1346,"2021-05-19",1626,1,102.01,"Churned"
1347,"2024-01-04",666,4,388.37,"Churned"
1348,"2025-10-16",15,4,462.02,"Active"
1351,"2021-11-12",1449,1,126.71,"Churned"
1352,"2023-11-20",711,1,118.35,"Churned"
1353,"2023-12-04",697,3,63.12,"Churned"
1354,"2022-06-24",1225,2,402.85,"Churned"
1355,"2021-12-31",1400,2,273.83,"Churned"
1356,"2021-06-20",1594,1,95.46,"Churned"
1357,"2024-09-10",416,1,219.70,"Churned"
1359,"2024-08-17",440,4,453.29,"Churned"
1360,"2024-07-14",474,4,550.81,"Churned"
1361,"2023-08-15",808,1,139.35,"Churned"
1363,"2020-06-22",1957,2,180.81,"Churned"
1364,"2024-10-12",384,1,488.34,"Churned"
1365,"2025-10-21",10,1,95.16,"Active"
1366,"2021-07-14",1570,1,117.65,"Churned"
1368,"2021-05-05",1640,1,304.01,"Churned"
1369,"2023-07-06",848,1,146.97,"Churned"
1372,"2022-10-23",1104,1,149.40,"Churned"
1373,"2021-05-04",1641,3,256.23,"Churned"
1375,"2023-05-19",896,1,228.90,"Churned"
1376,"2024-05-14",535,2,817.82,"Churned"
1378,"2020-02-15",2085,1,62.33,"Churned"
1379,"2025-08-25",67,2,154.88,"At Risk"
1380,"2022-09-25",1132,2,153.46,"Churned"
1381,"2025-02-24",249,4,500.63,"Churned"
1382,"2024-07-05",483,1,424.87,"Churned"
1383,"2023-06-23",861,2,283.12,"Churned"
1384,"2024-11-10",355,6,701.71,"Churned"
1385,"2024-06-07",511,4,226.21,"Churned"
1386,"2025-02-14",259,4,411.44,"Churned"
1387,"2024-06-06",512,2,227.44,"Churned"
1388,"2022-01-18",1382,2,172.67,"Churned"
1389,"2025-09-15",46,1,61.13,"At Risk"
1391,"2023-04-13",932,1,108.27,"Churned"
1392,"2025-10-26",5,1,26.39,"Active"
1393,"2024-11-18",347,1,15.13,"Churned"
1394,"2023-09-12",780,3,195.13,"Churned"
1395,"2022-12-03",1063,2,176.41,"Churned"
1396,"2025-04-25",189,1,55.45,"Churned"
1397,"2025-06-13",140,2,161.96,"Churned"
1398,"2025-09-16",45,4,1013.47,"At Risk"
1399,"2023-11-22",709,2,216.99,"Churned"
1400,"2023-07-24",830,1,382.73,"Churned"
1401,"2025-08-20",72,3,361.74,"At Risk"
1403,"2024-02-13",626,1,86.88,"Churned"
1404,"2024-06-05",513,1,73.93,"Churned"
1405,"2023-03-11",965,1,23.92,"Churned"
1406,"2025-03-02",243,5,1488.66,"Churned"
1407,"2025-09-19",42,3,137.72,"At Risk"
1408,"2025-02-24",249,3,778.77,"Churned"
1409,"2024-04-21",558,2,561.27,"Churned"
1412,"2025-04-30",184,2,175.83,"Churned"
1413,"2023-11-10",721,1,123.58,"Churned"
1414,"2022-05-10",1270,2,129.27,"Churned"
1415,"2024-09-06",420,1,24.37,"Churned"
1416,"2023-01-23",1012,1,506.41,"Churned"
1417,"2025-03-04",241,2,50.30,"Churned"
1419,"2022-10-12",1115,1,592.34,"Churned"
1420,"2021-03-28",1678,1,95.05,"Churned"
1421,"2023-08-29",794,1,176.35,"Churned"
1423,"2025-03-07",238,3,119.91,"Churned"
1424,"2024-05-18",531,2,71.24,"Churned"
1425,"2020-06-29",1950,1,81.50,"Churned"
1426,"2024-10-18",378,2,775.96,"Churned"
1427,"2023-12-21",680,3,851.35,"Churned"
1431,"2024-03-20",590,1,10.04,"Churned"
1433,"2023-12-30",671,6,355.12,"Churned"
1435,"2025-05-05",179,3,368.26,"Churned"
1437,"2022-02-12",1357,1,192.91,"Churned"
1438,"2025-08-25",67,2,106.50,"At Risk"
1439,"2022-07-18",1201,2,148.23,"Churned"
1440,"2022-12-31",1035,2,321.55,"Churned"
1441,"2023-07-02",852,1,78.36,"Churned"
1442,"2024-01-16",654,1,126.73,"Churned"
1443,"2024-02-29",610,3,187.46,"Churned"
1444,"2024-07-29",459,2,163.26,"Churned"
1445,"2025-01-18",286,2,124.71,"Churned"
1446,"2023-11-09",722,2,82.62,"Churned"
1447,"2022-12-05",1061,1,71.68,"Churned"
1448,"2024-07-07",481,1,58.90,"Churned"
1449,"2025-04-25",189,3,368.11,"Churned"
1450,"2021-04-29",1646,1,50.49,"Churned"
1451,"2023-04-01",944,3,426.39,"Churned"
1452,"2022-06-19",1230,1,53.32,"Churned"
1453,"2024-03-01",609,1,11.62,"Churned"
1454,"2025-02-18",255,4,775.73,"Churned"
1455,"2021-11-23",1438,1,170.33,"Churned"
1457,"2024-12-26",309,2,275.13,"Churned"
1459,"2025-01-02",302,4,1306.35,"Churned"
1460,"2024-09-12",414,4,860.25,"Churned"
1461,"2021-04-12",1663,1,169.54,"Churned"
1462,"2021-03-16",1690,1,109.86,"Churned"
1464,"2025-04-11",203,4,658.06,"Churned"
1466,"2020-09-25",1862,1,17.92,"Churned"
1467,"2024-11-04",361,4,542.46,"Churned"
1469,"2025-03-15",230,3,944.37,"Churned"
1470,"2023-04-25",920,1,67.97,"Churned"
1471,"2023-05-12",903,2,296.75,"Churned"
1473,"2024-08-25",432,3,92.32,"Churned"
1474,"2023-04-07",938,1,149.23,"Churned"
1475,"2020-06-18",1961,1,16.82,"Churned"
1476,"2023-02-16",988,2,263.98,"Churned"
1477,"2025-08-28",64,5,728.55,"At Risk"
1478,"2024-02-09",630,2,327.32,"Churned"
1479,"2025-06-19",134,1,207.78,"Churned"
1480,"2023-07-15",839,5,495.68,"Churned"
1481,"2025-04-07",207,5,540.50,"Churned"
1482,"2024-05-04",545,1,135.97,"Churned"
1483,"2022-11-14",1082,1,30.71,"Churned"
1484,"2024-09-04",422,3,527.69,"Churned"
1485,"2024-02-04",635,3,235.27,"Churned"
1486,"2025-01-14",290,2,655.20,"Churned"
1487,"2020-08-28",1890,1,120.81,"Churned"
1488,"2022-06-01",1248,2,337.52,"Churned"
1489,"2022-07-10",1209,2,472.79,"Churned"
1490,"2024-01-17",653,2,209.40,"Churned"
1491,"2024-08-13",444,2,126.64,"Churned"
1492,"2022-09-13",1144,2,49.34,"Churned"
1493,"2024-05-01",548,2,16.03,"Churned"
1494,"2025-10-19",12,2,161.42,"Active"
1495,"2021-11-02",1459,2,529.41,"Churned"
1496,"2025-04-06",208,3,174.36,"Churned"
1497,"2024-08-29",428,2,430.92,"Churned"
1498,"2025-04-04",210,4,204.98,"Churned"
1499,"2024-11-09",356,1,53.96,"Churned"
1500,"2024-08-31",426,2,307.00,"Churned"
1501,"2021-01-04",1761,1,144.46,"Churned"
1502,"2024-01-07",663,2,410.94,"Churned"
1503,"2024-08-08",449,4,336.85,"Churned"
1504,"2023-04-02",943,2,47.53,"Churned"
1505,"2021-01-26",1739,2,86.92,"Churned"
1507,"2021-03-03",1703,2,480.36,"Churned"
1509,"2022-11-03",1093,2,374.71,"Churned"
1511,"2021-04-01",1674,1,96.44,"Churned"
1512,"2025-06-16",137,2,169.71,"Churned"
1513,"2024-04-27",552,1,56.91,"Churned"
1516,"2023-11-30",701,2,123.74,"Churned"
1517,"2025-09-12",49,2,540.18,"At Risk"
1519,"2024-02-16",623,2,227.11,"Churned"
1520,"2022-01-13",1387,2,133.65,"Churned"
1522,"2024-05-17",532,2,401.84,"Churned"
1523,"2024-07-15",473,2,561.92,"Churned"
1524,"2024-10-30",366,1,100.04,"Churned"
1526,"2025-09-05",56,1,152.90,"At Risk"
1527,"2023-01-09",1026,1,177.42,"Churned"
1528,"2020-12-19",1777,1,81.51,"Churned"
1530,"2025-10-13",18,4,425.82,"Active"
1531,"2023-08-20",803,2,376.17,"Churned"
1532,"2023-03-02",974,1,35.88,"Churned"
1534,"2023-10-16",746,2,285.69,"Churned"
1536,"2024-02-10",629,2,199.09,"Churned"
1537,"2020-10-18",1839,1,174.78,"Churned"
1538,"2025-03-11",234,1,13.46,"Churned"
1539,"2021-04-28",1647,3,558.66,"Churned"
1540,"2022-12-03",1063,1,94.38,"Churned"
1541,"2023-09-29",763,1,191.68,"Churned"
1542,"2025-06-22",131,1,7.39,"Churned"
1543,"2021-07-02",1582,1,179.73,"Churned"
1544,"2022-09-02",1155,2,164.37,"Churned"
1547,"2022-01-06",1394,1,135.63,"Churned"
1548,"2024-09-10",416,3,596.92,"Churned"
1549,"2022-03-29",1312,1,43.77,"Churned"
1551,"2025-04-16",198,3,1133.55,"Churned"
1552,"2025-04-20",194,2,54.56,"Churned"
1553,"2025-10-10",21,4,415.49,"Active"
1554,"2023-09-18",774,2,336.26,"Churned"
1555,"2022-10-24",1103,1,92.42,"Churned"
1558,"2024-06-27",491,1,28.98,"Churned"
1559,"2021-03-11",1695,2,183.91,"Churned"
1560,"2022-08-16",1172,1,17.31,"Churned"
1561,"2025-09-06",55,5,539.75,"At Risk"
1562,"2024-06-18",500,1,662.25,"Churned"
1563,"2023-11-20",711,6,567.57,"Churned"
1565,"2021-03-23",1683,1,245.34,"Churned"
1566,"2020-06-17",1962,1,157.03,"Churned"
1567,"2022-12-14",1052,2,327.35,"Churned"
1568,"2022-02-21",1348,1,55.29,"Churned"
1569,"2025-05-20",164,2,79.05,"Churned"
1570,"2025-03-31",214,3,566.53,"Churned"
1573,"2024-02-26",613,3,61.91,"Churned"
1574,"2022-01-11",1389,1,216.49,"Churned"
1576,"2023-03-06",970,2,267.58,"Churned"
1577,"2025-04-15",199,1,57.85,"Churned"
1580,"2023-01-18",1017,2,260.21,"Churned"
1581,"2025-10-31",0,4,373.19,"Active"
1582,"2025-03-22",223,3,217.65,"Churned"
1583,"2025-01-11",293,1,10.55,"Churned"
1584,"2024-03-09",601,1,17.14,"Churned"
1585,"2024-11-19",346,6,383.48,"Churned"
1586,"2021-11-18",1443,1,109.89,"Churned"
1587,"2024-02-05",634,3,486.06,"Churned"
1588,"2021-08-19",1534,1,169.54,"Churned"
1589,"2024-03-26",584,2,95.64,"Churned"
1590,"2023-12-17",684,2,361.77,"Churned"
1591,"2024-04-25",554,2,143.58,"Churned"
1593,"2024-11-30",335,1,169.66,"Churned"
1595,"2024-06-28",490,2,718.41,"Churned"
1598,"2025-05-02",182,2,89.39,"Churned"
1601,"2022-07-06",1213,4,408.73,"Churned"
1602,"2024-10-29",367,3,805.69,"Churned"
1603,"2021-07-30",1554,1,278.03,"Churned"
1604,"2024-11-29",336,2,296.28,"Churned"
1605,"2025-10-06",25,1,87.50,"Active"
1606,"2022-05-24",1256,1,180.81,"Churned"
1607,"2025-07-25",98,1,279.07,"Churned"
1608,"2025-01-18",286,1,796.83,"Churned"
1609,"2025-09-01",60,2,320.36,"At Risk"
1610,"2022-01-10",1390,1,63.68,"Churned"
1611,"2022-09-14",1143,1,285.37,"Churned"
1612,"2024-08-11",446,3,211.89,"Churned"
1613,"2024-04-30",549,1,193.43,"Churned"
1614,"2023-11-03",728,1,252.28,"Churned"
1615,"2022-12-07",1059,2,199.55,"Churned"
1618,"2025-07-23",100,3,285.66,"Churned"
1619,"2020-03-13",2058,1,42.34,"Churned"
1620,"2022-07-10",1209,2,314.88,"Churned"
1621,"2025-05-16",168,2,134.99,"Churned"
1622,"2021-02-07",1727,1,44.80,"Churned"
1623,"2025-03-10",235,2,277.47,"Churned"
1624,"2025-04-20",194,1,47.42,"Churned"
1625,"2024-09-16",410,1,1501.17,"Churned"
1626,"2020-08-17",1901,1,222.14,"Churned"
1627,"2024-11-09",356,1,56.46,"Churned"
1628,"2022-03-05",1336,2,501.97,"Churned"
1629,"2023-07-16",838,1,576.38,"Churned"
1630,"2025-03-02",243,4,373.77,"Churned"
1631,"2023-03-11",965,2,568.32,"Churned"
1632,"2025-03-26",219,3,584.46,"Churned"
1633,"2024-09-24",402,3,1022.89,"Churned"
1634,"2021-04-16",1659,1,162.22,"Churned"
1635,"2022-09-29",1128,3,333.01,"Churned"
1637,"2022-10-22",1105,2,71.91,"Churned"
1639,"2023-08-11",812,1,28.80,"Churned"
1640,"2022-01-13",1387,1,272.97,"Churned"
1641,"2022-04-03",1307,1,109.25,"Churned"
1642,"2025-01-11",293,2,148.50,"Churned"
1643,"2025-07-15",108,2,71.69,"Churned"
1644,"2024-05-22",527,1,268.93,"Churned"
1645,"2024-11-17",348,2,244.04,"Churned"
1646,"2023-03-15",961,1,204.29,"Churned"
1647,"2023-03-21",955,5,448.46,"Churned"
1648,"2020-07-08",1941,2,457.25,"Churned"
1649,"2022-02-12",1357,1,235.28,"Churned"
1650,"2023-02-11",993,1,51.87,"Churned"
1651,"2025-08-08",84,4,791.54,"At Risk"
1652,"2025-09-29",32,3,307.80,"At Risk"
1654,"2023-03-09",967,1,212.01,"Churned"
1655,"2025-04-23",191,1,172.25,"Churned"
1656,"2024-11-08",357,2,322.06,"Churned"
1657,"2025-09-06",55,1,133.74,"At Risk"
1659,"2025-09-06",55,1,64.52,"At Risk"
1660,"2024-12-13",322,2,568.85,"Churned"
1661,"2023-11-28",703,2,630.77,"Churned"
1662,"2025-01-02",302,1,45.85,"Churned"
1663,"2023-08-11",812,2,161.84,"Churned"
1665,"2024-09-15",411,2,425.45,"Churned"
1666,"2025-02-05",268,1,73.46,"Churned"
1667,"2025-04-03",211,2,282.87,"Churned"
1668,"2025-01-10",294,3,341.47,"Churned"
1669,"2022-12-11",1055,1,85.03,"Churned"
1670,"2025-04-01",213,1,19.65,"Churned"
1672,"2020-01-10",2121,1,204.03,"Churned"
1675,"2025-06-04",149,2,466.61,"Churned"
1676,"2020-09-07",1880,1,203.20,"Churned"
1677,"2023-08-10",813,1,325.02,"Churned"
1678,"2022-11-30",1066,2,382.34,"Churned"
1679,"2025-07-09",114,4,498.30,"Churned"
1680,"2024-05-03",546,1,66.05,"Churned"
1682,"2024-12-22",313,5,675.35,"Churned"
1684,"2025-07-19",104,1,255.82,"Churned"
1685,"2023-10-28",734,2,357.39,"Churned"
1686,"2023-11-26",705,3,390.96,"Churned"
1688,"2023-12-17",684,4,635.24,"Churned"
1689,"2023-01-10",1025,1,58.43,"Churned"
1692,"2025-06-29",124,3,144.54,"Churned"
1694,"2023-12-03",698,2,78.72,"Churned"
1695,"2024-07-15",473,4,187.05,"Churned"
1696,"2025-05-29",155,3,283.36,"Churned"
1697,"2023-10-18",744,2,213.37,"Churned"
1698,"2023-03-22",954,1,23.08,"Churned"
1699,"2024-03-13",597,3,70.51,"Churned"
1700,"2020-06-25",1954,1,38.86,"Churned"
1701,"2021-11-21",1440,1,97.84,"Churned"
1702,"2022-08-24",1164,3,128.37,"Churned"
1703,"2024-07-28",460,1,7.58,"Churned"
1704,"2025-05-29",155,1,48.86,"Churned"
1705,"2023-06-25",859,1,28.04,"Churned"
1706,"2023-06-06",878,4,463.71,"Churned"
1707,"2020-08-11",1907,1,48.06,"Churned"
1708,"2022-09-22",1135,2,118.58,"Churned"
1709,"2021-04-24",1651,2,191.09,"Churned"
1710,"2021-01-02",1763,2,298.02,"Churned"
1711,"2024-04-28",551,2,98.15,"Churned"
1712,"2023-05-16",899,3,295.98,"Churned"
1713,"2024-05-07",542,2,53.82,"Churned"
1714,"2023-11-16",715,2,288.37,"Churned"
1715,"2024-04-15",564,3,220.18,"Churned"
1716,"2025-03-24",221,2,348.25,"Churned"
1717,"2024-08-17",440,5,389.20,"Churned"
1718,"2020-12-06",1790,1,99.80,"Churned"
1719,"2023-11-25",706,1,458.01,"Churned"
1720,"2025-06-25",128,4,374.61,"Churned"
1721,"2021-01-04",1761,2,79.78,"Churned"
1722,"2023-03-09",967,2,203.69,"Churned"
1724,"2022-04-07",1303,3,824.71,"Churned"
1725,"2025-05-03",181,3,434.74,"Churned"
1726,"2024-07-09",479,1,106.02,"Churned"
1727,"2022-03-14",1327,4,512.45,"Churned"
1728,"2024-05-07",542,3,256.30,"Churned"
1729,"2022-05-17",1263,1,81.86,"Churned"
1730,"2020-10-30",1827,1,499.73,"Churned"
1731,"2025-04-19",195,2,205.69,"Churned"
1732,"2020-11-19",1807,1,597.26,"Churned"
1733,"2025-07-05",118,3,242.74,"Churned"
1734,"2025-06-09",144,2,270.76,"Churned"
1735,"2023-10-22",740,1,34.74,"Churned"
1736,"2022-02-10",1359,2,52.68,"Churned"
1737,"2023-02-18",986,2,199.23,"Churned"
1738,"2025-03-13",232,4,474.99,"Churned"
1739,"2024-07-04",484,1,158.80,"Churned"
1740,"2022-11-15",1081,1,12.60,"Churned"
1743,"2023-11-13",718,2,426.84,"Churned"
1744,"2024-01-28",642,1,77.50,"Churned"
1746,"2023-10-21",741,1,26.03,"Churned"
1747,"2025-05-15",169,4,332.78,"Churned"
1749,"2021-02-24",1710,1,259.72,"Churned"
1750,"2021-07-01",1583,3,237.97,"Churned"
1751,"2024-07-04",484,3,354.40,"Churned"
1752,"2021-12-01",1430,4,753.03,"Churned"
1753,"2025-05-05",179,2,118.29,"Churned"
1755,"2021-08-22",1531,3,506.87,"Churned"
1756,"2025-04-08",206,2,246.81,"Churned"
1757,"2024-08-29",428,3,147.19,"Churned"
1758,"2022-11-25",1071,1,8.70,"Churned"
1759,"2020-11-14",1812,1,152.66,"Churned"
1760,"2020-05-01",2009,1,65.48,"Churned"
1761,"2025-03-15",230,3,149.88,"Churned"
1762,"2022-12-30",1036,3,510.95,"Churned"
1763,"2022-06-16",1233,2,214.66,"Churned"
1764,"2024-03-08",602,2,180.95,"Churned"
1766,"2025-02-23",250,3,189.96,"Churned"
1767,"2024-11-26",339,1,7.90,"Churned"
1768,"2022-07-20",1199,2,240.71,"Churned"
1769,"2024-04-04",575,2,167.84,"Churned"
1770,"2023-06-17",867,3,178.00,"Churned"
1771,"2020-06-13",1966,1,13.51,"Churned"
1772,"2025-10-04",27,6,981.85,"Active"
1773,"2023-08-06",817,2,292.12,"Churned"
1774,"2024-04-30",549,1,17.26,"Churned"
1775,"2020-09-13",1874,1,63.06,"Churned"
1776,"2024-08-27",430,2,121.45,"Churned"
1777,"2025-10-25",6,2,108.71,"Active"
1778,"2020-08-08",1910,1,6.72,"Churned"
1779,"2023-08-25",798,2,691.46,"Churned"
1780,"2025-10-26",5,4,632.47,"Active"
1781,"2021-07-22",1562,1,86.25,"Churned"
1782,"2025-04-30",184,2,243.87,"Churned"
1783,"2025-05-25",159,3,389.54,"Churned"
1784,"2023-01-10",1025,1,457.31,"Churned"
1785,"2023-01-03",1032,3,674.33,"Churned"
1786,"2024-07-29",459,2,409.47,"Churned"
1787,"2025-08-06",86,1,9.20,"At Risk"
1788,"2021-10-23",1469,1,109.77,"Churned"
1789,"2024-12-12",323,3,367.90,"Churned"
1791,"2024-01-07",663,2,163.81,"Churned"
1793,"2021-06-23",1591,1,270.02,"Churned"
1794,"2025-02-10",263,2,159.38,"Churned"
1795,"2020-04-09",2031,1,34.03,"Churned"
1796,"2023-05-06",909,2,624.24,"Churned"
1798,"2021-10-30",1462,1,52.69,"Churned"
1799,"2023-03-31",945,3,479.46,"Churned"
1800,"2021-03-19",1687,1,27.60,"Churned"
1801,"2022-10-01",1126,1,508.55,"Churned"
1802,"2022-09-25",1132,1,182.30,"Churned"
1803,"2025-04-18",196,2,308.85,"Churned"
1804,"2023-12-12",689,2,186.20,"Churned"
1805,"2025-10-23",8,2,286.82,"Active"
1807,"2024-08-28",429,2,176.28,"Churned"
1808,"2025-10-28",3,3,699.52,"Active"
1809,"2023-09-24",768,4,661.07,"Churned"
1810,"2025-04-16",198,5,515.01,"Churned"
1811,"2024-01-15",655,4,315.08,"Churned"
1812,"2025-06-02",151,1,10.50,"Churned"
1814,"2025-06-06",147,3,339.97,"Churned"
1815,"2023-10-08",754,1,75.43,"Churned"
1816,"2024-04-28",551,4,939.21,"Churned"
1817,"2022-02-12",1357,1,19.94,"Churned"
1818,"2020-09-10",1877,1,229.42,"Churned"
1819,"2024-06-30",488,4,740.42,"Churned"
1820,"2024-08-01",456,3,183.58,"Churned"
1821,"2024-10-07",389,1,179.40,"Churned"
1822,"2020-02-27",2073,1,132.77,"Churned"
1824,"2022-02-07",1362,2,418.75,"Churned"
1825,"2023-03-08",968,2,99.98,"Churned"
1826,"2025-06-15",138,1,21.77,"Churned"
1827,"2024-02-19",620,2,304.78,"Churned"
1828,"2022-05-30",1250,1,194.03,"Churned"
1830,"2022-12-30",1036,1,74.34,"Churned"
1831,"2023-09-02",790,1,36.43,"Churned"
1832,"2024-02-10",629,1,111.41,"Churned"
1833,"2024-12-30",305,4,642.64,"Churned"
1835,"2024-12-25",310,3,450.56,"Churned"
1837,"2024-10-15",381,2,105.85,"Churned"
1838,"2025-08-01",91,2,119.24,"Churned"
1839,"2024-01-16",654,2,233.62,"Churned"
1840,"2021-08-24",1529,1,129.64,"Churned"
1841,"2024-08-10",447,2,334.81,"Churned"
1842,"2021-12-10",1421,3,546.48,"Churned"
1844,"2020-05-03",2007,1,14.31,"Churned"
1845,"2025-08-15",77,2,317.57,"At Risk"
1846,"2020-11-24",1802,1,118.83,"Churned"
1847,"2025-10-08",23,2,190.88,"Active"
1848,"2025-02-08",265,2,358.84,"Churned"
1849,"2024-05-27",522,2,103.17,"Churned"
1850,"2021-05-27",1618,1,354.96,"Churned"
1851,"2025-10-26",5,3,354.34,"Active"
1852,"2024-03-14",596,2,278.71,"Churned"
1854,"2023-10-24",738,2,61.10,"Churned"
1855,"2025-08-26",66,2,179.73,"At Risk"
1856,"2022-11-29",1067,1,34.58,"Churned"
1857,"2021-02-09",1725,1,19.15,"Churned"
1858,"2021-11-06",1455,1,109.92,"Churned"
1859,"2025-02-03",270,1,229.70,"Churned"
1860,"2023-09-01",791,1,242.24,"Churned"
1861,"2021-12-08",1423,2,117.00,"Churned"
1862,"2025-06-30",123,2,108.72,"Churned"
1865,"2024-10-25",371,4,935.06,"Churned"
1866,"2020-07-02",1947,1,34.33,"Churned"
1867,"2020-07-04",1945,1,43.01,"Churned"
1869,"2025-10-06",25,2,259.20,"Active"
1871,"2022-07-22",1197,3,493.83,"Churned"
1872,"2024-05-15",534,4,820.67,"Churned"
1875,"2025-10-02",29,1,378.48,"Active"
1876,"2022-04-08",1302,2,257.01,"Churned"
1877,"2024-08-31",426,1,16.72,"Churned"
1879,"2025-08-20",72,1,53.82,"At Risk"
1880,"2025-06-07",146,3,452.85,"Churned"
1882,"2020-06-14",1965,1,98.34,"Churned"
1883,"2023-08-11",812,3,323.50,"Churned"
1884,"2023-11-09",722,3,357.94,"Churned"
1886,"2021-06-29",1585,1,131.67,"Churned"
1887,"2025-10-08",23,2,196.39,"Active"
1888,"2021-07-16",1568,2,125.56,"Churned"
1889,"2024-06-30",488,3,169.38,"Churned"
1890,"2020-10-03",1854,3,662.26,"Churned"
1891,"2025-01-02",302,2,753.70,"Churned"
1892,"2024-11-16",349,3,296.11,"Churned"
1893,"2023-09-05",787,1,120.07,"Churned"
1894,"2025-01-31",273,2,142.01,"Churned"
1895,"2025-02-01",272,5,495.45,"Churned"
1896,"2024-07-18",470,4,263.95,"Churned"
1897,"2024-08-01",456,2,195.34,"Churned"
1899,"2022-10-25",1102,1,89.56,"Churned"
1901,"2024-03-15",595,4,666.85,"Churned"
1902,"2025-10-26",5,3,282.87,"Active"
1903,"2025-02-16",257,4,516.75,"Churned"
1904,"2022-05-01",1279,2,135.67,"Churned"
1905,"2022-03-02",1339,1,21.48,"Churned"
1906,"2020-04-28",2012,1,382.84,"Churned"
1907,"2024-11-13",352,1,132.06,"Churned"
1908,"2023-01-08",1027,2,71.85,"Churned"
1909,"2023-02-25",979,1,205.06,"Churned"
1911,"2024-12-10",325,2,37.19,"Churned"
1913,"2025-06-06",147,2,160.61,"Churned"
1914,"2025-03-26",219,5,434.75,"Churned"
1917,"2023-04-19",926,2,35.10,"Churned"
1918,"2023-08-28",795,1,196.37,"Churned"
1919,"2025-01-10",294,3,526.91,"Churned"
1920,"2021-04-24",1651,1,20.15,"Churned"
1923,"2025-01-24",280,2,350.95,"Churned"
1924,"2024-01-17",653,1,341.80,"Churned"
1926,"2020-11-20",1806,1,212.93,"Churned"
1927,"2020-10-10",1847,2,256.14,"Churned"
1928,"2020-04-20",2020,1,162.26,"Churned"
1929,"2022-09-05",1152,3,90.44,"Churned"
1932,"2021-08-10",1543,1,326.02,"Churned"
1933,"2025-07-28",95,4,317.29,"Churned"
1934,"2024-09-09",417,2,265.29,"Churned"
1935,"2025-03-31",214,4,304.18,"Churned"
1936,"2025-06-18",135,4,603.22,"Churned"
1937,"2025-03-04",241,3,901.08,"Churned"
1938,"2022-08-28",1160,3,196.95,"Churned"
1939,"2021-11-01",1460,2,108.73,"Churned"
1940,"2025-10-28",3,1,152.03,"Active"
1942,"2024-04-19",560,4,319.76,"Churned"
1943,"2025-05-13",171,2,241.72,"Churned"
1944,"2022-04-26",1284,1,168.18,"Churned"
1945,"2024-10-02",394,3,263.87,"Churned"
1946,"2023-03-21",955,1,75.24,"Churned"
1947,"2023-06-04",880,2,144.84,"Churned"
1948,"2022-07-14",1205,5,447.69,"Churned"
1949,"2021-07-17",1567,2,225.28,"Churned"
1951,"2022-06-22",1227,1,17.87,"Churned"
1952,"2025-09-26",35,5,574.88,"At Risk"
1953,"2020-12-21",1775,1,228.00,"Churned"
1954,"2020-09-06",1881,1,14.08,"Churned"
1955,"2024-02-17",622,1,427.11,"Churned"
1956,"2023-02-02",1002,1,211.82,"Churned"
1957,"2020-06-22",1957,2,197.75,"Churned"
1958,"2020-05-22",1988,1,145.90,"Churned"
1959,"2024-07-17",471,3,593.51,"Churned"
1960,"2020-06-15",1964,2,100.96,"Churned"
1961,"2025-05-13",171,1,41.23,"Churned"
1962,"2025-04-25",189,3,122.29,"Churned"
1963,"2025-02-22",251,1,246.53,"Churned"
1964,"2024-05-16",533,2,168.09,"Churned"
1965,"2024-07-02",486,2,15.29,"Churned"
1966,"2025-07-14",109,3,485.10,"Churned"
1967,"2024-01-22",648,3,211.88,"Churned"
1968,"2025-06-29",124,3,427.36,"Churned"
1969,"2024-12-26",309,1,7.68,"Churned"
1970,"2021-10-18",1474,2,346.46,"Churned"
1971,"2025-08-09",83,2,170.47,"At Risk"
1972,"2025-01-07",297,1,135.19,"Churned"
1973,"2025-10-24",7,5,675.28,"Active"
1974,"2021-01-05",1760,1,268.20,"Churned"
1976,"2023-09-12",780,2,57.44,"Churned"
1977,"2024-09-02",424,3,393.41,"Churned"
1978,"2024-03-28",582,2,149.13,"Churned"
1979,"2025-09-03",58,3,173.35,"At Risk"
1981,"2023-10-29",733,1,72.49,"Churned"
1982,"2023-08-11",812,3,138.68,"Churned"
1983,"2024-07-29",459,3,103.41,"Churned"
1985,"2023-07-27",827,1,94.32,"Churned"
1986,"2020-08-27",1891,1,203.80,"Churned"
1987,"2020-06-21",1958,1,28.48,"Churned"
1988,"2023-01-29",1006,3,439.23,"Churned"
1991,"2023-03-02",974,2,137.77,"Churned"
1992,"2022-07-09",1210,1,94.38,"Churned"
1994,"2023-05-31",884,1,188.95,"Churned"
1996,"2024-09-13",413,3,268.20,"Churned"
1997,"2024-10-03",393,5,1170.41,"Churned"
1998,"2023-08-29",794,4,655.29,"Churned"
1999,"2022-12-12",1054,2,355.98,"Churned"
2000,"2020-02-21",2079,1,143.42,"Churned"
2001,"2024-08-31",426,4,632.82,"Churned"
2003,"2024-10-01",395,2,36.08,"Churned"
2004,"2023-12-03",698,3,470.22,"Churned"
2005,"2023-07-26",828,1,191.24,"Churned"
2006,"2025-02-22",251,2,33.69,"Churned"
2007,"2025-08-04",88,3,263.35,"At Risk"
2008,"2024-05-28",521,2,504.75,"Churned"
2009,"2025-02-11",262,3,298.01,"Churned"
2010,"2024-04-12",567,2,156.69,"Churned"
2011,"2025-06-12",141,2,650.23,"Churned"
2013,"2023-01-05",1030,3,398.07,"Churned"
2014,"2023-06-27",857,2,146.36,"Churned"
2017,"2022-09-15",1142,1,136.08,"Churned"
2018,"2025-03-02",243,2,793.08,"Churned"
2019,"2023-03-26",950,2,97.69,"Churned"
2021,"2023-03-22",954,3,236.99,"Churned"
2022,"2021-05-09",1636,2,130.61,"Churned"
2025,"2021-07-28",1556,1,196.56,"Churned"
2026,"2022-12-07",1059,1,36.39,"Churned"
2029,"2024-10-14",382,2,478.40,"Churned"
2030,"2024-02-13",626,1,77.72,"Churned"
2032,"2022-08-12",1176,3,235.53,"Churned"
2033,"2022-10-22",1105,2,240.89,"Churned"
2034,"2024-09-12",414,1,32.73,"Churned"
2035,"2022-11-23",1073,3,223.56,"Churned"
2036,"2025-01-06",298,1,126.83,"Churned"
2038,"2024-12-07",328,2,221.93,"Churned"
2039,"2024-04-14",565,3,466.26,"Churned"
2040,"2024-10-18",378,5,859.13,"Churned"
2043,"2021-06-06",1608,1,81.01,"Churned"
2044,"2021-10-20",1472,2,126.97,"Churned"
2045,"2025-02-06",267,2,110.72,"Churned"
2046,"2021-08-16",1537,2,40.52,"Churned"
2048,"2024-04-21",558,2,192.34,"Churned"
2049,"2023-12-17",684,3,549.68,"Churned"
2051,"2022-10-26",1101,2,74.55,"Churned"
2052,"2020-12-27",1769,1,101.42,"Churned"
2054,"2024-09-26",400,4,302.35,"Churned"
2055,"2023-11-06",725,2,108.57,"Churned"
2056,"2024-10-05",391,1,40.42,"Churned"
2057,"2025-05-21",163,4,340.65,"Churned"
2058,"2024-11-12",353,1,228.25,"Churned"
2059,"2023-04-20",925,3,552.74,"Churned"
2060,"2023-10-26",736,2,559.75,"Churned"
2061,"2024-01-04",666,2,289.87,"Churned"
2062,"2021-06-16",1598,1,215.80,"Churned"
2064,"2022-04-16",1294,3,410.39,"Churned"
2065,"2022-10-10",1117,2,399.02,"Churned"
2066,"2023-12-04",697,3,272.39,"Churned"
2067,"2021-11-02",1459,2,336.93,"Churned"
2068,"2025-01-28",276,1,304.92,"Churned"
2069,"2024-11-08",357,2,162.82,"Churned"
2070,"2025-05-16",168,3,91.56,"Churned"
2071,"2024-03-23",587,1,21.98,"Churned"
2072,"2020-04-27",2013,1,63.04,"Churned"
2073,"2020-01-19",2112,1,307.74,"Churned"
2074,"2023-02-19",985,2,155.56,"Churned"
2075,"2025-07-15",108,2,122.11,"Churned"
2076,"2023-01-21",1014,1,7.51,"Churned"
2077,"2024-11-05",360,3,348.31,"Churned"
2078,"2023-05-16",899,3,1264.53,"Churned"
2079,"2025-09-19",42,3,808.53,"At Risk"
2081,"2025-05-18",166,5,835.68,"Churned"
2084,"2025-08-15",77,3,520.74,"At Risk"
2085,"2025-08-09",83,4,347.54,"At Risk"
2086,"2023-12-13",688,1,147.49,"Churned"
2087,"2022-09-18",1139,1,214.82,"Churned"
2088,"2024-01-01",669,1,16.50,"Churned"
2089,"2022-11-07",1089,2,247.29,"Churned"
2090,"2025-08-31",61,5,383.49,"At Risk"
2091,"2022-08-24",1164,3,152.78,"Churned"
2092,"2021-10-22",1470,1,113.52,"Churned"
2094,"2025-09-06",55,3,534.41,"At Risk"
2095,"2022-04-24",1286,1,212.74,"Churned"
2096,"2022-06-02",1247,2,597.94,"Churned"
2098,"2023-11-01",730,1,171.98,"Churned"
2099,"2021-05-18",1627,1,137.39,"Churned"
2100,"2023-09-09",783,1,94.70,"Churned"
2102,"2021-07-12",1572,2,226.19,"Churned"
2103,"2021-07-16",1568,1,242.31,"Churned"
2104,"2025-01-20",284,1,52.75,"Churned"
2105,"2024-03-03",607,4,434.79,"Churned"
2106,"2023-08-05",818,3,461.10,"Churned"
2107,"2024-11-13",352,2,95.18,"Churned"
2108,"2025-10-25",6,3,360.00,"Active"
2110,"2025-09-20",41,2,396.40,"At Risk"
2111,"2025-09-29",32,1,255.85,"At Risk"
2112,"2025-04-19",195,2,97.43,"Churned"
2113,"2023-01-14",1021,2,107.02,"Churned"
2114,"2022-12-05",1061,1,47.39,"Churned"
2115,"2024-03-05",605,1,248.57,"Churned"
2116,"2025-03-05",240,2,457.01,"Churned"
2117,"2021-04-01",1674,1,170.62,"Churned"
2118,"2023-10-16",746,2,175.73,"Churned"
2120,"2023-10-28",734,2,308.68,"Churned"
2121,"2025-06-12",141,6,818.48,"Churned"
2122,"2024-05-18",531,2,532.42,"Churned"
2123,"2021-09-18",1504,2,400.07,"Churned"
2124,"2023-05-09",906,2,270.78,"Churned"
2125,"2025-10-11",20,2,141.66,"Active"
2126,"2024-12-20",315,2,41.51,"Churned"
2128,"2025-05-27",157,2,90.95,"Churned"
2129,"2023-03-31",945,2,249.95,"Churned"
2130,"2025-03-05",240,5,415.80,"Churned"
2131,"2022-09-01",1156,2,262.15,"Churned"
2133,"2022-10-03",1124,3,872.51,"Churned"
2134,"2023-09-27",765,3,331.19,"Churned"
2135,"2024-08-02",455,5,587.84,"Churned"
2136,"2023-12-11",690,1,66.22,"Churned"
2137,"2025-06-17",136,3,390.50,"Churned"
2138,"2021-03-12",1694,2,88.13,"Churned"
2139,"2025-03-12",233,2,182.01,"Churned"
2140,"2023-06-25",859,3,197.05,"Churned"
2141,"2025-06-06",147,2,506.38,"Churned"
2142,"2025-05-22",162,6,764.44,"Churned"
2144,"2022-11-20",1076,2,444.46,"Churned"
2146,"2020-09-25",1862,1,65.48,"Churned"
2148,"2024-01-28",642,2,527.78,"Churned"
2149,"2025-07-01",122,3,589.13,"Churned"
2150,"2025-07-12",111,6,549.24,"Churned"
2151,"2021-07-28",1556,1,481.12,"Churned"
2152,"2025-01-24",280,4,512.51,"Churned"
2155,"2024-08-10",447,2,291.26,"Churned"
2156,"2023-02-07",997,1,10.60,"Churned"
2158,"2021-12-08",1423,2,189.55,"Churned"
2159,"2023-08-25",798,1,210.82,"Churned"
2160,"2025-05-24",160,2,269.79,"Churned"
2161,"2024-10-03",393,2,58.75,"Churned"
2162,"2025-07-06",117,1,66.04,"Churned"
2163,"2023-09-01",791,1,24.57,"Churned"
2164,"2023-09-12",780,1,187.45,"Churned"
2165,"2020-04-20",2020,1,195.87,"Churned"
2166,"2021-11-27",1434,2,203.44,"Churned"
2167,"2024-12-02",333,3,304.91,"Churned"
2169,"2025-09-07",54,4,642.20,"At Risk"
2170,"2024-06-03",515,1,163.78,"Churned"
2172,"2024-08-03",454,3,314.45,"Churned"
2173,"2023-01-21",1014,1,30.61,"Churned"
2175,"2025-10-24",7,3,239.42,"Active"
2176,"2025-05-26",158,2,274.39,"Churned"
2177,"2024-07-11",477,4,388.45,"Churned"
2178,"2024-10-19",377,2,258.68,"Churned"
2179,"2020-04-19",2021,1,67.76,"Churned"
2180,"2024-12-20",315,3,638.61,"Churned"
2181,"2023-12-17",684,2,207.90,"Churned"
2182,"2020-07-22",1927,1,12.55,"Churned"
2183,"2022-11-29",1067,3,279.00,"Churned"
2184,"2025-07-03",120,3,408.45,"Churned"
2185,"2024-07-25",463,2,243.27,"Churned"
2186,"2022-04-11",1299,1,101.52,"Churned"
2187,"2023-12-12",689,2,208.03,"Churned"
2188,"2023-05-05",910,2,185.33,"Churned"
2189,"2025-02-26",247,2,382.79,"Churned"
2191,"2024-01-22",648,2,53.70,"Churned"
2192,"2020-10-31",1826,1,40.30,"Churned"
2193,"2024-11-08",357,2,346.42,"Churned"
2195,"2022-03-05",1336,2,97.94,"Churned"
2196,"2022-10-19",1108,2,241.40,"Churned"
2197,"2024-10-16",380,1,366.01,"Churned"
2198,"2025-01-01",303,3,381.98,"Churned"
2200,"2021-11-02",1459,1,176.68,"Churned"
2201,"2024-05-27",522,1,69.33,"Churned"
2202,"2023-08-31",792,2,217.37,"Churned"
2203,"2025-04-26",188,3,308.40,"Churned"
2204,"2021-05-21",1624,2,107.32,"Churned"
2205,"2025-04-10",204,3,361.46,"Churned"
2206,"2021-12-19",1412,1,49.16,"Churned"
2207,"2024-08-30",427,4,693.70,"Churned"
2208,"2025-05-21",163,5,553.90,"Churned"
2209,"2024-02-08",631,1,91.82,"Churned"
2210,"2022-11-05",1091,2,109.83,"Churned"
2212,"2025-01-14",290,3,264.58,"Churned"
2213,"2023-11-13",718,1,511.50,"Churned"
2214,"2021-11-12",1449,1,281.68,"Churned"
2216,"2025-08-18",74,1,160.28,"At Risk"
2217,"2022-03-05",1336,1,185.57,"Churned"
2218,"2025-04-15",199,3,112.42,"Churned"
2219,"2025-08-23",69,4,472.97,"At Risk"
2220,"2024-04-09",570,2,76.12,"Churned"
2221,"2024-11-05",360,2,249.19,"Churned"
2222,"2023-09-25",767,1,155.74,"Churned"
2223,"2025-03-25",220,2,2100.43,"Churned"
2224,"2021-10-19",1473,3,586.68,"Churned"
2225,"2025-04-21",193,3,183.41,"Churned"
2226,"2025-02-28",245,6,940.94,"Churned"
2228,"2021-12-02",1429,1,94.77,"Churned"
2229,"2020-10-06",1851,1,7.28,"Churned"
2230,"2022-05-18",1262,2,529.99,"Churned"
2231,"2023-05-22",893,2,199.45,"Churned"
2233,"2024-04-03",576,1,177.04,"Churned"
2234,"2020-08-19",1899,1,155.56,"Churned"
2235,"2020-12-04",1792,1,40.57,"Churned"
2236,"2021-06-12",1602,1,229.74,"Churned"
2237,"2023-05-14",901,4,401.56,"Churned"
2238,"2024-03-25",585,2,33.42,"Churned"
2239,"2025-10-07",24,3,459.62,"Active"
2240,"2025-08-05",87,3,502.23,"At Risk"
2241,"2020-08-01",1917,1,106.12,"Churned"
2242,"2021-09-02",1520,3,418.16,"Churned"
2244,"2023-12-12",689,3,842.75,"Churned"
2245,"2021-02-11",1723,1,121.72,"Churned"
2246,"2024-09-20",406,2,333.22,"Churned"
2247,"2025-07-27",96,3,393.05,"Churned"
2248,"2022-10-30",1097,1,228.31,"Churned"
2249,"2024-04-04",575,2,216.14,"Churned"
2251,"2022-03-22",1319,1,70.70,"Churned"
2252,"2024-06-05",513,2,279.67,"Churned"
2253,"2025-10-25",6,2,583.48,"Active"
2255,"2024-12-11",324,2,537.60,"Churned"
2256,"2023-07-14",840,3,326.83,"Churned"
2257,"2022-09-27",1130,4,399.95,"Churned"
2258,"2024-03-11",599,2,179.45,"Churned"
2260,"2022-05-17",1263,1,55.97,"Churned"
2261,"2024-04-30",549,1,203.95,"Churned"
2263,"2024-02-18",621,1,38.13,"Churned"
2264,"2024-11-24",341,1,39.13,"Churned"
2265,"2023-06-10",874,2,869.15,"Churned"
2266,"2025-04-12",202,4,352.56,"Churned"
2267,"2025-08-18",74,1,45.56,"At Risk"
2268,"2024-05-07",542,2,160.54,"Churned"
2269,"2024-10-23",373,3,474.03,"Churned"
2270,"2021-11-08",1453,1,27.05,"Churned"
2271,"2024-11-15",350,1,38.57,"Churned"
2272,"2023-06-11",873,2,158.96,"Churned"
2273,"2024-03-02",608,2,81.91,"Churned"
2274,"2021-06-23",1591,2,81.03,"Churned"
2275,"2023-01-04",1031,2,115.89,"Churned"
2276,"2024-09-10",416,3,366.82,"Churned"
2278,"2021-05-02",1643,1,74.96,"Churned"
2280,"2021-01-05",1760,1,162.22,"Churned"
2281,"2024-06-28",490,2,237.53,"Churned"
2283,"2025-10-01",30,2,249.67,"Active"
2284,"2025-06-27",126,2,787.66,"Churned"
2285,"2024-07-18",470,4,226.05,"Churned"
2286,"2025-04-06",208,2,248.23,"Churned"
2287,"2023-07-15",839,1,143.52,"Churned"
2288,"2025-02-02",271,1,9.27,"Churned"
2289,"2024-11-26",339,1,40.86,"Churned"
2290,"2025-01-07",297,2,108.51,"Churned"
2291,"2025-07-16",107,3,1084.04,"Churned"
2292,"2022-09-17",1140,2,96.93,"Churned"
2293,"2024-06-21",497,2,139.05,"Churned"
2294,"2021-03-19",1687,1,305.65,"Churned"
2295,"2024-12-18",317,1,75.67,"Churned"
2296,"2023-12-22",679,3,489.79,"Churned"
2297,"2024-02-29",610,1,399.61,"Churned"
2298,"2023-07-25",829,2,148.31,"Churned"
2299,"2024-12-19",316,2,246.33,"Churned"
2300,"2025-04-27",187,2,234.62,"Churned"
2301,"2022-11-07",1089,1,38.13,"Churned"
2302,"2022-09-26",1131,2,430.09,"Churned"
2303,"2023-08-04",819,4,420.93,"Churned"
2304,"2025-08-17",75,2,19.13,"At Risk"
2305,"2020-05-31",1979,1,56.13,"Churned"
2306,"2025-09-12",49,5,902.63,"At Risk"
2307,"2022-11-28",1068,1,81.02,"Churned"
2308,"2025-01-18",286,3,296.41,"Churned"
2309,"2024-08-10",447,1,66.15,"Churned"
2310,"2024-09-02",424,2,231.17,"Churned"
2312,"2024-12-07",328,3,270.24,"Churned"
2313,"2025-10-11",20,3,259.89,"Active"
2314,"2023-10-29",733,3,401.50,"Churned"
2315,"2025-09-09",52,2,271.97,"At Risk"
2317,"2022-03-14",1327,3,374.29,"Churned"
2320,"2024-08-03",454,3,433.43,"Churned"
2321,"2020-12-08",1788,1,11.03,"Churned"
2322,"2023-09-09",783,2,109.37,"Churned"
2323,"2020-12-12",1784,2,225.54,"Churned"
2324,"2022-12-10",1056,4,438.89,"Churned"
2325,"2025-08-19",73,3,346.58,"At Risk"
2326,"2022-10-07",1120,1,99.14,"Churned"
2328,"2025-01-23",281,3,163.36,"Churned"
2329,"2023-01-05",1030,3,315.36,"Churned"
2331,"2024-10-16",380,2,128.67,"Churned"
2333,"2025-03-12",233,4,247.75,"Churned"
2334,"2025-07-17",106,1,207.26,"Churned"
2335,"2025-06-26",127,3,196.15,"Churned"
2336,"2025-09-03",58,2,189.93,"At Risk"
2337,"2023-05-13",902,2,145.93,"Churned"
2338,"2021-09-23",1499,1,19.70,"Churned"
2339,"2023-03-16",960,1,24.49,"Churned"
2340,"2024-07-25",463,1,88.55,"Churned"
2341,"2020-07-16",1933,1,252.81,"Churned"
2342,"2020-09-19",1868,1,111.75,"Churned"
2344,"2025-06-07",146,2,518.05,"Churned"
2345,"2025-10-09",22,6,845.67,"Active"
2346,"2024-11-18",347,3,501.68,"Churned"
2347,"2024-08-29",428,3,345.12,"Churned"
2349,"2021-03-28",1678,1,328.83,"Churned"
2350,"2023-07-31",823,2,122.91,"Churned"
2351,"2023-03-01",975,2,110.48,"Churned"
2352,"2024-10-18",378,1,37.72,"Churned"
2353,"2022-11-05",1091,2,111.23,"Churned"
2354,"2025-05-06",178,3,592.18,"Churned"
2355,"2023-09-11",781,2,195.86,"Churned"
2356,"2023-10-28",734,1,12.08,"Churned"
2358,"2023-06-21",863,2,410.55,"Churned"
2360,"2023-10-27",735,2,189.35,"Churned"
2361,"2025-05-24",160,2,398.44,"Churned"
2362,"2024-01-24",646,3,381.64,"Churned"
2363,"2024-06-19",499,3,375.33,"Churned"
2364,"2021-07-24",1560,2,71.38,"Churned"
2365,"2025-09-24",37,1,10.67,"At Risk"
2366,"2020-05-12",1998,1,78.10,"Churned"
2367,"2025-10-07",24,4,150.37,"Active"
2368,"2020-11-09",1817,2,143.36,"Churned"
2370,"2025-03-14",231,2,485.62,"Churned"
2371,"2021-09-29",1493,2,84.75,"Churned"
2372,"2022-07-07",1212,1,6.14,"Churned"
2373,"2025-08-20",72,3,244.70,"At Risk"
2374,"2023-06-02",882,2,185.29,"Churned"
2376,"2025-01-09",295,2,311.00,"Churned"
2377,"2024-06-03",515,2,112.03,"Churned"
2378,"2021-12-09",1422,2,391.30,"Churned"
2379,"2024-06-26",492,1,27.68,"Churned"
2380,"2024-04-27",552,2,235.63,"Churned"
2381,"2022-04-12",1298,1,22.96,"Churned"
2384,"2024-09-07",419,3,484.54,"Churned"
2385,"2021-08-16",1537,1,146.53,"Churned"
2386,"2023-06-13",871,3,440.22,"Churned"
2387,"2025-09-21",40,4,668.66,"At Risk"
2388,"2021-02-18",1716,1,43.68,"Churned"
2389,"2022-09-12",1145,1,261.44,"Churned"
2390,"2022-04-27",1283,2,353.76,"Churned"
2391,"2023-12-27",674,1,110.55,"Churned"
2392,"2022-08-09",1179,2,147.13,"Churned"
2393,"2023-08-18",805,4,500.82,"Churned"
2396,"2021-04-24",1651,1,203.22,"Churned"
2397,"2022-07-17",1202,1,11.97,"Churned"
2398,"2023-06-10",874,2,36.09,"Churned"
2399,"2025-06-03",150,2,302.51,"Churned"
2400,"2021-08-03",1550,1,97.86,"Churned"
2401,"2025-05-08",176,2,196.82,"Churned"
2402,"2023-12-15",686,1,43.05,"Churned"
2403,"2025-01-03",301,2,298.27,"Churned"
2404,"2025-10-15",16,1,116.15,"Active"
2405,"2025-05-04",180,2,270.67,"Churned"
2406,"2025-05-22",162,1,37.66,"Churned"
2407,"2021-09-12",1510,1,55.05,"Churned"
2408,"2021-01-29",1736,2,158.14,"Churned"
2409,"2025-01-26",278,3,457.23,"Churned"
2410,"2023-10-06",756,5,677.35,"Churned"
2411,"2021-05-03",1642,1,92.93,"Churned"
2415,"2023-05-13",902,2,64.66,"Churned"
2416,"2025-06-30",123,3,401.69,"Churned"
2417,"2022-08-03",1185,1,457.78,"Churned"
2418,"2024-11-12",353,2,130.92,"Churned"
2419,"2025-10-11",20,2,461.22,"Active"
2420,"2024-05-17",532,3,300.31,"Churned"
2421,"2024-02-01",638,2,172.02,"Churned"
2422,"2025-04-26",188,2,136.85,"Churned"
2423,"2020-11-29",1797,2,79.87,"Churned"
2424,"2023-03-06",970,1,66.46,"Churned"
2425,"2022-03-23",1318,1,96.56,"Churned"
2426,"2025-08-18",74,1,272.32,"At Risk"
2427,"2025-09-11",50,3,402.61,"At Risk"
2428,"2025-01-01",303,4,836.00,"Churned"
2429,"2025-09-14",47,4,691.10,"At Risk"
2430,"2024-12-18",317,2,352.08,"Churned"
2431,"2025-09-11",50,3,441.12,"At Risk"
2432,"2020-05-13",1997,1,145.97,"Churned"
2433,"2021-05-27",1618,2,473.77,"Churned"
2435,"2023-08-16",807,1,161.36,"Churned"
2436,"2022-09-16",1141,1,11.22,"Churned"
2437,"2024-06-29",489,4,317.26,"Churned"
2438,"2023-12-25",676,1,55.94,"Churned"
2440,"2025-05-15",169,3,145.19,"Churned"
2441,"2022-05-28",1252,2,108.81,"Churned"
2442,"2025-09-17",44,1,321.25,"At Risk"
2443,"2023-02-04",1000,1,290.59,"Churned"
2444,"2024-08-02",455,1,191.98,"Churned"
2445,"2022-12-30",1036,2,489.29,"Churned"
2446,"2021-09-02",1520,1,237.25,"Churned"
2447,"2020-11-19",1807,1,37.46,"Churned"
2448,"2024-02-05",634,2,225.23,"Churned"
2449,"2025-07-26",97,2,281.88,"Churned"
2451,"2025-08-10",82,3,213.08,"At Risk"
2452,"2022-09-11",1146,2,392.24,"Churned"
2454,"2024-12-23",312,3,291.61,"Churned"
2455,"2024-11-01",364,1,91.01,"Churned"
2456,"2024-05-18",531,2,303.31,"Churned"
2457,"2025-04-02",212,4,141.54,"Churned"
2458,"2021-12-03",1428,1,31.31,"Churned"
2459,"2025-08-14",78,2,279.32,"At Risk"
2460,"2025-07-03",120,5,264.95,"Churned"
2461,"2024-08-11",446,1,218.10,"Churned"
2462,"2025-04-07",207,4,411.78,"Churned"
2464,"2020-05-15",1995,1,74.16,"Churned"
2465,"2022-12-13",1053,1,99.63,"Churned"
2466,"2025-07-25",98,4,87.81,"Churned"
2467,"2024-10-29",367,4,592.00,"Churned"
2468,"2025-03-15",230,2,518.23,"Churned"
2469,"2025-01-05",299,1,6.01,"Churned"
2471,"2025-03-15",230,3,274.37,"Churned"
2473,"2024-07-28",460,3,222.46,"Churned"
2474,"2022-11-12",1084,2,212.21,"Churned"
2475,"2024-02-15",624,3,741.96,"Churned"
2477,"2022-09-21",1136,1,206.12,"Churned"
2478,"2020-05-31",1979,1,123.36,"Churned"
2479,"2024-05-02",547,1,100.97,"Churned"
2480,"2023-09-25",767,3,314.18,"Churned"
2481,"2024-10-13",383,3,808.01,"Churned"
2482,"2025-05-23",161,2,246.80,"Churned"
2483,"2025-05-09",175,2,67.17,"Churned"
2484,"2022-09-01",1156,1,221.62,"Churned"
2485,"2022-11-05",1091,2,282.90,"Churned"
2486,"2024-09-24",402,2,93.78,"Churned"
2488,"2025-02-23",250,2,90.21,"Churned"
2489,"2025-04-14",200,4,480.07,"Churned"
2490,"2025-08-20",72,1,57.80,"At Risk"
2492,"2024-08-30",427,2,782.35,"Churned"
2493,"2023-11-14",717,1,14.26,"Churned"
2494,"2025-01-20",284,1,432.24,"Churned"
2495,"2025-02-18",255,3,213.14,"Churned"
2496,"2024-11-03",362,3,184.22,"Churned"
2497,"2024-03-06",604,1,106.60,"Churned"
2498,"2023-04-06",939,2,118.42,"Churned"
2499,"2023-03-27",949,3,314.26,"Churned"
2501,"2022-04-13",1297,4,267.39,"Churned"
2502,"2024-04-24",555,2,120.39,"Churned"
2503,"2022-02-15",1354,2,171.94,"Churned"
2504,"2020-05-06",2004,1,142.68,"Churned"
2506,"2024-01-20",650,2,119.68,"Churned"
2507,"2023-05-01",914,2,366.59,"Churned"
2509,"2025-07-02",121,1,106.31,"Churned"
2510,"2025-03-08",237,2,892.99,"Churned"
2511,"2024-10-05",391,4,151.14,"Churned"
2512,"2022-07-31",1188,3,454.43,"Churned"
2513,"2024-07-23",465,2,281.10,"Churned"
2515,"2021-09-12",1510,1,55.29,"Churned"
2516,"2025-09-06",55,3,670.45,"At Risk"
2517,"2022-09-24",1133,1,640.84,"Churned"
2518,"2023-01-29",1006,2,417.78,"Churned"
2519,"2024-07-07",481,3,845.25,"Churned"
2520,"2025-03-10",235,3,312.30,"Churned"
2522,"2022-09-08",1149,1,71.03,"Churned"
2523,"2025-05-24",160,2,267.58,"Churned"
2524,"2020-12-22",1774,2,95.17,"Churned"
2525,"2023-10-22",740,1,20.19,"Churned"
2527,"2022-04-05",1305,2,192.47,"Churned"
2528,"2022-12-12",1054,1,530.94,"Churned"
2529,"2024-01-29",641,2,16.29,"Churned"
2530,"2021-08-24",1529,2,158.15,"Churned"
2531,"2023-12-21",680,4,440.00,"Churned"
2533,"2022-10-19",1108,1,100.72,"Churned"
2535,"2024-06-26",492,1,71.62,"Churned"
2537,"2022-10-02",1125,1,7.04,"Churned"
2538,"2025-10-17",14,4,363.00,"Active"
2539,"2024-10-13",383,2,225.11,"Churned"
2541,"2024-05-28",521,2,188.47,"Churned"
2542,"2021-04-24",1651,3,243.11,"Churned"
2543,"2024-11-19",346,4,257.21,"Churned"
2548,"2020-05-28",1982,1,60.40,"Churned"
2549,"2022-06-24",1225,2,104.88,"Churned"
2551,"2024-01-30",640,2,110.48,"Churned"
2552,"2025-08-08",84,3,333.42,"At Risk"
2553,"2022-01-18",1382,3,490.93,"Churned"
2554,"2023-06-03",881,4,391.03,"Churned"
2556,"2022-09-17",1140,1,36.38,"Churned"
2557,"2024-09-16",410,4,735.11,"Churned"
2558,"2023-12-05",696,2,423.05,"Churned"
2560,"2024-01-20",650,5,573.88,"Churned"
2561,"2025-10-13",18,3,1146.99,"Active"
2562,"2024-08-20",437,5,635.08,"Churned"
2563,"2020-10-23",1834,1,467.80,"Churned"
2564,"2025-09-11",50,2,500.59,"At Risk"
2565,"2024-06-07",511,3,360.78,"Churned"
2566,"2021-02-14",1720,1,447.35,"Churned"
2567,"2025-08-19",73,1,44.11,"At Risk"
2568,"2022-03-11",1330,2,71.98,"Churned"
2570,"2024-08-14",443,2,138.83,"Churned"
2571,"2025-10-23",8,4,976.63,"Active"
2572,"2024-12-01",334,3,398.90,"Churned"
2573,"2022-06-18",1231,3,469.06,"Churned"
2574,"2023-12-11",690,5,1256.87,"Churned"
2576,"2024-08-13",444,3,471.99,"Churned"
2577,"2025-05-01",183,2,158.64,"Churned"
2578,"2024-07-02",486,3,532.86,"Churned"
2579,"2021-04-30",1645,2,98.00,"Churned"
2580,"2025-08-22",70,2,438.26,"At Risk"
2581,"2021-12-22",1409,2,309.42,"Churned"
2583,"2022-04-11",1299,1,10.21,"Churned"
2584,"2022-07-15",1204,1,124.12,"Churned"
2585,"2024-06-08",510,3,488.12,"Churned"
2586,"2022-07-07",1212,1,61.92,"Churned"
2587,"2023-07-22",832,3,178.13,"Churned"
2588,"2021-08-11",1542,1,68.97,"Churned"
2589,"2023-07-25",829,2,166.56,"Churned"
2590,"2023-05-24",891,2,166.62,"Churned"
2593,"2020-01-20",2111,1,67.57,"Churned"
2594,"2023-04-05",940,1,51.43,"Churned"
2595,"2020-01-04",2127,1,97.67,"Churned"
2596,"2024-12-12",323,4,519.30,"Churned"
2597,"2025-03-22",223,1,215.70,"Churned"
2598,"2021-02-12",1722,1,117.99,"Churned"
2599,"2022-01-10",1390,1,12.90,"Churned"
2601,"2021-12-16",1415,1,52.30,"Churned"
2602,"2024-11-17",348,2,336.37,"Churned"
2604,"2025-05-26",158,5,749.76,"Churned"
2605,"2023-12-02",699,2,434.99,"Churned"
2606,"2020-01-29",2102,1,36.43,"Churned"
2607,"2023-05-30",885,2,160.00,"Churned"
2608,"2021-04-16",1659,2,405.15,"Churned"
2609,"2024-12-13",322,1,1266.59,"Churned"
2611,"2025-09-17",44,2,25.54,"At Risk"
2612,"2020-01-18",2113,1,118.51,"Churned"
2613,"2025-09-23",38,3,183.57,"At Risk"
2614,"2022-07-06",1213,1,6.80,"Churned"
2615,"2024-04-25",554,1,65.84,"Churned"
2616,"2020-02-21",2079,1,23.21,"Churned"
2617,"2023-11-18",713,1,6.32,"Churned"
2618,"2023-05-10",905,3,181.96,"Churned"
2619,"2022-03-13",1328,1,68.09,"Churned"
2620,"2024-08-19",438,2,219.13,"Churned"
2621,"2024-07-23",465,3,364.57,"Churned"
2622,"2024-09-26",400,2,484.79,"Churned"
2623,"2025-05-28",156,1,22.84,"Churned"
2624,"2021-05-28",1617,2,832.48,"Churned"
2625,"2023-05-02",913,1,115.67,"Churned"
2626,"2025-07-24",99,2,310.56,"Churned"
2627,"2022-10-02",1125,1,178.26,"Churned"
2629,"2025-01-03",301,6,814.43,"Churned"
2630,"2025-09-28",33,3,92.45,"At Risk"
2631,"2024-01-07",663,2,34.83,"Churned"
2632,"2020-10-29",1828,1,250.25,"Churned"
2633,"2021-09-26",1496,1,30.95,"Churned"
2634,"2024-05-21",528,4,220.60,"Churned"
2635,"2025-08-18",74,3,203.91,"At Risk"
2636,"2025-10-30",1,2,91.69,"Active"
2637,"2020-08-10",1908,1,52.80,"Churned"
2638,"2025-09-02",59,3,826.12,"At Risk"
2640,"2024-10-15",381,2,210.92,"Churned"
2641,"2022-06-14",1235,1,175.60,"Churned"
2643,"2024-11-19",346,2,150.53,"Churned"
2645,"2025-10-11",20,3,834.92,"Active"
2646,"2023-10-27",735,1,333.06,"Churned"
2647,"2023-05-06",909,1,74.95,"Churned"
2649,"2024-10-07",389,3,315.53,"Churned"
2650,"2023-04-01",944,2,155.34,"Churned"
2651,"2023-05-23",892,2,97.54,"Churned"
2652,"2020-05-14",1996,1,81.92,"Churned"
2653,"2024-03-14",596,2,240.09,"Churned"
2655,"2025-09-18",43,3,188.57,"At Risk"
2656,"2022-11-19",1077,2,54.90,"Churned"
2658,"2023-05-20",895,1,58.12,"Churned"
2659,"2025-09-19",42,2,106.90,"At Risk"
2660,"2024-06-21",497,1,392.82,"Churned"
2661,"2022-11-10",1086,1,10.18,"Churned"
2662,"2024-07-07",481,2,126.29,"Churned"
2663,"2021-11-11",1450,2,190.04,"Churned"
2664,"2023-05-17",898,1,110.26,"Churned"
2666,"2023-12-08",693,1,490.04,"Churned"
2668,"2025-04-21",193,3,430.06,"Churned"
2669,"2021-02-17",1717,1,165.78,"Churned"
2670,"2025-05-21",163,2,220.06,"Churned"
2671,"2025-01-15",289,3,796.89,"Churned"
2672,"2023-04-19",926,3,664.89,"Churned"
2673,"2021-02-09",1725,1,32.90,"Churned"
2674,"2023-08-27",796,2,200.13,"Churned"
2675,"2025-08-01",91,1,118.14,"Churned"
2676,"2025-02-25",248,2,98.22,"Churned"
2677,"2025-06-25",128,5,379.99,"Churned"
2678,"2025-02-27",246,1,79.84,"Churned"
2679,"2024-02-28",611,1,49.13,"Churned"
2680,"2024-10-14",382,1,148.69,"Churned"
2681,"2025-01-31",273,3,293.85,"Churned"
2683,"2024-06-26",492,3,599.39,"Churned"
2685,"2023-02-16",988,3,321.83,"Churned"
2686,"2024-07-30",458,3,372.73,"Churned"
2687,"2021-02-02",1732,1,99.40,"Churned"
2689,"2024-03-09",601,2,307.91,"Churned"
2690,"2024-09-13",413,1,7.07,"Churned"
2691,"2024-03-13",597,3,255.96,"Churned"
2692,"2025-09-01",60,2,477.71,"At Risk"
2693,"2024-04-15",564,3,340.86,"Churned"
2694,"2023-09-28",764,1,424.58,"Churned"
2695,"2025-08-19",73,4,251.58,"At Risk"
2696,"2024-09-11",415,2,166.34,"Churned"
2697,"2025-07-02",121,2,38.33,"Churned"
2698,"2025-02-13",260,3,191.49,"Churned"
2699,"2025-01-31",273,3,407.00,"Churned"
2700,"2025-07-02",121,3,198.60,"Churned"
2701,"2023-12-10",691,2,101.12,"Churned"
2702,"2023-01-24",1011,2,88.49,"Churned"
2703,"2020-11-06",1820,1,161.87,"Churned"
2704,"2024-12-08",327,1,104.60,"Churned"
2705,"2025-02-03",270,2,621.62,"Churned"
2706,"2023-09-18",774,3,333.19,"Churned"
2707,"2025-10-22",9,4,596.59,"Active"
2708,"2024-12-17",318,3,127.22,"Churned"
2709,"2021-05-07",1638,1,129.24,"Churned"
2710,"2022-04-26",1284,3,1174.93,"Churned"
2711,"2025-08-18",74,3,319.55,"At Risk"
2713,"2022-06-15",1234,2,119.04,"Churned"
2714,"2022-06-20",1229,1,39.27,"Churned"
2715,"2025-08-27",65,2,249.85,"At Risk"
2716,"2023-01-07",1028,4,625.55,"Churned"
2718,"2025-10-22",9,2,117.16,"Active"
2719,"2025-08-07",85,6,716.64,"At Risk"
2720,"2022-11-24",1072,1,153.06,"Churned"
2721,"2024-07-01",487,3,300.14,"Churned"
2722,"2025-05-14",170,2,361.59,"Churned"
2723,"2024-12-03",332,3,506.80,"Churned"
2726,"2021-09-18",1504,1,45.87,"Churned"
2727,"2024-12-01",334,2,167.54,"Churned"
2728,"2025-09-24",37,3,260.02,"At Risk"
2729,"2022-10-31",1096,2,115.76,"Churned"
2730,"2020-05-10",2000,1,110.02,"Churned"
2731,"2022-07-22",1197,2,244.32,"Churned"
2732,"2024-07-01",487,4,143.39,"Churned"
2733,"2025-01-05",299,2,203.35,"Churned"
2734,"2025-08-14",78,3,436.54,"At Risk"
2736,"2025-10-13",18,2,132.81,"Active"
2737,"2025-07-10",113,2,186.21,"Churned"
2739,"2020-07-11",1938,1,158.00,"Churned"
2740,"2022-02-17",1352,1,125.18,"Churned"
2741,"2024-09-17",409,1,19.02,"Churned"
2742,"2022-06-15",1234,1,142.92,"Churned"
2743,"2022-07-07",1212,1,84.06,"Churned"
2744,"2024-10-04",392,1,77.26,"Churned"
2745,"2024-04-28",551,1,181.63,"Churned"
2746,"2021-09-25",1497,3,550.24,"Churned"
2748,"2025-07-18",105,2,73.69,"Churned"
2749,"2025-06-27",126,5,853.13,"Churned"
2750,"2024-06-28",490,2,588.24,"Churned"
2752,"2021-09-30",1492,4,679.95,"Churned"
2753,"2025-01-10",294,3,251.17,"Churned"
2754,"2025-03-09",236,2,386.58,"Churned"
2755,"2023-03-30",946,2,46.71,"Churned"
2757,"2023-01-09",1026,2,286.14,"Churned"
2759,"2024-05-29",520,1,266.02,"Churned"
2760,"2023-06-05",879,2,335.03,"Churned"
2761,"2021-05-07",1638,1,109.16,"Churned"
2762,"2025-01-13",291,1,30.48,"Churned"
2763,"2024-04-06",573,2,234.55,"Churned"
2764,"2024-03-18",592,2,560.42,"Churned"
2765,"2021-09-25",1497,2,157.16,"Churned"
2766,"2024-07-08",480,3,123.63,"Churned"
2767,"2023-07-17",837,1,60.68,"Churned"
2769,"2025-10-24",7,4,1318.67,"Active"
2770,"2023-10-22",740,3,205.87,"Churned"
2771,"2022-03-19",1322,2,127.74,"Churned"
2773,"2025-09-29",32,1,162.41,"At Risk"
2774,"2022-05-18",1262,1,14.44,"Churned"
2775,"2025-05-07",177,3,142.65,"Churned"
2777,"2021-05-21",1624,1,100.05,"Churned"
2778,"2024-10-17",379,1,5.64,"Churned"
2779,"2023-08-12",811,2,189.04,"Churned"
2780,"2023-10-08",754,4,748.77,"Churned"
2781,"2025-05-26",158,3,384.40,"Churned"
2782,"2025-05-19",165,2,292.80,"Churned"
2783,"2023-01-11",1024,2,267.05,"Churned"
2784,"2025-03-01",244,3,319.55,"Churned"
2785,"2022-01-04",1396,1,204.38,"Churned"
2787,"2025-03-16",229,3,335.47,"Churned"
2789,"2022-12-21",1045,2,95.08,"Churned"
2790,"2023-06-02",882,2,185.38,"Churned"
2791,"2023-08-11",812,3,645.21,"Churned"
2792,"2023-12-14",687,1,83.39,"Churned"
2793,"2025-08-20",72,2,224.94,"At Risk"
2794,"2025-02-08",265,3,179.02,"Churned"
2795,"2024-10-18",378,3,158.99,"Churned"
2797,"2024-04-12",567,2,145.58,"Churned"
2798,"2024-09-23",403,2,366.39,"Churned"
2799,"2023-06-06",878,2,179.67,"Churned"
2800,"2025-04-21",193,5,677.49,"Churned"
2802,"2023-03-26",950,1,644.12,"Churned"
2803,"2024-09-12",414,1,149.16,"Churned"
2804,"2021-07-10",1574,2,346.77,"Churned"
2805,"2021-08-24",1529,2,302.62,"Churned"
2807,"2025-02-01",272,4,858.33,"Churned"
2808,"2024-09-24",402,2,183.05,"Churned"
2809,"2024-03-14",596,2,70.88,"Churned"
2810,"2025-05-22",162,2,166.85,"Churned"
2811,"2024-12-10",325,1,417.33,"Churned"
2812,"2024-01-01",669,3,1241.94,"Churned"
2813,"2022-06-11",1238,1,90.74,"Churned"
2814,"2022-09-22",1135,2,83.63,"Churned"
2815,"2024-11-16",349,2,367.63,"Churned"
2818,"2020-11-05",1821,1,33.58,"Churned"
2819,"2024-11-27",338,4,914.51,"Churned"
2820,"2022-01-27",1373,2,346.25,"Churned"
2821,"2021-07-18",1566,1,29.18,"Churned"
2822,"2025-08-03",89,2,100.54,"At Risk"
2823,"2023-12-28",673,1,130.03,"Churned"
2824,"2023-04-23",922,1,140.29,"Churned"
2825,"2022-07-17",1202,1,186.56,"Churned"
2826,"2021-04-23",1652,1,142.24,"Churned"
2827,"2022-10-29",1098,2,408.42,"Churned"
2828,"2022-03-18",1323,1,340.52,"Churned"
2829,"2023-07-14",840,1,196.22,"Churned"
2830,"2022-01-26",1374,1,9.69,"Churned"
2833,"2024-07-23",465,2,89.75,"Churned"
2834,"2022-06-19",1230,3,180.79,"Churned"
2836,"2024-03-17",593,3,482.80,"Churned"
2837,"2021-01-06",1759,1,8.50,"Churned"
2838,"2022-02-04",1365,1,193.52,"Churned"
2840,"2024-09-21",405,2,72.12,"Churned"
2841,"2022-03-10",1331,2,266.98,"Churned"
2842,"2021-11-19",1442,2,186.96,"Churned"
2843,"2024-01-22",648,3,433.53,"Churned"
2844,"2024-12-24",311,2,669.67,"Churned"
2845,"2023-07-15",839,2,653.21,"Churned"
2846,"2021-10-03",1489,2,571.68,"Churned"
2847,"2025-08-10",82,3,482.11,"At Risk"
2849,"2022-08-07",1181,2,451.88,"Churned"
2850,"2022-11-15",1081,3,538.55,"Churned"
2851,"2025-07-20",103,2,330.62,"Churned"
2852,"2021-10-03",1489,1,32.41,"Churned"
2854,"2020-01-18",2113,1,563.98,"Churned"
2855,"2022-02-18",1351,3,338.50,"Churned"
2856,"2025-08-23",69,1,28.06,"At Risk"
2857,"2024-05-27",522,1,171.44,"Churned"
2858,"2024-10-17",379,1,110.84,"Churned"
2859,"2023-05-25",890,2,117.77,"Churned"
2860,"2025-10-17",14,2,122.53,"Active"
2861,"2025-08-30",62,2,47.33,"At Risk"
2862,"2023-09-28",764,1,29.22,"Churned"
2864,"2022-09-26",1131,1,357.74,"Churned"
2865,"2024-03-06",604,3,1064.72,"Churned"
2866,"2020-07-25",1924,1,15.99,"Churned"
2867,"2024-06-16",502,3,90.33,"Churned"
2868,"2025-06-16",137,4,219.34,"Churned"
2869,"2024-09-07",419,2,641.40,"Churned"
2870,"2024-05-25",524,3,359.36,"Churned"
2871,"2022-07-20",1199,1,81.32,"Churned"
2873,"2021-01-21",1744,1,167.99,"Churned"
2875,"2022-09-25",1132,1,76.46,"Churned"
2876,"2025-05-11",173,2,129.69,"Churned"
2879,"2023-04-24",921,2,85.42,"Churned"
2880,"2024-01-17",653,4,356.98,"Churned"
2881,"2024-11-13",352,4,196.01,"Churned"
2882,"2025-08-10",82,2,104.31,"At Risk"
2883,"2022-11-17",1079,2,467.51,"Churned"
2884,"2023-11-11",720,3,163.04,"Churned"
2885,"2020-09-28",1859,2,308.75,"Churned"
2886,"2022-04-16",1294,2,485.87,"Churned"
2889,"2023-02-20",984,3,312.58,"Churned"
2890,"2020-12-17",1779,1,106.94,"Churned"
2891,"2023-12-07",694,1,35.13,"Churned"
2892,"2024-06-27",491,1,272.19,"Churned"
2893,"2023-07-05",849,1,61.51,"Churned"
2894,"2023-05-30",885,1,89.40,"Churned"
2895,"2024-09-18",408,5,255.81,"Churned"
2897,"2025-06-05",148,2,333.34,"Churned"
2899,"2022-05-29",1251,1,75.64,"Churned"
2900,"2024-01-15",655,3,659.24,"Churned"
2902,"2022-07-28",1191,1,20.71,"Churned"
2903,"2024-10-14",382,2,762.99,"Churned"
2904,"2025-05-22",162,3,195.44,"Churned"
2905,"2021-02-06",1728,1,34.33,"Churned"
2906,"2025-05-28",156,4,429.80,"Churned"
2907,"2020-05-25",1985,1,8.07,"Churned"
2908,"2025-03-12",233,4,432.21,"Churned"
2909,"2022-08-17",1171,2,330.73,"Churned"
2910,"2021-03-09",1697,2,104.07,"Churned"
2911,"2021-12-27",1404,1,53.47,"Churned"
2912,"2023-07-13",841,2,476.98,"Churned"
2913,"2022-01-01",1399,1,211.61,"Churned"
2914,"2022-09-21",1136,2,634.81,"Churned"
2916,"2025-05-07",177,3,505.06,"Churned"
2917,"2022-09-11",1146,2,172.97,"Churned"
2919,"2021-11-04",1457,3,425.54,"Churned"
2920,"2020-03-04",2067,1,229.70,"Churned"
2922,"2021-05-29",1616,2,148.61,"Churned"
2923,"2025-03-21",224,4,1372.89,"Churned"
2925,"2024-09-29",397,2,519.01,"Churned"
2927,"2023-01-08",1027,1,172.79,"Churned"
2928,"2022-08-23",1165,2,92.03,"Churned"
2929,"2025-08-02",90,3,322.95,"At Risk"
2930,"2023-09-04",788,2,288.16,"Churned"
2931,"2025-05-14",170,3,310.16,"Churned"
2932,"2021-05-14",1631,2,174.78,"Churned"
2933,"2025-02-16",257,1,47.63,"Churned"
2934,"2024-10-17",379,4,727.68,"Churned"
2935,"2020-03-30",2041,1,115.09,"Churned"
2936,"2025-06-25",128,1,336.36,"Churned"
2937,"2023-10-28",734,2,572.59,"Churned"
2938,"2021-06-21",1593,2,321.22,"Churned"
2940,"2021-09-18",1504,2,92.46,"Churned"
2941,"2025-08-07",85,2,175.68,"At Risk"
2942,"2024-03-15",595,3,573.66,"Churned"
2943,"2025-10-01",30,1,307.60,"Active"
2944,"2021-05-30",1615,1,82.89,"Churned"
2945,"2025-07-31",92,6,468.99,"Churned"
2946,"2020-11-24",1802,2,221.87,"Churned"
2947,"2021-07-18",1566,2,193.22,"Churned"
2948,"2022-11-13",1083,1,172.47,"Churned"
2949,"2024-02-29",610,2,61.64,"Churned"
2950,"2020-06-07",1972,1,14.02,"Churned"
2951,"2022-09-05",1152,1,364.76,"Churned"
2952,"2023-09-28",764,1,447.57,"Churned"
2953,"2024-05-08",541,3,1017.95,"Churned"
2954,"2020-12-06",1790,1,43.66,"Churned"
2955,"2021-04-14",1661,1,314.93,"Churned"
2956,"2025-09-19",42,1,204.19,"At Risk"
2957,"2025-08-22",70,3,353.99,"At Risk"
2958,"2021-08-24",1529,1,39.00,"Churned"
2960,"2022-05-28",1252,3,786.96,"Churned"
2961,"2021-09-05",1517,2,191.08,"Churned"
2963,"2023-08-04",819,2,517.94,"Churned"
2964,"2021-12-12",1419,3,124.62,"Churned"
2965,"2023-04-10",935,2,1157.80,"Churned"
2966,"2024-07-15",473,2,305.76,"Churned"
2968,"2025-05-22",162,4,293.24,"Churned"
2969,"2024-05-02",547,2,161.66,"Churned"
2970,"2025-07-28",95,3,480.37,"Churned"
2971,"2025-10-12",19,5,1159.20,"Active"
2972,"2024-03-12",598,1,46.31,"Churned"
2974,"2025-10-28",3,5,1321.21,"Active"
2976,"2025-01-07",297,1,8.47,"Churned"
2977,"2025-06-18",135,1,79.01,"Churned"
2978,"2023-01-06",1029,2,77.23,"Churned"
2979,"2023-11-22",709,1,82.36,"Churned"
2980,"2024-05-31",518,3,1230.20,"Churned"
2981,"2025-10-01",30,2,236.92,"Active"
2982,"2020-09-03",1884,1,249.97,"Churned"
2983,"2023-12-09",692,1,56.04,"Churned"
2984,"2024-02-19",620,2,113.61,"Churned"
2985,"2022-12-06",1060,2,128.15,"Churned"
2986,"2024-04-08",571,5,1652.07,"Churned"
2987,"2023-09-26",766,3,511.74,"Churned"
2989,"2024-11-03",362,3,254.59,"Churned"
2990,"2025-08-05",87,2,383.86,"At Risk"
2991,"2022-06-17",1232,2,303.13,"Churned"
2992,"2024-11-23",342,3,820.04,"Churned"
2993,"2022-06-30",1219,3,671.88,"Churned"
2995,"2024-08-17",440,1,30.97,"Churned"
2996,"2024-07-11",477,1,267.65,"Churned"
2997,"2024-09-27",399,5,638.74,"Churned"
2998,"2024-11-08",357,2,103.30,"Churned"
2999,"2021-04-26",1649,2,312.56,"Churned"
3000,"2023-12-16",685,1,159.95,"Churned"
3001,"2022-08-26",1162,2,243.74,"Churned"
3002,"2025-03-30",215,2,165.73,"Churned"
3003,"2025-10-24",7,2,158.54,"Active"
3005,"2025-04-15",199,2,348.47,"Churned"
3006,"2024-08-19",438,1,52.23,"Churned"
3007,"2025-01-19",285,1,39.88,"Churned"
3008,"2020-10-12",1845,2,298.65,"Churned"
3009,"2025-09-24",37,2,168.16,"At Risk"
3010,"2024-06-25",493,2,162.15,"Churned"
3011,"2024-12-27",308,4,200.51,"Churned"
3013,"2025-04-19",195,5,605.84,"Churned"
3014,"2023-09-29",763,3,449.79,"Churned"
3015,"2024-04-13",566,2,393.74,"Churned"
3016,"2023-04-05",940,2,182.99,"Churned"
3017,"2024-11-20",345,2,186.54,"Churned"
3018,"2025-02-18",255,2,346.37,"Churned"
3019,"2024-07-14",474,3,72.84,"Churned"
3020,"2022-10-13",1114,1,36.81,"Churned"
3021,"2022-04-11",1299,2,92.43,"Churned"
3023,"2022-05-05",1275,1,107.09,"Churned"
3024,"2024-04-09",570,3,477.61,"Churned"
3025,"2024-03-11",599,1,27.34,"Churned"
3027,"2024-07-27",461,2,606.15,"Churned"
3028,"2020-11-09",1817,2,109.65,"Churned"
3029,"2023-02-23",981,3,89.35,"Churned"
3030,"2021-04-11",1664,2,150.04,"Churned"
3031,"2024-02-09",630,2,14.56,"Churned"
3032,"2021-07-15",1569,2,148.68,"Churned"
3033,"2023-11-24",707,3,744.07,"Churned"
3034,"2023-12-16",685,2,440.35,"Churned"
3035,"2023-06-21",863,1,60.44,"Churned"
3036,"2023-07-28",826,3,220.62,"Churned"
3037,"2025-01-23",281,3,340.69,"Churned"
3038,"2024-10-19",377,5,307.17,"Churned"
3039,"2025-10-07",24,2,357.61,"Active"
3040,"2020-11-01",1825,1,388.62,"Churned"
3041,"2025-01-13",291,3,449.99,"Churned"
3042,"2025-01-16",288,2,511.59,"Churned"
3043,"2021-03-09",1697,2,177.33,"Churned"
3044,"2023-02-17",987,2,266.63,"Churned"
3046,"2025-03-16",229,2,662.49,"Churned"
3047,"2021-01-31",1734,1,274.44,"Churned"
3050,"2023-11-15",716,2,688.17,"Churned"
3051,"2023-10-07",755,1,168.62,"Churned"
3052,"2024-08-30",427,2,258.38,"Churned"
3054,"2025-10-20",11,2,58.84,"Active"
3055,"2021-12-27",1404,2,243.27,"Churned"
3057,"2023-01-16",1019,2,242.97,"Churned"
3058,"2024-10-17",379,3,97.62,"Churned"
3060,"2024-07-24",464,3,591.55,"Churned"
3061,"2020-09-26",1861,1,138.70,"Churned"
3062,"2022-12-29",1037,1,31.70,"Churned"
3063,"2024-02-29",610,2,90.88,"Churned"
3064,"2021-07-05",1579,1,26.37,"Churned"
3065,"2023-03-30",946,1,55.68,"Churned"
3066,"2021-03-06",1700,2,234.85,"Churned"
3067,"2024-09-23",403,3,340.03,"Churned"
3069,"2025-05-30",154,1,63.55,"Churned"
3070,"2024-11-15",350,3,666.28,"Churned"
3071,"2022-02-05",1364,2,746.13,"Churned"
3073,"2025-10-12",19,4,195.33,"Active"
3074,"2023-08-26",797,1,436.79,"Churned"
3075,"2025-03-05",240,3,990.54,"Churned"
3077,"2023-02-04",1000,3,251.61,"Churned"
3079,"2025-03-24",221,3,515.81,"Churned"
3080,"2023-09-11",781,2,85.74,"Churned"
3081,"2023-02-25",979,1,78.29,"Churned"
3082,"2023-01-24",1011,4,917.17,"Churned"
3083,"2021-10-23",1469,1,170.37,"Churned"
3084,"2025-03-16",229,2,205.21,"Churned"
3086,"2025-03-05",240,1,94.80,"Churned"
3087,"2024-07-10",478,2,85.62,"Churned"
3088,"2022-11-11",1085,2,225.42,"Churned"
3089,"2023-11-09",722,2,108.39,"Churned"
3090,"2020-02-18",2082,1,40.61,"Churned"
3091,"2024-01-22",648,2,181.84,"Churned"
3092,"2024-12-28",307,2,167.18,"Churned"
3093,"2021-05-27",1618,2,188.29,"Churned"
3094,"2023-10-07",755,2,184.15,"Churned"
3095,"2024-09-11",415,2,179.02,"Churned"
3096,"2023-12-25",676,1,28.79,"Churned"
3098,"2024-09-11",415,4,823.88,"Churned"
3099,"2024-08-20",437,3,483.17,"Churned"
3100,"2023-07-04",850,2,90.77,"Churned"
3101,"2023-07-27",827,1,39.55,"Churned"
3102,"2024-05-28",521,3,103.64,"Churned"
3103,"2024-11-22",343,1,154.28,"Churned"
3104,"2025-10-04",27,2,244.60,"Active"
3106,"2025-01-24",280,2,87.84,"Churned"
3107,"2024-10-01",395,2,311.98,"Churned"
3108,"2020-11-27",1799,1,6.80,"Churned"
3109,"2024-04-13",566,5,576.53,"Churned"
3112,"2024-08-28",429,2,289.96,"Churned"
3113,"2023-12-10",691,1,101.44,"Churned"
3114,"2023-08-04",819,1,8.31,"Churned"
3116,"2025-10-06",25,6,918.38,"Active"
3117,"2022-04-07",1303,1,320.93,"Churned"
3118,"2023-03-06",970,2,173.53,"Churned"
3121,"2023-07-21",833,2,157.69,"Churned"
3122,"2021-05-20",1625,1,22.82,"Churned"
3124,"2024-03-21",589,3,747.01,"Churned"
3126,"2024-01-17",653,3,338.80,"Churned"
3129,"2025-05-25",159,3,578.94,"Churned"
3130,"2023-09-11",781,1,11.39,"Churned"
3131,"2023-08-17",806,3,387.07,"Churned"
3132,"2025-01-28",276,2,237.58,"Churned"
3133,"2023-05-20",895,1,29.22,"Churned"
3134,"2021-03-11",1695,1,148.22,"Churned"
3136,"2022-09-29",1128,2,166.05,"Churned"
3137,"2021-11-12",1449,1,36.15,"Churned"
3139,"2024-03-24",586,3,1023.40,"Churned"
3140,"2025-06-06",147,2,647.51,"Churned"
3141,"2020-12-03",1793,1,8.38,"Churned"
3142,"2024-07-11",477,4,480.18,"Churned"
3144,"2022-08-29",1159,1,7.87,"Churned"
3145,"2020-11-16",1810,1,119.34,"Churned"
3146,"2024-01-11",659,1,69.25,"Churned"
3147,"2023-08-01",822,4,263.63,"Churned"
3149,"2023-06-27",857,1,136.27,"Churned"
3150,"2021-09-28",1494,2,56.24,"Churned"
3151,"2022-12-22",1044,1,57.52,"Churned"
3152,"2025-09-12",49,2,134.24,"At Risk"
3153,"2024-08-26",431,2,307.32,"Churned"
3154,"2025-10-15",16,1,151.80,"Active"
3155,"2023-12-04",697,2,389.06,"Churned"
3156,"2025-10-11",20,1,110.37,"Active"
3157,"2022-01-08",1392,2,67.37,"Churned"
3158,"2024-07-02",486,3,260.96,"Churned"
3159,"2022-09-12",1145,2,89.14,"Churned"
3161,"2024-09-05",421,2,55.82,"Churned"
3162,"2022-11-21",1075,2,71.99,"Churned"
3164,"2024-12-10",325,6,227.63,"Churned"
3165,"2023-08-10",813,3,699.51,"Churned"
3166,"2024-01-24",646,1,62.77,"Churned"
3167,"2020-07-02",1947,1,55.66,"Churned"
3168,"2024-05-27",522,3,146.18,"Churned"
3169,"2023-02-07",997,1,70.92,"Churned"
3170,"2025-09-30",31,2,251.92,"At Risk"
3171,"2023-09-19",773,2,562.70,"Churned"
3172,"2025-10-03",28,3,59.76,"Active"
3174,"2024-04-23",556,3,134.70,"Churned"
3175,"2025-08-23",69,5,292.89,"At Risk"
3177,"2025-03-06",239,4,1065.97,"Churned"
3178,"2024-07-26",462,5,488.86,"Churned"
3179,"2024-09-10",416,3,1003.64,"Churned"
3180,"2025-01-24",280,1,87.31,"Churned"
3181,"2022-12-30",1036,2,502.86,"Churned"
3182,"2025-03-04",241,1,219.71,"Churned"
3184,"2022-01-07",1393,1,85.31,"Churned"
3186,"2025-06-20",133,2,252.56,"Churned"
3187,"2022-07-06",1213,2,217.69,"Churned"
3188,"2024-01-17",653,1,60.48,"Churned"
3189,"2023-11-01",730,1,101.56,"Churned"
3190,"2024-08-17",440,1,38.18,"Churned"
3191,"2022-01-24",1376,1,112.48,"Churned"
3192,"2025-10-25",6,2,208.69,"Active"
3194,"2025-04-06",208,1,64.88,"Churned"
3196,"2025-10-04",27,3,149.39,"Active"
3197,"2023-04-12",933,3,171.17,"Churned"
3199,"2022-08-19",1169,2,98.68,"Churned"
3200,"2024-07-17",471,1,95.35,"Churned"
3201,"2025-09-18",43,2,243.95,"At Risk"
3202,"2022-09-19",1138,2,399.29,"Churned"
3203,"2024-05-19",530,1,47.19,"Churned"
3204,"2025-07-28",95,4,582.75,"Churned"
3205,"2025-07-18",105,3,477.42,"Churned"
3207,"2022-05-11",1269,2,232.87,"Churned"
3208,"2024-04-20",559,3,498.12,"Churned"
3209,"2025-07-10",113,1,51.81,"Churned"
3210,"2024-10-16",380,4,365.14,"Churned"
3211,"2022-01-11",1389,1,55.56,"Churned"
3212,"2024-03-26",584,2,384.29,"Churned"
3214,"2023-10-27",735,3,701.63,"Churned"
3216,"2020-10-05",1852,1,76.29,"Churned"
3217,"2022-01-22",1378,1,318.80,"Churned"
3218,"2025-07-12",111,3,146.84,"Churned"
3219,"2024-04-07",572,3,271.86,"Churned"
3221,"2024-12-21",314,1,212.63,"Churned"
3223,"2023-07-07",847,2,660.60,"Churned"
3224,"2020-01-10",2121,1,118.48,"Churned"
3225,"2025-03-22",223,2,69.80,"Churned"
3226,"2024-03-15",595,1,23.41,"Churned"
3228,"2022-08-20",1168,2,32.19,"Churned"
3229,"2023-04-11",934,1,60.91,"Churned"
3230,"2020-12-23",1773,1,279.07,"Churned"
3232,"2025-02-19",254,3,297.70,"Churned"
3234,"2023-01-05",1030,5,314.79,"Churned"
3235,"2021-12-20",1411,3,668.81,"Churned"
3237,"2021-05-17",1628,1,147.37,"Churned"
3238,"2023-02-24",980,1,91.43,"Churned"
3239,"2025-09-15",46,2,382.61,"At Risk"
3240,"2022-03-09",1332,1,85.03,"Churned"
3241,"2023-09-23",769,2,345.60,"Churned"
3242,"2024-07-06",482,3,413.43,"Churned"
3243,"2024-05-18",531,2,406.10,"Churned"
3244,"2024-12-24",311,3,679.65,"Churned"
3246,"2022-10-24",1103,2,233.70,"Churned"
3247,"2022-08-10",1178,1,42.96,"Churned"
3248,"2022-11-24",1072,1,70.81,"Churned"
3249,"2024-01-19",651,3,125.85,"Churned"
3250,"2023-12-21",680,5,169.95,"Churned"
3251,"2025-08-27",65,4,2467.01,"At Risk"
3252,"2025-08-04",88,1,22.01,"At Risk"
3253,"2024-09-07",419,1,111.90,"Churned"
3254,"2020-12-18",1778,1,41.70,"Churned"
3255,"2022-08-19",1169,4,284.32,"Churned"
3256,"2021-07-06",1578,2,410.41,"Churned"
3257,"2023-01-20",1015,1,422.01,"Churned"
3258,"2024-09-14",412,3,256.68,"Churned"
3259,"2022-10-15",1112,2,98.12,"Churned"
3260,"2025-07-14",109,3,414.17,"Churned"
3262,"2025-05-15",169,5,233.89,"Churned"
3263,"2023-09-09",783,4,562.61,"Churned"
3264,"2023-05-29",886,3,797.80,"Churned"
3265,"2024-11-23",342,4,272.50,"Churned"
3266,"2023-11-30",701,4,334.25,"Churned"
3267,"2022-11-08",1088,1,66.74,"Churned"
3268,"2021-03-26",1680,1,24.00,"Churned"
3269,"2024-12-05",330,1,213.43,"Churned"
3270,"2022-04-07",1303,1,278.50,"Churned"
3272,"2023-06-28",856,1,154.20,"Churned"
3273,"2020-11-04",1822,2,114.39,"Churned"
3274,"2024-11-20",345,2,71.97,"Churned"
3276,"2025-01-23",281,3,362.48,"Churned"
3278,"2023-10-04",758,1,114.39,"Churned"
3279,"2021-05-04",1641,1,266.35,"Churned"
3280,"2022-10-24",1103,2,108.36,"Churned"
3282,"2025-01-28",276,2,377.70,"Churned"
3283,"2021-09-08",1514,1,20.14,"Churned"
3284,"2023-07-09",845,1,406.01,"Churned"
3287,"2025-03-23",222,1,199.44,"Churned"
3288,"2020-09-14",1873,1,39.93,"Churned"
3290,"2021-07-24",1560,2,118.13,"Churned"
3291,"2024-11-12",353,3,397.27,"Churned"
3292,"2022-02-23",1346,2,414.27,"Churned"
3293,"2025-07-07",116,3,447.67,"Churned"
3294,"2024-10-11",385,3,324.17,"Churned"
3295,"2024-12-27",308,1,50.00,"Churned"
3296,"2023-04-04",941,2,212.61,"Churned"
3298,"2025-08-02",90,1,172.65,"At Risk"
3299,"2024-09-13",413,3,305.23,"Churned"
3300,"2025-08-22",70,5,687.53,"At Risk"
3301,"2024-08-16",441,4,629.76,"Churned"
3302,"2021-09-27",1495,1,94.40,"Churned"
3303,"2024-10-22",374,3,409.53,"Churned"
3305,"2020-03-16",2055,1,54.45,"Churned"
3307,"2025-07-20",103,2,157.94,"Churned"
3308,"2025-01-06",298,2,54.71,"Churned"
3309,"2025-04-08",206,2,389.32,"Churned"
3310,"2022-08-24",1164,1,47.01,"Churned"
3311,"2022-12-11",1055,1,153.34,"Churned"
3312,"2021-06-12",1602,1,99.76,"Churned"
3313,"2025-08-22",70,2,228.84,"At Risk"
3314,"2023-04-25",920,2,345.48,"Churned"
3317,"2023-06-17",867,1,12.73,"Churned"
3318,"2024-08-01",456,2,143.08,"Churned"
3319,"2021-03-18",1688,1,50.14,"Churned"
3320,"2024-10-17",379,3,824.65,"Churned"
3322,"2024-07-09",479,4,159.15,"Churned"
3323,"2021-03-14",1692,1,37.97,"Churned"
3324,"2023-03-10",966,3,403.99,"Churned"
3325,"2024-03-12",598,4,524.58,"Churned"
3326,"2025-05-31",153,4,685.47,"Churned"
3329,"2025-06-17",136,3,611.69,"Churned"
3330,"2024-05-03",546,2,401.74,"Churned"
3331,"2021-03-17",1689,1,41.27,"Churned"
3333,"2024-07-10",478,2,311.99,"Churned"
3334,"2023-04-27",918,1,51.38,"Churned"
3335,"2022-11-10",1086,2,25.82,"Churned"
3336,"2021-11-22",1439,1,84.94,"Churned"
3338,"2025-05-11",173,2,144.39,"Churned"
3339,"2024-06-28",490,1,178.03,"Churned"
3340,"2023-06-13",871,2,58.44,"Churned"
3341,"2020-10-20",1837,1,73.68,"Churned"
3342,"2025-10-12",19,2,178.53,"Active"
3343,"2021-04-14",1661,2,379.84,"Churned"
3347,"2023-01-22",1013,2,246.58,"Churned"
3348,"2023-05-03",912,1,179.40,"Churned"
3350,"2023-08-18",805,4,300.44,"Churned"
3353,"2023-12-18",683,2,533.09,"Churned"
3354,"2025-03-22",223,1,98.10,"Churned"
3355,"2020-10-22",1835,1,275.91,"Churned"
3356,"2024-02-15",624,1,84.54,"Churned"
3357,"2025-08-10",82,2,117.70,"At Risk"
3358,"2025-02-03",270,3,246.80,"Churned"
3359,"2020-07-25",1924,1,116.78,"Churned"
3360,"2024-05-09",540,4,895.56,"Churned"
3361,"2022-11-06",1090,1,21.72,"Churned"
3362,"2025-08-12",80,1,72.10,"At Risk"
3364,"2024-11-12",353,1,157.38,"Churned"
3365,"2025-04-11",203,3,91.23,"Churned"
3366,"2025-08-11",81,2,112.10,"At Risk"
3367,"2020-05-15",1995,1,197.28,"Churned"
3368,"2023-10-20",742,4,324.90,"Churned"
3369,"2025-04-16",198,4,771.33,"Churned"
3371,"2025-02-16",257,4,423.45,"Churned"
3372,"2020-02-17",2083,1,61.62,"Churned"
3373,"2024-02-24",615,3,932.24,"Churned"
3374,"2024-07-14",474,1,87.77,"Churned"
3376,"2020-04-02",2038,1,136.87,"Churned"
3377,"2024-12-11",324,3,132.86,"Churned"
3378,"2021-04-18",1657,1,4.22,"Churned"
3379,"2022-09-30",1127,1,35.86,"Churned"
3380,"2023-10-06",756,3,230.21,"Churned"
3382,"2020-09-17",1870,1,115.69,"Churned"
3383,"2024-09-21",405,5,630.11,"Churned"
3384,"2025-04-19",195,3,309.75,"Churned"
3385,"2024-06-04",514,2,155.76,"Churned"
3386,"2025-03-26",219,3,197.95,"Churned"
3388,"2023-03-30",946,1,331.62,"Churned"
3389,"2023-03-15",961,2,267.46,"Churned"
3391,"2025-04-30",184,4,843.67,"Churned"
3392,"2022-11-16",1080,1,49.78,"Churned"
3393,"2022-09-03",1154,2,126.57,"Churned"
3394,"2022-08-18",1170,4,721.48,"Churned"
3395,"2024-06-14",504,3,282.08,"Churned"
3396,"2025-04-09",205,5,467.28,"Churned"
3397,"2023-10-17",745,2,644.47,"Churned"
3399,"2023-12-03",698,2,167.64,"Churned"
3400,"2025-04-22",192,2,33.28,"Churned"
3401,"2022-06-20",1229,1,104.27,"Churned"
3402,"2021-10-09",1483,1,100.88,"Churned"
3403,"2021-04-23",1652,1,324.94,"Churned"
3404,"2022-06-29",1220,1,101.80,"Churned"
3405,"2025-09-19",42,4,383.90,"At Risk"
3406,"2024-01-14",656,3,393.97,"Churned"
3407,"2022-02-17",1352,1,88.82,"Churned"
3408,"2021-04-02",1673,1,25.73,"Churned"
3410,"2025-10-14",17,2,278.52,"Active"
3411,"2025-03-10",235,5,1175.10,"Churned"
3412,"2023-08-03",820,2,116.35,"Churned"
3413,"2024-03-29",581,5,599.39,"Churned"
3414,"2025-02-21",252,2,122.23,"Churned"
3415,"2024-11-08",357,2,857.08,"Churned"
3416,"2025-01-22",282,2,203.33,"Churned"
3417,"2025-10-14",17,3,220.68,"Active"
3419,"2024-09-22",404,2,597.41,"Churned"
3423,"2025-10-18",13,3,612.90,"Active"
3424,"2023-05-07",908,3,671.97,"Churned"
3426,"2022-05-09",1271,2,322.82,"Churned"
3427,"2024-09-11",415,3,361.36,"Churned"
3428,"2024-09-01",425,6,387.93,"Churned"
3429,"2025-08-17",75,3,361.95,"At Risk"
3431,"2024-06-01",517,3,247.24,"Churned"
3432,"2021-01-26",1739,1,6.21,"Churned"
3434,"2022-09-02",1155,1,12.32,"Churned"
3437,"2023-05-05",910,1,26.38,"Churned"
3439,"2022-02-11",1358,1,370.84,"Churned"
3440,"2025-01-29",275,3,588.41,"Churned"
3441,"2025-01-15",289,4,561.93,"Churned"
3442,"2021-07-30",1554,1,1452.37,"Churned"
3443,"2023-08-12",811,2,633.06,"Churned"
3444,"2024-10-17",379,2,396.09,"Churned"
3445,"2022-09-17",1140,2,168.68,"Churned"
3446,"2025-08-28",64,3,409.30,"At Risk"
3447,"2023-03-22",954,1,494.39,"Churned"
3448,"2021-12-06",1425,3,476.59,"Churned"
3449,"2022-02-21",1348,2,518.99,"Churned"
3450,"2025-08-19",73,1,104.54,"At Risk"
3451,"2022-02-05",1364,1,37.29,"Churned"
3452,"2024-03-27",583,2,132.73,"Churned"
3454,"2024-12-18",317,1,79.84,"Churned"
3456,"2025-05-08",176,3,436.03,"Churned"
3457,"2021-11-29",1432,1,106.22,"Churned"
3458,"2023-10-14",748,2,392.84,"Churned"
3459,"2021-01-29",1736,1,425.74,"Churned"
3460,"2025-02-26",247,2,59.41,"Churned"
3461,"2025-04-07",207,2,140.71,"Churned"
3462,"2023-10-24",738,1,27.60,"Churned"
3463,"2023-12-20",681,5,332.58,"Churned"
3465,"2025-01-22",282,2,137.94,"Churned"
3466,"2024-01-16",654,2,344.70,"Churned"
3467,"2024-05-10",539,2,193.01,"Churned"
3468,"2023-01-29",1006,1,347.33,"Churned"
3469,"2020-10-26",1831,1,48.76,"Churned"
3471,"2025-07-13",110,1,167.70,"Churned"
3473,"2024-03-08",602,1,51.92,"Churned"
3474,"2021-04-13",1662,2,84.03,"Churned"
3475,"2025-04-11",203,4,237.70,"Churned"
3476,"2024-11-03",362,5,563.56,"Churned"
3477,"2023-04-21",924,1,68.84,"Churned"
3478,"2020-02-26",2074,1,99.27,"Churned"
3480,"2022-08-28",1160,2,448.96,"Churned"
3481,"2021-11-30",1431,1,270.27,"Churned"
3482,"2021-06-08",1606,2,178.41,"Churned"
3483,"2022-09-13",1144,1,14.60,"Churned"
3484,"2024-08-06",451,1,72.44,"Churned"
3485,"2020-03-30",2041,1,43.88,"Churned"
3486,"2025-03-05",240,2,61.83,"Churned"
3489,"2024-01-27",643,3,290.78,"Churned"
3490,"2024-08-27",430,4,647.16,"Churned"
3491,"2022-09-19",1138,3,449.71,"Churned"
3492,"2021-03-15",1691,2,266.51,"Churned"
3496,"2020-11-24",1802,3,198.07,"Churned"
3498,"2024-09-23",403,2,195.89,"Churned"
3499,"2025-06-28",125,3,320.11,"Churned"
3500,"2023-07-07",847,2,93.31,"Churned"
3501,"2025-05-24",160,6,931.02,"Churned"
3502,"2024-09-19",407,2,299.43,"Churned"
3503,"2025-08-26",66,2,128.24,"At Risk"
3504,"2024-10-09",387,1,162.86,"Churned"
3505,"2025-06-08",145,2,117.34,"Churned"
3506,"2020-05-04",2006,1,63.61,"Churned"
3507,"2023-03-22",954,1,107.89,"Churned"
3508,"2023-05-15",900,1,73.34,"Churned"
3509,"2021-08-01",1552,1,11.13,"Churned"
3510,"2025-06-03",150,3,505.79,"Churned"
3511,"2024-03-24",586,2,278.44,"Churned"
3512,"2025-10-27",4,3,327.70,"Active"
3514,"2023-04-25",920,3,176.58,"Churned"
3516,"2020-10-16",1841,1,18.50,"Churned"
3518,"2024-12-29",306,2,241.07,"Churned"
3519,"2024-09-24",402,1,6.93,"Churned"
3521,"2024-04-26",553,2,218.16,"Churned"
3522,"2025-10-16",15,3,1106.28,"Active"
3523,"2021-06-04",1610,1,17.08,"Churned"
3525,"2025-03-26",219,5,956.85,"Churned"
3526,"2024-05-06",543,2,320.08,"Churned"
3527,"2021-11-17",1444,1,72.59,"Churned"
3530,"2022-09-12",1145,3,894.17,"Churned"
3531,"2025-07-08",115,1,77.82,"Churned"
3532,"2025-10-28",3,1,45.87,"Active"
3533,"2025-07-09",114,1,57.52,"Churned"
3534,"2021-04-24",1651,1,40.19,"Churned"
3537,"2023-05-14",901,1,207.28,"Churned"
3538,"2020-04-30",2010,1,38.71,"Churned"
3539,"2021-02-25",1709,1,213.06,"Churned"
3540,"2024-07-19",469,1,44.44,"Churned"
3541,"2023-05-16",899,1,25.59,"Churned"
3542,"2024-12-27",308,1,73.92,"Churned"
3543,"2023-03-13",963,4,514.77,"Churned"
3544,"2022-05-30",1250,2,215.41,"Churned"
3545,"2020-12-09",1787,2,477.86,"Churned"
3546,"2025-10-05",26,3,505.45,"Active"
3548,"2025-02-19",254,2,181.26,"Churned"
3549,"2023-02-24",980,4,582.36,"Churned"
3550,"2025-09-24",37,3,140.59,"At Risk"
3551,"2025-10-10",21,2,27.55,"Active"
3552,"2025-02-23",250,2,209.79,"Churned"
3553,"2025-08-28",64,1,156.07,"At Risk"
3554,"2025-03-09",236,3,142.50,"Churned"
3555,"2025-06-10",143,4,308.04,"Churned"
3556,"2025-10-31",0,4,407.78,"Active"
3558,"2024-07-16",472,1,116.98,"Churned"
3560,"2024-05-29",520,3,265.52,"Churned"
3563,"2024-03-23",587,3,296.59,"Churned"
3564,"2022-07-15",1204,1,90.12,"Churned"
3565,"2022-12-05",1061,2,183.33,"Churned"
3566,"2022-01-17",1383,1,7.51,"Churned"
3567,"2025-04-11",203,2,24.95,"Churned"
3568,"2025-03-07",238,3,331.67,"Churned"
3569,"2025-05-29",155,2,128.04,"Churned"
3570,"2021-09-25",1497,1,91.97,"Churned"
3571,"2022-10-23",1104,2,110.73,"Churned"
3572,"2021-12-09",1422,1,141.23,"Churned"
3573,"2021-04-24",1651,1,87.31,"Churned"
3574,"2025-04-07",207,4,182.91,"Churned"
3575,"2021-01-01",1764,1,13.00,"Churned"
3576,"2023-03-02",974,2,127.44,"Churned"
3577,"2024-01-10",660,2,187.53,"Churned"
3578,"2025-02-08",265,3,681.91,"Churned"
3579,"2024-11-18",347,1,290.55,"Churned"
3581,"2020-02-21",2079,1,8.85,"Churned"
3585,"2023-10-26",736,3,234.92,"Churned"
3586,"2023-12-05",696,3,886.95,"Churned"
3590,"2025-05-22",162,4,446.92,"Churned"
3591,"2024-07-13",475,2,175.63,"Churned"
3592,"2021-11-25",1436,2,142.30,"Churned"
3594,"2021-08-11",1542,2,137.02,"Churned"
3595,"2024-10-07",389,2,278.74,"Churned"
3596,"2023-03-14",962,1,74.33,"Churned"
3597,"2025-09-30",31,2,120.26,"At Risk"
3598,"2024-03-27",583,3,87.80,"Churned"
3599,"2022-10-13",1114,3,539.53,"Churned"
3600,"2025-03-22",223,4,891.25,"Churned"
3601,"2025-03-09",236,1,9.39,"Churned"
3602,"2021-11-19",1442,1,295.47,"Churned"
3604,"2025-02-26",247,2,352.47,"Churned"
3605,"2025-07-02",121,3,275.19,"Churned"
3606,"2020-03-16",2055,1,137.77,"Churned"
3607,"2023-12-24",677,1,148.57,"Churned"
3608,"2024-01-30",640,2,357.94,"Churned"
3609,"2024-12-12",323,5,874.14,"Churned"
3611,"2025-06-27",126,3,355.47,"Churned"
3612,"2021-07-29",1555,1,39.27,"Churned"
3613,"2024-12-08",327,2,276.31,"Churned"
3614,"2024-10-24",372,2,120.59,"Churned"
3615,"2025-09-23",38,5,744.96,"At Risk"
3617,"2024-04-18",561,2,116.25,"Churned"
3619,"2020-12-23",1773,1,153.11,"Churned"
3621,"2023-06-06",878,2,51.26,"Churned"
3622,"2021-01-04",1761,1,6.82,"Churned"
3624,"2024-02-22",617,2,76.41,"Churned"
3625,"2024-06-16",502,2,136.78,"Churned"
3626,"2021-08-28",1525,1,19.05,"Churned"
3628,"2025-09-06",55,2,127.04,"At Risk"
3629,"2025-10-31",0,1,31.43,"Active"
3630,"2024-05-13",536,2,586.40,"Churned"
3631,"2022-08-16",1172,1,18.10,"Churned"
3634,"2023-09-20",772,2,293.93,"Churned"
3635,"2024-02-19",620,4,381.01,"Churned"
3636,"2022-02-16",1353,1,136.33,"Churned"
3637,"2025-09-17",44,3,353.69,"At Risk"
3638,"2022-02-03",1366,3,260.70,"Churned"
3639,"2023-10-03",759,3,379.20,"Churned"
3640,"2024-05-27",522,2,2122.89,"Churned"
3641,"2022-11-06",1090,3,822.76,"Churned"
3642,"2025-04-03",211,3,172.51,"Churned"
3643,"2025-09-25",36,1,77.85,"At Risk"
3644,"2024-08-16",441,2,391.99,"Churned"
3645,"2025-07-17",106,2,289.74,"Churned"
3647,"2023-10-08",754,3,733.32,"Churned"
3648,"2022-07-09",1210,3,441.94,"Churned"
3650,"2025-09-09",52,2,213.92,"At Risk"
3651,"2023-11-23",708,2,691.66,"Churned"
3652,"2025-07-07",116,3,372.55,"Churned"
3653,"2023-09-03",789,1,96.96,"Churned"
3654,"2020-06-07",1972,1,35.05,"Churned"
3655,"2023-07-13",841,1,69.39,"Churned"
3656,"2020-10-28",1829,1,230.29,"Churned"
3657,"2023-08-24",799,1,8.53,"Churned"
3658,"2024-10-28",368,2,81.41,"Churned"
3659,"2020-03-18",2053,1,155.97,"Churned"
3660,"2023-10-12",750,1,171.09,"Churned"
3661,"2021-11-16",1445,3,299.33,"Churned"
3662,"2024-05-20",529,2,125.29,"Churned"
3663,"2023-10-09",753,3,255.63,"Churned"
3664,"2025-10-16",15,2,239.94,"Active"
3665,"2025-02-27",246,3,217.89,"Churned"
3666,"2022-05-09",1271,2,124.67,"Churned"
3667,"2021-06-11",1603,1,187.81,"Churned"
3668,"2022-08-09",1179,1,33.88,"Churned"
3669,"2022-10-25",1102,4,360.17,"Churned"
3670,"2023-07-20",834,2,131.06,"Churned"
3671,"2024-04-14",565,1,262.72,"Churned"
3672,"2023-06-12",872,3,201.16,"Churned"
3673,"2023-01-06",1029,1,142.74,"Churned"
3674,"2022-02-02",1367,1,183.48,"Churned"
3675,"2023-03-16",960,1,141.03,"Churned"
3676,"2022-12-28",1038,3,525.76,"Churned"
3677,"2025-07-25",98,4,574.17,"Churned"
3678,"2025-06-04",149,5,1340.17,"Churned"
3679,"2022-04-20",1290,1,119.54,"Churned"
3680,"2024-04-25",554,3,336.75,"Churned"
3683,"2024-12-12",323,3,72.52,"Churned"
3684,"2024-03-22",588,2,277.31,"Churned"
3686,"2023-06-15",869,2,111.05,"Churned"
3687,"2024-12-30",305,1,18.03,"Churned"
3688,"2020-02-04",2096,1,18.25,"Churned"
3689,"2024-12-23",312,1,75.95,"Churned"
3690,"2024-10-19",377,3,623.13,"Churned"
3691,"2025-07-15",108,2,135.97,"Churned"
3696,"2020-01-05",2126,1,49.66,"Churned"
3697,"2024-10-03",393,4,402.73,"Churned"
3698,"2024-09-13",413,2,90.54,"Churned"
3699,"2023-03-25",951,2,603.74,"Churned"
3701,"2022-03-01",1340,1,95.22,"Churned"
3702,"2023-12-04",697,1,39.76,"Churned"
3703,"2023-10-19",743,4,652.62,"Churned"
3704,"2025-09-22",39,2,107.57,"At Risk"
3705,"2024-05-25",524,1,31.77,"Churned"
3706,"2025-10-01",30,4,532.70,"Active"
3707,"2022-10-02",1125,1,137.66,"Churned"
3708,"2022-04-04",1306,2,762.48,"Churned"
3711,"2025-03-04",241,2,166.19,"Churned"
3712,"2020-01-12",2119,1,88.78,"Churned"
3713,"2022-11-20",1076,2,79.45,"Churned"
3714,"2025-04-01",213,4,358.97,"Churned"
3715,"2025-06-16",137,1,24.76,"Churned"
3717,"2023-04-01",944,3,171.18,"Churned"
3718,"2025-06-08",145,2,332.21,"Churned"
3720,"2025-08-26",66,1,48.70,"At Risk"
3721,"2020-04-02",2038,1,97.25,"Churned"
3722,"2022-11-12",1084,2,55.35,"Churned"
3723,"2023-12-13",688,4,665.47,"Churned"
3725,"2023-10-08",754,2,101.44,"Churned"
3726,"2023-11-02",729,3,86.79,"Churned"
3727,"2024-01-17",653,2,152.18,"Churned"
3728,"2021-12-05",1426,1,55.33,"Churned"
3729,"2024-08-08",449,3,185.66,"Churned"
3732,"2025-08-22",70,2,221.44,"At Risk"
3733,"2025-06-06",147,4,775.96,"Churned"
3735,"2025-01-16",288,4,337.48,"Churned"
3736,"2024-11-26",339,3,309.91,"Churned"
3737,"2022-10-24",1103,1,211.50,"Churned"
3738,"2023-04-15",930,3,227.11,"Churned"
3739,"2022-09-09",1148,2,75.52,"Churned"
3740,"2024-12-20",315,3,413.00,"Churned"
3741,"2023-07-02",852,1,472.93,"Churned"
3742,"2023-12-05",696,1,27.60,"Churned"
3743,"2023-04-04",941,2,66.38,"Churned"
3744,"2025-08-30",62,2,113.31,"At Risk"
3745,"2025-07-09",114,3,329.21,"Churned"
3746,"2024-01-08",662,3,397.68,"Churned"
3747,"2023-02-25",979,1,6.54,"Churned"
3748,"2023-12-27",674,2,182.98,"Churned"
3749,"2021-03-09",1697,2,122.91,"Churned"
3750,"2025-03-13",232,6,344.23,"Churned"
3751,"2024-06-24",494,2,345.72,"Churned"
3753,"2023-02-01",1003,2,167.24,"Churned"
3754,"2024-05-31",518,3,939.18,"Churned"
3755,"2023-01-30",1005,1,61.04,"Churned"
3757,"2025-08-20",72,2,286.97,"At Risk"
3761,"2021-02-07",1727,1,423.98,"Churned"
3762,"2022-03-18",1323,1,95.65,"Churned"
3763,"2025-01-18",286,4,868.57,"Churned"
3764,"2022-01-19",1381,1,216.27,"Churned"
3766,"2024-08-02",455,1,43.69,"Churned"
3767,"2025-10-25",6,2,89.21,"Active"
3768,"2025-09-24",37,4,284.73,"At Risk"
3769,"2025-06-04",149,4,1832.66,"Churned"
3770,"2021-02-14",1720,1,8.82,"Churned"
3772,"2022-12-31",1035,1,15.64,"Churned"
3773,"2020-07-04",1945,1,110.22,"Churned"
3774,"2022-11-03",1093,1,66.63,"Churned"
3775,"2021-07-31",1553,1,40.69,"Churned"
3776,"2021-07-08",1576,1,149.98,"Churned"
3777,"2024-01-13",657,2,757.40,"Churned"
3778,"2025-07-01",122,2,94.81,"Churned"
3779,"2025-03-17",228,4,872.87,"Churned"
3780,"2022-02-26",1343,2,37.43,"Churned"
3781,"2025-09-07",54,1,13.68,"At Risk"
3782,"2025-10-13",18,1,13.68,"Active"
3783,"2025-06-16",137,5,1285.48,"Churned"
3784,"2023-11-08",723,1,276.29,"Churned"
3786,"2022-07-31",1188,3,466.63,"Churned"
3787,"2023-01-31",1004,2,551.39,"Churned"
3788,"2023-07-23",831,3,437.75,"Churned"
3789,"2022-05-05",1275,1,506.69,"Churned"
3791,"2025-05-10",174,4,645.41,"Churned"
3792,"2025-07-23",100,2,104.21,"Churned"
3793,"2025-10-31",0,5,572.00,"Active"
3794,"2021-02-16",1718,1,24.47,"Churned"
3795,"2024-11-16",349,1,133.95,"Churned"
3796,"2022-08-24",1164,2,37.79,"Churned"
3797,"2024-01-10",660,2,89.79,"Churned"
3798,"2024-12-12",323,2,380.26,"Churned"
3799,"2024-07-22",466,3,313.87,"Churned"
3800,"2020-02-09",2091,1,370.82,"Churned"
3801,"2021-05-07",1638,1,13.80,"Churned"
3802,"2024-11-02",363,4,559.87,"Churned"
3803,"2023-12-23",678,3,264.73,"Churned"
3804,"2024-04-27",552,5,129.81,"Churned"
3805,"2025-09-05",56,3,608.23,"At Risk"
3806,"2024-07-24",464,5,1071.55,"Churned"
3807,"2025-09-19",42,2,139.13,"At Risk"
3810,"2023-12-17",684,3,505.71,"Churned"
3811,"2021-05-03",1642,1,222.51,"Churned"
3812,"2022-09-28",1129,2,166.15,"Churned"
3813,"2022-09-11",1146,1,47.58,"Churned"
3814,"2025-04-11",203,4,468.15,"Churned"
3816,"2024-02-13",626,2,347.43,"Churned"
3817,"2021-12-27",1404,1,14.42,"Churned"
3818,"2023-06-07",877,2,224.01,"Churned"
3819,"2025-10-15",16,1,102.97,"Active"
3820,"2020-07-06",1943,1,161.14,"Churned"
3821,"2025-03-13",232,3,443.13,"Churned"
3822,"2024-02-07",632,1,156.05,"Churned"
3823,"2021-03-31",1675,1,771.94,"Churned"
3824,"2025-01-06",298,2,278.30,"Churned"
3825,"2020-12-30",1766,1,35.60,"Churned"
3826,"2025-03-26",219,1,20.17,"Churned"
3827,"2025-03-20",225,1,10.62,"Churned"
3828,"2024-04-17",562,2,73.92,"Churned"
3829,"2022-02-20",1349,2,419.49,"Churned"
3830,"2025-08-15",77,1,175.29,"At Risk"
3831,"2025-05-09",175,2,114.98,"Churned"
3832,"2022-08-05",1183,1,60.98,"Churned"
3833,"2022-09-16",1141,3,417.88,"Churned"
3834,"2023-06-03",881,3,529.89,"Churned"
3835,"2024-02-11",628,2,1050.55,"Churned"
3836,"2024-03-07",603,2,255.61,"Churned"
3838,"2023-12-04",697,3,123.55,"Churned"
3839,"2024-02-16",623,2,495.34,"Churned"
3840,"2024-12-14",321,4,1117.23,"Churned"
3843,"2023-09-02",790,1,147.14,"Churned"
3844,"2024-03-28",582,2,99.74,"Churned"
3845,"2021-06-09",1605,1,675.89,"Churned"
3847,"2022-08-04",1184,1,104.04,"Churned"
3849,"2024-03-26",584,4,773.72,"Churned"
3850,"2024-09-15",411,3,433.48,"Churned"
3851,"2021-11-06",1455,1,24.33,"Churned"
3852,"2023-10-02",760,2,67.13,"Churned"
3854,"2025-06-01",152,2,390.07,"Churned"
3855,"2024-04-01",578,4,415.80,"Churned"
3856,"2021-10-27",1465,1,135.04,"Churned"
3857,"2020-06-11",1968,1,37.23,"Churned"
3858,"2023-03-06",970,1,189.92,"Churned"
3859,"2023-07-28",826,1,314.79,"Churned"
3860,"2024-07-14",474,1,32.99,"Churned"
3861,"2022-08-09",1179,2,232.74,"Churned"
3862,"2025-03-18",227,2,197.94,"Churned"
3864,"2021-01-20",1745,1,158.58,"Churned"
3865,"2023-10-21",741,1,64.99,"Churned"
3867,"2024-08-05",452,3,189.42,"Churned"
3868,"2024-06-09",509,4,318.65,"Churned"
3869,"2021-05-10",1635,1,296.68,"Churned"
3870,"2025-06-27",126,3,300.03,"Churned"
3871,"2024-10-14",382,2,766.48,"Churned"
3872,"2025-03-02",243,1,187.56,"Churned"
3873,"2023-04-27",918,1,42.24,"Churned"
3874,"2023-09-18",774,1,6.96,"Churned"
3875,"2023-09-29",763,2,377.68,"Churned"
3876,"2025-02-01",272,2,472.46,"Churned"
3877,"2023-03-26",950,2,168.38,"Churned"
3878,"2020-05-29",1981,1,105.73,"Churned"
3879,"2022-02-11",1358,3,210.44,"Churned"
3882,"2024-12-13",322,4,565.86,"Churned"
3884,"2023-04-11",934,1,144.27,"Churned"
3885,"2024-12-17",318,1,240.98,"Churned"
3886,"2023-09-25",767,1,85.09,"Churned"
3887,"2021-02-14",1720,1,139.25,"Churned"
3888,"2024-11-02",363,1,186.84,"Churned"
3889,"2024-10-01",395,1,175.56,"Churned"
3890,"2023-01-18",1017,1,93.45,"Churned"
3891,"2023-12-14",687,1,158.49,"Churned"
3892,"2024-07-20",468,4,497.26,"Churned"
3893,"2023-01-31",1004,1,275.66,"Churned"
3894,"2024-12-26",309,1,110.84,"Churned"
3896,"2024-02-08",631,3,390.64,"Churned"
3897,"2023-01-01",1034,1,90.79,"Churned"
3898,"2023-08-26",797,1,65.47,"Churned"
3899,"2023-12-31",670,1,252.15,"Churned"
3901,"2024-01-15",655,1,282.36,"Churned"
3902,"2023-06-05",879,1,482.02,"Churned"
3903,"2025-03-18",227,4,239.64,"Churned"
3905,"2020-10-13",1844,1,109.49,"Churned"
3906,"2021-05-08",1637,1,128.02,"Churned"
3907,"2024-12-12",323,2,89.93,"Churned"
3908,"2025-06-04",149,1,32.24,"Churned"
3909,"2024-10-18",378,2,283.43,"Churned"
3910,"2025-03-08",237,2,84.67,"Churned"
3912,"2025-02-06",267,4,654.08,"Churned"
3913,"2023-12-19",682,1,290.09,"Churned"
3914,"2024-02-26",613,2,120.48,"Churned"
3915,"2025-09-15",46,4,198.85,"At Risk"
3916,"2025-04-13",201,3,469.77,"Churned"
3917,"2025-09-20",41,1,409.89,"At Risk"
3918,"2025-05-26",158,2,300.01,"Churned"
3920,"2020-02-16",2084,1,252.48,"Churned"
3921,"2021-07-26",1558,1,43.28,"Churned"
3922,"2022-07-27",1192,3,237.31,"Churned"
3923,"2022-05-19",1261,2,557.88,"Churned"
3924,"2022-08-01",1187,1,58.75,"Churned"
3925,"2022-02-27",1342,1,43.17,"Churned"
3926,"2021-07-16",1568,2,173.75,"Churned"
3927,"2021-04-30",1645,2,147.12,"Churned"
3928,"2023-09-30",762,2,91.09,"Churned"
3930,"2025-02-18",255,4,778.30,"Churned"
3931,"2025-01-29",275,3,160.39,"Churned"
3934,"2025-05-03",181,2,385.23,"Churned"
3938,"2024-07-26",462,2,358.31,"Churned"
3939,"2023-12-24",677,2,347.91,"Churned"
3940,"2024-09-01",425,2,161.20,"Churned"
3941,"2023-12-22",679,1,189.80,"Churned"
3943,"2023-04-21",924,3,333.38,"Churned"
3945,"2021-07-19",1565,1,30.82,"Churned"
3946,"2023-05-12",903,2,274.04,"Churned"
3947,"2023-11-18",713,2,111.68,"Churned"
3949,"2020-10-05",1852,1,55.38,"Churned"
3950,"2023-07-04",850,3,144.23,"Churned"
3951,"2023-10-05",757,2,801.79,"Churned"
3952,"2025-07-29",94,1,4.20,"Churned"
3953,"2022-07-04",1215,6,639.43,"Churned"
3954,"2024-11-21",344,1,116.69,"Churned"
3955,"2025-03-12",233,3,703.57,"Churned"
3956,"2024-10-15",381,2,429.37,"Churned"
3957,"2025-08-10",82,3,224.36,"At Risk"
3958,"2020-06-18",1961,1,176.41,"Churned"
3959,"2023-05-21",894,1,80.48,"Churned"
3960,"2022-11-23",1073,2,652.19,"Churned"
3961,"2022-05-24",1256,2,167.15,"Churned"
3962,"2025-07-02",121,3,336.02,"Churned"
3963,"2021-04-29",1646,1,32.47,"Churned"
3965,"2020-01-22",2109,1,106.76,"Churned"
3966,"2021-09-18",1504,1,9.93,"Churned"
3967,"2024-11-14",351,2,206.80,"Churned"
3968,"2023-07-09",845,2,117.81,"Churned"
3969,"2020-10-01",1856,3,102.17,"Churned"
3971,"2023-08-19",804,1,44.22,"Churned"
3972,"2024-01-19",651,2,253.18,"Churned"
3973,"2023-10-03",759,4,446.45,"Churned"
3974,"2024-08-08",449,2,385.89,"Churned"
3975,"2025-04-20",194,2,222.34,"Churned"
3976,"2023-05-23",892,1,76.45,"Churned"
3977,"2025-07-11",112,4,300.34,"Churned"
3978,"2021-09-12",1510,1,77.72,"Churned"
3979,"2022-04-20",1290,1,468.03,"Churned"
3981,"2025-04-08",206,2,81.78,"Churned"
3982,"2024-03-16",594,4,623.47,"Churned"
3983,"2022-08-26",1162,2,125.38,"Churned"
3984,"2025-03-24",221,3,107.38,"Churned"
3986,"2021-06-27",1587,1,232.06,"Churned"
3988,"2025-09-07",54,2,619.53,"At Risk"
3989,"2024-08-26",431,5,948.73,"Churned"
3990,"2021-09-02",1520,2,129.18,"Churned"
3993,"2020-09-05",1882,1,5.40,"Churned"
3994,"2025-03-27",218,1,15.35,"Churned"
3996,"2025-03-10",235,3,318.06,"Churned"
3997,"2020-10-14",1843,1,103.42,"Churned"
3998,"2025-10-18",13,4,622.02,"Active"
3999,"2023-06-22",862,1,69.87,"Churned"
4001,"2021-07-26",1558,1,777.59,"Churned"
4003,"2021-07-25",1559,1,52.68,"Churned"
4004,"2023-03-10",966,3,353.68,"Churned"
4005,"2023-02-02",1002,1,80.17,"Churned"
4006,"2020-04-02",2038,1,214.92,"Churned"
4007,"2023-07-17",837,1,16.86,"Churned"
4008,"2025-08-25",67,1,110.54,"At Risk"
4009,"2023-09-22",770,1,140.59,"Churned"
4010,"2021-01-25",1740,1,392.73,"Churned"
4011,"2024-06-19",499,3,480.32,"Churned"
4013,"2024-09-21",405,2,186.36,"Churned"
4015,"2023-05-19",896,4,394.90,"Churned"
4016,"2021-08-21",1532,1,81.79,"Churned"
4019,"2025-01-25",279,3,435.02,"Churned"
4020,"2021-02-08",1726,1,359.00,"Churned"
4022,"2024-03-03",607,3,322.36,"Churned"
4023,"2025-07-11",112,2,116.64,"Churned"
4024,"2025-09-22",39,3,360.57,"At Risk"
4026,"2025-02-28",245,2,136.48,"Churned"
4027,"2024-08-13",444,2,355.72,"Churned"
4028,"2025-07-23",100,1,30.27,"Churned"
4029,"2021-07-20",1564,1,57.87,"Churned"
4031,"2024-11-14",351,1,132.74,"Churned"
4032,"2025-07-01",122,3,847.83,"Churned"
4033,"2024-06-01",517,1,21.48,"Churned"
4035,"2023-02-01",1003,3,182.48,"Churned"
4036,"2025-10-10",21,1,125.11,"Active"
4037,"2024-07-25",463,1,102.30,"Churned"
4038,"2020-05-18",1992,1,12.96,"Churned"
4039,"2024-08-03",454,1,209.34,"Churned"
4040,"2024-01-18",652,1,13.13,"Churned"
4041,"2025-08-31",61,2,170.45,"At Risk"
4042,"2024-03-20",590,3,389.00,"Churned"
4043,"2023-10-21",741,4,327.85,"Churned"
4044,"2025-07-21",102,2,348.92,"Churned"
4045,"2020-05-02",2008,1,357.04,"Churned"
4046,"2022-10-26",1101,1,94.79,"Churned"
4047,"2020-03-27",2044,1,26.76,"Churned"
4048,"2023-01-12",1023,1,22.48,"Churned"
4049,"2021-07-30",1554,1,136.98,"Churned"
4051,"2025-10-11",20,2,45.53,"Active"
4052,"2025-04-26",188,4,465.89,"Churned"
4053,"2024-12-28",307,3,376.49,"Churned"
4054,"2022-06-14",1235,2,234.73,"Churned"
4055,"2024-06-14",504,2,228.33,"Churned"
4058,"2024-10-28",368,2,207.68,"Churned"
4059,"2025-08-08",84,3,673.66,"At Risk"
4060,"2025-07-06",117,1,4.15,"Churned"
4061,"2023-02-14",990,2,67.29,"Churned"
4062,"2022-11-25",1071,2,266.63,"Churned"
4063,"2025-03-06",239,3,556.94,"Churned"
4064,"2021-09-30",1492,2,344.15,"Churned"
4067,"2021-07-02",1582,1,84.51,"Churned"
4069,"2021-07-15",1569,1,27.05,"Churned"
4070,"2025-02-16",257,2,195.09,"Churned"
4071,"2022-01-09",1391,1,102.92,"Churned"
4072,"2024-02-28",611,2,217.52,"Churned"
4073,"2023-04-24",921,2,412.56,"Churned"
4074,"2025-06-01",152,2,174.54,"Churned"
4076,"2022-02-18",1351,2,176.76,"Churned"
4077,"2025-08-01",91,3,1329.48,"Churned"
4078,"2022-02-28",1341,2,326.96,"Churned"
4079,"2023-12-30",671,4,743.47,"Churned"
4080,"2023-12-27",674,2,80.51,"Churned"
4081,"2025-07-25",98,2,349.53,"Churned"
4082,"2023-04-28",917,1,151.31,"Churned"
4083,"2023-10-12",750,1,219.51,"Churned"
4085,"2022-09-23",1134,3,386.62,"Churned"
4086,"2025-04-27",187,2,761.70,"Churned"
4087,"2023-03-09",967,1,42.43,"Churned"
4088,"2024-02-08",631,2,134.87,"Churned"
4089,"2023-10-30",732,2,263.83,"Churned"
4091,"2022-10-10",1117,1,5.40,"Churned"
4092,"2025-01-15",289,1,16.86,"Churned"
4093,"2023-06-14",870,2,48.06,"Churned"
4094,"2023-09-28",764,2,491.47,"Churned"
4095,"2022-05-30",1250,1,21.46,"Churned"
4096,"2024-08-22",435,1,177.42,"Churned"
4098,"2022-04-04",1306,1,54.73,"Churned"
4099,"2023-10-02",760,1,31.18,"Churned"
4100,"2025-03-19",226,3,845.76,"Churned"
4101,"2025-04-12",202,4,637.17,"Churned"
4102,"2025-08-09",83,2,119.36,"At Risk"
4103,"2024-08-26",431,1,64.94,"Churned"
4104,"2024-01-29",641,2,131.34,"Churned"
4105,"2024-11-18",347,1,62.10,"Churned"
4106,"2024-10-17",379,2,171.15,"Churned"
4107,"2021-08-31",1522,2,84.34,"Churned"
4108,"2022-01-15",1385,1,121.43,"Churned"
4109,"2025-09-28",33,4,736.77,"At Risk"
4110,"2023-12-01",700,1,15.86,"Churned"
4111,"2020-07-24",1925,2,599.43,"Churned"
4112,"2021-12-17",1414,2,304.22,"Churned"
4113,"2024-12-16",319,2,93.22,"Churned"
4116,"2020-12-05",1791,1,27.01,"Churned"
4117,"2024-03-30",580,2,255.05,"Churned"
4118,"2025-06-27",126,2,179.96,"Churned"
4119,"2025-07-17",106,3,320.87,"Churned"
4120,"2024-08-26",431,1,11.26,"Churned"
4121,"2024-01-21",649,2,87.84,"Churned"
4122,"2024-01-04",666,2,342.89,"Churned"
4123,"2024-05-09",540,2,36.30,"Churned"
4124,"2024-05-08",541,3,337.75,"Churned"
4125,"2020-07-15",1934,2,60.02,"Churned"
4126,"2022-04-13",1297,1,17.09,"Churned"
4127,"2024-12-21",314,4,237.78,"Churned"
4129,"2023-08-04",819,2,192.35,"Churned"
4130,"2023-05-21",894,1,135.49,"Churned"
4131,"2022-10-31",1096,2,213.25,"Churned"
4132,"2024-03-08",602,2,277.82,"Churned"
4133,"2023-11-06",725,3,311.39,"Churned"
4134,"2023-06-25",859,4,342.95,"Churned"
4135,"2023-05-18",897,2,621.12,"Churned"
4136,"2023-01-23",1012,2,154.01,"Churned"
4137,"2024-10-09",387,2,395.59,"Churned"
4139,"2023-01-19",1016,2,101.20,"Churned"
4141,"2024-09-27",399,3,805.21,"Churned"
4142,"2020-12-17",1779,1,55.71,"Churned"
4143,"2025-05-11",173,6,401.97,"Churned"
4145,"2025-10-23",8,4,318.33,"Active"
4146,"2025-08-30",62,1,1101.30,"At Risk"
4147,"2020-11-19",1807,3,280.53,"Churned"
4148,"2021-01-11",1754,1,9.58,"Churned"
4149,"2020-12-24",1772,1,773.79,"Churned"
4150,"2024-07-06",482,3,303.37,"Churned"
4151,"2023-01-08",1027,1,43.08,"Churned"
4152,"2024-03-21",589,4,601.48,"Churned"
4153,"2022-01-11",1389,3,143.96,"Churned"
4154,"2020-12-29",1767,1,93.26,"Churned"
4156,"2024-03-25",585,3,353.69,"Churned"
4157,"2023-05-08",907,1,27.89,"Churned"
4158,"2025-04-06",208,4,368.02,"Churned"
4159,"2025-09-24",37,3,237.18,"At Risk"
4160,"2024-01-18",652,2,129.94,"Churned"
4161,"2024-08-22",435,1,48.35,"Churned"
4162,"2024-11-13",352,6,1143.34,"Churned"
4163,"2024-12-21",314,2,293.09,"Churned"
4164,"2025-05-09",175,3,223.46,"Churned"
4165,"2023-02-10",994,2,12.85,"Churned"
4166,"2024-10-07",389,3,265.32,"Churned"
4167,"2025-09-13",48,5,1007.67,"At Risk"
4169,"2020-02-19",2081,1,14.01,"Churned"
4170,"2025-09-15",46,2,100.02,"At Risk"
4171,"2024-10-25",371,3,100.42,"Churned"
4172,"2023-01-22",1013,3,438.43,"Churned"
4173,"2025-08-28",64,1,148.89,"At Risk"
4174,"2021-12-05",1426,1,256.23,"Churned"
4175,"2024-02-10",629,3,92.77,"Churned"
4176,"2022-11-09",1087,1,55.18,"Churned"
4177,"2022-03-15",1326,1,136.27,"Churned"
4178,"2025-03-25",220,3,212.26,"Churned"
4179,"2024-04-23",556,4,634.53,"Churned"
4180,"2023-11-29",702,2,61.13,"Churned"
4182,"2025-09-15",46,2,121.70,"At Risk"
4183,"2020-09-11",1876,1,99.09,"Churned"
4184,"2025-07-03",120,3,565.18,"Churned"
4185,"2023-03-03",973,3,322.25,"Churned"
4186,"2025-06-24",129,2,289.89,"Churned"
4188,"2024-07-10",478,2,232.09,"Churned"
4189,"2025-06-16",137,4,131.41,"Churned"
4190,"2023-04-27",918,1,34.41,"Churned"
4191,"2024-11-06",359,9,1179.38,"Churned"
4192,"2025-01-27",277,3,425.95,"Churned"
4193,"2020-01-13",2118,1,226.14,"Churned"
4194,"2025-05-30",154,2,289.67,"Churned"
4195,"2023-07-24",830,2,391.67,"Churned"
4196,"2024-12-25",310,1,27.47,"Churned"
4197,"2024-11-28",337,1,105.81,"Churned"
4198,"2023-06-12",872,2,236.22,"Churned"
4199,"2025-01-18",286,3,234.34,"Churned"
4200,"2025-05-06",178,2,338.11,"Churned"
4201,"2025-05-13",171,2,115.57,"Churned"
4202,"2025-04-11",203,2,341.50,"Churned"
4203,"2024-06-10",508,3,297.72,"Churned"
4204,"2025-08-18",74,3,465.51,"At Risk"
4205,"2024-12-25",310,2,569.04,"Churned"
4206,"2023-08-25",798,2,123.91,"Churned"
4209,"2023-12-31",670,2,314.24,"Churned"
4210,"2023-07-13",841,2,712.99,"Churned"
4211,"2020-02-18",2082,1,10.60,"Churned"
4212,"2022-10-18",1109,1,42.35,"Churned"
4213,"2024-10-08",388,4,1241.61,"Churned"
4214,"2024-09-02",424,2,107.29,"Churned"
4215,"2025-03-02",243,2,105.20,"Churned"
4216,"2024-11-01",364,2,210.20,"Churned"
4218,"2022-05-18",1262,2,528.46,"Churned"
4219,"2020-03-19",2052,1,179.83,"Churned"
4221,"2020-03-28",2043,1,96.72,"Churned"
4222,"2022-01-28",1372,2,155.17,"Churned"
4223,"2023-09-17",775,1,18.25,"Churned"
4226,"2024-02-25",614,2,742.13,"Churned"
4227,"2022-11-19",1077,2,156.98,"Churned"
4228,"2023-01-11",1024,1,5.71,"Churned"
4229,"2023-04-05",940,3,157.68,"Churned"
4230,"2024-03-29",581,1,47.14,"Churned"
4231,"2024-07-03",485,2,514.17,"Churned"
4232,"2023-03-12",964,1,11.39,"Churned"
4233,"2024-03-11",599,1,156.29,"Churned"
4234,"2021-01-22",1743,2,140.48,"Churned"
4235,"2025-08-05",87,4,665.94,"At Risk"
4236,"2021-02-19",1715,2,320.10,"Churned"
4238,"2024-12-01",334,1,10.04,"Churned"
4239,"2022-11-03",1093,1,134.27,"Churned"
4240,"2024-05-17",532,1,27.51,"Churned"
4241,"2023-05-18",897,3,151.83,"Churned"
4242,"2025-01-08",296,3,234.05,"Churned"
4243,"2025-10-03",28,4,256.63,"Active"
4246,"2025-02-12",261,2,347.83,"Churned"
4247,"2023-04-21",924,2,229.35,"Churned"
4248,"2025-07-28",95,2,718.88,"Churned"
4249,"2023-09-15",777,1,31.89,"Churned"
4250,"2024-07-11",477,2,91.34,"Churned"
4252,"2024-04-03",576,3,208.68,"Churned"
4254,"2025-05-17",167,2,129.84,"Churned"
4255,"2022-07-14",1205,2,89.69,"Churned"
4257,"2022-06-14",1235,2,29.68,"Churned"
4258,"2024-03-17",593,1,296.06,"Churned"
4259,"2023-02-14",990,1,6.52,"Churned"
4260,"2022-02-07",1362,2,71.74,"Churned"
4261,"2021-05-23",1622,2,41.42,"Churned"
4262,"2022-01-09",1391,1,25.41,"Churned"
4263,"2025-08-16",76,1,28.05,"At Risk"
4264,"2024-09-12",414,1,45.69,"Churned"
4266,"2021-09-29",1493,2,195.68,"Churned"
4267,"2020-06-07",1972,1,69.21,"Churned"
4268,"2023-11-22",709,1,87.96,"Churned"
4269,"2024-04-14",565,5,451.68,"Churned"
4270,"2025-02-05",268,2,573.06,"Churned"
4271,"2023-12-04",697,2,395.79,"Churned"
4272,"2025-02-09",264,1,58.31,"Churned"
4275,"2025-10-07",24,2,171.00,"Active"
4276,"2023-02-11",993,1,215.69,"Churned"
4278,"2025-01-12",292,3,266.84,"Churned"
4279,"2023-06-02",882,1,44.56,"Churned"
4280,"2023-05-15",900,1,156.27,"Churned"
4281,"2022-08-20",1168,2,228.31,"Churned"
4284,"2025-07-11",112,2,56.20,"Churned"
4285,"2023-11-04",727,2,335.92,"Churned"
4288,"2022-12-12",1054,2,196.03,"Churned"
4289,"2022-05-22",1258,1,121.13,"Churned"
4290,"2024-07-18",470,1,607.38,"Churned"
4291,"2024-08-15",442,2,250.55,"Churned"
4292,"2023-12-07",694,2,1046.26,"Churned"
4293,"2023-03-01",975,2,103.45,"Churned"
4294,"2021-08-14",1539,1,113.38,"Churned"
4295,"2024-09-07",419,2,308.44,"Churned"
4296,"2022-12-06",1060,3,259.99,"Churned"
4297,"2025-04-23",191,3,182.54,"Churned"
4298,"2021-05-06",1639,1,26.70,"Churned"
4299,"2023-03-16",960,2,89.81,"Churned"
4300,"2021-10-13",1479,1,128.46,"Churned"
4301,"2022-08-08",1180,2,155.83,"Churned"
4302,"2024-01-21",649,3,1771.27,"Churned"
4303,"2024-11-08",357,2,66.19,"Churned"
4305,"2024-05-03",546,3,405.88,"Churned"
4306,"2022-03-22",1319,1,18.25,"Churned"
4307,"2022-02-11",1358,2,323.47,"Churned"
4308,"2025-05-29",155,1,10.64,"Churned"
4309,"2024-04-13",566,2,170.82,"Churned"
4310,"2024-12-10",325,1,38.33,"Churned"
4311,"2024-11-03",362,1,27.05,"Churned"
4312,"2023-03-20",956,2,272.89,"Churned"
4314,"2022-11-11",1085,1,673.98,"Churned"
4315,"2024-11-28",337,1,621.33,"Churned"
4317,"2024-05-09",540,3,483.95,"Churned"
4318,"2024-12-11",324,4,332.75,"Churned"
4320,"2025-06-05",148,4,670.85,"Churned"
4322,"2021-09-15",1507,1,279.20,"Churned"
4325,"2022-08-28",1160,2,149.64,"Churned"
4326,"2024-12-16",319,5,264.88,"Churned"
4327,"2022-11-10",1086,2,80.97,"Churned"
4328,"2025-03-18",227,4,1006.18,"Churned"
4329,"2020-06-27",1952,2,363.88,"Churned"
4330,"2022-10-31",1096,1,111.50,"Churned"
4331,"2021-06-01",1613,1,110.04,"Churned"
4332,"2022-03-26",1315,1,809.42,"Churned"
4333,"2022-08-28",1160,1,172.79,"Churned"
4334,"2025-08-23",69,4,975.94,"At Risk"
4335,"2020-08-20",1898,1,80.22,"Churned"
4336,"2025-10-25",6,1,114.98,"Active"
4337,"2022-06-11",1238,3,183.73,"Churned"
4338,"2024-02-12",627,1,40.76,"Churned"
4339,"2024-08-01",456,1,328.31,"Churned"
4340,"2023-02-11",993,1,357.26,"Churned"
4342,"2022-04-11",1299,2,304.46,"Churned"
4343,"2024-07-11",477,6,687.95,"Churned"
4344,"2024-02-11",628,2,529.68,"Churned"
4345,"2021-10-11",1481,1,105.11,"Churned"
4346,"2025-10-04",27,1,15.06,"Active"
4347,"2023-08-26",797,2,484.33,"Churned"
4349,"2022-08-21",1167,1,47.57,"Churned"
4350,"2021-06-10",1604,1,17.60,"Churned"
4353,"2024-03-25",585,3,282.29,"Churned"
4354,"2023-10-06",756,6,823.17,"Churned"
4355,"2025-10-06",25,1,28.94,"Active"
4357,"2024-12-28",307,1,262.57,"Churned"
4358,"2022-01-05",1395,1,7.42,"Churned"
4359,"2022-05-05",1275,1,143.25,"Churned"
4360,"2024-10-14",382,2,265.88,"Churned"
4362,"2024-08-15",442,4,700.42,"Churned"
4363,"2024-11-08",357,1,69.47,"Churned"
4364,"2025-06-28",125,4,423.63,"Churned"
4365,"2024-08-16",441,2,295.89,"Churned"
4368,"2023-01-16",1019,2,96.19,"Churned"
4369,"2024-11-05",360,2,183.66,"Churned"
4370,"2025-06-22",131,2,230.79,"Churned"
4371,"2022-01-20",1380,2,39.84,"Churned"
4372,"2024-06-24",494,2,209.57,"Churned"
4373,"2025-04-21",193,2,188.67,"Churned"
4374,"2021-11-14",1447,1,277.43,"Churned"
4376,"2025-04-20",194,3,332.03,"Churned"
4380,"2023-03-05",971,1,23.31,"Churned"
4381,"2021-07-10",1574,2,196.86,"Churned"
4383,"2021-08-22",1531,1,223.66,"Churned"
4384,"2021-12-04",1427,2,193.86,"Churned"
4385,"2022-09-26",1131,1,55.22,"Churned"
4386,"2025-06-16",137,3,625.09,"Churned"
4387,"2024-01-07",663,1,102.67,"Churned"
4388,"2024-03-16",594,3,745.43,"Churned"
4389,"2022-03-08",1333,2,33.01,"Churned"
4391,"2024-02-20",619,1,297.92,"Churned"
4393,"2021-01-01",1764,1,193.13,"Churned"
4395,"2022-11-25",1071,3,438.69,"Churned"
4396,"2022-02-20",1349,2,283.78,"Churned"
4397,"2020-09-22",1865,1,53.28,"Churned"
4398,"2025-05-25",159,2,75.07,"Churned"
4399,"2023-01-25",1010,1,865.60,"Churned"
4400,"2021-08-02",1551,1,50.99,"Churned"
4401,"2022-08-06",1182,2,703.53,"Churned"
4402,"2023-09-03",789,1,110.16,"Churned"
4403,"2025-03-28",217,5,874.53,"Churned"
4404,"2020-10-17",1840,1,196.37,"Churned"
4405,"2024-07-24",464,3,612.96,"Churned"
4406,"2024-07-03",485,3,1639.79,"Churned"
4407,"2024-01-05",665,2,191.09,"Churned"
4408,"2024-04-06",573,1,17.91,"Churned"
4410,"2025-03-23",222,2,178.69,"Churned"
4411,"2024-01-17",653,3,426.17,"Churned"
4412,"2022-12-02",1064,2,84.45,"Churned"
4413,"2025-02-03",270,3,975.65,"Churned"
4414,"2024-12-22",313,3,1506.91,"Churned"
4415,"2022-11-22",1074,1,64.50,"Churned"
4417,"2024-09-27",399,2,120.03,"Churned"
4419,"2024-10-24",372,2,125.82,"Churned"
4420,"2023-07-16",838,2,230.63,"Churned"
4421,"2023-02-21",983,2,193.63,"Churned"
4423,"2021-06-04",1610,1,103.92,"Churned"
4424,"2025-02-23",250,5,290.78,"Churned"
4425,"2022-07-02",1217,2,110.97,"Churned"
4426,"2023-07-05",849,1,26.10,"Churned"
4427,"2024-06-01",517,2,167.80,"Churned"
4428,"2023-01-01",1034,2,131.62,"Churned"
4429,"2022-07-16",1203,1,538.80,"Churned"
4430,"2023-05-20",895,3,294.81,"Churned"
4431,"2021-10-15",1477,4,499.31,"Churned"
4432,"2022-07-10",1209,2,617.35,"Churned"
4434,"2023-09-16",776,2,281.70,"Churned"
4436,"2021-11-23",1438,3,434.93,"Churned"
4437,"2023-03-10",966,2,151.32,"Churned"
4438,"2024-04-30",549,2,419.63,"Churned"
4440,"2021-04-24",1651,1,56.02,"Churned"
4441,"2023-06-03",881,2,295.10,"Churned"
4442,"2025-09-01",60,2,223.65,"At Risk"
4443,"2024-04-24",555,3,230.84,"Churned"
4445,"2024-09-01",425,1,71.64,"Churned"
4446,"2022-10-27",1100,3,370.08,"Churned"
4447,"2024-09-01",425,2,933.29,"Churned"
4448,"2023-07-27",827,1,737.50,"Churned"
4449,"2025-06-16",137,2,327.63,"Churned"
4450,"2024-07-06",482,5,977.79,"Churned"
4451,"2025-05-16",168,1,67.97,"Churned"
4452,"2024-09-08",418,3,622.97,"Churned"
4453,"2025-08-22",70,2,172.61,"At Risk"
4454,"2025-02-23",250,4,360.64,"Churned"
4455,"2023-03-30",946,1,70.77,"Churned"
4456,"2025-04-22",192,1,149.22,"Churned"
4457,"2024-11-10",355,3,124.43,"Churned"
4458,"2022-03-23",1318,2,458.26,"Churned"
4459,"2022-08-26",1162,1,83.46,"Churned"
4460,"2023-03-13",963,1,29.29,"Churned"
4461,"2020-08-27",1891,1,75.47,"Churned"
4462,"2022-08-23",1165,1,223.01,"Churned"
4464,"2024-12-21",314,2,175.21,"Churned"
4465,"2025-05-02",182,1,22.89,"Churned"
4466,"2023-06-22",862,1,91.63,"Churned"
4468,"2025-02-08",265,2,120.38,"Churned"
4471,"2022-08-20",1168,1,308.19,"Churned"
4472,"2025-09-17",44,3,761.25,"At Risk"
4473,"2023-06-12",872,1,273.09,"Churned"
4474,"2025-10-27",4,1,7.67,"Active"
4475,"2023-11-04",727,2,196.18,"Churned"
4476,"2025-06-02",151,1,100.00,"Churned"
4477,"2022-11-19",1077,1,303.81,"Churned"
4478,"2023-04-29",916,4,623.55,"Churned"
4479,"2022-03-06",1335,1,56.49,"Churned"
4480,"2024-01-28",642,5,763.83,"Churned"
4481,"2021-03-15",1691,1,193.85,"Churned"
4482,"2025-05-09",175,3,384.44,"Churned"
4483,"2023-01-16",1019,2,97.34,"Churned"
4485,"2023-08-25",798,2,318.44,"Churned"
4486,"2021-12-23",1408,1,84.25,"Churned"
4487,"2024-11-17",348,2,72.30,"Churned"
4488,"2023-08-14",809,3,391.37,"Churned"
4490,"2021-04-08",1667,2,90.07,"Churned"
4491,"2025-10-25",6,5,605.07,"Active"
4492,"2024-06-18",500,2,407.61,"Churned"
4493,"2024-08-07",450,6,817.54,"Churned"
4494,"2024-11-29",336,4,410.94,"Churned"
4495,"2025-03-22",223,2,53.16,"Churned"
4496,"2022-06-05",1244,1,31.32,"Churned"
4497,"2025-09-30",31,5,407.55,"At Risk"
4498,"2023-06-20",864,1,79.30,"Churned"
4501,"2025-09-14",47,2,301.40,"At Risk"
4502,"2023-10-02",760,1,102.76,"Churned"
4504,"2020-10-20",1837,1,91.63,"Churned"
4505,"2022-06-25",1224,1,126.33,"Churned"
4506,"2024-06-17",501,2,123.53,"Churned"
4507,"2022-09-04",1153,2,51.80,"Churned"
4508,"2024-05-04",545,5,762.00,"Churned"
4509,"2023-01-28",1007,1,5.53,"Churned"
4510,"2025-09-01",60,3,130.68,"At Risk"
4511,"2025-09-14",47,3,108.05,"At Risk"
4512,"2023-06-16",868,2,653.28,"Churned"
4513,"2024-06-01",517,2,136.63,"Churned"
4515,"2024-12-21",314,3,924.69,"Churned"
4518,"2024-06-10",508,1,90.53,"Churned"
4520,"2024-12-14",321,2,146.79,"Churned"
4521,"2025-09-16",45,1,42.06,"At Risk"
4522,"2023-09-10",782,2,120.95,"Churned"
4523,"2020-11-18",1808,1,39.06,"Churned"
4524,"2025-05-15",169,3,622.33,"Churned"
4525,"2023-10-28",734,2,665.05,"Churned"
4526,"2023-11-16",715,2,239.37,"Churned"
4528,"2022-05-13",1267,1,81.26,"Churned"
4531,"2023-12-20",681,3,446.42,"Churned"
4532,"2025-08-01",91,2,126.34,"Churned"
4533,"2025-05-08",176,3,400.55,"Churned"
4534,"2025-08-30",62,3,1159.32,"At Risk"
4535,"2023-10-04",758,4,349.09,"Churned"
4536,"2025-10-04",27,3,431.19,"Active"
4538,"2024-10-28",368,1,138.63,"Churned"
4539,"2024-09-08",418,1,40.78,"Churned"
4540,"2024-04-14",565,2,109.01,"Churned"
4541,"2024-08-05",452,5,514.07,"Churned"
4543,"2024-08-17",440,3,187.06,"Churned"
4544,"2023-05-09",906,2,44.92,"Churned"
4545,"2020-03-17",2054,1,70.70,"Churned"
4546,"2025-04-11",203,2,504.30,"Churned"
4547,"2025-10-26",5,2,496.95,"Active"
4548,"2022-10-14",1113,3,247.74,"Churned"
4549,"2024-09-15",411,6,926.72,"Churned"
4550,"2025-05-17",167,2,140.18,"Churned"
4551,"2024-12-13",322,1,85.51,"Churned"
4552,"2025-05-15",169,3,570.27,"Churned"
4553,"2021-07-11",1573,2,359.55,"Churned"
4554,"2024-07-25",463,3,413.44,"Churned"
4555,"2024-07-20",468,1,26.50,"Churned"
4556,"2025-09-16",45,2,91.56,"At Risk"
4557,"2025-02-12",261,3,182.03,"Churned"
4558,"2023-06-19",865,2,272.78,"Churned"
4559,"2025-03-13",232,1,25.79,"Churned"
4560,"2020-07-08",1941,1,294.48,"Churned"
4562,"2022-12-19",1047,3,247.63,"Churned"
4563,"2025-06-08",145,4,785.26,"Churned"
4565,"2024-11-18",347,3,173.31,"Churned"
4567,"2021-11-29",1432,1,211.45,"Churned"
4568,"2022-12-23",1043,2,363.19,"Churned"
4569,"2023-11-11",720,1,118.70,"Churned"
4570,"2022-09-26",1131,2,189.63,"Churned"
4571,"2021-08-20",1533,2,460.32,"Churned"
4572,"2024-06-01",517,2,363.76,"Churned"
4573,"2025-07-23",100,3,380.54,"Churned"
4574,"2023-12-28",673,4,495.14,"Churned"
4577,"2023-06-11",873,1,38.16,"Churned"
4578,"2024-10-16",380,1,144.39,"Churned"
4579,"2023-03-02",974,1,83.31,"Churned"
4581,"2023-12-17",684,2,353.44,"Churned"
4582,"2022-06-26",1223,2,191.51,"Churned"
4583,"2023-11-11",720,2,56.81,"Churned"
4584,"2024-12-24",311,2,1691.16,"Churned"
4585,"2023-10-25",737,1,17.42,"Churned"
4587,"2024-03-15",595,1,95.49,"Churned"
4589,"2021-12-16",1415,1,232.86,"Churned"
4590,"2025-08-23",69,2,333.09,"At Risk"
4591,"2021-04-13",1662,1,45.78,"Churned"
4592,"2022-06-06",1243,2,24.01,"Churned"
4593,"2024-05-03",546,1,61.51,"Churned"
4594,"2023-12-25",676,1,12.73,"Churned"
4595,"2024-06-08",510,1,7.39,"Churned"
4597,"2020-06-16",1963,1,76.01,"Churned"
4598,"2025-10-24",7,2,182.00,"Active"
4599,"2024-10-24",372,1,168.27,"Churned"
4600,"2025-09-04",57,3,229.42,"At Risk"
4601,"2024-02-01",638,3,469.72,"Churned"
4602,"2023-04-26",919,2,62.42,"Churned"
4604,"2022-04-06",1304,1,33.58,"Churned"
4605,"2024-04-20",559,2,112.53,"Churned"
4606,"2023-11-02",729,1,19.35,"Churned"
4607,"2023-01-31",1004,2,107.09,"Churned"
4608,"2023-01-16",1019,2,273.50,"Churned"
4609,"2024-10-11",385,2,97.30,"Churned"
4610,"2022-01-31",1369,1,19.58,"Churned"
4611,"2021-01-20",1745,2,289.94,"Churned"
4612,"2025-09-24",37,3,593.90,"At Risk"
4613,"2025-03-27",218,2,217.43,"Churned"
4614,"2020-06-26",1953,2,291.40,"Churned"
4616,"2025-05-18",166,1,27.45,"Churned"
4618,"2021-11-07",1454,1,7.27,"Churned"
4619,"2024-08-28",429,2,481.16,"Churned"
4621,"2025-03-13",232,2,315.28,"Churned"
4622,"2024-09-17",409,2,271.16,"Churned"
4623,"2022-06-04",1245,3,415.95,"Churned"
4625,"2024-07-14",474,2,302.06,"Churned"
4626,"2022-01-06",1394,1,179.51,"Churned"
4627,"2022-10-30",1097,1,372.14,"Churned"
4629,"2025-07-22",101,5,561.21,"Churned"
4630,"2023-11-18",713,1,612.54,"Churned"
4631,"2021-11-19",1442,2,791.63,"Churned"
4632,"2025-01-29",275,3,483.62,"Churned"
4633,"2025-08-14",78,2,272.43,"At Risk"
4634,"2023-01-22",1013,1,61.54,"Churned"
4635,"2024-09-16",410,4,368.99,"Churned"
4636,"2025-01-25",279,4,635.72,"Churned"
4637,"2025-03-10",235,3,353.69,"Churned"
4638,"2024-04-13",566,2,604.48,"Churned"
4640,"2025-03-16",229,4,627.30,"Churned"
4641,"2024-09-29",397,5,632.16,"Churned"
4643,"2025-05-27",157,1,192.98,"Churned"
4644,"2021-02-21",1713,2,244.45,"Churned"
4645,"2022-03-22",1319,1,29.29,"Churned"
4646,"2023-06-15",869,1,97.28,"Churned"
4647,"2023-07-28",826,2,1755.86,"Churned"
4648,"2024-12-30",305,3,364.85,"Churned"
4649,"2024-12-26",309,1,7.04,"Churned"
4650,"2025-04-17",197,3,597.24,"Churned"
4651,"2021-06-08",1606,2,120.08,"Churned"
4652,"2023-07-07",847,1,55.94,"Churned"
4653,"2025-01-03",301,2,308.77,"Churned"
4654,"2020-12-09",1787,1,361.44,"Churned"
4656,"2024-06-18",500,5,1268.41,"Churned"
4659,"2025-05-24",160,5,306.13,"Churned"
4660,"2021-05-20",1625,3,86.21,"Churned"
4661,"2025-06-22",131,1,74.14,"Churned"
4663,"2024-12-27",308,2,295.65,"Churned"
4664,"2021-07-17",1567,1,35.49,"Churned"
4665,"2023-06-15",869,3,291.81,"Churned"
4666,"2021-08-28",1525,2,268.66,"Churned"
4667,"2023-04-16",929,1,29.53,"Churned"
4668,"2024-08-06",451,3,198.38,"Churned"
4669,"2024-09-29",397,1,287.39,"Churned"
4670,"2024-02-12",627,1,43.66,"Churned"
4672,"2023-06-19",865,1,464.48,"Churned"
4673,"2020-02-28",2072,1,220.78,"Churned"
4674,"2021-12-12",1419,2,452.55,"Churned"
4675,"2023-03-21",955,3,551.52,"Churned"
4676,"2025-06-20",133,3,412.45,"Churned"
4677,"2023-01-15",1020,2,279.25,"Churned"
4678,"2025-01-19",285,2,42.38,"Churned"
4679,"2022-12-17",1049,2,311.68,"Churned"
4680,"2023-06-28",856,2,222.01,"Churned"
4681,"2024-09-27",399,3,237.30,"Churned"
4682,"2025-02-20",253,2,637.36,"Churned"
4683,"2024-11-12",353,2,85.14,"Churned"
4684,"2025-05-30",154,3,373.52,"Churned"
4686,"2021-06-15",1599,1,146.84,"Churned"
4687,"2023-11-29",702,2,282.34,"Churned"
4688,"2025-01-02",302,1,108.85,"Churned"
4689,"2020-08-05",1913,1,89.20,"Churned"
4690,"2024-11-06",359,1,48.54,"Churned"
4691,"2020-05-10",2000,1,24.33,"Churned"
4692,"2023-06-06",878,2,158.16,"Churned"
4693,"2021-07-22",1562,1,223.62,"Churned"
4694,"2025-05-01",183,2,122.23,"Churned"
4696,"2024-03-30",580,1,66.53,"Churned"
4697,"2020-05-21",1989,2,187.54,"Churned"
4698,"2025-07-11",112,3,214.04,"Churned"
4699,"2025-07-18",105,3,241.21,"Churned"
4700,"2025-08-11",81,3,507.39,"At Risk"
4702,"2022-10-13",1114,1,88.96,"Churned"
4703,"2025-09-08",53,1,25.31,"At Risk"
4704,"2022-01-05",1395,2,289.33,"Churned"
4705,"2025-08-12",80,3,453.66,"At Risk"
4706,"2022-03-25",1316,1,57.52,"Churned"
4707,"2020-09-19",1868,1,61.50,"Churned"
4708,"2022-12-19",1047,1,421.64,"Churned"
4709,"2020-11-21",1805,2,214.62,"Churned"
4710,"2024-09-20",406,1,136.09,"Churned"
4714,"2022-09-13",1144,1,178.35,"Churned"
4715,"2022-11-07",1089,2,167.55,"Churned"
4717,"2025-05-15",169,3,280.36,"Churned"
4719,"2024-05-23",526,1,78.00,"Churned"
4720,"2025-01-23",281,2,85.69,"Churned"
4721,"2024-08-18",439,2,220.62,"Churned"
4722,"2024-11-20",345,4,402.09,"Churned"
4723,"2020-02-21",2079,1,165.74,"Churned"
4724,"2023-01-17",1018,1,203.61,"Churned"
4725,"2024-08-18",439,1,28.73,"Churned"
4726,"2025-10-19",12,5,745.12,"Active"
4727,"2025-04-27",187,4,271.55,"Churned"
4728,"2024-06-20",498,2,172.60,"Churned"
4729,"2023-09-21",771,3,233.67,"Churned"
4730,"2025-05-26",158,4,949.78,"Churned"
4732,"2024-07-22",466,3,225.12,"Churned"
4733,"2024-10-25",371,1,113.32,"Churned"
4735,"2025-06-16",137,3,782.83,"Churned"
4736,"2023-05-28",887,1,24.73,"Churned"
4737,"2021-09-12",1510,1,131.00,"Churned"
4738,"2025-10-22",9,3,104.97,"Active"
4739,"2025-07-22",101,2,87.75,"Churned"
4740,"2025-06-05",148,3,576.11,"Churned"
4741,"2023-04-21",924,2,95.02,"Churned"
4742,"2025-03-29",216,3,238.93,"Churned"
4743,"2024-08-22",435,2,268.09,"Churned"
4744,"2023-04-01",944,3,192.91,"Churned"
4745,"2022-09-20",1137,1,63.56,"Churned"
4746,"2022-04-24",1286,1,53.96,"Churned"
4748,"2025-06-25",128,2,140.52,"Churned"
4749,"2023-06-20",864,3,1058.53,"Churned"
4750,"2021-10-21",1471,1,73.44,"Churned"
4751,"2025-04-13",201,2,506.19,"Churned"
4752,"2025-10-23",8,2,364.67,"Active"
4753,"2023-02-04",1000,3,236.75,"Churned"
4754,"2022-06-05",1244,2,133.17,"Churned"
4757,"2021-10-28",1464,4,312.53,"Churned"
4758,"2020-12-05",1791,2,202.44,"Churned"
4760,"2024-07-10",478,3,206.66,"Churned"
4762,"2022-07-22",1197,1,28.59,"Churned"
4763,"2025-05-03",181,3,171.74,"Churned"
4764,"2025-07-18",105,2,170.53,"Churned"
4765,"2024-06-09",509,3,214.74,"Churned"
4766,"2020-05-01",2009,1,103.64,"Churned"
4767,"2023-09-26",766,3,206.74,"Churned"
4768,"2020-05-30",1980,2,35.78,"Churned"
4769,"2020-10-06",1851,1,97.33,"Churned"
4770,"2025-03-11",234,2,555.49,"Churned"
4771,"2022-08-24",1164,1,192.69,"Churned"
4772,"2023-04-25",920,4,809.96,"Churned"
4773,"2021-08-13",1540,1,172.55,"Churned"
4774,"2025-05-21",163,4,252.39,"Churned"
4775,"2022-03-20",1321,2,368.14,"Churned"
4776,"2025-10-07",24,1,262.57,"Active"
4777,"2021-04-27",1648,1,83.09,"Churned"
4778,"2021-08-27",1526,2,228.18,"Churned"
4779,"2025-08-07",85,3,616.38,"At Risk"
4780,"2022-02-21",1348,1,30.89,"Churned"
4782,"2024-07-10",478,3,526.70,"Churned"
4783,"2021-07-28",1556,1,188.07,"Churned"
4784,"2022-01-01",1399,2,223.64,"Churned"
4786,"2024-04-11",568,1,11.22,"Churned"
4787,"2022-06-10",1239,2,128.18,"Churned"
4788,"2025-01-05",299,1,501.65,"Churned"
4790,"2025-07-01",122,4,564.33,"Churned"
4791,"2024-10-11",385,3,1142.50,"Churned"
4792,"2025-07-25",98,1,201.78,"Churned"
4793,"2025-05-04",180,1,544.54,"Churned"
4794,"2025-08-28",64,3,516.44,"At Risk"
4795,"2025-10-21",10,6,593.74,"Active"
4796,"2021-05-02",1643,3,546.35,"Churned"
4799,"2023-08-03",820,3,423.90,"Churned"
4800,"2025-07-04",119,5,850.49,"Churned"
4801,"2025-08-10",82,1,236.52,"At Risk"
4802,"2024-02-21",618,2,123.94,"Churned"
4803,"2022-07-01",1218,4,391.60,"Churned"
4806,"2025-01-28",276,1,41.67,"Churned"
4807,"2023-09-13",779,1,25.74,"Churned"
4808,"2020-10-25",1832,1,141.18,"Churned"
4809,"2024-06-13",505,3,717.41,"Churned"
4810,"2025-01-23",281,4,382.01,"Churned"
4811,"2022-05-19",1261,2,178.17,"Churned"
4812,"2024-08-14",443,4,217.16,"Churned"
4813,"2022-08-17",1171,2,32.06,"Churned"
4814,"2025-04-29",185,4,213.63,"Churned"
4815,"2024-02-08",631,1,102.13,"Churned"
4818,"2025-01-25",279,2,272.61,"Churned"
4819,"2021-05-24",1621,1,151.66,"Churned"
4820,"2023-06-11",873,3,318.01,"Churned"
4821,"2024-09-20",406,1,34.62,"Churned"
4822,"2025-04-24",190,4,496.08,"Churned"
4824,"2025-01-29",275,4,444.04,"Churned"
4825,"2025-01-16",288,3,127.63,"Churned"
4827,"2023-12-16",685,1,12.44,"Churned"
4828,"2022-07-17",1202,2,140.65,"Churned"
4829,"2023-12-29",672,2,690.37,"Churned"
4831,"2025-10-24",7,2,430.64,"Active"
4833,"2024-10-03",393,2,199.78,"Churned"
4834,"2024-09-19",407,1,38.63,"Churned"
4836,"2024-02-11",628,2,226.11,"Churned"
4837,"2022-04-16",1294,1,91.12,"Churned"
4838,"2025-03-11",234,3,201.88,"Churned"
4839,"2023-04-08",937,3,561.05,"Churned"
4840,"2023-06-04",880,2,801.09,"Churned"
4841,"2024-05-30",519,1,180.78,"Churned"
4842,"2025-08-15",77,3,717.29,"At Risk"
4843,"2022-12-21",1045,1,49.02,"Churned"
4845,"2025-04-14",200,1,12.09,"Churned"
4847,"2022-03-20",1321,2,522.18,"Churned"
4848,"2020-05-25",1985,1,44.98,"Churned"
4849,"2022-11-02",1094,1,41.50,"Churned"
4850,"2022-08-28",1160,2,413.88,"Churned"
4852,"2021-07-20",1564,1,479.80,"Churned"
4853,"2025-10-29",2,3,383.42,"Active"
4854,"2022-08-22",1166,1,49.05,"Churned"
4855,"2021-12-06",1425,2,647.81,"Churned"
4856,"2025-09-22",39,4,623.47,"At Risk"
4857,"2025-06-18",135,2,40.74,"Churned"
4858,"2024-06-08",510,3,289.85,"Churned"
4859,"2024-05-20",529,2,321.09,"Churned"
4860,"2024-09-20",406,1,10.38,"Churned"
4862,"2025-08-30",62,3,96.01,"At Risk"
4863,"2022-11-20",1076,1,23.62,"Churned"
4866,"2024-12-03",332,5,665.41,"Churned"
4867,"2025-04-28",186,4,496.50,"Churned"
4868,"2025-01-09",295,1,367.40,"Churned"
4869,"2022-02-28",1341,1,71.35,"Churned"
4871,"2021-06-03",1611,1,208.56,"Churned"
4872,"2025-01-01",303,1,21.90,"Churned"
4873,"2023-01-28",1007,2,458.37,"Churned"
4874,"2024-08-12",445,1,38.88,"Churned"
4878,"2023-09-07",785,1,12.41,"Churned"
4880,"2022-03-02",1339,1,170.09,"Churned"
4881,"2024-06-07",511,2,64.76,"Churned"
4882,"2024-08-09",448,3,607.11,"Churned"
4883,"2021-09-04",1518,1,98.83,"Churned"
4884,"2024-10-08",388,3,184.46,"Churned"
4886,"2024-09-25",401,1,113.81,"Churned"
4887,"2025-04-05",209,3,260.69,"Churned"
4888,"2025-02-07",266,4,437.56,"Churned"
4890,"2025-06-14",139,4,646.28,"Churned"
4891,"2022-01-17",1383,1,221.34,"Churned"
4892,"2024-11-08",357,2,287.72,"Churned"
4893,"2022-02-17",1352,2,162.73,"Churned"
4894,"2023-10-30",732,1,4.73,"Churned"
4895,"2023-03-17",959,2,250.18,"Churned"
4897,"2021-01-12",1753,1,144.75,"Churned"
4898,"2025-04-29",185,3,145.21,"Churned"
4899,"2021-12-17",1414,2,192.77,"Churned"
4900,"2022-02-02",1367,4,1815.04,"Churned"
4901,"2025-03-06",239,2,462.63,"Churned"
4904,"2024-07-11",477,1,130.26,"Churned"
4905,"2021-09-13",1509,1,146.03,"Churned"
4906,"2023-10-11",751,1,186.18,"Churned"
4907,"2023-10-29",733,3,352.71,"Churned"
4908,"2025-06-24",129,3,140.68,"Churned"
4910,"2023-06-10",874,1,118.78,"Churned"
4911,"2020-09-18",1869,1,124.88,"Churned"
4912,"2021-03-30",1676,1,143.62,"Churned"
4913,"2023-10-23",739,1,111.49,"Churned"
4914,"2024-08-11",446,2,430.76,"Churned"
4915,"2023-03-06",970,2,206.24,"Churned"
4916,"2020-06-17",1962,2,38.10,"Churned"
4920,"2023-05-07",908,1,173.78,"Churned"
4922,"2022-08-16",1172,1,656.73,"Churned"
4924,"2023-10-12",750,1,33.14,"Churned"
4925,"2022-10-13",1114,1,305.26,"Churned"
4926,"2023-11-26",705,2,175.64,"Churned"
4927,"2025-05-20",164,3,210.61,"Churned"
4929,"2023-03-09",967,1,45.31,"Churned"
4931,"2024-09-04",422,2,265.28,"Churned"
4932,"2025-05-28",156,3,237.24,"Churned"
4933,"2025-02-18",255,5,856.77,"Churned"
4934,"2022-12-24",1042,2,812.19,"Churned"
4935,"2023-02-07",997,2,331.42,"Churned"
4936,"2025-08-27",65,2,711.59,"At Risk"
4938,"2023-02-26",978,1,123.94,"Churned"
4939,"2024-04-24",555,3,343.66,"Churned"
4940,"2021-05-23",1622,3,646.09,"Churned"
4941,"2021-04-25",1650,2,535.67,"Churned"
4942,"2023-11-26",705,2,182.92,"Churned"
4943,"2022-04-26",1284,2,100.83,"Churned"
4944,"2025-10-04",27,1,35.02,"Active"
4946,"2020-04-29",2011,1,81.10,"Churned"
4947,"2022-05-06",1274,2,85.01,"Churned"
4948,"2024-09-16",410,1,104.60,"Churned"
4949,"2021-03-10",1696,1,28.89,"Churned"
4950,"2024-08-18",439,4,846.21,"Churned"
4951,"2022-09-27",1130,2,385.51,"Churned"
4952,"2023-11-11",720,2,114.64,"Churned"
4953,"2024-06-07",511,2,409.30,"Churned"
4954,"2025-01-21",283,1,42.86,"Churned"
4955,"2020-06-20",1959,1,160.12,"Churned"
4956,"2024-12-19",316,1,97.37,"Churned"
4957,"2023-04-12",933,1,91.41,"Churned"
4958,"2024-02-04",635,1,14.84,"Churned"
4959,"2025-05-07",177,4,1226.30,"Churned"
4960,"2023-03-31",945,4,419.30,"Churned"
4962,"2022-07-13",1206,1,14.02,"Churned"
4963,"2025-06-20",133,6,481.67,"Churned"
4964,"2025-07-04",119,3,158.28,"Churned"
4965,"2024-06-25",493,3,516.41,"Churned"
4966,"2023-07-29",825,2,115.24,"Churned"
4968,"2022-07-10",1209,2,262.99,"Churned"
4969,"2025-07-12",111,3,119.16,"Churned"
4970,"2025-09-28",33,2,177.86,"At Risk"
4971,"2025-09-24",37,2,123.26,"At Risk"
4972,"2025-05-17",167,2,107.22,"Churned"
4973,"2021-05-15",1630,2,313.82,"Churned"
4974,"2024-12-04",331,3,311.65,"Churned"
4975,"2023-02-13",991,3,364.67,"Churned"
4976,"2022-10-27",1100,1,270.76,"Churned"
4977,"2024-04-03",576,2,325.93,"Churned"
4978,"2020-06-06",1973,2,265.22,"Churned"
4981,"2021-12-20",1411,2,291.26,"Churned"
4982,"2022-10-03",1124,1,269.73,"Churned"
4983,"2023-01-18",1017,6,1042.86,"Churned"
4984,"2022-08-03",1185,1,75.86,"Churned"
4985,"2022-04-17",1293,1,504.18,"Churned"
4986,"2023-04-05",940,1,495.58,"Churned"
4987,"2021-11-20",1441,2,191.17,"Churned"
4988,"2025-10-24",7,2,274.31,"Active"
4989,"2022-08-12",1176,1,72.63,"Churned"
4990,"2022-01-16",1384,2,613.76,"Churned"
4991,"2021-08-27",1526,1,113.27,"Churned"
4993,"2021-02-12",1722,3,329.50,"Churned"
4994,"2025-05-29",155,5,679.60,"Churned"
4995,"2023-09-27",765,1,97.38,"Churned"
4996,"2025-08-02",90,1,161.20,"At Risk"
4997,"2021-08-29",1524,1,14.52,"Churned"
4998,"2023-09-17",775,1,129.37,"Churned"
4999,"2025-08-01",91,1,321.96,"Churned"
5001,"2025-08-12",80,2,148.34,"At Risk"
5002,"2023-05-15",900,2,325.37,"Churned"
5003,"2024-06-14",504,1,257.35,"Churned"
5004,"2021-02-12",1722,1,103.38,"Churned"
5005,"2022-08-26",1162,1,122.42,"Churned"
5006,"2022-08-17",1171,2,271.00,"Churned"
5008,"2023-09-19",773,2,54.25,"Churned"
5009,"2024-06-27",491,1,104.91,"Churned"
5010,"2025-08-15",77,2,659.31,"At Risk"
5012,"2025-07-04",119,3,189.02,"Churned"
5013,"2023-01-23",1012,1,28.65,"Churned"
5014,"2024-10-21",375,2,458.47,"Churned"
5015,"2025-07-10",113,3,555.19,"Churned"
5016,"2024-05-30",519,1,303.61,"Churned"
5017,"2024-01-18",652,1,42.36,"Churned"
5018,"2024-02-14",625,3,118.66,"Churned"
5021,"2021-04-18",1657,1,283.94,"Churned"
5022,"2024-11-02",363,1,297.88,"Churned"
5023,"2024-12-25",310,3,220.10,"Churned"
5025,"2022-08-14",1174,1,97.42,"Churned"
5026,"2022-06-17",1232,3,67.75,"Churned"
5028,"2025-08-19",73,2,45.62,"At Risk"
5029,"2025-03-14",231,3,633.90,"Churned"
5030,"2023-08-18",805,3,275.35,"Churned"
5031,"2021-10-22",1470,1,38.40,"Churned"
5032,"2024-01-04",666,3,391.29,"Churned"
5034,"2020-12-01",1795,1,37.18,"Churned"
5035,"2025-07-30",93,3,249.26,"Churned"
5036,"2025-10-08",23,1,221.28,"Active"
5037,"2021-04-25",1650,3,267.16,"Churned"
5038,"2025-09-12",49,2,180.75,"At Risk"
5039,"2024-07-26",462,2,364.24,"Churned"
5040,"2025-02-27",246,2,178.95,"Churned"
5041,"2023-04-28",917,5,1106.25,"Churned"
5042,"2022-11-11",1085,2,231.98,"Churned"
5043,"2025-01-14",290,2,237.78,"Churned"
5044,"2023-07-15",839,5,540.74,"Churned"
5045,"2021-08-31",1522,1,26.40,"Churned"
5046,"2023-10-09",753,1,265.08,"Churned"
5047,"2024-10-21",375,3,135.02,"Churned"
5048,"2021-10-06",1486,1,20.46,"Churned"
5049,"2025-09-23",38,2,164.20,"At Risk"
5050,"2025-06-11",142,3,431.84,"Churned"
5051,"2023-11-11",720,1,85.46,"Churned"
5052,"2024-02-28",611,1,365.75,"Churned"
5053,"2022-02-19",1350,1,177.22,"Churned"
5054,"2024-12-08",327,2,174.17,"Churned"
5055,"2024-05-20",529,1,23.90,"Churned"
5056,"2023-08-16",807,1,164.22,"Churned"
5057,"2022-05-01",1279,2,169.80,"Churned"
5058,"2024-10-26",370,2,45.24,"Churned"
5059,"2025-03-05",240,1,403.42,"Churned"
5061,"2025-10-13",18,3,174.20,"Active"
5062,"2023-06-18",866,2,171.26,"Churned"
5063,"2025-04-30",184,1,446.23,"Churned"
5064,"2024-08-03",454,4,218.61,"Churned"
5065,"2023-05-07",908,2,297.56,"Churned"
5066,"2022-06-14",1235,2,66.17,"Churned"
5067,"2024-12-15",320,3,553.56,"Churned"
5069,"2023-02-11",993,2,74.76,"Churned"
5070,"2025-04-26",188,2,120.53,"Churned"
5071,"2025-05-15",169,2,32.98,"Churned"
5072,"2021-09-30",1492,2,337.10,"Churned"
5073,"2024-06-21",497,4,120.43,"Churned"
5074,"2023-01-02",1033,5,374.78,"Churned"
5076,"2024-11-25",340,4,488.41,"Churned"
5077,"2025-07-26",97,3,219.53,"Churned"
5078,"2025-09-11",50,5,731.69,"At Risk"
5079,"2024-12-13",322,1,71.07,"Churned"
5080,"2025-10-09",22,2,227.82,"Active"
5082,"2025-09-26",35,2,152.57,"At Risk"
5083,"2023-06-24",860,1,544.18,"Churned"
5085,"2025-09-19",42,2,531.79,"At Risk"
5086,"2024-03-01",609,1,30.82,"Churned"
5087,"2020-01-28",2103,1,17.73,"Churned"
5088,"2021-07-01",1583,2,129.18,"Churned"
5090,"2025-09-24",37,2,451.17,"At Risk"
5091,"2025-06-22",131,3,1427.36,"Churned"
5092,"2025-01-20",284,2,286.46,"Churned"
5093,"2023-04-12",933,2,287.81,"Churned"
5094,"2025-05-13",171,2,153.62,"Churned"
5095,"2025-06-12",141,2,67.77,"Churned"
5097,"2025-05-03",181,5,350.26,"Churned"
5098,"2023-09-30",762,3,414.73,"Churned"
5099,"2022-03-23",1318,2,54.96,"Churned"
5101,"2022-12-26",1040,2,275.08,"Churned"
5103,"2021-01-30",1735,2,281.19,"Churned"
5104,"2024-11-16",349,2,585.73,"Churned"
5105,"2020-02-03",2097,1,29.44,"Churned"
5106,"2025-10-12",19,1,50.01,"Active"
5107,"2022-11-22",1074,3,601.15,"Churned"
5109,"2025-05-09",175,2,218.48,"Churned"
5110,"2025-10-31",0,1,216.36,"Active"
5111,"2024-07-26",462,4,320.18,"Churned"
5113,"2021-01-27",1738,1,83.73,"Churned"
5114,"2023-10-12",750,2,120.00,"Churned"
5115,"2023-08-28",795,3,752.84,"Churned"
5116,"2022-12-09",1057,1,57.08,"Churned"
5117,"2023-06-13",871,4,711.50,"Churned"
5118,"2023-12-22",679,3,640.35,"Churned"
5119,"2025-08-09",83,3,94.96,"At Risk"
5120,"2021-10-11",1481,1,150.37,"Churned"
5121,"2023-12-23",678,4,626.72,"Churned"
5122,"2023-04-28",917,1,122.56,"Churned"
5123,"2022-08-09",1179,1,152.75,"Churned"
5125,"2025-07-20",103,2,255.17,"Churned"
5126,"2025-04-28",186,1,7.04,"Churned"
5127,"2023-01-06",1029,1,213.18,"Churned"
5128,"2025-04-21",193,3,102.31,"Churned"
5129,"2021-03-04",1702,1,16.72,"Churned"
5130,"2023-07-20",834,1,71.73,"Churned"
5131,"2021-08-20",1533,1,273.70,"Churned"
5132,"2025-03-14",231,3,1099.67,"Churned"
5133,"2024-11-21",344,6,842.42,"Churned"
5134,"2021-05-21",1624,1,143.75,"Churned"
5135,"2022-02-26",1343,2,344.86,"Churned"
5137,"2025-06-11",142,4,239.53,"Churned"
5139,"2023-09-02",790,1,79.63,"Churned"
5140,"2022-04-07",1303,3,110.59,"Churned"
5141,"2023-01-31",1004,1,134.00,"Churned"
5142,"2025-08-19",73,3,172.80,"At Risk"
5143,"2022-09-28",1129,2,379.59,"Churned"
5144,"2021-01-15",1750,1,378.55,"Churned"
5147,"2025-07-04",119,1,27.52,"Churned"
5148,"2025-09-20",41,5,652.49,"At Risk"
5149,"2023-04-06",939,1,37.23,"Churned"
5153,"2023-12-09",692,5,353.09,"Churned"
5154,"2022-01-23",1377,1,26.13,"Churned"
5155,"2025-04-28",186,2,66.62,"Churned"
5157,"2022-06-22",1227,1,28.12,"Churned"
5158,"2025-02-27",246,3,291.45,"Churned"
5159,"2021-10-06",1486,1,30.61,"Churned"
5160,"2025-07-22",101,3,579.99,"Churned"
5161,"2021-01-05",1760,1,126.55,"Churned"
5162,"2024-09-02",424,3,336.13,"Churned"
5163,"2022-10-11",1116,2,562.75,"Churned"
5164,"2023-06-08",876,3,885.82,"Churned"
5165,"2022-02-13",1356,1,67.78,"Churned"
5166,"2024-01-29",641,4,642.33,"Churned"
5167,"2024-11-29",336,3,220.68,"Churned"
5168,"2021-04-18",1657,2,292.12,"Churned"
5170,"2025-05-21",163,2,348.83,"Churned"
5171,"2025-06-30",123,1,281.60,"Churned"
5172,"2023-10-01",761,1,31.51,"Churned"
5173,"2024-12-11",324,4,483.40,"Churned"
5174,"2025-06-15",138,4,136.84,"Churned"
5175,"2025-05-17",167,4,744.55,"Churned"
5177,"2024-12-17",318,3,186.35,"Churned"
5178,"2023-04-07",938,4,611.20,"Churned"
5179,"2025-06-13",140,2,258.45,"Churned"
5180,"2025-01-18",286,2,154.89,"Churned"
5182,"2024-12-04",331,2,155.84,"Churned"
5183,"2022-10-10",1117,1,202.25,"Churned"
5184,"2023-01-27",1008,1,102.51,"Churned"
5185,"2022-11-20",1076,1,82.71,"Churned"
5186,"2023-09-20",772,1,102.00,"Churned"
5187,"2025-03-13",232,1,31.42,"Churned"
5188,"2025-07-12",111,3,424.38,"Churned"
5189,"2025-08-13",79,2,232.69,"At Risk"
5190,"2020-09-20",1867,1,47.00,"Churned"
5192,"2024-11-11",354,1,180.71,"Churned"
5194,"2024-08-20",437,1,40.78,"Churned"
5195,"2021-09-18",1504,1,146.96,"Churned"
5196,"2025-06-19",134,2,80.22,"Churned"
5197,"2024-06-29",489,1,87.71,"Churned"
5198,"2025-04-05",209,3,140.84,"Churned"
5199,"2025-09-26",35,5,1323.92,"At Risk"
5200,"2025-10-17",14,3,459.50,"Active"
5201,"2023-05-07",908,1,60.40,"Churned"
5203,"2021-02-08",1726,1,38.79,"Churned"
5204,"2023-11-05",726,1,76.20,"Churned"
5205,"2023-04-15",930,2,119.53,"Churned"
5206,"2025-08-04",88,3,342.37,"At Risk"
5208,"2021-04-28",1647,1,173.75,"Churned"
5209,"2022-01-09",1391,2,280.34,"Churned"
5211,"2025-04-06",208,1,275.86,"Churned"
5212,"2022-01-28",1372,2,386.64,"Churned"
5213,"2025-06-28",125,4,478.46,"Churned"
5214,"2023-09-13",779,1,92.90,"Churned"
5215,"2023-07-25",829,3,470.16,"Churned"
5216,"2021-12-30",1401,1,135.97,"Churned"
5218,"2025-03-04",241,1,229.34,"Churned"
5220,"2024-09-04",422,3,1223.80,"Churned"
5222,"2021-10-12",1480,2,37.60,"Churned"
5223,"2021-02-24",1710,2,51.44,"Churned"
5224,"2025-04-19",195,3,478.20,"Churned"
5226,"2024-07-11",477,2,357.93,"Churned"
5227,"2022-08-15",1173,1,613.03,"Churned"
5228,"2023-06-28",856,1,77.72,"Churned"
5229,"2025-02-27",246,3,277.35,"Churned"
5230,"2025-02-22",251,3,679.74,"Churned"
5231,"2024-08-10",447,2,326.08,"Churned"
5232,"2021-09-17",1505,1,163.30,"Churned"
5233,"2025-03-30",215,1,18.51,"Churned"
5234,"2025-05-27",157,5,471.15,"Churned"
5235,"2025-05-19",165,3,475.69,"Churned"
5236,"2023-09-17",775,2,215.24,"Churned"
5237,"2025-03-31",214,2,40.03,"Churned"
5238,"2022-03-24",1317,2,79.20,"Churned"
5239,"2020-08-13",1905,1,203.24,"Churned"
5241,"2022-07-08",1211,1,146.18,"Churned"
5242,"2023-01-01",1034,2,124.42,"Churned"
5243,"2021-11-13",1448,2,272.82,"Churned"
5245,"2025-01-24",280,2,38.93,"Churned"
5246,"2024-12-03",332,2,135.11,"Churned"
5247,"2020-07-21",1928,1,407.50,"Churned"
5248,"2025-06-15",138,2,173.98,"Churned"
5249,"2023-06-18",866,2,25.04,"Churned"
5250,"2025-04-27",187,3,486.77,"Churned"
5251,"2022-02-19",1350,2,52.86,"Churned"
5252,"2022-11-03",1093,1,48.51,"Churned"
5254,"2024-01-13",657,3,329.13,"Churned"
5255,"2023-07-22",832,1,15.17,"Churned"
5256,"2023-02-08",996,1,19.33,"Churned"
5257,"2023-06-10",874,2,352.02,"Churned"
5258,"2022-05-25",1255,5,1286.71,"Churned"
5260,"2023-11-01",730,1,54.41,"Churned"
5262,"2023-03-30",946,2,238.70,"Churned"
5263,"2025-05-31",153,3,316.48,"Churned"
5264,"2025-09-05",56,4,368.86,"At Risk"
5265,"2024-09-23",403,2,79.40,"Churned"
5267,"2021-01-11",1754,1,45.25,"Churned"
5269,"2023-08-26",797,1,10.23,"Churned"
5271,"2025-04-12",202,3,195.24,"Churned"
5272,"2021-04-29",1646,1,245.94,"Churned"
5273,"2022-09-29",1128,1,453.96,"Churned"
5274,"2024-06-21",497,2,358.10,"Churned"
5276,"2020-02-13",2087,1,102.65,"Churned"
5277,"2022-08-29",1159,1,14.04,"Churned"
5278,"2024-11-11",354,1,18.50,"Churned"
5279,"2024-12-15",320,3,696.59,"Churned"
5280,"2021-03-09",1697,3,705.50,"Churned"
5282,"2024-08-14",443,2,33.22,"Churned"
5284,"2023-12-04",697,2,354.07,"Churned"
5286,"2025-03-20",225,2,236.99,"Churned"
5287,"2025-10-04",27,2,83.04,"Active"
5289,"2023-04-25",920,2,264.87,"Churned"
5290,"2021-12-01",1430,2,54.19,"Churned"
5291,"2025-05-25",159,1,11.57,"Churned"
5292,"2025-09-01",60,3,1002.65,"At Risk"
5293,"2023-10-16",746,2,37.59,"Churned"
5294,"2025-02-17",256,4,716.16,"Churned"
5295,"2021-01-18",1747,1,85.42,"Churned"
5297,"2021-05-12",1633,2,164.67,"Churned"
5298,"2025-08-02",90,2,87.35,"At Risk"
5299,"2025-09-25",36,3,371.02,"At Risk"
5300,"2021-10-24",1468,1,64.57,"Churned"
5301,"2021-07-22",1562,2,145.47,"Churned"
5302,"2023-04-14",931,2,210.10,"Churned"
5303,"2024-11-03",362,2,80.37,"Churned"
5304,"2025-10-15",16,4,364.24,"Active"
5305,"2025-05-13",171,2,1093.81,"Churned"
5306,"2022-06-15",1234,2,156.31,"Churned"
5307,"2024-02-25",614,3,389.86,"Churned"
5308,"2023-09-10",782,2,536.90,"Churned"
5310,"2024-12-21",314,1,167.13,"Churned"
5311,"2021-07-16",1568,1,35.16,"Churned"
5313,"2025-07-12",111,3,451.29,"Churned"
5314,"2024-03-11",599,3,265.14,"Churned"
5315,"2021-02-11",1723,1,101.85,"Churned"
5316,"2020-05-13",1997,1,5.41,"Churned"
5317,"2025-08-17",75,2,1020.40,"At Risk"
5318,"2025-09-28",33,3,484.72,"At Risk"
5319,"2020-01-26",2105,1,32.73,"Churned"
5320,"2023-07-27",827,2,525.37,"Churned"
5321,"2021-08-16",1537,1,40.96,"Churned"
5322,"2025-02-06",267,6,707.20,"Churned"
5325,"2024-05-02",547,2,84.70,"Churned"
5326,"2023-08-20",803,2,245.55,"Churned"
5328,"2023-10-30",732,2,162.41,"Churned"
5329,"2023-07-14",840,3,1154.05,"Churned"
5330,"2020-05-27",1983,1,30.96,"Churned"
5331,"2022-06-29",1220,2,190.56,"Churned"
5333,"2025-01-10",294,1,928.65,"Churned"
5334,"2025-08-15",77,2,345.55,"At Risk"
5336,"2024-08-01",456,3,77.21,"Churned"
5337,"2025-09-04",57,2,208.38,"At Risk"
5338,"2024-01-14",656,2,115.26,"Churned"
5339,"2023-12-06",695,2,411.61,"Churned"
5340,"2023-09-06",786,1,171.52,"Churned"
5341,"2023-11-29",702,2,121.16,"Churned"
5342,"2022-11-04",1092,2,306.76,"Churned"
5344,"2024-03-27",583,1,237.27,"Churned"
5347,"2024-04-23",556,2,246.09,"Churned"
5348,"2025-09-26",35,2,16.32,"At Risk"
5349,"2024-01-03",667,2,21.25,"Churned"
5351,"2022-03-24",1317,1,209.32,"Churned"
5354,"2020-12-06",1790,1,3.94,"Churned"
5357,"2022-11-13",1083,4,165.89,"Churned"
5358,"2023-07-04",850,1,441.69,"Churned"
5359,"2021-08-06",1547,2,503.62,"Churned"
5360,"2021-01-26",1739,1,207.40,"Churned"
5362,"2020-07-10",1939,1,193.43,"Churned"
5363,"2024-08-16",441,3,593.99,"Churned"
5364,"2024-02-01",638,1,278.39,"Churned"
5365,"2025-04-08",206,2,109.96,"Churned"
5367,"2022-12-27",1039,1,15.01,"Churned"
5368,"2022-03-20",1321,1,78.53,"Churned"
5369,"2023-08-26",797,2,152.87,"Churned"
5370,"2022-03-31",1310,3,412.30,"Churned"
5371,"2023-10-04",758,1,195.53,"Churned"
5372,"2021-09-17",1505,2,272.57,"Churned"
5373,"2023-12-07",694,1,21.69,"Churned"
5374,"2025-02-16",257,2,823.67,"Churned"
5375,"2023-11-08",723,1,313.61,"Churned"
5377,"2025-01-13",291,3,501.19,"Churned"
5378,"2022-04-19",1291,1,128.10,"Churned"
5379,"2020-01-08",2123,1,249.70,"Churned"
5381,"2021-06-29",1585,2,81.60,"Churned"
5382,"2023-09-23",769,3,793.56,"Churned"
5383,"2023-12-04",697,2,163.48,"Churned"
5384,"2024-05-07",542,2,407.22,"Churned"
5385,"2025-06-29",124,3,136.15,"Churned"
5386,"2024-07-30",458,1,73.69,"Churned"
5387,"2023-06-02",882,1,84.54,"Churned"
5388,"2023-01-29",1006,1,153.17,"Churned"
5389,"2025-03-30",215,3,390.76,"Churned"
5391,"2025-03-01",244,2,792.72,"Churned"
5392,"2023-01-01",1034,3,264.21,"Churned"
5393,"2021-09-18",1504,1,183.52,"Churned"
5395,"2025-09-29",32,2,212.87,"At Risk"
5396,"2022-08-17",1171,1,29.18,"Churned"
5397,"2025-07-17",106,3,126.61,"Churned"
5398,"2023-03-20",956,1,117.19,"Churned"
5400,"2022-10-16",1111,1,65.73,"Churned"
5401,"2024-10-18",378,5,499.94,"Churned"
5402,"2025-08-08",84,5,907.40,"At Risk"
5403,"2025-02-28",245,2,409.75,"Churned"
5405,"2025-07-27",96,3,308.42,"Churned"
5406,"2023-08-20",803,2,55.04,"Churned"
5408,"2024-04-09",570,2,248.85,"Churned"
5409,"2024-04-15",564,3,493.69,"Churned"
5410,"2025-09-18",43,1,512.71,"At Risk"
5411,"2025-05-09",175,2,192.29,"Churned"
5412,"2020-06-26",1953,2,317.49,"Churned"
5413,"2022-04-26",1284,1,87.00,"Churned"
5415,"2024-11-02",363,2,370.65,"Churned"
5416,"2021-11-18",1443,1,184.77,"Churned"
5417,"2024-04-21",558,1,83.73,"Churned"
5418,"2022-06-04",1245,1,39.25,"Churned"
5419,"2024-09-30",396,3,357.59,"Churned"
5420,"2025-03-20",225,4,333.48,"Churned"
5421,"2022-11-16",1080,1,54.88,"Churned"
5423,"2025-01-11",293,2,412.67,"Churned"
5424,"2022-05-16",1264,1,32.05,"Churned"
5425,"2025-02-25",248,1,101.81,"Churned"
5426,"2025-10-30",1,1,231.91,"Active"
5427,"2022-05-03",1277,1,543.59,"Churned"
5428,"2020-11-06",1820,2,210.70,"Churned"
5429,"2025-07-22",101,3,1090.60,"Churned"
5431,"2024-03-30",580,1,201.26,"Churned"
5433,"2024-04-08",571,1,131.44,"Churned"
5434,"2025-08-20",72,4,286.49,"At Risk"
5435,"2025-06-27",126,5,426.48,"Churned"
5436,"2023-03-07",969,1,139.11,"Churned"
5438,"2025-01-21",283,3,374.07,"Churned"
5439,"2025-09-26",35,3,328.79,"At Risk"
5441,"2024-08-30",427,2,262.97,"Churned"
5443,"2024-12-05",330,3,285.98,"Churned"
5444,"2025-02-11",262,1,293.61,"Churned"
5446,"2022-02-06",1363,1,277.65,"Churned"
5447,"2025-07-11",112,4,563.36,"Churned"
5448,"2025-09-15",46,1,57.64,"At Risk"
5449,"2022-01-05",1395,2,225.30,"Churned"
5450,"2025-05-15",169,6,1326.29,"Churned"
5452,"2023-04-15",930,1,87.15,"Churned"
5453,"2023-02-28",976,1,5.81,"Churned"
5455,"2021-02-15",1719,1,279.24,"Churned"
5456,"2024-05-01",548,2,590.38,"Churned"
5457,"2021-10-27",1465,2,441.46,"Churned"
5459,"2025-04-04",210,2,245.12,"Churned"
5460,"2025-05-27",157,3,504.79,"Churned"
5462,"2022-01-11",1389,2,255.29,"Churned"
5463,"2025-06-30",123,2,213.05,"Churned"
5464,"2024-04-15",564,2,77.19,"Churned"
5467,"2023-01-09",1026,2,194.14,"Churned"
5468,"2022-10-31",1096,1,50.38,"Churned"
5469,"2022-06-27",1222,2,185.16,"Churned"
5470,"2024-05-11",538,3,386.16,"Churned"
5473,"2024-12-21",314,3,185.56,"Churned"
5475,"2023-05-30",885,3,436.27,"Churned"
5476,"2022-04-25",1285,1,132.54,"Churned"
5478,"2025-03-20",225,2,111.25,"Churned"
5479,"2023-06-02",882,2,468.90,"Churned"
5481,"2023-02-22",982,4,646.17,"Churned"
5483,"2020-10-29",1828,1,104.00,"Churned"
5484,"2022-04-15",1295,1,179.26,"Churned"
5485,"2024-11-22",343,2,331.80,"Churned"
5486,"2025-09-04",57,5,501.02,"At Risk"
5487,"2020-07-30",1919,1,59.49,"Churned"
5489,"2025-07-26",97,2,160.17,"Churned"
5490,"2023-01-28",1007,1,287.09,"Churned"
5492,"2022-01-01",1399,1,28.57,"Churned"
5493,"2023-12-01",700,3,146.55,"Churned"
5494,"2022-07-06",1213,2,237.69,"Churned"
5495,"2020-02-29",2071,1,69.04,"Churned"
5497,"2023-05-07",908,3,146.05,"Churned"
5498,"2024-08-07",450,4,1524.38,"Churned"
5499,"2020-03-13",2058,1,159.80,"Churned"
5500,"2024-09-15",411,1,67.97,"Churned"
5501,"2021-03-31",1675,2,524.29,"Churned"
5502,"2022-06-30",1219,1,26.58,"Churned"
5503,"2022-08-23",1165,2,447.60,"Churned"
5505,"2024-12-17",318,3,787.51,"Churned"
5506,"2020-05-31",1979,1,401.80,"Churned"
5507,"2023-04-01",944,2,301.75,"Churned"
5508,"2022-05-13",1267,1,39.78,"Churned"
5509,"2025-10-25",6,2,252.21,"Active"
5511,"2023-08-19",804,2,132.02,"Churned"
5512,"2022-04-22",1288,1,54.63,"Churned"
5514,"2024-03-13",597,1,21.43,"Churned"
5516,"2024-07-14",474,1,227.57,"Churned"
5517,"2020-08-29",1889,1,30.12,"Churned"
5518,"2025-05-21",163,4,595.97,"Churned"
5519,"2025-10-11",20,2,108.78,"Active"
5520,"2025-03-31",214,4,60.66,"Churned"
5521,"2025-02-01",272,3,218.75,"Churned"
5523,"2024-07-25",463,3,302.30,"Churned"
5524,"2021-09-20",1502,1,9.19,"Churned"
5525,"2025-10-20",11,2,364.85,"Active"
5526,"2020-06-01",1978,2,379.17,"Churned"
5527,"2024-02-04",635,1,254.94,"Churned"
5530,"2022-08-26",1162,1,256.14,"Churned"
5531,"2021-07-10",1574,1,193.90,"Churned"
5532,"2025-07-26",97,2,243.52,"Churned"
5533,"2024-02-02",637,2,112.18,"Churned"
5534,"2021-09-30",1492,1,83.38,"Churned"
5535,"2021-04-12",1663,1,116.75,"Churned"
5536,"2020-11-11",1815,1,37.57,"Churned"
5537,"2023-04-12",933,1,118.42,"Churned"
5538,"2021-04-02",1673,1,180.17,"Churned"
5539,"2024-06-02",516,3,441.37,"Churned"
5543,"2021-10-18",1474,3,389.84,"Churned"
5544,"2025-04-09",205,4,475.65,"Churned"
5545,"2025-07-29",94,5,474.53,"Churned"
5546,"2023-11-14",717,1,95.95,"Churned"
5547,"2024-06-18",500,1,8.47,"Churned"
5548,"2023-10-11",751,1,198.33,"Churned"
5549,"2025-09-19",42,2,356.93,"At Risk"
5550,"2025-03-24",221,1,311.72,"Churned"
5551,"2025-06-01",152,1,37.23,"Churned"
5552,"2024-05-24",525,2,96.93,"Churned"
5554,"2025-07-30",93,3,414.92,"Churned"
5555,"2022-10-12",1115,4,425.47,"Churned"
5556,"2024-12-04",331,2,121.63,"Churned"
5558,"2023-04-21",924,2,78.75,"Churned"
5559,"2023-09-19",773,2,401.48,"Churned"
5561,"2024-12-07",328,3,385.36,"Churned"
5562,"2021-08-14",1539,1,117.86,"Churned"
5563,"2024-11-19",346,3,288.09,"Churned"
5564,"2024-04-02",577,1,512.86,"Churned"
5565,"2024-12-01",334,2,450.84,"Churned"
5566,"2025-09-15",46,5,446.47,"At Risk"
5567,"2025-08-18",74,1,50.14,"At Risk"
5568,"2023-08-07",816,1,96.87,"Churned"
5570,"2025-05-04",180,7,835.56,"Churned"
5571,"2025-06-07",146,4,317.88,"Churned"
5572,"2025-04-26",188,1,847.03,"Churned"
5573,"2022-05-23",1257,2,32.06,"Churned"
5574,"2024-06-13",505,3,317.41,"Churned"
5575,"2022-03-31",1310,1,181.19,"Churned"
5576,"2025-03-26",219,1,219.44,"Churned"
5577,"2024-04-18",561,1,50.35,"Churned"
5578,"2023-06-06",878,2,324.83,"Churned"
5579,"2024-05-30",519,2,270.90,"Churned"
5580,"2024-05-24",525,2,273.56,"Churned"
5581,"2023-07-01",853,2,268.18,"Churned"
5582,"2024-04-18",561,1,54.43,"Churned"
5583,"2020-03-10",2061,1,117.24,"Churned"
5584,"2023-06-09",875,3,939.02,"Churned"
5585,"2025-09-08",53,2,294.52,"At Risk"
5586,"2025-08-21",71,4,78.03,"At Risk"
5587,"2025-07-07",116,3,308.41,"Churned"
5588,"2024-12-18",317,2,392.98,"Churned"
5590,"2025-08-02",90,4,310.63,"At Risk"
5591,"2024-09-11",415,1,72.25,"Churned"
5592,"2025-08-10",82,3,1383.25,"At Risk"
5593,"2023-10-04",758,1,85.94,"Churned"
5594,"2024-10-30",366,1,294.14,"Churned"
5595,"2024-08-19",438,1,654.42,"Churned"
5596,"2025-09-28",33,2,192.67,"At Risk"
5599,"2024-11-29",336,1,128.69,"Churned"
5600,"2024-12-28",307,2,200.70,"Churned"
5601,"2022-07-15",1204,2,301.27,"Churned"
5602,"2025-03-16",229,3,142.90,"Churned"
5604,"2024-11-07",358,3,313.99,"Churned"
5605,"2025-05-07",177,4,464.48,"Churned"
5606,"2022-06-11",1238,1,190.85,"Churned"
5607,"2021-11-21",1440,1,7.58,"Churned"
5608,"2021-02-26",1708,2,282.87,"Churned"
5609,"2025-02-17",256,3,136.86,"Churned"
5610,"2022-04-28",1282,1,163.84,"Churned"
5611,"2025-07-06",117,2,80.57,"Churned"
5612,"2021-02-02",1732,1,112.75,"Churned"
5613,"2022-05-15",1265,2,91.55,"Churned"
5614,"2025-10-11",20,1,386.49,"Active"
5615,"2023-05-12",903,2,151.08,"Churned"
5616,"2023-01-03",1032,1,216.02,"Churned"
5617,"2020-09-27",1860,1,65.05,"Churned"
5618,"2021-05-28",1617,1,212.52,"Churned"
5619,"2023-03-18",958,2,191.98,"Churned"
5621,"2025-07-15",108,1,64.05,"Churned"
5622,"2020-04-28",2012,1,63.92,"Churned"
5623,"2022-02-18",1351,1,23.40,"Churned"
5624,"2024-10-21",375,2,176.83,"Churned"
5626,"2024-09-07",419,3,138.10,"Churned"
5627,"2025-01-06",298,1,21.75,"Churned"
5628,"2023-03-08",968,3,264.39,"Churned"
5630,"2024-10-06",390,3,661.70,"Churned"
5631,"2023-06-25",859,1,77.70,"Churned"
5633,"2023-07-29",825,2,223.09,"Churned"
5634,"2025-05-06",178,4,1054.57,"Churned"
5636,"2024-07-27",461,3,89.97,"Churned"
5637,"2021-12-02",1429,3,117.07,"Churned"
5640,"2023-03-14",962,2,401.28,"Churned"
5641,"2025-06-07",146,2,361.51,"Churned"
5642,"2024-06-03",515,1,167.91,"Churned"
5643,"2023-12-01",700,2,350.89,"Churned"
5644,"2024-10-26",370,2,379.69,"Churned"
5646,"2021-01-24",1741,1,47.55,"Churned"
5647,"2024-09-14",412,5,680.33,"Churned"
5649,"2024-05-01",548,2,110.24,"Churned"
5650,"2022-12-22",1044,2,149.39,"Churned"
5651,"2025-03-04",241,3,268.49,"Churned"
5652,"2023-11-21",710,5,353.39,"Churned"
5653,"2024-01-15",655,2,214.28,"Churned"
5654,"2025-05-13",171,2,680.70,"Churned"
5655,"2022-10-27",1100,1,189.14,"Churned"
5656,"2023-12-07",694,3,197.56,"Churned"
5657,"2021-09-09",1513,1,60.03,"Churned"
5658,"2022-07-27",1192,2,49.89,"Churned"
5659,"2024-06-19",499,1,204.33,"Churned"
5661,"2023-10-24",738,1,57.76,"Churned"
5662,"2025-03-06",239,3,524.95,"Churned"
5663,"2020-08-03",1915,1,67.39,"Churned"
5664,"2023-09-23",769,3,307.42,"Churned"
5666,"2023-12-01",700,1,59.98,"Churned"
5667,"2024-07-03",485,2,522.70,"Churned"
5668,"2024-07-30",458,3,894.25,"Churned"
5669,"2022-05-21",1259,1,60.90,"Churned"
5671,"2025-10-06",25,5,261.73,"Active"
5674,"2024-07-15",473,3,828.52,"Churned"
5675,"2022-10-26",1101,1,136.10,"Churned"
5676,"2020-09-10",1877,2,98.40,"Churned"
5677,"2023-05-31",884,3,234.79,"Churned"
5678,"2021-04-14",1661,1,105.20,"Churned"
5679,"2025-10-28",3,2,413.28,"Active"
5680,"2025-03-08",237,2,50.26,"Churned"
5681,"2024-02-13",626,1,141.71,"Churned"
5682,"2024-05-11",538,1,103.65,"Churned"
5683,"2025-05-09",175,1,798.61,"Churned"
5684,"2024-09-04",422,3,185.81,"Churned"
5685,"2023-06-05",879,2,382.35,"Churned"
5686,"2025-09-24",37,3,588.62,"At Risk"
5688,"2021-12-03",1428,2,84.22,"Churned"
5689,"2025-02-22",251,1,124.55,"Churned"
5690,"2025-09-21",40,4,621.25,"At Risk"
5691,"2021-02-13",1721,1,37.15,"Churned"
5692,"2025-03-17",228,4,364.99,"Churned"
5693,"2023-11-21",710,2,462.42,"Churned"
5694,"2025-04-27",187,2,319.20,"Churned"
5695,"2022-08-15",1173,1,32.82,"Churned"
5696,"2023-01-22",1013,1,296.48,"Churned"
5697,"2025-10-10",21,2,299.10,"Active"
5698,"2023-04-15",930,1,113.07,"Churned"
5699,"2021-03-25",1681,2,693.53,"Churned"
5702,"2024-08-28",429,3,386.42,"Churned"
5703,"2024-01-26",644,4,582.04,"Churned"
5704,"2021-09-07",1515,2,434.56,"Churned"
5705,"2024-10-26",370,1,64.91,"Churned"
5706,"2022-09-18",1139,3,166.33,"Churned"
5707,"2024-07-27",461,1,46.92,"Churned"
5708,"2024-12-08",327,1,24.77,"Churned"
5710,"2025-08-12",80,5,316.19,"At Risk"
5711,"2024-11-15",350,1,45.17,"Churned"
5712,"2025-10-30",1,3,324.63,"Active"
5713,"2023-07-16",838,1,117.16,"Churned"
5715,"2024-04-30",549,4,503.19,"Churned"
5716,"2025-10-05",26,3,880.88,"Active"
5717,"2023-12-11",690,1,89.68,"Churned"
5718,"2025-10-13",18,1,32.47,"Active"
5719,"2025-08-29",63,2,265.55,"At Risk"
5720,"2025-02-24",249,2,386.68,"Churned"
5722,"2025-10-10",21,1,86.31,"Active"
5723,"2025-03-12",233,2,197.08,"Churned"
5724,"2023-06-08",876,3,271.09,"Churned"
5725,"2024-01-03",667,3,216.07,"Churned"
5726,"2020-11-22",1804,1,484.55,"Churned"
5727,"2025-10-07",24,3,137.97,"Active"
5729,"2025-07-13",110,1,90.69,"Churned"
5731,"2025-02-04",269,3,635.02,"Churned"
5732,"2025-10-17",14,3,447.46,"Active"
5733,"2024-11-25",340,3,305.33,"Churned"
5734,"2020-01-08",2123,1,75.09,"Churned"
5735,"2024-12-09",326,2,394.92,"Churned"
5736,"2024-04-04",575,3,112.54,"Churned"
5737,"2022-08-21",1167,1,459.20,"Churned"
5738,"2023-03-10",966,1,39.93,"Churned"
5739,"2025-05-12",172,2,303.75,"Churned"
5741,"2025-09-16",45,3,446.28,"At Risk"
5742,"2024-10-15",381,1,17.19,"Churned"
5743,"2023-04-28",917,2,428.91,"Churned"
5744,"2021-07-10",1574,1,404.00,"Churned"
5745,"2025-02-10",263,3,328.77,"Churned"
5746,"2025-08-27",65,4,345.34,"At Risk"
5747,"2022-01-27",1373,1,206.38,"Churned"
5748,"2021-08-08",1545,1,143.55,"Churned"
5749,"2021-06-04",1610,2,94.03,"Churned"
5751,"2024-06-15",503,2,122.30,"Churned"
5752,"2025-08-29",63,6,2361.67,"At Risk"
5753,"2024-07-08",480,2,272.05,"Churned"
5754,"2022-10-24",1103,3,380.60,"Churned"
5755,"2023-12-29",672,4,195.48,"Churned"
5756,"2024-04-03",576,1,376.12,"Churned"
5757,"2024-12-09",326,4,174.80,"Churned"
5759,"2021-11-30",1431,3,591.82,"Churned"
5760,"2023-05-04",911,1,216.18,"Churned"
5761,"2024-01-07",663,3,303.33,"Churned"
5762,"2024-06-21",497,5,331.51,"Churned"
5763,"2024-12-03",332,3,137.17,"Churned"
5764,"2020-10-26",1831,1,196.57,"Churned"
5765,"2024-10-03",393,1,37.23,"Churned"
5767,"2023-11-26",705,2,283.43,"Churned"
5768,"2025-01-11",293,5,939.06,"Churned"
5769,"2025-08-27",65,2,673.20,"At Risk"
5770,"2025-03-18",227,1,85.03,"Churned"
5771,"2022-11-13",1083,2,65.71,"Churned"
5772,"2024-03-17",593,4,783.88,"Churned"
5773,"2020-03-11",2060,1,18.52,"Churned"
5774,"2023-03-05",971,1,130.65,"Churned"
5775,"2025-09-04",57,3,301.84,"At Risk"
5776,"2023-11-29",702,1,127.72,"Churned"
5777,"2025-02-14",259,3,168.63,"Churned"
5778,"2024-04-25",554,4,679.73,"Churned"
5779,"2024-04-27",552,3,596.80,"Churned"
5780,"2021-03-14",1692,2,47.09,"Churned"
5782,"2022-08-13",1175,1,517.00,"Churned"
5783,"2025-09-06",55,3,179.29,"At Risk"
5784,"2021-09-27",1495,2,188.90,"Churned"
5785,"2025-10-21",10,2,153.81,"Active"
5786,"2023-04-03",942,3,479.12,"Churned"
5787,"2025-03-19",226,2,208.88,"Churned"
5788,"2025-07-20",103,2,104.86,"Churned"
5789,"2024-04-17",562,2,296.97,"Churned"
5790,"2021-08-09",1544,1,252.22,"Churned"
5791,"2022-04-28",1282,1,365.98,"Churned"
5792,"2020-06-22",1957,1,383.53,"Churned"
5793,"2023-08-26",797,3,159.57,"Churned"
5794,"2025-06-03",150,1,442.90,"Churned"
5795,"2025-04-30",184,1,128.62,"Churned"
5796,"2020-11-25",1801,1,64.01,"Churned"
5798,"2025-09-24",37,2,316.63,"At Risk"
5799,"2022-11-09",1087,2,165.72,"Churned"
5800,"2022-05-11",1269,1,160.76,"Churned"
5801,"2024-05-13",536,3,329.42,"Churned"
5802,"2025-08-04",88,3,185.55,"At Risk"
5804,"2024-08-17",440,1,85.68,"Churned"
5805,"2021-06-13",1601,2,173.78,"Churned"
5806,"2024-11-02",363,3,359.60,"Churned"
5807,"2024-07-18",470,3,622.81,"Churned"
5808,"2024-11-19",346,1,9.25,"Churned"
5809,"2025-07-18",105,3,266.70,"Churned"
5810,"2020-11-14",1812,1,45.61,"Churned"
5811,"2024-07-31",457,1,186.87,"Churned"
5812,"2025-08-04",88,3,231.02,"At Risk"
5813,"2021-06-15",1599,3,901.68,"Churned"
5814,"2025-10-25",6,2,385.23,"Active"
5815,"2021-08-01",1552,3,411.21,"Churned"
5816,"2025-03-09",236,2,52.50,"Churned"
5817,"2023-05-19",896,2,77.80,"Churned"
5819,"2022-01-11",1389,2,200.25,"Churned"
5820,"2023-09-16",776,2,335.50,"Churned"
5821,"2024-03-05",605,1,316.26,"Churned"
5822,"2023-03-15",961,2,223.29,"Churned"
5823,"2021-02-16",1718,1,25.73,"Churned"
5824,"2021-12-31",1400,1,112.06,"Churned"
5825,"2022-08-24",1164,1,11.13,"Churned"
5826,"2020-11-28",1798,2,383.30,"Churned"
5827,"2022-12-16",1050,1,13.33,"Churned"
5828,"2020-01-01",2130,1,87.26,"Churned"
5829,"2025-07-16",107,1,26.38,"Churned"
5830,"2025-03-16",229,2,301.31,"Churned"
5831,"2023-06-06",878,2,106.25,"Churned"
5832,"2023-09-12",780,1,258.29,"Churned"
5833,"2025-05-24",160,2,141.23,"Churned"
5834,"2024-12-26",309,1,48.51,"Churned"
5836,"2025-09-20",41,4,338.28,"At Risk"
5837,"2025-10-06",25,2,638.76,"Active"
5838,"2022-11-28",1068,2,526.68,"Churned"
5839,"2024-07-26",462,3,215.64,"Churned"
5840,"2024-05-30",519,3,178.64,"Churned"
5841,"2022-01-19",1381,2,134.31,"Churned"
5844,"2022-02-12",1357,1,90.16,"Churned"
5846,"2020-08-01",1917,1,166.39,"Churned"
5847,"2025-09-11",50,2,75.76,"At Risk"
5848,"2025-03-03",242,3,277.38,"Churned"
5849,"2025-05-02",182,2,265.77,"Churned"
5850,"2021-11-29",1432,2,123.84,"Churned"
5851,"2025-05-14",170,3,180.32,"Churned"
5853,"2024-03-06",604,1,201.95,"Churned"
5854,"2023-08-12",811,2,213.57,"Churned"
5855,"2024-05-27",522,3,147.51,"Churned"
5856,"2023-03-29",947,1,58.88,"Churned"
5857,"2025-02-19",254,3,129.23,"Churned"
5858,"2025-09-05",56,4,745.50,"At Risk"
5859,"2022-09-07",1150,1,22.22,"Churned"
5861,"2022-05-24",1256,1,13.72,"Churned"
5864,"2024-01-10",660,3,546.59,"Churned"
5865,"2023-07-01",853,6,1011.23,"Churned"
5866,"2020-09-03",1884,1,176.19,"Churned"
5867,"2024-02-05",634,2,158.51,"Churned"
5868,"2022-12-22",1044,3,399.54,"Churned"
5869,"2023-01-24",1011,1,46.81,"Churned"
5871,"2022-12-26",1040,1,12.37,"Churned"
5873,"2023-06-26",858,2,236.25,"Churned"
5876,"2025-03-19",226,1,67.67,"Churned"
5878,"2022-04-09",1301,2,103.82,"Churned"
5879,"2023-12-22",679,1,135.13,"Churned"
5880,"2023-09-29",763,2,131.12,"Churned"
5881,"2023-10-27",735,2,63.15,"Churned"
5882,"2021-06-12",1602,1,149.70,"Churned"
5885,"2021-11-21",1440,1,96.90,"Churned"
5886,"2024-11-25",340,2,162.31,"Churned"
5887,"2020-06-29",1950,2,670.51,"Churned"
5888,"2024-08-24",433,1,160.98,"Churned"
5890,"2025-09-01",60,2,50.34,"At Risk"
5891,"2023-04-28",917,1,136.70,"Churned"
5893,"2023-07-13",841,3,141.56,"Churned"
5894,"2023-11-02",729,2,335.79,"Churned"
5895,"2023-10-09",753,4,313.01,"Churned"
5896,"2025-08-17",75,2,725.93,"At Risk"
5897,"2025-09-03",58,3,376.52,"At Risk"
5898,"2023-08-28",795,3,221.35,"Churned"
5899,"2025-09-23",38,3,162.10,"At Risk"
5901,"2024-11-13",352,2,827.87,"Churned"
5902,"2025-03-03",242,4,489.70,"Churned"
5903,"2024-09-26",400,1,242.24,"Churned"
5905,"2024-11-13",352,2,288.48,"Churned"
5906,"2023-07-16",838,2,203.52,"Churned"
5908,"2025-08-06",86,2,191.08,"At Risk"
5909,"2025-06-06",147,3,121.40,"Churned"
5911,"2020-05-06",2004,1,149.40,"Churned"
5912,"2025-01-11",293,4,474.86,"Churned"
5913,"2020-08-04",1914,1,79.45,"Churned"
5914,"2024-08-14",443,1,5.25,"Churned"
5915,"2023-11-10",721,1,22.24,"Churned"
5916,"2025-10-10",21,2,190.57,"Active"
5917,"2025-07-15",108,2,190.62,"Churned"
5918,"2024-11-26",339,1,208.40,"Churned"
5919,"2023-07-31",823,1,119.90,"Churned"
5920,"2024-01-17",653,1,165.09,"Churned"
5921,"2025-10-12",19,2,108.98,"Active"
5922,"2020-05-27",1983,2,937.94,"Churned"
5925,"2025-10-16",15,3,681.29,"Active"
5926,"2023-07-18",836,2,276.24,"Churned"
5927,"2024-12-02",333,2,762.31,"Churned"
5928,"2024-10-02",394,2,296.10,"Churned"
5929,"2024-08-02",455,1,35.70,"Churned"
5933,"2025-07-25",98,2,86.87,"Churned"
5934,"2025-02-02",271,3,173.58,"Churned"
5935,"2020-02-23",2077,1,64.90,"Churned"
5936,"2024-03-03",607,1,32.33,"Churned"
5937,"2022-02-09",1360,2,246.36,"Churned"
5941,"2024-06-15",503,2,147.69,"Churned"
5944,"2024-05-15",534,1,6.52,"Churned"
5945,"2023-04-02",943,3,502.37,"Churned"
5946,"2023-06-01",883,3,890.72,"Churned"
5948,"2023-08-24",799,2,152.21,"Churned"
5950,"2023-03-06",970,5,268.72,"Churned"
5952,"2022-03-04",1337,2,178.97,"Churned"
5954,"2022-02-25",1344,1,37.79,"Churned"
5955,"2023-01-03",1032,3,222.37,"Churned"
5956,"2023-03-31",945,3,151.42,"Churned"
5958,"2025-05-29",155,4,267.09,"Churned"
5959,"2025-02-13",260,3,408.56,"Churned"
5960,"2024-12-23",312,3,514.74,"Churned"
5962,"2024-09-22",404,2,45.82,"Churned"
5963,"2025-09-02",59,6,805.46,"At Risk"
5964,"2023-07-30",824,2,66.68,"Churned"
5966,"2024-10-06",390,1,312.20,"Churned"
5967,"2025-07-31",92,2,336.23,"Churned"
5968,"2025-01-04",300,3,505.70,"Churned"
5969,"2024-05-23",526,5,324.35,"Churned"
5970,"2021-11-19",1442,2,57.58,"Churned"
5971,"2024-06-13",505,3,768.75,"Churned"
5972,"2025-02-25",248,1,135.34,"Churned"
5973,"2023-09-23",769,3,292.12,"Churned"
5974,"2023-01-23",1012,1,121.67,"Churned"
5975,"2022-08-08",1180,2,77.28,"Churned"
5977,"2022-11-18",1078,3,425.68,"Churned"
5978,"2025-06-06",147,4,242.71,"Churned"
5979,"2023-06-24",860,1,172.31,"Churned"
5981,"2023-06-15",869,3,642.75,"Churned"
5982,"2022-05-17",1263,1,78.67,"Churned"
5985,"2021-06-22",1592,1,74.77,"Churned"
5986,"2020-06-11",1968,1,59.22,"Churned"
5987,"2021-04-01",1674,2,676.71,"Churned"
5988,"2021-11-21",1440,1,382.34,"Churned"
5989,"2023-12-26",675,1,152.28,"Churned"
5990,"2025-07-30",93,2,239.82,"Churned"
5991,"2025-09-30",31,2,260.81,"At Risk"
5992,"2022-11-17",1079,2,206.64,"Churned"
5993,"2023-03-09",967,2,238.87,"Churned"
5994,"2025-02-01",272,2,228.04,"Churned"
5995,"2023-05-05",910,3,352.41,"Churned"
5996,"2025-02-22",251,2,94.33,"Churned"
5997,"2025-08-27",65,3,139.49,"At Risk"
5998,"2023-07-01",853,4,791.16,"Churned"
5999,"2024-10-08",388,1,32.07,"Churned"
6000,"2025-04-18",196,2,117.36,"Churned"
6001,"2022-06-05",1244,3,499.21,"Churned"
6002,"2025-08-16",76,4,492.28,"At Risk"
6003,"2022-03-17",1324,2,887.44,"Churned"
6004,"2020-10-12",1845,1,194.96,"Churned"
6005,"2022-08-06",1182,2,969.17,"Churned"
6006,"2021-05-16",1629,1,39.99,"Churned"
6007,"2023-10-08",754,1,111.90,"Churned"
6008,"2024-04-08",571,2,124.04,"Churned"
6009,"2022-08-03",1185,1,115.34,"Churned"
6010,"2023-04-15",930,2,114.62,"Churned"
6012,"2024-01-30",640,3,111.27,"Churned"
6013,"2025-03-09",236,2,1028.03,"Churned"
6014,"2025-04-01",213,2,148.24,"Churned"
6015,"2025-08-17",75,1,74.15,"At Risk"
6016,"2024-01-03",667,2,84.94,"Churned"
6017,"2025-07-01",122,5,797.61,"Churned"
6018,"2021-06-07",1607,1,143.95,"Churned"
6019,"2025-08-29",63,2,412.01,"At Risk"
6020,"2024-04-04",575,1,122.53,"Churned"
6021,"2025-09-11",50,5,257.06,"At Risk"
6022,"2024-10-30",366,2,200.57,"Churned"
6023,"2025-07-21",102,2,242.21,"Churned"
6024,"2025-10-15",16,1,607.66,"Active"
6025,"2023-11-22",709,4,787.26,"Churned"
6026,"2024-12-17",318,1,147.52,"Churned"
6028,"2022-12-24",1042,1,42.32,"Churned"
6029,"2024-10-11",385,2,66.84,"Churned"
6030,"2024-12-27",308,2,136.47,"Churned"
6032,"2025-09-19",42,3,569.71,"At Risk"
6033,"2023-04-23",922,2,61.70,"Churned"
6034,"2022-10-26",1101,1,17.91,"Churned"
6035,"2024-06-10",508,3,178.97,"Churned"
6036,"2024-12-24",311,2,272.88,"Churned"
6037,"2025-06-30",123,2,145.42,"Churned"
6038,"2023-03-26",950,3,448.22,"Churned"
6039,"2020-04-11",2029,1,185.12,"Churned"
6041,"2025-04-04",210,3,288.86,"Churned"
6043,"2024-05-18",531,3,677.88,"Churned"
6044,"2024-02-25",614,2,563.00,"Churned"
6045,"2025-04-07",207,2,505.95,"Churned"
6048,"2021-03-16",1690,1,194.74,"Churned"
6049,"2020-01-05",2126,1,116.76,"Churned"
6051,"2024-09-26",400,4,1092.85,"Churned"
6052,"2023-03-06",970,2,155.07,"Churned"
6053,"2025-04-24",190,3,440.50,"Churned"
6055,"2024-11-11",354,1,27.66,"Churned"
6056,"2024-05-30",519,1,165.67,"Churned"
6057,"2021-04-19",1656,1,40.58,"Churned"
6058,"2020-08-31",1887,1,86.95,"Churned"
6059,"2023-07-15",839,1,87.86,"Churned"
6060,"2023-11-29",702,2,46.45,"Churned"
6061,"2025-03-30",215,2,93.49,"Churned"
6063,"2024-07-29",459,4,1171.18,"Churned"
6064,"2025-09-02",59,2,176.53,"At Risk"
6066,"2021-10-30",1462,1,178.43,"Churned"
6067,"2023-09-28",764,2,253.81,"Churned"
6068,"2022-10-02",1125,4,1340.56,"Churned"
6069,"2020-05-23",1987,2,82.67,"Churned"
6070,"2021-04-16",1659,1,7.82,"Churned"
6071,"2020-07-17",1932,1,273.54,"Churned"
6073,"2023-07-19",835,1,383.01,"Churned"
6074,"2024-09-17",409,3,447.87,"Churned"
6075,"2025-01-11",293,3,663.31,"Churned"
6076,"2024-01-03",667,2,97.73,"Churned"
6078,"2024-03-06",604,2,65.79,"Churned"
6079,"2025-04-22",192,3,197.23,"Churned"
6080,"2023-06-30",854,2,187.17,"Churned"
6081,"2024-02-01",638,2,139.38,"Churned"
6082,"2023-05-12",903,2,311.45,"Churned"
6083,"2025-02-08",265,3,299.77,"Churned"
6084,"2022-08-20",1168,3,274.16,"Churned"
6086,"2024-04-20",559,1,222.55,"Churned"
6087,"2024-06-13",505,3,333.93,"Churned"
6088,"2020-09-08",1879,1,87.47,"Churned"
6089,"2024-04-25",554,1,34.11,"Churned"
6090,"2025-02-26",247,4,575.01,"Churned"
6093,"2021-07-28",1556,1,725.57,"Churned"
6094,"2023-02-06",998,2,149.37,"Churned"
6095,"2023-10-15",747,4,161.76,"Churned"
6096,"2020-11-15",1811,1,12.14,"Churned"
6097,"2024-05-18",531,5,237.74,"Churned"
6100,"2021-07-22",1562,1,126.03,"Churned"
6101,"2025-03-24",221,3,514.30,"Churned"
6102,"2023-10-26",736,2,142.43,"Churned"
6103,"2023-01-08",1027,2,195.97,"Churned"
6104,"2024-12-18",317,3,346.99,"Churned"
6105,"2024-07-02",486,2,587.02,"Churned"
6106,"2025-05-07",177,2,171.65,"Churned"
6108,"2025-01-26",278,3,58.11,"Churned"
6110,"2025-03-17",228,3,452.56,"Churned"
6111,"2023-11-30",701,2,133.59,"Churned"
6112,"2024-07-13",475,2,369.80,"Churned"
6113,"2024-12-27",308,1,91.52,"Churned"
6114,"2022-04-03",1307,1,18.87,"Churned"
6115,"2025-09-11",50,2,33.87,"At Risk"
6116,"2025-10-22",9,3,182.09,"Active"
6117,"2023-06-08",876,2,83.61,"Churned"
6118,"2023-03-15",961,1,557.19,"Churned"
6119,"2024-07-16",472,3,431.42,"Churned"
6120,"2023-08-01",822,2,108.07,"Churned"
6122,"2023-07-03",851,2,582.68,"Churned"
6123,"2025-10-03",28,3,99.54,"Active"
6124,"2023-11-09",722,1,181.44,"Churned"
6126,"2024-08-23",434,2,299.26,"Churned"
6127,"2021-11-26",1435,2,328.05,"Churned"
6128,"2025-03-27",218,2,119.42,"Churned"
6129,"2022-10-03",1124,1,217.12,"Churned"
6130,"2025-09-13",48,2,516.35,"At Risk"
6131,"2022-10-28",1099,2,271.19,"Churned"
6132,"2021-09-02",1520,1,227.76,"Churned"
6133,"2023-11-28",703,2,861.13,"Churned"
6134,"2024-04-30",549,4,309.98,"Churned"
6137,"2023-04-08",937,2,228.91,"Churned"
6138,"2023-11-10",721,3,310.70,"Churned"
6139,"2025-02-21",252,2,94.83,"Churned"
6141,"2023-08-22",801,1,74.93,"Churned"
6142,"2021-04-08",1667,1,37.11,"Churned"
6144,"2025-10-19",12,4,860.85,"Active"
6145,"2024-12-04",331,2,343.07,"Churned"
6146,"2022-10-12",1115,1,10.91,"Churned"
6147,"2023-07-06",848,1,131.20,"Churned"
6148,"2023-10-18",744,4,382.16,"Churned"
6150,"2025-10-26",5,1,522.28,"Active"
6151,"2023-03-30",946,1,239.83,"Churned"
6152,"2025-08-21",71,2,943.30,"At Risk"
6153,"2024-12-22",313,1,79.63,"Churned"
6154,"2024-07-26",462,3,149.29,"Churned"
6156,"2025-07-08",115,1,106.49,"Churned"
6157,"2024-04-13",566,1,60.04,"Churned"
6159,"2025-08-10",82,2,395.42,"At Risk"
6160,"2024-12-28",307,3,285.48,"Churned"
6164,"2022-12-23",1043,3,156.86,"Churned"
6165,"2023-07-10",844,2,158.00,"Churned"
6166,"2025-09-10",51,6,1638.69,"At Risk"
6167,"2021-01-23",1742,2,324.14,"Churned"
6168,"2022-04-18",1292,2,261.04,"Churned"
6169,"2022-03-25",1316,4,448.71,"Churned"
6170,"2025-08-15",77,2,168.58,"At Risk"
6171,"2022-07-25",1194,3,220.50,"Churned"
6172,"2024-12-05",330,2,202.14,"Churned"
6174,"2025-01-11",293,3,278.28,"Churned"
6175,"2023-03-08",968,1,103.66,"Churned"
6176,"2025-05-10",174,4,583.37,"Churned"
6178,"2024-10-14",382,1,89.09,"Churned"
6179,"2023-08-26",797,1,194.83,"Churned"
6180,"2024-05-24",525,2,164.26,"Churned"
6181,"2025-07-18",105,4,678.46,"Churned"
6182,"2024-01-14",656,3,480.22,"Churned"
6183,"2023-08-18",805,1,8.92,"Churned"
6184,"2024-09-05",421,2,59.97,"Churned"
6185,"2025-02-24",249,3,352.58,"Churned"
6187,"2022-05-17",1263,1,160.38,"Churned"
6190,"2025-10-26",5,4,384.64,"Active"
6192,"2025-03-29",216,2,218.27,"Churned"
6193,"2025-04-26",188,2,325.03,"Churned"
6194,"2024-12-05",330,1,146.88,"Churned"
6195,"2020-03-31",2040,1,392.73,"Churned"
6196,"2020-07-22",1927,1,70.97,"Churned"
6197,"2022-03-07",1334,2,90.74,"Churned"
6199,"2020-01-19",2112,1,95.11,"Churned"
6200,"2021-09-03",1519,2,116.71,"Churned"
6201,"2025-10-28",3,2,790.03,"Active"
6202,"2025-10-14",17,2,185.78,"Active"
6203,"2022-01-03",1397,2,109.08,"Churned"
6204,"2022-09-05",1152,3,174.56,"Churned"
6206,"2024-11-11",354,3,433.60,"Churned"
6207,"2021-07-25",1559,1,134.73,"Churned"
6208,"2021-06-07",1607,2,164.97,"Churned"
6209,"2024-12-08",327,3,461.61,"Churned"
6210,"2024-01-03",667,3,592.35,"Churned"
6211,"2025-01-02",302,3,322.81,"Churned"
6212,"2024-05-27",522,3,369.80,"Churned"
6213,"2024-11-11",354,1,259.09,"Churned"
6214,"2021-08-30",1523,1,30.71,"Churned"
6215,"2022-02-12",1357,2,161.54,"Churned"
6216,"2024-03-01",609,2,794.62,"Churned"
6217,"2025-01-09",295,3,548.64,"Churned"
6219,"2025-03-30",215,2,210.27,"Churned"
6220,"2025-08-13",79,5,1068.94,"At Risk"
6221,"2025-05-17",167,2,90.87,"Churned"
6223,"2024-01-02",668,3,408.75,"Churned"
6225,"2024-03-13",597,2,96.32,"Churned"
6226,"2022-10-16",1111,2,179.15,"Churned"
6227,"2021-02-11",1723,1,112.95,"Churned"
6228,"2022-12-29",1037,2,139.84,"Churned"
6231,"2024-09-28",398,3,439.85,"Churned"
6232,"2024-01-16",654,2,206.89,"Churned"
6233,"2021-08-13",1540,1,109.48,"Churned"
6234,"2023-12-13",688,4,714.78,"Churned"
6235,"2025-07-02",121,3,298.25,"Churned"
6236,"2023-04-27",918,1,116.73,"Churned"
6237,"2025-08-05",87,4,273.02,"At Risk"
6238,"2021-11-30",1431,2,153.20,"Churned"
6239,"2025-10-05",26,1,189.61,"Active"
6240,"2024-12-15",320,4,403.84,"Churned"
6241,"2025-06-06",147,3,408.78,"Churned"
6242,"2025-01-21",283,4,1635.43,"Churned"
6243,"2025-07-10",113,1,12.08,"Churned"
6246,"2025-01-15",289,2,271.39,"Churned"
6247,"2022-02-26",1343,2,242.74,"Churned"
6248,"2025-03-27",218,1,15.53,"Churned"
6249,"2023-02-24",980,2,53.52,"Churned"
6251,"2024-04-05",574,4,496.07,"Churned"
6253,"2020-08-16",1902,1,54.40,"Churned"
6254,"2021-05-20",1625,1,5.93,"Churned"
6255,"2022-06-25",1224,2,146.59,"Churned"
6258,"2025-07-28",95,1,42.94,"Churned"
6259,"2020-11-09",1817,2,178.34,"Churned"
6263,"2023-12-09",692,1,387.48,"Churned"
6264,"2020-12-13",1783,1,16.33,"Churned"
6265,"2025-09-25",36,2,142.22,"At Risk"
6266,"2025-05-30",154,1,120.00,"Churned"
6267,"2024-01-17",653,1,47.06,"Churned"
6268,"2023-01-23",1012,1,421.72,"Churned"
6269,"2025-06-04",149,1,290.01,"Churned"
6272,"2023-06-06",878,1,53.69,"Churned"
6274,"2024-10-02",394,2,174.43,"Churned"
6275,"2024-08-24",433,3,300.03,"Churned"
6278,"2025-07-30",93,3,418.88,"Churned"
6279,"2024-12-31",304,2,237.45,"Churned"
6280,"2025-01-17",287,4,263.53,"Churned"
6281,"2024-11-22",343,2,255.49,"Churned"
6282,"2025-02-19",254,3,534.49,"Churned"
6283,"2025-06-16",137,2,129.12,"Churned"
6285,"2021-04-12",1663,1,106.43,"Churned"
6286,"2021-11-19",1442,2,85.43,"Churned"
6287,"2023-08-08",815,1,341.42,"Churned"
6288,"2020-02-22",2078,1,103.92,"Churned"
6289,"2022-12-01",1065,2,91.72,"Churned"
6290,"2023-07-17",837,1,101.03,"Churned"
6291,"2022-03-08",1333,2,211.39,"Churned"
6292,"2023-05-27",888,3,603.76,"Churned"
6293,"2023-08-29",794,3,948.77,"Churned"
6294,"2022-08-07",1181,1,142.96,"Churned"
6295,"2021-04-11",1664,1,36.70,"Churned"
6296,"2025-07-31",92,2,362.46,"Churned"
6297,"2023-03-31",945,1,38.75,"Churned"
6298,"2023-03-18",958,3,60.64,"Churned"
6299,"2024-04-11",568,3,331.54,"Churned"
6301,"2025-04-23",191,1,69.48,"Churned"
6302,"2022-03-09",1332,2,345.19,"Churned"
6305,"2022-06-29",1220,1,63.50,"Churned"
6306,"2020-09-09",1878,1,124.61,"Churned"
6307,"2022-07-07",1212,3,178.18,"Churned"
6308,"2024-03-13",597,3,189.50,"Churned"
6309,"2024-03-14",596,3,98.40,"Churned"
6310,"2023-09-16",776,2,177.37,"Churned"
6311,"2025-03-30",215,5,675.15,"Churned"
6312,"2024-01-24",646,4,511.43,"Churned"
6314,"2025-01-13",291,1,13.10,"Churned"
6316,"2025-09-02",59,2,301.52,"At Risk"
6317,"2024-11-26",339,2,38.36,"Churned"
6318,"2022-07-13",1206,2,38.73,"Churned"
6319,"2020-06-05",1974,1,4.71,"Churned"
6320,"2023-08-20",803,2,569.17,"Churned"
6321,"2024-03-06",604,1,49.69,"Churned"
6322,"2023-01-11",1024,4,2230.66,"Churned"
6324,"2025-05-02",182,3,779.53,"Churned"
6325,"2025-08-31",61,3,449.90,"At Risk"
6327,"2021-08-24",1529,3,368.26,"Churned"
6329,"2021-10-01",1491,1,253.14,"Churned"
6330,"2025-05-28",156,3,561.70,"Churned"
6331,"2024-03-17",593,1,94.21,"Churned"
6332,"2025-08-19",73,2,969.03,"At Risk"
6333,"2025-02-01",272,3,489.95,"Churned"
6334,"2024-11-15",350,3,366.21,"Churned"
6337,"2023-11-23",708,2,173.91,"Churned"
6338,"2022-06-03",1246,3,493.33,"Churned"
6341,"2020-06-24",1955,1,53.96,"Churned"
6342,"2024-06-06",512,3,549.87,"Churned"
6343,"2024-07-24",464,2,215.27,"Churned"
6344,"2025-08-10",82,2,130.58,"At Risk"
6345,"2023-07-15",839,1,69.77,"Churned"
6346,"2025-04-13",201,3,131.96,"Churned"
6349,"2024-08-27",430,1,53.77,"Churned"
6350,"2023-09-14",778,3,510.20,"Churned"
6352,"2021-11-12",1449,1,256.91,"Churned"
6353,"2022-10-12",1115,1,59.50,"Churned"
6354,"2020-01-22",2109,1,81.98,"Churned"
6355,"2025-07-08",115,3,341.26,"Churned"
6356,"2025-06-10",143,2,557.30,"Churned"
6357,"2024-02-04",635,3,425.09,"Churned"
6359,"2021-11-25",1436,2,199.28,"Churned"
6360,"2023-07-09",845,1,85.63,"Churned"
6361,"2025-10-01",30,1,122.51,"Active"
6364,"2025-05-17",167,2,301.31,"Churned"
6365,"2022-11-13",1083,2,753.31,"Churned"
6366,"2021-10-15",1477,3,603.40,"Churned"
6367,"2025-03-26",219,2,95.46,"Churned"
6368,"2025-10-02",29,2,295.85,"Active"
6369,"2025-05-31",153,3,176.10,"Churned"
6370,"2021-03-26",1680,1,27.91,"Churned"
6371,"2020-04-12",2028,1,47.75,"Churned"
6372,"2023-07-05",849,1,206.55,"Churned"
6373,"2023-10-18",744,2,136.06,"Churned"
6374,"2025-01-17",287,2,228.28,"Churned"
6375,"2023-05-15",900,2,962.46,"Churned"
6376,"2021-03-17",1689,2,116.31,"Churned"
6377,"2025-08-08",84,5,352.41,"At Risk"
6378,"2023-08-31",792,2,185.76,"Churned"
6379,"2020-08-26",1892,1,90.31,"Churned"
6380,"2020-03-06",2065,1,141.03,"Churned"
6381,"2025-04-19",195,3,447.67,"Churned"
6382,"2024-10-05",391,5,595.30,"Churned"
6383,"2025-08-18",74,2,118.48,"At Risk"
6385,"2024-03-18",592,2,76.22,"Churned"
6386,"2023-05-21",894,2,143.66,"Churned"
6387,"2022-06-18",1231,1,70.76,"Churned"
6388,"2024-01-13",657,1,43.90,"Churned"
6389,"2023-10-13",749,2,133.16,"Churned"
6391,"2022-10-14",1113,1,109.33,"Churned"
6392,"2025-06-23",130,1,525.97,"Churned"
6393,"2023-04-26",919,3,589.38,"Churned"
6394,"2021-11-18",1443,1,43.01,"Churned"
6395,"2025-09-07",54,1,44.41,"At Risk"
6396,"2025-05-06",178,3,638.81,"Churned"
6397,"2022-10-20",1107,1,221.31,"Churned"
6398,"2022-07-09",1210,1,45.50,"Churned"
6399,"2021-08-22",1531,1,94.38,"Churned"
6400,"2021-04-23",1652,1,40.88,"Churned"
6401,"2024-01-14",656,2,67.34,"Churned"
6402,"2024-05-20",529,1,516.51,"Churned"
6403,"2023-07-01",853,1,67.84,"Churned"
6404,"2025-05-09",175,4,407.64,"Churned"
6405,"2021-12-20",1411,1,618.92,"Churned"
6406,"2020-05-30",1980,1,92.80,"Churned"
6408,"2021-06-08",1606,1,69.26,"Churned"
6409,"2024-02-07",632,3,586.87,"Churned"
6410,"2020-07-22",1927,1,208.49,"Churned"
6412,"2020-02-01",2099,1,239.45,"Churned"
6413,"2025-04-23",191,2,670.69,"Churned"
6414,"2023-02-15",989,1,7.90,"Churned"
6415,"2021-11-02",1459,2,224.82,"Churned"
6416,"2022-10-19",1108,1,22.54,"Churned"
6417,"2023-07-23",831,3,841.35,"Churned"
6418,"2025-07-09",114,2,331.59,"Churned"
6419,"2025-09-24",37,3,326.60,"At Risk"
6420,"2025-08-09",83,1,87.04,"At Risk"
6421,"2024-05-01",548,2,959.81,"Churned"
6422,"2024-06-26",492,4,1737.31,"Churned"
6424,"2023-03-24",952,1,45.46,"Churned"
6425,"2025-03-26",219,6,1537.96,"Churned"
6426,"2024-10-18",378,2,152.54,"Churned"
6427,"2025-05-10",174,2,533.26,"Churned"
6428,"2024-10-20",376,4,558.26,"Churned"
6429,"2022-10-02",1125,1,17.93,"Churned"
6430,"2021-08-27",1526,3,1219.98,"Churned"
6433,"2025-05-13",171,4,435.81,"Churned"
6434,"2025-08-28",64,3,284.34,"At Risk"
6435,"2024-07-31",457,2,460.59,"Churned"
6436,"2024-08-06",451,4,378.63,"Churned"
6437,"2025-05-30",154,5,796.33,"Churned"
6438,"2022-08-14",1174,1,170.87,"Churned"
6439,"2025-08-31",61,1,17.26,"At Risk"
6440,"2022-12-01",1065,3,523.97,"Churned"
6441,"2024-06-03",515,2,98.76,"Churned"
6442,"2025-02-02",271,1,21.08,"Churned"
6443,"2024-11-24",341,4,129.56,"Churned"
6445,"2025-06-26",127,3,828.56,"Churned"
6446,"2023-02-13",991,2,25.31,"Churned"
6447,"2024-03-25",585,2,262.61,"Churned"
6448,"2024-03-16",594,2,1062.62,"Churned"
6449,"2021-12-20",1411,1,30.27,"Churned"
6450,"2024-04-02",577,1,63.29,"Churned"
6452,"2022-07-08",1211,2,242.31,"Churned"
6453,"2023-11-30",701,2,232.85,"Churned"
6454,"2025-05-20",164,2,54.52,"Churned"
6455,"2025-05-24",160,5,769.23,"Churned"
6457,"2025-07-21",102,2,139.04,"Churned"
6458,"2021-09-11",1511,2,64.96,"Churned"
6459,"2021-12-05",1426,1,25.17,"Churned"
6460,"2022-01-03",1397,2,34.14,"Churned"
6461,"2025-04-21",193,3,311.90,"Churned"
6462,"2022-12-05",1061,1,243.24,"Churned"
6463,"2024-11-27",338,2,522.46,"Churned"
6464,"2023-01-10",1025,2,168.03,"Churned"
6465,"2023-11-05",726,4,110.19,"Churned"
6466,"2023-05-15",900,2,250.91,"Churned"
6467,"2021-12-22",1409,3,154.88,"Churned"
6471,"2020-10-08",1849,1,184.54,"Churned"
6472,"2023-09-05",787,2,73.23,"Churned"
6473,"2024-05-08",541,4,490.85,"Churned"
6475,"2025-10-20",11,3,293.24,"Active"
6476,"2022-10-18",1109,2,49.03,"Churned"
6477,"2025-02-17",256,2,78.03,"Churned"
6478,"2021-04-10",1665,1,77.83,"Churned"
6480,"2022-08-11",1177,2,150.98,"Churned"
6481,"2021-02-21",1713,1,71.07,"Churned"
6482,"2025-05-26",158,1,306.55,"Churned"
6483,"2023-09-06",786,1,151.00,"Churned"
6484,"2024-01-06",664,3,386.75,"Churned"
6485,"2024-04-15",564,2,251.52,"Churned"
6487,"2023-03-30",946,2,174.28,"Churned"
6488,"2024-12-20",315,1,83.26,"Churned"
6489,"2025-01-23",281,3,524.00,"Churned"
6491,"2025-08-22",70,3,249.38,"At Risk"
6492,"2024-12-28",307,1,15.71,"Churned"
6493,"2020-05-16",1994,1,27.47,"Churned"
6494,"2021-12-27",1404,2,27.61,"Churned"
6495,"2021-11-18",1443,1,37.79,"Churned"
6496,"2020-01-21",2110,1,315.49,"Churned"
6498,"2023-04-29",916,2,75.65,"Churned"
6499,"2025-01-21",283,3,278.88,"Churned"
6501,"2023-02-26",978,1,91.40,"Churned"
6502,"2022-12-03",1063,2,373.64,"Churned"
6504,"2024-04-20",559,4,342.96,"Churned"
6505,"2022-10-17",1110,3,568.68,"Churned"
6506,"2020-06-08",1971,1,336.89,"Churned"
6507,"2022-03-02",1339,1,117.46,"Churned"
6508,"2023-03-22",954,2,329.86,"Churned"
6509,"2025-01-20",284,5,768.85,"Churned"
6510,"2021-09-22",1500,2,1504.17,"Churned"
6511,"2021-08-16",1537,4,560.71,"Churned"
6512,"2021-12-12",1419,1,118.14,"Churned"
6514,"2022-12-11",1055,2,256.38,"Churned"
6516,"2023-06-30",854,3,392.58,"Churned"
6518,"2022-09-12",1145,3,130.54,"Churned"
6519,"2025-05-02",182,3,620.28,"Churned"
6521,"2024-10-03",393,2,174.07,"Churned"
6522,"2025-09-25",36,2,194.90,"At Risk"
6523,"2025-08-05",87,4,286.20,"At Risk"
6524,"2024-07-05",483,3,150.67,"Churned"
6525,"2024-06-27",491,3,225.99,"Churned"
6526,"2022-10-07",1120,1,133.18,"Churned"
6527,"2024-06-04",514,1,15.64,"Churned"
6528,"2023-03-19",957,2,172.46,"Churned"
6530,"2025-01-09",295,2,231.86,"Churned"
6531,"2021-08-26",1527,2,403.43,"Churned"
6533,"2020-04-20",2020,1,120.26,"Churned"
6534,"2023-09-18",774,2,80.30,"Churned"
6535,"2024-02-14",625,1,13.53,"Churned"
6536,"2023-07-13",841,2,178.19,"Churned"
6537,"2024-07-07",481,4,823.06,"Churned"
6538,"2022-05-14",1266,1,9.96,"Churned"
6540,"2024-12-20",315,2,256.51,"Churned"
6541,"2021-10-10",1482,1,31.63,"Churned"
6542,"2022-07-31",1188,2,174.63,"Churned"
6543,"2024-06-02",516,6,1298.75,"Churned"
6544,"2023-10-12",750,2,102.09,"Churned"
6545,"2023-08-15",808,1,50.52,"Churned"
6547,"2023-05-15",900,1,35.95,"Churned"
6548,"2021-08-13",1540,2,363.62,"Churned"
6549,"2020-08-10",1908,2,65.26,"Churned"
6551,"2025-03-18",227,1,174.05,"Churned"
6552,"2025-08-14",78,2,464.00,"At Risk"
6553,"2025-07-05",118,2,497.97,"Churned"
6554,"2023-04-13",932,2,116.57,"Churned"
6555,"2023-03-22",954,1,50.16,"Churned"
6556,"2023-05-06",909,4,349.59,"Churned"
6557,"2021-12-02",1429,3,439.44,"Churned"
6558,"2024-06-05",513,4,613.49,"Churned"
6559,"2024-01-13",657,1,202.56,"Churned"
6560,"2022-08-28",1160,1,155.87,"Churned"
6561,"2023-10-11",751,1,80.85,"Churned"
6562,"2024-04-11",568,2,193.73,"Churned"
6563,"2024-04-06",573,6,1149.74,"Churned"
6564,"2024-11-23",342,2,230.03,"Churned"
6565,"2022-04-11",1299,2,180.39,"Churned"
6566,"2024-12-29",306,2,192.08,"Churned"
6567,"2021-05-19",1626,1,68.99,"Churned"
6568,"2023-02-23",981,3,333.82,"Churned"
6570,"2025-08-25",67,1,324.37,"At Risk"
6572,"2024-06-06",512,2,342.27,"Churned"
6573,"2024-11-22",343,3,298.78,"Churned"
6574,"2023-04-25",920,1,91.76,"Churned"
6575,"2024-02-27",612,2,79.75,"Churned"
6576,"2020-07-10",1939,1,50.79,"Churned"
6577,"2025-04-29",185,3,251.48,"Churned"
6579,"2025-06-08",145,3,449.76,"Churned"
6580,"2025-03-07",238,2,490.72,"Churned"
6581,"2025-06-29",124,1,145.00,"Churned"
6583,"2024-07-17",471,3,547.42,"Churned"
6584,"2022-11-20",1076,1,58.23,"Churned"
6585,"2021-11-29",1432,3,199.66,"Churned"
6586,"2025-09-24",37,3,318.05,"At Risk"
6587,"2025-10-01",30,2,652.16,"Active"
6588,"2022-07-26",1193,1,79.56,"Churned"
6589,"2025-07-11",112,2,131.66,"Churned"
6590,"2020-04-15",2025,1,122.32,"Churned"
6592,"2024-05-30",519,2,266.90,"Churned"
6593,"2021-08-06",1547,1,34.04,"Churned"
6594,"2022-10-20",1107,1,171.09,"Churned"
6595,"2022-04-14",1296,2,118.15,"Churned"
6596,"2022-05-07",1273,1,114.31,"Churned"
6599,"2023-12-25",676,2,75.24,"Churned"
6600,"2024-01-22",648,4,273.02,"Churned"
6601,"2024-03-16",594,2,231.45,"Churned"
6602,"2024-03-05",605,1,314.88,"Churned"
6603,"2024-05-26",523,2,278.77,"Churned"
6604,"2024-08-27",430,3,272.66,"Churned"
6605,"2024-08-30",427,1,342.63,"Churned"
6606,"2024-09-01",425,3,296.46,"Churned"
6607,"2025-04-22",192,2,146.14,"Churned"
6608,"2021-09-27",1495,2,365.66,"Churned"
6609,"2022-11-24",1072,1,12.56,"Churned"
6610,"2023-06-04",880,1,67.59,"Churned"
6611,"2020-05-04",2006,1,8.15,"Churned"
6612,"2023-10-28",734,3,367.40,"Churned"
6613,"2024-10-10",386,2,212.20,"Churned"
6615,"2023-10-02",760,1,195.91,"Churned"
6616,"2024-06-12",506,4,640.82,"Churned"
6617,"2024-11-28",337,4,382.61,"Churned"
6618,"2021-05-01",1644,1,9.35,"Churned"
6620,"2021-04-26",1649,1,18.77,"Churned"
6621,"2022-04-28",1282,1,58.26,"Churned"
6623,"2025-01-30",274,1,28.16,"Churned"
6624,"2023-01-31",1004,1,7.91,"Churned"
6625,"2025-10-16",15,2,138.78,"Active"
6626,"2023-05-16",899,2,191.86,"Churned"
6627,"2023-12-11",690,2,955.29,"Churned"
6628,"2024-07-16",472,2,129.44,"Churned"
6629,"2024-05-19",530,6,816.27,"Churned"
6630,"2024-07-03",485,4,606.20,"Churned"
6631,"2025-08-29",63,3,214.84,"At Risk"
6632,"2023-09-04",788,3,522.39,"Churned"
6634,"2022-07-27",1192,1,68.31,"Churned"
6635,"2025-06-14",139,2,263.63,"Churned"
6636,"2020-03-28",2043,2,361.41,"Churned"
6637,"2025-03-12",233,3,154.86,"Churned"
6638,"2020-10-11",1846,1,34.29,"Churned"
6641,"2025-06-29",124,4,334.14,"Churned"
6642,"2023-02-16",988,4,392.87,"Churned"
6644,"2020-02-11",2089,1,38.74,"Churned"
6645,"2024-12-26",309,2,79.62,"Churned"
6649,"2023-07-08",846,2,20.13,"Churned"
6650,"2025-04-17",197,1,98.68,"Churned"
6651,"2024-08-12",445,3,323.13,"Churned"
6652,"2024-09-30",396,3,470.56,"Churned"
6653,"2023-11-13",718,1,184.20,"Churned"
6654,"2025-10-09",22,3,177.40,"Active"
6655,"2025-01-21",283,1,65.96,"Churned"
6656,"2022-11-05",1091,1,79.52,"Churned"
6657,"2023-12-08",693,2,367.40,"Churned"
6658,"2025-01-10",294,2,253.18,"Churned"
6659,"2024-06-25",493,3,166.74,"Churned"
6660,"2021-10-25",1467,1,39.98,"Churned"
6661,"2024-08-09",448,2,497.84,"Churned"
6662,"2024-02-20",619,2,614.31,"Churned"
6664,"2023-09-03",789,3,136.80,"Churned"
6665,"2024-10-12",384,1,85.51,"Churned"
6667,"2024-12-22",313,1,37.45,"Churned"
6668,"2022-07-16",1203,1,107.85,"Churned"
6669,"2025-04-08",206,2,84.77,"Churned"
6670,"2021-11-17",1444,1,10.81,"Churned"
6671,"2025-09-07",54,2,23.04,"At Risk"
6672,"2021-11-15",1446,2,201.38,"Churned"
6674,"2023-04-09",936,3,71.03,"Churned"
6675,"2024-06-13",505,3,224.08,"Churned"
6676,"2023-05-23",892,1,48.47,"Churned"
6677,"2024-11-23",342,2,260.47,"Churned"
6678,"2025-01-08",296,5,962.44,"Churned"
6679,"2023-01-10",1025,2,532.60,"Churned"
6680,"2024-04-04",575,2,84.18,"Churned"
6681,"2024-07-20",468,3,512.20,"Churned"
6682,"2024-12-22",313,5,304.73,"Churned"
6685,"2024-05-29",520,2,594.15,"Churned"
6686,"2023-04-02",943,1,105.54,"Churned"
6687,"2024-10-09",387,1,802.42,"Churned"
6689,"2023-08-16",807,2,70.16,"Churned"
6690,"2024-01-30",640,2,105.04,"Churned"
6691,"2024-02-09",630,2,253.34,"Churned"
6694,"2021-11-06",1455,2,70.68,"Churned"
6696,"2020-10-22",1835,1,232.32,"Churned"
6697,"2023-07-08",846,2,216.67,"Churned"
6698,"2024-08-22",435,1,53.54,"Churned"
6699,"2025-04-03",211,2,336.52,"Churned"
6700,"2022-12-29",1037,3,273.65,"Churned"
6702,"2021-12-02",1429,1,58.33,"Churned"
6703,"2024-01-23",647,2,194.30,"Churned"
6704,"2024-01-19",651,5,987.24,"Churned"
6706,"2023-01-22",1013,1,72.84,"Churned"
6707,"2025-03-09",236,4,245.05,"Churned"
6708,"2024-11-20",345,3,640.50,"Churned"
6709,"2021-06-15",1599,1,17.61,"Churned"
6711,"2023-02-20",984,1,37.55,"Churned"
6712,"2021-07-24",1560,1,63.35,"Churned"
6713,"2024-08-08",449,2,50.55,"Churned"
6714,"2024-01-16",654,3,543.19,"Churned"
6715,"2023-07-24",830,1,35.59,"Churned"
6716,"2020-05-04",2006,1,81.22,"Churned"
6717,"2024-10-31",365,1,19.94,"Churned"
6718,"2023-05-03",912,1,23.11,"Churned"
6719,"2020-09-13",1874,2,198.86,"Churned"
6720,"2021-05-18",1627,2,57.87,"Churned"
6722,"2020-04-13",2027,1,6.98,"Churned"
6723,"2022-02-09",1360,3,96.64,"Churned"
6724,"2022-06-06",1243,3,536.91,"Churned"
6725,"2024-12-17",318,1,95.90,"Churned"
6726,"2022-09-13",1144,1,176.16,"Churned"
6727,"2024-07-12",476,3,167.69,"Churned"
6729,"2022-02-14",1355,1,5.30,"Churned"
6730,"2025-02-09",264,2,168.11,"Churned"
6731,"2024-12-08",327,1,41.99,"Churned"
6732,"2024-09-21",405,1,39.86,"Churned"
6733,"2024-12-09",326,2,871.67,"Churned"
6734,"2021-06-22",1592,2,281.12,"Churned"
6735,"2021-04-26",1649,1,93.20,"Churned"
6736,"2023-10-19",743,1,180.28,"Churned"
6737,"2025-05-29",155,4,359.39,"Churned"
6738,"2023-11-11",720,1,255.96,"Churned"
6739,"2024-09-22",404,1,54.28,"Churned"
6740,"2025-09-05",56,2,156.93,"At Risk"
6741,"2021-05-14",1631,1,37.09,"Churned"
6742,"2025-04-17",197,2,448.45,"Churned"
6743,"2025-03-03",242,4,502.51,"Churned"
6744,"2021-11-08",1453,1,436.98,"Churned"
6745,"2024-01-11",659,5,376.26,"Churned"
6746,"2025-09-18",43,1,49.91,"At Risk"
6748,"2024-07-16",472,3,228.40,"Churned"
6749,"2024-12-22",313,1,56.82,"Churned"
6750,"2025-09-03",58,2,589.21,"At Risk"
6751,"2020-07-18",1931,2,127.77,"Churned"
6752,"2021-07-22",1562,1,256.19,"Churned"
6753,"2023-04-30",915,3,485.78,"Churned"
6755,"2025-03-18",227,3,353.52,"Churned"
6756,"2024-07-03",485,1,9.25,"Churned"
6757,"2022-10-17",1110,4,533.69,"Churned"
6758,"2021-05-23",1622,1,76.09,"Churned"
6761,"2023-07-22",832,2,49.23,"Churned"
6762,"2020-03-05",2066,1,121.75,"Churned"
6763,"2021-06-04",1610,1,123.36,"Churned"
6765,"2024-07-25",463,3,280.47,"Churned"
6767,"2021-12-01",1430,1,62.98,"Churned"
6768,"2022-08-06",1182,3,650.67,"Churned"
6769,"2025-05-29",155,3,133.19,"Churned"
6770,"2022-10-11",1116,2,413.78,"Churned"
6772,"2024-11-18",347,1,28.47,"Churned"
6773,"2025-09-22",39,1,158.66,"At Risk"
6774,"2022-02-21",1348,2,306.95,"Churned"
6775,"2021-10-17",1475,1,121.58,"Churned"
6776,"2025-04-06",208,1,64.73,"Churned"
6777,"2024-07-12",476,1,77.45,"Churned"
6778,"2025-02-07",266,1,116.48,"Churned"
6780,"2023-09-03",789,5,568.34,"Churned"
6781,"2023-11-21",710,2,474.21,"Churned"
6783,"2021-02-22",1712,2,292.75,"Churned"
6785,"2024-03-19",591,3,247.61,"Churned"
6786,"2022-05-24",1256,1,52.38,"Churned"
6787,"2024-04-02",577,2,426.58,"Churned"
6789,"2021-04-19",1656,2,191.04,"Churned"
6790,"2024-03-18",592,4,630.19,"Churned"
6792,"2025-04-16",198,4,819.57,"Churned"
6793,"2022-12-26",1040,1,189.87,"Churned"
6795,"2024-04-19",560,2,193.53,"Churned"
6796,"2020-03-09",2062,1,85.74,"Churned"
6797,"2025-08-25",67,2,413.88,"At Risk"
6799,"2023-08-25",798,1,260.22,"Churned"
6800,"2024-03-06",604,1,19.69,"Churned"
6802,"2022-05-04",1276,1,82.91,"Churned"
6803,"2024-09-30",396,2,1104.66,"Churned"
6804,"2023-04-26",919,3,615.62,"Churned"
6808,"2022-12-03",1063,2,132.69,"Churned"
6809,"2021-03-20",1686,1,21.08,"Churned"
6810,"2024-01-21",649,2,272.32,"Churned"
6811,"2025-08-06",86,2,98.70,"At Risk"
6812,"2024-06-02",516,2,146.06,"Churned"
6813,"2024-03-20",590,2,62.80,"Churned"
6814,"2025-06-08",145,7,1573.80,"Churned"
6815,"2025-07-08",115,2,279.88,"Churned"
6817,"2025-06-25",128,3,382.78,"Churned"
6818,"2024-10-05",391,3,464.96,"Churned"
6819,"2023-05-28",887,4,524.48,"Churned"
6821,"2020-06-20",1959,1,14.22,"Churned"
6823,"2021-11-10",1451,1,117.24,"Churned"
6824,"2025-09-12",49,4,897.20,"At Risk"
6825,"2023-09-30",762,2,98.25,"Churned"
6826,"2024-04-20",559,3,391.45,"Churned"
6827,"2024-09-14",412,2,458.71,"Churned"
6828,"2023-07-18",836,4,1315.73,"Churned"
6829,"2020-08-21",1897,1,11.17,"Churned"
6830,"2024-06-11",507,1,75.35,"Churned"
6831,"2021-11-27",1434,1,413.66,"Churned"
6832,"2022-06-28",1221,2,452.49,"Churned"
6834,"2023-05-11",904,3,124.98,"Churned"
6835,"2021-12-14",1417,1,52.14,"Churned"
6836,"2022-10-30",1097,1,21.38,"Churned"
6837,"2025-10-08",23,2,156.21,"Active"
6838,"2025-09-19",42,3,203.10,"At Risk"
6839,"2025-05-29",155,4,328.43,"Churned"
6840,"2022-08-15",1173,1,90.32,"Churned"
6841,"2024-05-17",532,3,545.27,"Churned"
6842,"2020-03-29",2042,1,63.36,"Churned"
6843,"2024-09-18",408,3,588.54,"Churned"
6844,"2024-04-13",566,2,313.80,"Churned"
6846,"2025-08-08",84,2,138.44,"At Risk"
6847,"2023-08-17",806,2,39.58,"Churned"
6848,"2023-07-16",838,3,417.56,"Churned"
6849,"2023-11-21",710,4,480.65,"Churned"
6850,"2021-04-19",1656,1,184.61,"Churned"
6851,"2024-10-28",368,3,1352.56,"Churned"
6852,"2024-12-28",307,3,1154.92,"Churned"
6853,"2022-01-16",1384,1,94.71,"Churned"
6854,"2025-10-21",10,3,360.28,"Active"
6855,"2023-04-22",923,2,236.38,"Churned"
6856,"2024-04-21",558,6,529.65,"Churned"
6857,"2025-07-14",109,2,299.88,"Churned"
6859,"2024-05-27",522,4,916.96,"Churned"
6860,"2021-07-02",1582,1,122.42,"Churned"
6861,"2025-10-21",10,2,139.54,"Active"
6862,"2025-05-07",177,1,173.44,"Churned"
6863,"2022-01-05",1395,1,79.44,"Churned"
6864,"2020-08-06",1912,1,31.68,"Churned"
6865,"2025-07-30",93,8,787.44,"Churned"
6867,"2023-01-08",1027,3,228.96,"Churned"
6868,"2024-02-03",636,4,429.71,"Churned"
6869,"2025-08-05",87,2,52.03,"At Risk"
6870,"2024-02-09",630,1,94.62,"Churned"
6871,"2020-10-18",1839,1,277.34,"Churned"
6872,"2023-04-30",915,3,167.48,"Churned"
6873,"2022-06-09",1240,2,73.85,"Churned"
6875,"2024-10-27",369,1,5.21,"Churned"
6876,"2025-02-05",268,3,381.01,"Churned"
6877,"2020-08-17",1901,1,24.57,"Churned"
6879,"2022-08-31",1157,3,385.96,"Churned"
6880,"2025-06-21",132,1,75.74,"Churned"
6882,"2025-01-09",295,1,250.19,"Churned"
6883,"2025-07-18",105,3,65.97,"Churned"
6884,"2022-12-16",1050,2,382.69,"Churned"
6885,"2023-02-04",1000,4,629.57,"Churned"
6887,"2022-12-19",1047,3,193.29,"Churned"
6888,"2023-02-20",984,2,153.51,"Churned"
6889,"2023-04-30",915,1,143.80,"Churned"
6891,"2022-08-24",1164,3,142.99,"Churned"
6892,"2025-07-12",111,4,1004.43,"Churned"
6893,"2024-12-16",319,3,245.81,"Churned"
6894,"2020-03-04",2067,1,189.70,"Churned"
6895,"2021-11-19",1442,1,60.64,"Churned"
6899,"2024-11-21",344,2,265.30,"Churned"
6900,"2022-10-21",1106,3,248.03,"Churned"
6901,"2025-07-10",113,6,1190.40,"Churned"
6902,"2024-03-23",587,3,434.09,"Churned"
6903,"2025-05-20",164,2,131.02,"Churned"
6904,"2020-07-06",1943,1,198.59,"Churned"
6905,"2025-03-11",234,1,132.51,"Churned"
6906,"2024-05-23",526,4,828.85,"Churned"
6908,"2024-09-27",399,2,166.86,"Churned"
6909,"2025-02-25",248,3,205.46,"Churned"
6910,"2020-07-25",1924,1,161.14,"Churned"
6911,"2021-07-21",1563,3,390.30,"Churned"
6915,"2021-11-09",1452,2,330.81,"Churned"
6916,"2021-03-05",1701,2,139.85,"Churned"
6917,"2023-11-22",709,1,7.38,"Churned"
6918,"2020-11-17",1809,1,64.99,"Churned"
6919,"2024-09-19",407,4,462.94,"Churned"
6920,"2024-11-27",338,3,122.16,"Churned"
6921,"2025-08-05",87,2,57.30,"At Risk"
6923,"2023-08-12",811,2,153.38,"Churned"
6924,"2020-10-04",1853,1,226.69,"Churned"
6925,"2025-09-18",43,1,209.44,"At Risk"
6926,"2021-05-26",1619,1,6.79,"Churned"
6927,"2024-08-03",454,2,357.26,"Churned"
6928,"2024-10-29",367,1,36.52,"Churned"
6929,"2022-10-15",1112,5,445.03,"Churned"
6931,"2023-10-29",733,2,1158.02,"Churned"
6932,"2025-01-30",274,5,789.87,"Churned"
6934,"2025-07-01",122,2,106.64,"Churned"
6935,"2024-09-14",412,4,233.72,"Churned"
6936,"2023-05-18",897,2,292.67,"Churned"
6937,"2024-01-23",647,2,69.65,"Churned"
6939,"2022-02-27",1342,3,194.63,"Churned"
6940,"2025-06-21",132,2,223.02,"Churned"
6941,"2021-03-21",1685,1,381.34,"Churned"
6942,"2025-10-20",11,1,48.06,"Active"
6943,"2025-04-13",201,3,404.13,"Churned"
6947,"2021-08-19",1534,2,137.36,"Churned"
6948,"2022-11-15",1081,3,186.04,"Churned"
6950,"2021-02-08",1726,2,190.95,"Churned"
6951,"2024-03-27",583,2,1154.44,"Churned"
6952,"2022-07-19",1200,1,93.76,"Churned"
6953,"2023-11-30",701,2,453.85,"Churned"
6954,"2022-03-31",1310,3,294.13,"Churned"
6955,"2023-03-18",958,1,70.41,"Churned"
6956,"2024-07-04",484,2,79.73,"Churned"
6958,"2023-02-20",984,2,484.80,"Churned"
6959,"2021-11-28",1433,3,76.36,"Churned"
6960,"2021-01-21",1744,1,6.61,"Churned"
6962,"2025-03-29",216,2,91.32,"Churned"
6963,"2024-01-03",667,2,83.72,"Churned"
6964,"2021-04-12",1663,1,60.79,"Churned"
6965,"2021-06-04",1610,1,9.20,"Churned"
6966,"2025-07-05",118,2,205.99,"Churned"
6967,"2023-11-24",707,4,229.79,"Churned"
6968,"2023-10-14",748,4,498.51,"Churned"
6971,"2021-03-07",1699,1,115.67,"Churned"
6972,"2021-09-20",1502,1,34.38,"Churned"
6973,"2024-12-22",313,2,420.15,"Churned"
6974,"2023-05-20",895,1,21.25,"Churned"
6975,"2020-03-13",2058,1,72.00,"Churned"
6976,"2022-10-11",1116,1,398.25,"Churned"
6977,"2025-07-25",98,3,641.37,"Churned"
6978,"2023-11-26",705,1,18.10,"Churned"
6979,"2023-09-25",767,2,285.48,"Churned"
6980,"2024-12-17",318,1,191.12,"Churned"
6981,"2024-04-04",575,2,115.71,"Churned"
6983,"2021-07-09",1575,2,275.77,"Churned"
6984,"2024-10-03",393,3,491.89,"Churned"
6985,"2025-07-17",106,2,253.19,"Churned"
6986,"2022-03-09",1332,1,10.25,"Churned"
6987,"2023-08-28",795,1,141.16,"Churned"
6988,"2022-12-25",1041,2,291.55,"Churned"
6989,"2024-12-27",308,3,391.35,"Churned"
6991,"2023-04-26",919,1,43.30,"Churned"
6992,"2024-03-20",590,1,183.35,"Churned"
6993,"2023-09-16",776,1,15.16,"Churned"
6994,"2023-10-24",738,2,387.20,"Churned"
6995,"2022-03-05",1336,1,87.59,"Churned"
6996,"2023-12-27",674,3,500.81,"Churned"
6997,"2023-06-16",868,3,607.43,"Churned"
6998,"2021-03-02",1704,1,40.32,"Churned"
6999,"2020-06-15",1964,1,56.62,"Churned"
7000,"2024-12-02",333,4,275.77,"Churned"
7001,"2025-01-12",292,3,589.88,"Churned"
7003,"2024-12-13",322,6,967.68,"Churned"
7006,"2022-05-07",1273,1,8.24,"Churned"
7007,"2025-10-02",29,5,995.38,"Active"
7008,"2024-08-16",441,3,98.41,"Churned"
7009,"2022-10-21",1106,1,15.06,"Churned"
7010,"2022-11-14",1082,2,111.84,"Churned"
7011,"2024-11-25",340,3,1017.82,"Churned"
7012,"2024-07-01",487,3,1131.50,"Churned"
7013,"2024-08-16",441,4,758.41,"Churned"
7014,"2021-10-07",1485,1,76.82,"Churned"
7015,"2025-01-12",292,2,261.87,"Churned"
7017,"2024-12-13",322,1,42.54,"Churned"
7018,"2024-04-15",564,5,1096.85,"Churned"
7019,"2024-03-03",607,1,110.69,"Churned"
7020,"2023-11-15",716,2,136.47,"Churned"
7021,"2021-02-19",1715,2,263.44,"Churned"
7023,"2023-10-29",733,4,487.62,"Churned"
7024,"2023-02-03",1001,1,38.19,"Churned"
7025,"2023-11-10",721,2,334.53,"Churned"
7026,"2024-09-08",418,1,61.95,"Churned"
7027,"2021-05-31",1614,1,431.26,"Churned"
7028,"2024-08-28",429,4,306.85,"Churned"
7029,"2023-08-14",809,4,460.79,"Churned"
7030,"2024-08-20",437,2,661.01,"Churned"
7031,"2023-04-03",942,1,49.28,"Churned"
7032,"2022-07-02",1217,2,1744.42,"Churned"
7033,"2024-03-14",596,3,316.43,"Churned"
7034,"2024-07-11",477,1,92.30,"Churned"
7035,"2023-08-09",814,2,68.27,"Churned"
7036,"2022-12-10",1056,2,626.49,"Churned"
7037,"2024-01-26",644,2,141.24,"Churned"
7039,"2025-06-15",138,2,237.78,"Churned"
7040,"2022-06-09",1240,1,213.75,"Churned"
7041,"2021-11-10",1451,1,1087.91,"Churned"
7042,"2022-11-28",1068,3,353.08,"Churned"
7044,"2022-12-09",1057,1,142.92,"Churned"
7045,"2020-08-16",1902,1,241.39,"Churned"
7047,"2024-04-04",575,2,408.00,"Churned"
7048,"2022-12-31",1035,1,401.68,"Churned"
7049,"2023-12-15",686,1,240.78,"Churned"
7050,"2022-12-17",1049,3,670.47,"Churned"
7051,"2022-08-28",1160,3,315.38,"Churned"
7052,"2021-12-24",1407,3,95.36,"Churned"
7054,"2023-05-27",888,1,9.20,"Churned"
7055,"2024-02-05",634,2,180.14,"Churned"
7056,"2024-06-26",492,2,370.15,"Churned"
7057,"2024-12-28",307,2,226.88,"Churned"
7058,"2020-09-22",1865,2,294.55,"Churned"
7059,"2025-09-27",34,2,121.06,"At Risk"
7060,"2022-09-08",1149,2,91.84,"Churned"
7061,"2022-02-05",1364,1,105.68,"Churned"
7062,"2021-12-04",1427,1,401.10,"Churned"
7063,"2023-12-22",679,2,422.62,"Churned"
7064,"2024-01-29",641,3,1403.91,"Churned"
7068,"2024-12-01",334,2,563.13,"Churned"
7069,"2021-08-19",1534,1,83.06,"Churned"
7070,"2023-11-05",726,3,524.34,"Churned"
7071,"2022-11-30",1066,1,610.34,"Churned"
7073,"2023-10-26",736,3,420.92,"Churned"
7074,"2025-10-13",18,2,224.77,"Active"
7076,"2021-06-17",1597,1,128.95,"Churned"
7077,"2025-05-14",170,1,501.68,"Churned"
7078,"2023-02-23",981,2,396.81,"Churned"
7079,"2024-06-13",505,3,203.70,"Churned"
7080,"2023-09-08",784,2,157.49,"Churned"
7081,"2023-02-15",989,2,187.74,"Churned"
7082,"2025-03-28",217,2,51.63,"Churned"
7083,"2025-05-14",170,1,205.61,"Churned"
7085,"2021-06-26",1588,1,166.18,"Churned"
7086,"2024-11-15",350,5,724.45,"Churned"
7087,"2020-12-02",1794,1,80.06,"Churned"
7088,"2024-11-06",359,3,216.94,"Churned"
7089,"2023-02-11",993,1,12.55,"Churned"
7090,"2023-12-07",694,2,252.80,"Churned"
7091,"2025-09-01",60,1,21.48,"At Risk"
7092,"2021-07-20",1564,3,470.41,"Churned"
7093,"2024-04-03",576,1,117.47,"Churned"
7094,"2020-11-22",1804,2,174.76,"Churned"
7095,"2021-12-26",1405,1,28.59,"Churned"
7096,"2024-12-25",310,1,19.37,"Churned"
7097,"2020-08-11",1907,1,53.49,"Churned"
7098,"2024-02-05",634,2,162.01,"Churned"
7099,"2025-09-04",57,4,147.57,"At Risk"
7100,"2025-05-09",175,1,60.68,"Churned"
7102,"2022-08-27",1161,1,13.48,"Churned"
7103,"2020-08-14",1904,1,42.12,"Churned"
7104,"2022-01-26",1374,1,28.84,"Churned"
7105,"2025-07-28",95,4,257.00,"Churned"
7106,"2020-07-10",1939,1,151.22,"Churned"
7107,"2021-07-21",1563,1,42.09,"Churned"
7108,"2022-11-10",1086,1,122.35,"Churned"
7109,"2020-11-06",1820,1,225.17,"Churned"
7110,"2024-04-28",551,3,979.64,"Churned"
7111,"2022-07-19",1200,1,148.92,"Churned"
7112,"2023-10-08",754,1,87.48,"Churned"
7113,"2024-08-04",453,2,166.48,"Churned"
7114,"2024-07-11",477,1,28.89,"Churned"
7115,"2021-01-15",1750,2,968.69,"Churned"
7116,"2024-08-13",444,1,40.51,"Churned"
7117,"2025-10-30",1,3,1264.38,"Active"
7118,"2024-08-05",452,4,685.31,"Churned"
7119,"2025-02-24",249,2,54.64,"Churned"
7120,"2025-06-07",146,4,426.79,"Churned"
7121,"2023-03-17",959,2,313.81,"Churned"
7122,"2020-12-04",1792,1,60.44,"Churned"
7123,"2024-03-15",595,1,13.02,"Churned"
7124,"2021-08-23",1530,1,96.58,"Churned"
7125,"2024-07-18",470,4,382.66,"Churned"
7127,"2025-03-19",226,1,24.28,"Churned"
7129,"2022-07-06",1213,2,254.84,"Churned"
7130,"2024-12-17",318,4,635.06,"Churned"
7131,"2024-03-11",599,2,359.09,"Churned"
7133,"2023-11-09",722,2,359.11,"Churned"
7135,"2023-10-31",731,2,305.03,"Churned"
7136,"2020-12-13",1783,1,136.34,"Churned"
7137,"2020-10-20",1837,1,39.93,"Churned"
7138,"2021-10-15",1477,1,33.47,"Churned"
7139,"2025-03-19",226,5,417.60,"Churned"
7140,"2020-08-01",1917,1,36.07,"Churned"
7141,"2024-01-29",641,1,239.26,"Churned"
7142,"2024-05-02",547,2,190.37,"Churned"
7144,"2023-12-08",693,1,133.80,"Churned"
7147,"2022-02-01",1368,1,383.88,"Churned"
7148,"2023-07-01",853,2,682.61,"Churned"
7149,"2025-07-14",109,6,772.99,"Churned"
7150,"2025-03-27",218,2,237.50,"Churned"
7152,"2023-10-23",739,1,130.55,"Churned"
7154,"2024-09-22",404,1,52.45,"Churned"
7155,"2023-02-05",999,3,346.55,"Churned"
7156,"2021-11-02",1459,1,63.25,"Churned"
7157,"2023-05-18",897,1,8.85,"Churned"
7159,"2025-07-29",94,4,182.78,"Churned"
7160,"2025-04-28",186,3,235.02,"Churned"
7161,"2022-01-29",1371,2,271.93,"Churned"
7162,"2022-05-22",1258,3,540.51,"Churned"
7163,"2025-08-28",64,3,834.88,"At Risk"
7164,"2021-07-01",1583,1,238.56,"Churned"
7165,"2025-08-21",71,4,721.96,"At Risk"
7166,"2024-09-14",412,1,114.18,"Churned"
7167,"2025-10-18",13,3,1032.48,"Active"
7169,"2021-05-23",1622,1,50.57,"Churned"
7170,"2022-09-19",1138,1,51.45,"Churned"
7171,"2024-08-24",433,2,318.20,"Churned"
7173,"2022-09-17",1140,1,6.79,"Churned"
7175,"2024-01-05",665,2,243.42,"Churned"
7176,"2025-01-07",297,3,131.60,"Churned"
7177,"2025-10-04",27,3,105.96,"Active"
7179,"2025-03-06",239,2,89.58,"Churned"
7181,"2025-05-24",160,2,125.83,"Churned"
7183,"2021-08-10",1543,1,250.08,"Churned"
7184,"2022-02-09",1360,3,465.50,"Churned"
7185,"2023-11-24",707,3,99.56,"Churned"
7186,"2023-02-12",992,1,189.38,"Churned"
7188,"2023-06-11",873,3,557.90,"Churned"
7189,"2023-02-15",989,1,31.09,"Churned"
7191,"2020-03-31",2040,1,151.12,"Churned"
7192,"2024-02-23",616,1,7.39,"Churned"
7193,"2023-11-26",705,4,311.00,"Churned"
7194,"2020-11-02",1824,2,236.30,"Churned"
7195,"2023-08-15",808,2,191.54,"Churned"
7196,"2021-09-03",1519,1,215.81,"Churned"
7197,"2023-12-06",695,5,1137.21,"Churned"
7198,"2024-09-21",405,1,74.90,"Churned"
7199,"2020-11-05",1821,1,17.55,"Churned"
7200,"2021-01-26",1739,1,88.18,"Churned"
7201,"2020-01-18",2113,1,250.46,"Churned"
7202,"2023-07-04",850,4,372.80,"Churned"
7203,"2023-06-23",861,1,436.59,"Churned"
7204,"2024-05-23",526,1,34.38,"Churned"
7206,"2022-02-14",1355,1,33.58,"Churned"
7208,"2024-10-14",382,3,362.45,"Churned"
7209,"2021-02-01",1733,1,8.68,"Churned"
7210,"2023-11-18",713,1,5.63,"Churned"
7211,"2024-07-09",479,1,258.26,"Churned"
7213,"2024-05-29",520,1,93.20,"Churned"
7214,"2025-02-13",260,2,218.84,"Churned"
7215,"2020-08-02",1916,1,346.87,"Churned"
7217,"2023-08-04",819,1,708.95,"Churned"
7219,"2025-02-10",263,2,156.16,"Churned"
7220,"2024-03-27",583,3,400.03,"Churned"
7221,"2024-05-06",543,2,542.70,"Churned"
7222,"2024-01-06",664,2,396.87,"Churned"
7223,"2024-05-17",532,1,105.98,"Churned"
7224,"2024-03-19",591,2,179.79,"Churned"
7225,"2020-11-16",1810,2,36.16,"Churned"
7226,"2025-07-04",119,3,87.32,"Churned"
7228,"2024-03-15",595,2,261.24,"Churned"
7229,"2023-11-28",703,2,92.38,"Churned"
7230,"2025-09-15",46,4,1156.19,"At Risk"
7232,"2022-03-17",1324,2,868.45,"Churned"
7234,"2020-11-28",1798,1,231.57,"Churned"
7236,"2022-12-19",1047,3,223.09,"Churned"
7237,"2024-12-01",334,2,563.97,"Churned"
7238,"2024-02-23",616,1,49.28,"Churned"
7239,"2023-01-21",1014,1,60.43,"Churned"
7240,"2023-09-10",782,1,169.49,"Churned"
7241,"2022-08-27",1161,1,65.08,"Churned"
7242,"2022-12-12",1054,3,70.08,"Churned"
7243,"2025-08-30",62,2,615.56,"At Risk"
7245,"2025-10-12",19,4,1092.71,"Active"
7247,"2025-07-23",100,3,257.19,"Churned"
7248,"2020-02-20",2080,1,56.86,"Churned"
7250,"2022-07-05",1214,1,44.04,"Churned"
7251,"2022-02-22",1347,3,221.93,"Churned"
7252,"2023-03-13",963,1,498.68,"Churned"
7253,"2025-05-20",164,2,152.46,"Churned"
7254,"2025-04-26",188,1,28.39,"Churned"
7255,"2022-07-07",1212,2,213.07,"Churned"
7256,"2023-03-22",954,1,248.70,"Churned"
7257,"2020-11-17",1809,1,175.86,"Churned"
7258,"2023-07-21",833,1,98.90,"Churned"
7259,"2020-08-08",1910,1,629.18,"Churned"
7260,"2025-10-26",5,2,65.84,"Active"
7262,"2023-04-04",941,1,165.54,"Churned"
7263,"2024-05-15",534,1,38.13,"Churned"
7264,"2025-07-13",110,2,777.13,"Churned"
7265,"2022-06-05",1244,1,232.60,"Churned"
7266,"2023-12-27",674,5,608.23,"Churned"
7267,"2024-09-01",425,2,229.04,"Churned"
7269,"2025-07-02",121,2,77.80,"Churned"
7270,"2021-02-22",1712,1,37.79,"Churned"
7271,"2021-09-09",1513,1,9.95,"Churned"
7272,"2020-05-30",1980,1,75.83,"Churned"
7273,"2025-01-28",276,1,122.71,"Churned"
7274,"2025-03-09",236,2,107.23,"Churned"
7275,"2022-07-17",1202,1,5.25,"Churned"
7276,"2022-11-27",1069,3,123.40,"Churned"
7277,"2025-10-17",14,3,288.13,"Active"
7279,"2023-09-18",774,1,249.75,"Churned"
7280,"2022-09-08",1149,1,135.09,"Churned"
7281,"2025-09-16",45,2,283.98,"At Risk"
7282,"2021-09-14",1508,3,117.48,"Churned"
7286,"2024-12-26",309,3,170.04,"Churned"
7287,"2024-05-19",530,2,152.77,"Churned"
7289,"2022-02-10",1359,2,397.23,"Churned"
7292,"2025-09-24",37,1,118.85,"At Risk"
7294,"2021-08-08",1545,2,214.72,"Churned"
7296,"2022-07-07",1212,3,630.21,"Churned"
7298,"2024-01-25",645,2,94.07,"Churned"
7299,"2021-10-11",1481,1,166.98,"Churned"
7300,"2022-03-02",1339,1,71.52,"Churned"
7301,"2021-01-31",1734,1,9.20,"Churned"
7302,"2025-02-12",261,4,238.63,"Churned"
7303,"2024-03-28",582,1,25.71,"Churned"
7304,"2025-04-04",210,2,228.88,"Churned"
7305,"2023-06-02",882,1,148.96,"Churned"
7307,"2024-07-30",458,2,111.24,"Churned"
7308,"2023-05-05",910,2,181.49,"Churned"
7309,"2020-11-23",1803,2,106.54,"Churned"
7311,"2023-06-01",883,2,434.24,"Churned"
7312,"2024-11-07",358,1,548.53,"Churned"
7313,"2025-03-27",218,5,816.73,"Churned"
7315,"2025-02-05",268,3,225.11,"Churned"
7318,"2024-02-15",624,1,36.17,"Churned"
7320,"2021-07-13",1571,3,497.39,"Churned"
7321,"2022-02-14",1355,1,53.94,"Churned"
7322,"2022-06-26",1223,4,640.02,"Churned"
7323,"2021-01-18",1747,1,27.22,"Churned"
7324,"2024-08-08",449,1,109.17,"Churned"
7325,"2022-06-19",1230,2,1096.03,"Churned"
7327,"2025-07-29",94,2,144.97,"Churned"
7328,"2023-10-31",731,3,203.32,"Churned"
7329,"2024-03-04",606,2,189.88,"Churned"
7330,"2025-06-24",129,2,357.77,"Churned"
7331,"2024-11-06",359,1,212.70,"Churned"
7332,"2025-07-31",92,4,175.57,"Churned"
7334,"2025-03-23",222,2,119.53,"Churned"
7335,"2025-07-26",97,4,832.28,"Churned"
7337,"2025-04-26",188,3,148.10,"Churned"
7338,"2024-01-01",669,2,78.08,"Churned"
7340,"2023-03-28",948,2,285.46,"Churned"
7341,"2025-07-09",114,1,50.83,"Churned"
7342,"2025-03-07",238,1,584.40,"Churned"
7343,"2024-06-23",495,3,417.98,"Churned"
7344,"2024-03-08",602,3,511.56,"Churned"
7345,"2021-08-04",1549,2,411.63,"Churned"
7346,"2021-03-14",1692,1,258.89,"Churned"
7347,"2025-05-12",172,1,274.53,"Churned"
7348,"2024-07-24",464,1,104.54,"Churned"
7349,"2020-11-17",1809,1,34.32,"Churned"
7350,"2023-11-09",722,1,83.08,"Churned"
7352,"2024-01-10",660,2,40.03,"Churned"
7353,"2020-11-06",1820,1,133.41,"Churned"
7356,"2024-03-15",595,1,118.14,"Churned"
7357,"2023-02-08",996,2,209.19,"Churned"
7358,"2022-04-30",1280,2,399.51,"Churned"
7359,"2021-03-04",1702,1,11.67,"Churned"
7360,"2025-02-22",251,1,71.31,"Churned"
7361,"2023-11-08",723,1,88.74,"Churned"
7362,"2020-05-31",1979,1,72.46,"Churned"
7365,"2021-10-15",1477,1,354.26,"Churned"
7366,"2025-02-15",258,2,285.40,"Churned"
7367,"2024-01-03",667,2,83.34,"Churned"
7368,"2025-07-15",108,1,41.49,"Churned"
7369,"2023-02-01",1003,2,104.65,"Churned"
7370,"2024-09-20",406,2,312.97,"Churned"
7372,"2022-03-19",1322,2,256.26,"Churned"
7373,"2023-10-05",757,1,12.97,"Churned"
7374,"2024-07-14",474,1,48.97,"Churned"
7375,"2025-06-09",144,2,580.11,"Churned"
7376,"2023-01-06",1029,2,96.53,"Churned"
7378,"2024-07-09",479,3,294.82,"Churned"
7379,"2024-12-01",334,1,114.63,"Churned"
7383,"2020-05-04",2006,1,132.38,"Churned"
7384,"2020-04-23",2017,1,210.89,"Churned"
7385,"2021-11-26",1435,1,111.22,"Churned"
7386,"2020-10-08",1849,1,23.15,"Churned"
7387,"2025-05-03",181,5,654.92,"Churned"
7388,"2023-02-10",994,2,106.56,"Churned"
7389,"2024-06-09",509,2,346.96,"Churned"
7390,"2025-07-15",108,2,437.10,"Churned"
7392,"2024-11-10",355,3,348.92,"Churned"
7393,"2024-08-15",442,1,135.26,"Churned"
7394,"2025-07-28",95,2,105.82,"Churned"
7395,"2022-05-30",1250,2,247.21,"Churned"
7396,"2025-08-17",75,1,151.40,"At Risk"
7397,"2022-09-11",1146,1,168.41,"Churned"
7399,"2024-01-04",666,2,347.76,"Churned"
7400,"2025-10-25",6,2,185.77,"Active"
7401,"2022-05-07",1273,1,174.90,"Churned"
7404,"2025-01-15",289,1,30.82,"Churned"
7406,"2024-02-02",637,2,26.98,"Churned"
7407,"2024-01-16",654,4,158.36,"Churned"
7408,"2024-08-22",435,2,133.00,"Churned"
7410,"2024-05-24",525,4,301.84,"Churned"
7413,"2023-09-11",781,2,438.50,"Churned"
7414,"2024-07-09",479,1,62.12,"Churned"
7418,"2025-03-07",238,1,49.34,"Churned"
7419,"2021-12-13",1418,1,49.92,"Churned"
7420,"2025-09-30",31,3,787.10,"At Risk"
7421,"2023-01-20",1015,4,202.43,"Churned"
7422,"2024-12-09",326,1,161.69,"Churned"
7423,"2021-02-20",1714,1,17.37,"Churned"
7424,"2022-03-14",1327,2,173.06,"Churned"
7425,"2024-04-27",552,3,310.32,"Churned"
7427,"2021-01-16",1749,2,89.10,"Churned"
7428,"2022-08-29",1159,2,79.19,"Churned"
7429,"2023-02-21",983,2,120.44,"Churned"
7430,"2024-10-31",365,2,169.15,"Churned"
7431,"2025-10-27",4,2,139.55,"Active"
7432,"2022-10-10",1117,2,348.39,"Churned"
7433,"2025-06-10",143,1,362.86,"Churned"
7434,"2022-09-28",1129,4,525.77,"Churned"
7435,"2025-10-26",5,5,641.58,"Active"
7438,"2020-01-15",2116,1,133.07,"Churned"
7439,"2020-09-20",1867,2,152.45,"Churned"
7440,"2023-08-01",822,2,100.43,"Churned"
7441,"2024-09-04",422,1,13.71,"Churned"
7442,"2021-04-28",1647,1,14.76,"Churned"
7444,"2024-07-14",474,3,875.09,"Churned"
7445,"2024-04-18",561,2,85.79,"Churned"
7446,"2025-10-24",7,1,132.77,"Active"
7447,"2025-10-03",28,1,123.94,"Active"
7448,"2020-07-31",1918,1,167.76,"Churned"
7450,"2023-12-24",677,3,254.44,"Churned"
7451,"2023-04-14",931,1,214.39,"Churned"
7453,"2020-04-27",2013,1,172.99,"Churned"
7454,"2025-06-17",136,3,239.20,"Churned"
7455,"2022-02-17",1352,2,274.78,"Churned"
7456,"2022-03-27",1314,1,661.80,"Churned"
7457,"2025-09-14",47,3,461.83,"At Risk"
7458,"2023-11-21",710,3,172.28,"Churned"
7460,"2021-06-18",1596,2,264.06,"Churned"
7461,"2023-09-24",768,2,131.72,"Churned"
7463,"2021-10-04",1488,1,114.72,"Churned"
7465,"2023-02-10",994,1,122.64,"Churned"
7466,"2021-09-24",1498,1,35.60,"Churned"
7467,"2025-02-21",252,1,95.77,"Churned"
7469,"2022-02-22",1347,2,690.30,"Churned"
7470,"2025-10-27",4,2,150.02,"Active"
7471,"2025-07-04",119,3,357.80,"Churned"
7472,"2022-06-11",1238,3,372.38,"Churned"
7474,"2025-02-15",258,3,1074.29,"Churned"
7475,"2024-01-05",665,2,96.65,"Churned"
7478,"2023-03-20",956,3,436.65,"Churned"
7479,"2021-02-17",1717,1,169.82,"Churned"
7480,"2025-07-04",119,1,34.38,"Churned"
7481,"2025-03-04",241,1,190.31,"Churned"
7482,"2025-05-23",161,1,279.98,"Churned"
7483,"2025-01-31",273,3,531.63,"Churned"
7484,"2021-07-01",1583,1,199.12,"Churned"
7485,"2020-12-21",1775,1,179.17,"Churned"
7486,"2025-09-02",59,5,549.41,"At Risk"
7487,"2022-12-13",1053,3,472.44,"Churned"
7489,"2025-05-05",179,3,255.37,"Churned"
7490,"2022-03-13",1328,1,136.93,"Churned"
7492,"2021-06-25",1589,2,320.46,"Churned"
7493,"2025-04-02",212,1,96.98,"Churned"
7494,"2022-11-28",1068,1,143.68,"Churned"
7495,"2023-03-13",963,1,431.85,"Churned"
7496,"2025-04-04",210,3,759.15,"Churned"
7497,"2023-11-29",702,1,15.89,"Churned"
7498,"2025-09-03",58,5,369.11,"At Risk"
7499,"2021-12-12",1419,2,238.68,"Churned"
7500,"2020-03-17",2054,1,70.12,"Churned"
7502,"2025-10-13",18,3,132.63,"Active"
7505,"2024-12-29",306,2,609.85,"Churned"
7506,"2025-06-10",143,3,354.20,"Churned"
7507,"2022-05-19",1261,4,873.67,"Churned"
7508,"2025-05-13",171,3,374.38,"Churned"
7509,"2022-08-29",1159,1,235.31,"Churned"
7510,"2020-03-26",2045,1,44.43,"Churned"
7511,"2022-04-06",1304,1,268.84,"Churned"
7512,"2020-09-01",1886,1,12.55,"Churned"
7514,"2024-03-24",586,2,115.80,"Churned"
7515,"2023-08-12",811,2,150.25,"Churned"
7516,"2020-07-26",1923,1,13.30,"Churned"
7517,"2021-06-21",1593,1,49.28,"Churned"
7518,"2021-08-20",1533,2,178.10,"Churned"
7519,"2024-08-18",439,1,457.31,"Churned"
7520,"2023-06-20",864,3,193.59,"Churned"
7522,"2024-09-07",419,2,110.89,"Churned"
7523,"2024-10-14",382,5,399.69,"Churned"
7524,"2021-04-15",1660,1,202.48,"Churned"
7525,"2025-09-25",36,3,262.16,"At Risk"
7526,"2025-02-11",262,2,792.38,"Churned"
7528,"2021-12-22",1409,2,93.98,"Churned"
7529,"2025-10-20",11,3,262.79,"Active"
7530,"2020-04-25",2015,1,44.85,"Churned"
7531,"2025-06-23",130,2,116.52,"Churned"
7532,"2025-02-21",252,2,122.70,"Churned"
7533,"2023-09-12",780,5,211.27,"Churned"
7534,"2023-05-15",900,3,241.95,"Churned"
7535,"2025-08-13",79,4,373.25,"At Risk"
7536,"2024-09-06",420,2,1360.86,"Churned"
7537,"2020-08-22",1896,1,176.65,"Churned"
7538,"2025-02-26",247,4,361.35,"Churned"
7539,"2021-11-15",1446,1,166.30,"Churned"
7540,"2023-10-14",748,1,48.67,"Churned"
7542,"2025-09-11",50,1,139.27,"At Risk"
7543,"2025-02-02",271,1,171.74,"Churned"
7544,"2025-10-09",22,2,189.32,"Active"
7545,"2023-11-26",705,1,39.21,"Churned"
7546,"2024-07-02",486,1,205.47,"Churned"
7547,"2025-07-01",122,2,144.93,"Churned"
7548,"2025-01-08",296,2,86.30,"Churned"
7549,"2021-12-20",1411,1,84.10,"Churned"
7552,"2021-10-23",1469,2,492.34,"Churned"
7553,"2024-10-30",366,1,60.44,"Churned"
7555,"2020-12-31",1765,1,110.69,"Churned"
7556,"2025-09-09",52,3,141.45,"At Risk"
7557,"2025-07-18",105,3,447.32,"Churned"
7559,"2020-11-28",1798,1,266.23,"Churned"
7560,"2023-05-24",891,4,688.12,"Churned"
7561,"2022-12-06",1060,1,175.47,"Churned"
7562,"2023-04-04",941,2,228.78,"Churned"
7563,"2021-08-03",1550,1,32.62,"Churned"
7564,"2023-12-31",670,1,55.83,"Churned"
7565,"2021-04-17",1658,2,90.64,"Churned"
7566,"2020-06-26",1953,1,15.72,"Churned"
7568,"2020-02-18",2082,1,97.33,"Churned"
7569,"2025-08-09",83,3,414.60,"At Risk"
7570,"2021-09-16",1506,2,154.10,"Churned"
7572,"2025-01-29",275,1,150.76,"Churned"
7573,"2023-08-23",800,2,282.41,"Churned"
7574,"2021-07-30",1554,2,99.01,"Churned"
7575,"2021-06-18",1596,1,145.42,"Churned"
7576,"2023-01-27",1008,1,31.93,"Churned"
7577,"2025-08-30",62,2,75.28,"At Risk"
7579,"2022-04-18",1292,2,207.23,"Churned"
7580,"2024-08-05",452,2,50.10,"Churned"
7582,"2024-03-20",590,6,417.55,"Churned"
7583,"2024-07-17",471,1,136.98,"Churned"
7584,"2025-04-09",205,4,420.06,"Churned"
7585,"2025-08-28",64,4,563.33,"At Risk"
7587,"2023-09-30",762,3,101.11,"Churned"
7588,"2022-11-16",1080,2,683.21,"Churned"
7589,"2021-12-03",1428,1,54.14,"Churned"
7590,"2021-08-22",1531,1,130.11,"Churned"
7591,"2025-07-16",107,7,1046.89,"Churned"
7592,"2020-06-22",1957,1,426.14,"Churned"
7593,"2024-12-25",310,5,309.67,"Churned"
7594,"2024-07-26",462,3,357.41,"Churned"
7595,"2023-10-12",750,6,960.19,"Churned"
7596,"2022-04-20",1290,2,436.14,"Churned"
7597,"2022-01-04",1396,1,29.48,"Churned"
7598,"2021-11-26",1435,1,9.20,"Churned"
7599,"2024-12-28",307,3,181.26,"Churned"
7600,"2025-03-17",228,1,4.15,"Churned"
7601,"2020-10-11",1846,1,236.48,"Churned"
7602,"2023-10-11",751,2,369.99,"Churned"
7603,"2022-03-05",1336,1,46.11,"Churned"
7605,"2025-10-21",10,1,120.98,"Active"
7606,"2024-11-03",362,3,879.67,"Churned"
7607,"2021-02-01",1733,1,235.22,"Churned"
7608,"2025-08-18",74,3,221.90,"At Risk"
7609,"2022-11-20",1076,1,29.08,"Churned"
7610,"2025-07-11",112,2,145.56,"Churned"
7611,"2025-08-21",71,1,205.88,"At Risk"
7613,"2025-09-30",31,1,148.95,"At Risk"
7614,"2023-07-07",847,2,307.51,"Churned"
7616,"2023-04-11",934,3,266.79,"Churned"
7617,"2021-06-15",1599,1,194.97,"Churned"
7618,"2024-03-13",597,3,146.36,"Churned"
7619,"2025-09-21",40,3,520.76,"At Risk"
7620,"2023-12-25",676,3,462.71,"Churned"
7621,"2025-05-17",167,2,367.19,"Churned"
7623,"2024-02-22",617,2,74.22,"Churned"
7624,"2020-04-12",2028,1,108.10,"Churned"
7625,"2025-07-19",104,5,947.14,"Churned"
7627,"2025-08-31",61,2,284.87,"At Risk"
7628,"2023-05-27",888,2,134.67,"Churned"
7630,"2022-02-07",1362,1,104.23,"Churned"
7631,"2025-08-18",74,1,495.04,"At Risk"
7632,"2022-12-08",1058,1,52.88,"Churned"
7633,"2025-03-01",244,3,498.15,"Churned"
7635,"2024-12-30",305,2,468.40,"Churned"
7636,"2020-01-20",2111,1,105.93,"Churned"
7637,"2024-04-28",551,3,662.27,"Churned"
7638,"2025-06-24",129,1,84.11,"Churned"
7639,"2024-07-01",487,3,494.69,"Churned"
7640,"2024-07-22",466,1,69.49,"Churned"
7641,"2021-09-27",1495,1,51.75,"Churned"
7643,"2020-10-08",1849,1,249.08,"Churned"
7644,"2024-10-04",392,3,632.16,"Churned"
7645,"2025-06-12",141,2,606.64,"Churned"
7646,"2022-08-12",1176,2,151.16,"Churned"
7647,"2023-10-22",740,4,415.85,"Churned"
7648,"2022-10-08",1119,4,916.81,"Churned"
7649,"2023-07-27",827,3,970.33,"Churned"
7650,"2023-01-17",1018,2,346.16,"Churned"
7651,"2020-03-27",2044,1,272.52,"Churned"
7653,"2024-05-02",547,3,449.93,"Churned"
7654,"2021-07-02",1582,2,45.71,"Churned"
7655,"2025-03-04",241,1,104.41,"Churned"
7656,"2023-04-29",916,1,199.40,"Churned"
7657,"2022-06-06",1243,1,47.17,"Churned"
7658,"2023-11-12",719,2,89.62,"Churned"
7659,"2022-05-25",1255,1,119.52,"Churned"
7660,"2025-10-28",3,4,594.94,"Active"
7661,"2023-04-10",935,1,444.28,"Churned"
7662,"2024-12-11",324,5,562.50,"Churned"
7663,"2025-01-15",289,2,184.49,"Churned"
7664,"2025-02-17",256,2,258.13,"Churned"
7665,"2023-06-21",863,2,279.72,"Churned"
7666,"2023-06-09",875,2,343.49,"Churned"
7667,"2025-03-02",243,2,198.49,"Churned"
7668,"2023-03-02",974,2,217.64,"Churned"
7669,"2024-02-17",622,2,255.82,"Churned"
7670,"2020-11-05",1821,1,9.57,"Churned"
7671,"2024-11-14",351,3,479.75,"Churned"
7672,"2022-11-11",1085,1,105.04,"Churned"
7673,"2023-02-17",987,1,223.87,"Churned"
7674,"2024-09-27",399,1,241.26,"Churned"
7675,"2025-05-11",173,3,516.95,"Churned"
7677,"2024-03-27",583,3,487.23,"Churned"
7679,"2025-09-26",35,3,650.63,"At Risk"
7680,"2023-07-16",838,3,261.94,"Churned"
7682,"2025-04-16",198,2,879.82,"Churned"
7683,"2020-09-08",1879,1,108.31,"Churned"
7684,"2024-07-01",487,2,131.83,"Churned"
7685,"2025-10-24",7,2,264.89,"Active"
7686,"2021-03-10",1696,1,66.34,"Churned"
7688,"2025-05-19",165,2,185.96,"Churned"
7690,"2021-07-21",1563,1,49.17,"Churned"
7691,"2025-10-31",0,3,451.28,"Active"
7692,"2025-04-29",185,3,119.72,"Churned"
7693,"2025-02-18",255,1,36.69,"Churned"
7694,"2024-10-29",367,2,116.92,"Churned"
7695,"2024-09-20",406,1,121.72,"Churned"
7696,"2021-08-14",1539,2,41.06,"Churned"
7697,"2024-02-11",628,1,61.91,"Churned"
7698,"2023-08-02",821,2,113.10,"Churned"
7699,"2021-01-26",1739,1,76.32,"Churned"
7700,"2024-03-12",598,1,469.45,"Churned"
7701,"2023-10-03",759,2,68.39,"Churned"
7702,"2023-05-24",891,4,431.89,"Churned"
7703,"2021-09-13",1509,1,16.56,"Churned"
7704,"2025-09-01",60,2,85.47,"At Risk"
7705,"2021-08-22",1531,1,26.58,"Churned"
7706,"2022-09-26",1131,2,62.21,"Churned"
7707,"2022-05-25",1255,1,440.16,"Churned"
7708,"2023-10-19",743,1,109.58,"Churned"
7709,"2025-09-20",41,2,301.71,"At Risk"
7710,"2023-03-28",948,2,168.16,"Churned"
7711,"2020-10-12",1845,1,199.99,"Churned"
7712,"2023-10-19",743,2,123.92,"Churned"
7713,"2024-06-12",506,2,165.22,"Churned"
7714,"2020-06-09",1970,1,39.49,"Churned"
7715,"2021-09-06",1516,1,62.74,"Churned"
7716,"2022-10-17",1110,1,85.57,"Churned"
7717,"2022-01-19",1381,2,202.61,"Churned"
7718,"2024-06-12",506,3,150.95,"Churned"
7719,"2025-06-05",148,3,206.77,"Churned"
7720,"2022-08-08",1180,1,121.58,"Churned"
7721,"2021-12-29",1402,3,301.17,"Churned"
7722,"2023-08-12",811,2,251.01,"Churned"
7723,"2025-05-18",166,1,71.17,"Churned"
7726,"2020-09-05",1882,1,397.58,"Churned"
7727,"2024-12-01",334,3,138.56,"Churned"
7728,"2020-03-17",2054,1,137.12,"Churned"
7730,"2021-07-22",1562,1,93.07,"Churned"
7731,"2023-05-07",908,1,16.28,"Churned"
7733,"2025-04-07",207,3,346.65,"Churned"
7734,"2021-08-05",1548,2,110.88,"Churned"
7735,"2025-03-13",232,1,123.83,"Churned"
7736,"2024-08-17",440,1,130.55,"Churned"
7739,"2023-04-22",923,1,68.23,"Churned"
7740,"2025-10-20",11,4,414.87,"Active"
7741,"2021-03-17",1689,3,219.18,"Churned"
7742,"2024-10-01",395,2,153.06,"Churned"
7743,"2021-05-22",1623,2,543.04,"Churned"
7744,"2020-05-26",1984,1,66.30,"Churned"
7746,"2022-09-13",1144,1,69.91,"Churned"
7747,"2022-09-27",1130,2,73.31,"Churned"
7748,"2021-12-21",1410,3,317.78,"Churned"
7750,"2025-04-30",184,2,212.59,"Churned"
7751,"2022-12-02",1064,3,278.38,"Churned"
7752,"2024-12-13",322,2,135.11,"Churned"
7753,"2024-08-02",455,3,123.92,"Churned"
7754,"2024-10-01",395,2,225.59,"Churned"
7755,"2025-08-03",89,1,53.84,"At Risk"
7756,"2021-07-22",1562,2,947.48,"Churned"
7757,"2021-06-13",1601,1,310.23,"Churned"
7758,"2022-08-13",1175,2,241.59,"Churned"
7759,"2023-10-13",749,3,493.86,"Churned"
7760,"2023-11-04",727,1,22.40,"Churned"
7761,"2022-06-07",1242,5,1049.88,"Churned"
7762,"2025-09-25",36,2,163.64,"At Risk"
7764,"2025-07-20",103,3,380.29,"Churned"
7768,"2023-09-05",787,3,93.90,"Churned"
7770,"2024-06-14",504,3,400.04,"Churned"
7771,"2024-12-26",309,1,223.66,"Churned"
7773,"2022-01-12",1388,1,96.53,"Churned"
7774,"2023-12-10",691,1,161.52,"Churned"
7775,"2024-07-30",458,2,257.29,"Churned"
7776,"2025-03-17",228,4,930.04,"Churned"
7777,"2025-01-26",278,5,346.34,"Churned"
7778,"2024-10-05",391,1,61.74,"Churned"
7779,"2023-10-30",732,2,158.96,"Churned"
7780,"2024-04-17",562,1,25.48,"Churned"
7781,"2025-05-10",174,1,91.74,"Churned"
7782,"2022-02-23",1346,2,244.52,"Churned"
7783,"2025-03-06",239,3,666.83,"Churned"
7784,"2023-09-18",774,2,121.47,"Churned"
7786,"2023-04-28",917,1,146.82,"Churned"
7787,"2025-08-28",64,1,87.33,"At Risk"
7788,"2025-07-22",101,1,67.95,"Churned"
7789,"2024-08-04",453,3,58.20,"Churned"
7790,"2025-02-12",261,2,463.74,"Churned"
7791,"2023-09-11",781,1,658.86,"Churned"
7792,"2025-05-30",154,3,525.35,"Churned"
7793,"2020-02-16",2084,1,42.06,"Churned"
7795,"2023-05-03",912,1,1307.36,"Churned"
7796,"2022-04-17",1293,2,294.63,"Churned"
7798,"2025-01-01",303,2,354.40,"Churned"
7801,"2020-04-01",2039,1,454.26,"Churned"
7804,"2024-04-27",552,3,171.98,"Churned"
7805,"2025-05-24",160,3,447.02,"Churned"
7806,"2025-04-21",193,3,394.73,"Churned"
7807,"2020-12-08",1788,1,7.90,"Churned"
7808,"2023-02-26",978,2,223.11,"Churned"
7809,"2023-08-04",819,1,351.49,"Churned"
7810,"2024-08-16",441,3,269.22,"Churned"
7811,"2025-04-30",184,2,292.98,"Churned"
7812,"2025-09-09",52,2,62.60,"At Risk"
7813,"2025-08-03",89,2,421.36,"At Risk"
7814,"2024-01-20",650,2,93.63,"Churned"
7815,"2024-05-15",534,3,1339.40,"Churned"
7816,"2023-06-06",878,1,246.21,"Churned"
7817,"2025-10-12",19,1,138.36,"Active"
7818,"2023-06-23",861,1,36.85,"Churned"
7819,"2024-06-29",489,3,328.11,"Churned"
7820,"2023-06-12",872,2,180.83,"Churned"
7822,"2022-08-17",1171,2,375.81,"Churned"
7823,"2024-06-17",501,1,31.09,"Churned"
7824,"2023-01-06",1029,3,217.70,"Churned"
7825,"2024-12-03",332,4,812.38,"Churned"
7826,"2024-10-15",381,2,225.63,"Churned"
7827,"2022-10-12",1115,2,249.87,"Churned"
7828,"2025-05-10",174,2,141.59,"Churned"
7829,"2024-01-25",645,3,529.36,"Churned"
7830,"2023-08-04",819,2,722.90,"Churned"
7831,"2024-09-11",415,1,32.54,"Churned"
7834,"2025-01-02",302,4,935.15,"Churned"
7835,"2025-07-23",100,2,444.49,"Churned"
7838,"2024-01-05",665,1,96.42,"Churned"
7840,"2024-10-12",384,3,116.11,"Churned"
7841,"2023-07-19",835,2,693.93,"Churned"
7843,"2025-01-09",295,3,106.63,"Churned"
7844,"2024-05-12",537,2,76.02,"Churned"
7845,"2025-04-14",200,4,385.17,"Churned"
7847,"2024-09-19",407,2,260.61,"Churned"
7848,"2025-05-26",158,5,455.56,"Churned"
7849,"2025-05-16",168,4,265.76,"Churned"
7850,"2025-09-02",59,1,34.33,"At Risk"
7851,"2023-03-29",947,2,217.79,"Churned"
7852,"2020-05-08",2002,1,47.19,"Churned"
7853,"2020-12-25",1771,1,147.80,"Churned"
7854,"2024-08-20",437,1,53.17,"Churned"
7855,"2024-05-26",523,3,354.71,"Churned"
7856,"2022-10-11",1116,1,150.24,"Churned"
7858,"2022-08-30",1158,3,544.31,"Churned"
7859,"2025-01-13",291,2,183.60,"Churned"
7860,"2023-01-24",1011,1,370.16,"Churned"
7861,"2024-09-27",399,4,552.99,"Churned"
7862,"2022-04-10",1300,3,269.46,"Churned"
7863,"2023-05-28",887,1,247.95,"Churned"
7864,"2025-09-25",36,3,554.80,"At Risk"
7865,"2025-01-18",286,2,521.35,"Churned"
7866,"2024-06-22",496,2,409.90,"Churned"
7867,"2025-10-19",12,1,94.31,"Active"
7868,"2022-10-06",1121,1,63.79,"Churned"
7869,"2025-04-13",201,2,261.12,"Churned"
7870,"2025-08-05",87,2,1028.77,"At Risk"
7871,"2022-01-21",1379,1,78.19,"Churned"
7872,"2023-04-15",930,3,322.57,"Churned"
7873,"2023-05-05",910,4,189.56,"Churned"
7874,"2022-12-28",1038,1,215.28,"Churned"
7875,"2024-12-30",305,2,218.20,"Churned"
7877,"2025-06-08",145,1,133.19,"Churned"
7878,"2021-11-22",1439,1,9.19,"Churned"
7879,"2025-04-21",193,1,73.07,"Churned"
7880,"2022-11-02",1094,1,109.27,"Churned"
7881,"2025-09-27",34,3,241.85,"At Risk"
7882,"2024-02-09",630,1,80.44,"Churned"
7883,"2024-01-15",655,3,462.42,"Churned"
7884,"2025-03-30",215,3,398.42,"Churned"
7886,"2022-02-07",1362,1,14.30,"Churned"
7887,"2022-08-30",1158,1,222.36,"Churned"
7888,"2025-05-11",173,3,526.41,"Churned"
7889,"2022-10-14",1113,2,160.81,"Churned"
7890,"2025-08-17",75,1,36.38,"At Risk"
7891,"2024-11-16",349,1,123.80,"Churned"
7892,"2023-10-24",738,2,674.14,"Churned"
7894,"2025-08-06",86,2,268.83,"At Risk"
7895,"2023-12-19",682,2,428.38,"Churned"
7896,"2023-02-13",991,1,233.31,"Churned"
7898,"2020-07-05",1944,1,236.87,"Churned"
7900,"2024-01-23",647,2,73.10,"Churned"
7901,"2023-12-23",678,1,44.27,"Churned"
7902,"2024-01-04",666,1,167.92,"Churned"
7903,"2022-04-24",1286,1,34.61,"Churned"
7904,"2025-09-06",55,1,130.03,"At Risk"
7905,"2025-02-16",257,3,351.73,"Churned"
7906,"2022-05-12",1268,1,201.82,"Churned"
7907,"2024-07-04",484,1,14.27,"Churned"
7908,"2021-03-22",1684,1,198.90,"Churned"
7909,"2025-01-13",291,1,50.04,"Churned"
7911,"2022-05-12",1268,1,157.90,"Churned"
7913,"2023-10-27",735,1,28.59,"Churned"
7914,"2025-03-10",235,6,676.08,"Churned"
7915,"2022-10-30",1097,1,74.28,"Churned"
7916,"2021-07-30",1554,2,232.44,"Churned"
7917,"2024-05-20",529,2,661.44,"Churned"
7918,"2022-05-03",1277,1,31.58,"Churned"
7919,"2024-04-08",571,3,380.92,"Churned"
7920,"2024-05-07",542,3,860.25,"Churned"
7921,"2025-05-29",155,1,176.15,"Churned"
7923,"2024-06-05",513,1,29.52,"Churned"
7924,"2021-11-25",1436,1,219.74,"Churned"
7925,"2025-01-02",302,3,187.92,"Churned"
7926,"2025-09-01",60,3,147.69,"At Risk"
7927,"2025-05-22",162,1,40.14,"Churned"
7928,"2024-11-10",355,2,345.60,"Churned"
7929,"2022-03-07",1334,2,119.32,"Churned"
7930,"2025-05-14",170,2,414.15,"Churned"
7931,"2023-02-06",998,3,79.66,"Churned"
7932,"2022-02-01",1368,1,146.30,"Churned"
7933,"2021-04-03",1672,1,53.88,"Churned"
7934,"2023-08-07",816,1,238.20,"Churned"
7935,"2024-04-08",571,1,18.25,"Churned"
7936,"2020-10-04",1853,1,56.07,"Churned"
7938,"2022-03-21",1320,2,232.85,"Churned"
7939,"2025-02-03",270,3,641.26,"Churned"
7940,"2025-10-05",26,2,270.69,"Active"
7941,"2024-07-13",475,2,257.84,"Churned"
7943,"2023-07-03",851,1,185.42,"Churned"
7945,"2023-01-08",1027,3,304.96,"Churned"
7947,"2024-11-22",343,2,128.24,"Churned"
7948,"2022-08-01",1187,1,33.86,"Churned"
7949,"2020-08-13",1905,1,35.84,"Churned"
7950,"2024-03-28",582,2,217.94,"Churned"
7951,"2025-10-07",24,3,684.11,"Active"
7952,"2022-04-07",1303,2,190.37,"Churned"
7953,"2024-12-20",315,2,23.09,"Churned"
7954,"2024-10-01",395,1,630.25,"Churned"
7955,"2020-08-05",1913,1,190.46,"Churned"
7956,"2025-07-29",94,3,634.14,"Churned"
7958,"2024-03-29",581,1,115.14,"Churned"
7959,"2022-11-16",1080,1,58.41,"Churned"
7960,"2023-08-21",802,1,28.57,"Churned"
7961,"2025-06-19",134,2,163.36,"Churned"
7962,"2023-11-15",716,2,108.52,"Churned"
7963,"2025-08-07",85,5,802.28,"At Risk"
7964,"2023-10-19",743,3,536.11,"Churned"
7965,"2024-07-02",486,4,405.93,"Churned"
7966,"2024-12-28",307,1,230.17,"Churned"
7967,"2024-08-14",443,2,435.53,"Churned"
7968,"2022-05-08",1272,3,348.74,"Churned"
7970,"2025-06-28",125,3,300.25,"Churned"
7971,"2020-10-05",1852,2,102.72,"Churned"
7972,"2025-03-19",226,1,178.81,"Churned"
7973,"2025-01-23",281,5,542.26,"Churned"
7974,"2025-05-11",173,1,49.16,"Churned"
7975,"2025-05-14",170,2,79.84,"Churned"
7976,"2024-07-10",478,1,23.23,"Churned"
7977,"2025-08-20",72,5,1346.18,"At Risk"
7978,"2021-12-09",1422,1,8.79,"Churned"
7979,"2024-10-05",391,3,212.98,"Churned"
7980,"2021-05-11",1634,2,397.35,"Churned"
7981,"2023-01-30",1005,1,62.61,"Churned"
7982,"2024-04-16",563,3,782.52,"Churned"
7983,"2025-10-10",21,5,498.58,"Active"
7984,"2021-08-22",1531,1,51.86,"Churned"
7985,"2024-09-12",414,2,56.38,"Churned"
7987,"2025-03-12",233,2,33.38,"Churned"
7989,"2024-12-07",328,1,140.35,"Churned"
7990,"2024-02-29",610,1,751.68,"Churned"
7991,"2024-04-04",575,5,560.15,"Churned"
7992,"2024-03-15",595,2,229.37,"Churned"
7993,"2025-10-25",6,4,557.87,"Active"
7996,"2022-02-12",1357,1,59.78,"Churned"
7997,"2021-12-15",1416,3,214.72,"Churned"
7998,"2023-04-04",941,1,13.65,"Churned"
8000,"2022-09-28",1129,1,17.29,"Churned"
8001,"2023-12-30",671,1,26.08,"Churned"
8002,"2023-02-16",988,2,179.04,"Churned"
8003,"2020-08-08",1910,2,65.83,"Churned"
8004,"2020-11-25",1801,2,114.09,"Churned"
8005,"2024-10-31",365,1,36.10,"Churned"
8006,"2024-02-09",630,1,23.11,"Churned"
8008,"2025-05-09",175,2,105.24,"Churned"
8009,"2022-08-10",1178,1,481.53,"Churned"
8010,"2024-05-21",528,3,141.66,"Churned"
8011,"2021-07-07",1577,2,448.99,"Churned"
8012,"2023-03-22",954,1,12.90,"Churned"
8013,"2025-04-24",190,1,37.17,"Churned"
8014,"2021-01-09",1756,3,642.77,"Churned"
8015,"2024-11-20",345,2,178.14,"Churned"
8016,"2024-03-04",606,1,110.14,"Churned"
8017,"2022-01-23",1377,2,302.56,"Churned"
8018,"2024-05-22",527,2,18.76,"Churned"
8019,"2025-07-02",121,1,106.18,"Churned"
8020,"2023-05-18",897,2,62.74,"Churned"
8021,"2020-07-30",1919,1,50.14,"Churned"
8022,"2023-10-20",742,1,275.66,"Churned"
8023,"2024-03-18",592,4,444.97,"Churned"
8024,"2025-04-14",200,2,266.66,"Churned"
8025,"2025-07-19",104,2,149.42,"Churned"
8026,"2022-06-02",1247,1,100.23,"Churned"
8027,"2025-01-25",279,3,216.71,"Churned"
8028,"2025-04-24",190,1,213.50,"Churned"
8029,"2024-02-06",633,3,492.11,"Churned"
8030,"2024-04-13",566,2,65.08,"Churned"
8031,"2024-06-16",502,4,877.49,"Churned"
8032,"2022-05-22",1258,1,39.89,"Churned"
8033,"2021-01-03",1762,1,169.19,"Churned"
8034,"2023-02-19",985,2,317.14,"Churned"
8035,"2023-08-22",801,2,267.65,"Churned"
8036,"2023-05-24",891,3,481.41,"Churned"
8038,"2024-01-28",642,3,689.41,"Churned"
8039,"2025-02-10",263,2,152.31,"Churned"
8040,"2021-04-10",1665,1,173.31,"Churned"
8045,"2024-04-17",562,3,423.86,"Churned"
8047,"2024-11-03",362,1,41.97,"Churned"
8048,"2025-01-30",274,2,511.55,"Churned"
8050,"2023-08-22",801,5,976.15,"Churned"
8051,"2023-12-13",688,3,608.32,"Churned"
8052,"2023-12-07",694,2,210.36,"Churned"
8053,"2024-09-21",405,2,34.24,"Churned"
8055,"2021-09-18",1504,2,50.85,"Churned"
8056,"2020-04-12",2028,1,15.18,"Churned"
8058,"2022-10-26",1101,1,9.47,"Churned"
8059,"2025-02-10",263,3,492.21,"Churned"
8060,"2025-07-20",103,2,90.08,"Churned"
8061,"2024-02-09",630,3,266.18,"Churned"
8063,"2024-09-04",422,1,20.29,"Churned"
8065,"2020-08-02",1916,1,37.61,"Churned"
8066,"2024-06-18",500,3,682.00,"Churned"
8067,"2024-03-23",587,4,198.28,"Churned"
8068,"2022-01-18",1382,2,653.99,"Churned"
8069,"2025-09-22",39,4,413.70,"At Risk"
8070,"2022-08-17",1171,1,49.97,"Churned"
8071,"2023-03-11",965,3,304.13,"Churned"
8073,"2023-04-19",926,1,62.33,"Churned"
8074,"2021-11-17",1444,2,124.86,"Churned"
8075,"2025-04-13",201,2,134.81,"Churned"
8077,"2025-09-30",31,3,234.17,"At Risk"
8078,"2024-04-25",554,2,302.51,"Churned"
8079,"2025-03-05",240,4,713.19,"Churned"
8081,"2024-03-03",607,2,318.19,"Churned"
8082,"2024-11-30",335,4,530.20,"Churned"
8083,"2024-11-22",343,2,349.86,"Churned"
8084,"2025-08-25",67,2,382.75,"At Risk"
8085,"2025-07-26",97,1,219.54,"Churned"
8086,"2023-07-16",838,2,96.86,"Churned"
8087,"2023-05-13",902,1,16.04,"Churned"
8088,"2024-02-25",614,1,528.64,"Churned"
8089,"2025-05-21",163,5,239.07,"Churned"
8090,"2023-03-06",970,2,548.20,"Churned"
8091,"2021-11-16",1445,2,43.71,"Churned"
8092,"2024-02-17",622,1,25.49,"Churned"
8093,"2020-02-29",2071,1,62.08,"Churned"
8094,"2020-12-19",1777,1,230.87,"Churned"
8095,"2023-03-29",947,2,112.50,"Churned"
8096,"2022-11-22",1074,2,143.57,"Churned"
8098,"2023-01-22",1013,2,199.77,"Churned"
8099,"2024-08-23",434,4,825.75,"Churned"
8101,"2025-04-22",192,3,289.11,"Churned"
8103,"2024-06-23",495,2,124.65,"Churned"
8105,"2020-01-21",2110,1,93.80,"Churned"
8106,"2025-01-28",276,5,387.19,"Churned"
8108,"2025-06-12",141,2,503.27,"Churned"
8109,"2024-07-11",477,2,61.12,"Churned"
8111,"2021-04-23",1652,3,393.68,"Churned"
8112,"2021-12-16",1415,1,566.10,"Churned"
8113,"2023-11-28",703,1,150.05,"Churned"
8114,"2024-11-11",354,4,929.86,"Churned"
8116,"2024-04-11",568,2,560.49,"Churned"
8118,"2022-03-14",1327,3,168.17,"Churned"
8119,"2025-05-17",167,3,221.98,"Churned"
8120,"2022-10-18",1109,2,85.71,"Churned"
8121,"2021-08-30",1523,1,120.76,"Churned"
8122,"2025-10-04",27,2,287.88,"Active"
8123,"2024-07-12",476,4,2153.24,"Churned"
8124,"2025-08-30",62,3,130.42,"At Risk"
8125,"2020-10-14",1843,1,99.96,"Churned"
8126,"2024-01-09",661,2,112.73,"Churned"
8127,"2025-10-20",11,2,437.98,"Active"
8128,"2025-09-11",50,2,62.49,"At Risk"
8129,"2025-10-13",18,1,195.66,"Active"
8130,"2025-08-24",68,4,377.52,"At Risk"
8131,"2020-01-27",2104,2,100.08,"Churned"
8133,"2025-08-08",84,7,322.27,"At Risk"
8135,"2022-06-02",1247,2,167.53,"Churned"
8136,"2021-12-28",1403,3,256.51,"Churned"
8137,"2023-03-14",962,2,222.55,"Churned"
8138,"2023-12-21",680,3,243.26,"Churned"
8139,"2022-11-22",1074,2,380.13,"Churned"
8140,"2023-05-12",903,3,465.09,"Churned"
8141,"2023-07-24",830,1,44.73,"Churned"
8143,"2023-06-25",859,1,12.76,"Churned"
8144,"2024-01-15",655,1,4.54,"Churned"
8145,"2023-10-24",738,3,686.56,"Churned"
8146,"2024-07-07",481,2,285.34,"Churned"
8147,"2022-01-15",1385,1,33.27,"Churned"
8148,"2025-07-18",105,3,652.03,"Churned"
8150,"2023-05-26",889,1,241.93,"Churned"
8151,"2020-08-17",1901,2,423.48,"Churned"
8152,"2020-08-01",1917,1,288.15,"Churned"
8154,"2024-11-01",364,3,809.74,"Churned"
8155,"2025-07-21",102,5,459.33,"Churned"
8156,"2020-03-28",2043,2,433.16,"Churned"
8157,"2021-05-21",1624,2,127.47,"Churned"
8158,"2021-01-30",1735,1,248.34,"Churned"
8160,"2024-11-30",335,3,212.42,"Churned"
8163,"2020-06-17",1962,1,32.17,"Churned"
8164,"2023-07-04",850,1,49.90,"Churned"
8165,"2022-03-19",1322,2,84.99,"Churned"
8167,"2021-08-15",1538,1,81.12,"Churned"
8168,"2025-09-24",37,3,468.90,"At Risk"
8169,"2024-12-16",319,1,28.93,"Churned"
8172,"2024-12-02",333,2,581.08,"Churned"
8173,"2025-04-01",213,3,295.13,"Churned"
8174,"2023-06-20",864,3,443.62,"Churned"
8175,"2022-11-01",1095,1,221.53,"Churned"
8176,"2023-04-09",936,1,171.54,"Churned"
8177,"2024-01-10",660,1,62.86,"Churned"
8179,"2021-08-17",1536,1,34.58,"Churned"
8180,"2025-08-01",91,2,84.86,"Churned"
8181,"2022-01-14",1386,1,192.86,"Churned"
8182,"2025-08-18",74,4,211.65,"At Risk"
8184,"2024-04-14",565,1,127.80,"Churned"
8185,"2023-10-28",734,3,612.95,"Churned"
8186,"2025-06-06",147,2,122.17,"Churned"
8187,"2020-09-04",1883,1,625.11,"Churned"
8188,"2024-07-30",458,2,122.22,"Churned"
8189,"2023-01-16",1019,2,159.15,"Churned"
8190,"2023-03-22",954,2,82.24,"Churned"
8192,"2020-10-01",1856,1,397.04,"Churned"
8193,"2020-12-26",1770,1,84.09,"Churned"
8194,"2025-04-12",202,3,173.81,"Churned"
8195,"2024-02-18",621,1,529.52,"Churned"
8196,"2024-12-01",334,4,460.80,"Churned"
8197,"2021-11-06",1455,3,517.17,"Churned"
8200,"2024-07-06",482,2,467.86,"Churned"
8201,"2025-03-09",236,3,148.95,"Churned"
8202,"2024-09-08",418,2,152.50,"Churned"
8203,"2021-06-13",1601,1,134.74,"Churned"
8204,"2025-06-14",139,2,254.27,"Churned"
8206,"2022-09-18",1139,2,185.09,"Churned"
8207,"2024-07-07",481,1,77.81,"Churned"
8208,"2022-11-05",1091,1,48.58,"Churned"
8209,"2025-07-07",116,1,16.24,"Churned"
8210,"2021-12-28",1403,1,227.66,"Churned"
8211,"2023-05-13",902,1,238.25,"Churned"
8212,"2023-11-13",718,2,237.43,"Churned"
8215,"2024-12-08",327,1,148.54,"Churned"
8216,"2024-12-07",328,2,863.05,"Churned"
8217,"2023-05-27",888,3,243.04,"Churned"
8218,"2025-07-15",108,3,116.76,"Churned"
8219,"2024-09-14",412,2,101.99,"Churned"
8220,"2023-03-29",947,1,25.30,"Churned"
8221,"2022-04-02",1308,1,192.14,"Churned"
8222,"2024-12-05",330,2,91.60,"Churned"
8224,"2022-02-05",1364,1,55.93,"Churned"
8225,"2025-03-13",232,2,294.78,"Churned"
8227,"2025-10-05",26,3,764.79,"Active"
8229,"2023-08-24",799,1,29.35,"Churned"
8230,"2023-09-30",762,1,55.17,"Churned"
8231,"2024-05-29",520,1,31.93,"Churned"
8232,"2021-02-09",1725,1,10.34,"Churned"
8235,"2021-09-18",1504,3,631.35,"Churned"
8237,"2023-02-23",981,1,291.40,"Churned"
8239,"2023-08-30",793,1,15.39,"Churned"
8240,"2023-07-25",829,1,906.02,"Churned"
8241,"2022-06-22",1227,2,221.54,"Churned"
8243,"2024-03-16",594,2,212.28,"Churned"
8245,"2024-12-27",308,2,85.65,"Churned"
8246,"2022-05-14",1266,2,48.71,"Churned"
8247,"2022-12-17",1049,2,135.77,"Churned"
8248,"2023-09-14",778,2,551.90,"Churned"
8250,"2025-02-26",247,1,54.27,"Churned"
8251,"2023-07-24",830,4,299.93,"Churned"
8252,"2025-04-02",212,4,745.43,"Churned"
8253,"2025-03-03",242,2,253.98,"Churned"
8254,"2025-06-13",140,2,362.36,"Churned"
8255,"2025-09-19",42,4,181.02,"At Risk"
8256,"2025-03-13",232,2,142.00,"Churned"
8257,"2022-09-02",1155,2,316.65,"Churned"
8258,"2020-09-27",1860,2,442.98,"Churned"
8259,"2025-07-19",104,2,93.10,"Churned"
8260,"2024-06-25",493,2,111.49,"Churned"
8262,"2023-02-09",995,1,84.73,"Churned"
8263,"2025-05-26",158,2,351.44,"Churned"
8264,"2023-10-02",760,1,146.23,"Churned"
8265,"2025-09-13",48,2,39.34,"At Risk"
8266,"2024-02-13",626,2,619.16,"Churned"
8269,"2025-03-16",229,2,516.19,"Churned"
8270,"2021-03-09",1697,1,72.18,"Churned"
8271,"2025-03-11",234,2,91.25,"Churned"
8272,"2024-01-24",646,2,184.33,"Churned"
8273,"2024-08-03",454,1,36.15,"Churned"
8274,"2024-11-21",344,2,116.22,"Churned"
8275,"2021-09-07",1515,2,95.28,"Churned"
8276,"2025-10-12",19,3,124.24,"Active"
8277,"2024-02-23",616,2,70.01,"Churned"
8279,"2024-12-07",328,5,425.64,"Churned"
8281,"2025-08-20",72,2,345.38,"At Risk"
8282,"2021-04-11",1664,1,123.51,"Churned"
8283,"2023-08-08",815,2,290.93,"Churned"
8284,"2025-03-10",235,4,378.37,"Churned"
8285,"2024-06-12",506,1,43.18,"Churned"
8286,"2025-04-26",188,2,231.17,"Churned"
8287,"2024-02-15",624,2,185.73,"Churned"
8288,"2023-04-10",935,1,533.17,"Churned"
8289,"2025-06-02",151,2,140.33,"Churned"
8290,"2024-08-31",426,2,279.09,"Churned"
8291,"2022-03-07",1334,2,215.94,"Churned"
8292,"2020-12-02",1794,1,162.00,"Churned"
8293,"2024-08-03",454,3,204.02,"Churned"
8294,"2024-09-17",409,2,189.95,"Churned"
8295,"2025-04-15",199,3,328.25,"Churned"
8296,"2021-02-02",1732,1,33.14,"Churned"
8297,"2023-03-22",954,1,26.40,"Churned"
8298,"2020-09-19",1868,1,250.82,"Churned"
8299,"2023-07-30",824,3,91.29,"Churned"
8300,"2023-06-27",857,2,144.32,"Churned"
8301,"2021-03-13",1693,2,179.82,"Churned"
8302,"2021-01-16",1749,2,89.29,"Churned"
8303,"2022-08-08",1180,2,63.95,"Churned"
8304,"2020-09-07",1880,1,66.04,"Churned"
8305,"2024-08-28",429,2,259.31,"Churned"
8306,"2022-06-19",1230,2,437.84,"Churned"
8307,"2024-06-19",499,3,456.89,"Churned"
8308,"2024-11-09",356,1,38.98,"Churned"
8309,"2024-07-21",467,2,647.43,"Churned"
8310,"2025-02-12",261,2,172.82,"Churned"
8311,"2024-03-14",596,1,40.47,"Churned"
8312,"2021-04-02",1673,1,132.06,"Churned"
8313,"2023-05-15",900,1,152.46,"Churned"
8314,"2023-01-09",1026,1,199.80,"Churned"
8315,"2022-10-04",1123,3,180.40,"Churned"
8316,"2025-09-17",44,1,460.80,"At Risk"
8317,"2024-02-29",610,1,37.42,"Churned"
8318,"2023-06-30",854,2,259.62,"Churned"
8319,"2025-01-11",293,2,105.66,"Churned"
8320,"2021-11-04",1457,1,137.52,"Churned"
8321,"2021-11-20",1441,2,299.19,"Churned"
8322,"2025-10-06",25,2,1018.25,"Active"
8323,"2022-03-04",1337,2,238.91,"Churned"
8324,"2022-07-30",1189,1,54.94,"Churned"
8325,"2024-06-01",517,2,158.61,"Churned"
8326,"2021-01-18",1747,1,14.71,"Churned"
8327,"2025-08-29",63,3,416.23,"At Risk"
8328,"2023-08-05",818,3,407.40,"Churned"
8329,"2022-05-01",1279,3,312.45,"Churned"
8331,"2021-01-02",1763,1,59.85,"Churned"
8332,"2025-05-03",181,2,137.27,"Churned"
8334,"2024-12-29",306,3,312.64,"Churned"
8335,"2020-11-05",1821,1,136.63,"Churned"
8336,"2022-09-13",1144,2,204.88,"Churned"
8337,"2024-02-17",622,1,75.09,"Churned"
8338,"2024-08-24",433,1,214.81,"Churned"
8340,"2024-05-08",541,2,219.11,"Churned"
8341,"2024-04-08",571,2,272.64,"Churned"
8342,"2023-06-27",857,2,346.80,"Churned"
8343,"2020-02-07",2093,1,164.50,"Churned"
8344,"2020-06-10",1969,1,216.96,"Churned"
8345,"2025-01-29",275,5,620.56,"Churned"
8347,"2025-01-14",290,2,645.46,"Churned"
8349,"2025-09-13",48,3,640.83,"At Risk"
8350,"2023-01-25",1010,1,34.24,"Churned"
8351,"2025-01-03",301,3,425.92,"Churned"
8352,"2024-11-17",348,1,8.79,"Churned"
8354,"2022-04-13",1297,2,160.66,"Churned"
8355,"2025-05-08",176,4,2054.98,"Churned"
8357,"2024-07-29",459,1,83.18,"Churned"
8359,"2025-10-08",23,2,98.61,"Active"
8360,"2021-12-06",1425,1,90.53,"Churned"
8361,"2024-08-01",456,1,185.34,"Churned"
8362,"2025-09-29",32,3,301.57,"At Risk"
8364,"2021-01-17",1748,1,32.30,"Churned"
8365,"2020-04-03",2037,1,50.99,"Churned"
8367,"2022-05-06",1274,2,488.94,"Churned"
8368,"2024-08-23",434,2,175.58,"Churned"
8369,"2023-10-31",731,1,17.46,"Churned"
8370,"2025-10-31",0,1,151.14,"Active"
8371,"2024-02-20",619,2,130.50,"Churned"
8372,"2025-03-16",229,3,319.06,"Churned"
8373,"2021-12-31",1400,3,872.17,"Churned"
8374,"2025-01-16",288,6,1373.84,"Churned"
8375,"2025-02-05",268,2,251.78,"Churned"
8376,"2023-10-07",755,3,636.43,"Churned"
8377,"2022-08-19",1169,4,566.55,"Churned"
8379,"2025-03-09",236,4,647.26,"Churned"
8380,"2025-03-08",237,2,23.90,"Churned"
8381,"2022-05-14",1266,3,455.28,"Churned"
8382,"2022-10-13",1114,2,495.45,"Churned"
8383,"2025-07-25",98,3,168.46,"Churned"
8384,"2025-05-19",165,2,395.64,"Churned"
8385,"2024-05-25",524,4,1352.97,"Churned"
8388,"2025-05-04",180,3,88.70,"Churned"
8389,"2024-04-14",565,1,68.09,"Churned"
8391,"2020-06-11",1968,1,143.79,"Churned"
8392,"2025-02-09",264,2,203.74,"Churned"
8393,"2024-02-02",637,2,94.29,"Churned"
8395,"2025-10-26",5,2,165.44,"Active"
8396,"2024-04-02",577,1,6.85,"Churned"
8397,"2024-03-31",579,1,195.53,"Churned"
8399,"2024-12-01",334,4,848.01,"Churned"
8401,"2020-03-29",2042,1,43.01,"Churned"
8402,"2024-06-04",514,4,378.51,"Churned"
8405,"2025-08-18",74,3,261.40,"At Risk"
8406,"2025-02-23",250,2,250.61,"Churned"
8408,"2025-02-11",262,2,119.79,"Churned"
8410,"2022-11-05",1091,1,78.40,"Churned"
8411,"2023-10-29",733,1,31.38,"Churned"
8412,"2021-08-03",1550,1,66.34,"Churned"
8414,"2021-05-29",1616,2,112.87,"Churned"
8415,"2024-05-08",541,2,333.72,"Churned"
8416,"2022-11-19",1077,4,783.31,"Churned"
8417,"2021-10-09",1483,2,29.77,"Churned"
8418,"2025-03-28",217,3,304.51,"Churned"
8421,"2024-10-26",370,3,339.55,"Churned"
8422,"2023-01-19",1016,1,17.46,"Churned"
8423,"2021-04-27",1648,1,207.77,"Churned"
8424,"2023-07-07",847,1,81.85,"Churned"
8425,"2022-06-10",1239,1,805.03,"Churned"
8426,"2021-01-11",1754,1,28.92,"Churned"
8427,"2025-10-30",1,2,1103.53,"Active"
8428,"2021-06-07",1607,1,93.79,"Churned"
8430,"2025-10-31",0,1,99.02,"Active"
8431,"2024-12-21",314,6,1374.14,"Churned"
8432,"2022-02-20",1349,1,113.77,"Churned"
8433,"2023-04-26",919,1,38.33,"Churned"
8434,"2024-10-10",386,2,310.19,"Churned"
8435,"2024-07-09",479,2,69.03,"Churned"
8436,"2023-10-27",735,1,130.11,"Churned"
8439,"2020-08-30",1888,1,131.10,"Churned"
8441,"2025-02-28",245,2,214.85,"Churned"
8443,"2024-08-21",436,2,487.46,"Churned"
8444,"2023-10-10",752,2,641.65,"Churned"
8445,"2023-06-15",869,1,226.82,"Churned"
8447,"2023-09-29",763,2,75.25,"Churned"
8448,"2025-02-08",265,3,417.66,"Churned"
8449,"2022-10-10",1117,1,755.70,"Churned"
8450,"2025-08-10",82,3,289.78,"At Risk"
8451,"2022-12-23",1043,1,26.37,"Churned"
8452,"2022-06-24",1225,2,133.67,"Churned"
8453,"2022-02-08",1361,1,274.87,"Churned"
8455,"2025-09-27",34,1,132.26,"At Risk"
8456,"2024-02-28",611,2,560.48,"Churned"
8457,"2025-07-29",94,2,279.61,"Churned"
8458,"2025-10-24",7,2,88.74,"Active"
8459,"2024-08-16",441,1,164.34,"Churned"
8460,"2022-09-04",1153,4,320.19,"Churned"
8461,"2021-11-09",1452,1,47.55,"Churned"
8462,"2020-10-08",1849,2,131.73,"Churned"
8464,"2024-05-20",529,3,105.85,"Churned"
8466,"2024-09-24",402,2,457.76,"Churned"
8467,"2025-03-25",220,1,241.34,"Churned"
8468,"2023-05-11",904,2,208.58,"Churned"
8469,"2023-10-06",756,5,648.07,"Churned"
8471,"2025-02-12",261,3,605.62,"Churned"
8472,"2024-02-03",636,1,59.31,"Churned"
8473,"2025-05-23",161,3,763.76,"Churned"
8474,"2025-02-19",254,3,225.17,"Churned"
8475,"2024-08-11",446,2,252.93,"Churned"
8477,"2023-11-29",702,2,357.63,"Churned"
8479,"2024-02-19",620,2,657.18,"Churned"
8480,"2021-12-15",1416,1,419.28,"Churned"
8482,"2025-08-16",76,2,142.54,"At Risk"
8483,"2022-09-23",1134,1,64.86,"Churned"
8484,"2023-08-27",796,1,410.19,"Churned"
8485,"2025-09-05",56,7,434.81,"At Risk"
8486,"2025-03-20",225,1,20.68,"Churned"
8488,"2025-09-17",44,2,76.03,"At Risk"
8489,"2022-05-19",1261,2,85.01,"Churned"
8490,"2023-06-06",878,4,993.18,"Churned"
8491,"2024-08-01",456,3,644.40,"Churned"
8492,"2024-09-24",402,2,365.22,"Churned"
8493,"2024-08-04",453,2,516.31,"Churned"
8494,"2025-08-07",85,4,651.13,"At Risk"
8495,"2024-11-22",343,1,99.35,"Churned"
8497,"2024-09-14",412,2,523.50,"Churned"
8498,"2024-09-01",425,5,555.59,"Churned"
8499,"2025-10-01",30,4,518.18,"Active"
8500,"2024-07-19",469,3,238.72,"Churned"
8501,"2025-03-07",238,1,20.14,"Churned"
8502,"2024-11-07",358,1,103.48,"Churned"
8503,"2020-12-04",1792,1,113.56,"Churned"
8505,"2023-09-27",765,5,542.55,"Churned"
8506,"2025-02-22",251,3,515.17,"Churned"
8508,"2023-04-02",943,1,7.97,"Churned"
8509,"2020-07-30",1919,1,108.82,"Churned"
8510,"2020-09-12",1875,1,420.97,"Churned"
8511,"2025-07-29",94,3,521.98,"Churned"
8512,"2024-10-31",365,3,131.07,"Churned"
8513,"2024-10-17",379,3,241.52,"Churned"
8514,"2025-07-05",118,4,694.53,"Churned"
8515,"2022-10-10",1117,1,229.67,"Churned"
8518,"2024-03-07",603,2,614.79,"Churned"
8519,"2025-02-15",258,3,633.79,"Churned"
8521,"2024-06-06",512,5,1627.87,"Churned"
8522,"2021-06-17",1597,1,44.10,"Churned"
8524,"2022-10-19",1108,1,73.02,"Churned"
8525,"2025-08-02",90,1,68.58,"At Risk"
8526,"2024-04-11",568,2,47.67,"Churned"
8527,"2025-07-22",101,1,22.16,"Churned"
8528,"2024-05-31",518,1,25.49,"Churned"
8530,"2022-05-25",1255,1,4.86,"Churned"
8531,"2023-08-30",793,1,370.14,"Churned"
8532,"2024-11-09",356,2,46.15,"Churned"
8533,"2023-06-02",882,1,14.24,"Churned"
8534,"2025-03-15",230,3,109.05,"Churned"
8535,"2024-02-04",635,6,449.71,"Churned"
8536,"2024-11-22",343,3,139.04,"Churned"
8537,"2021-02-07",1727,1,102.34,"Churned"
8538,"2023-12-31",670,1,255.78,"Churned"
8539,"2025-09-03",58,2,34.65,"At Risk"
8540,"2021-11-06",1455,1,129.03,"Churned"
8541,"2020-07-03",1946,1,123.05,"Churned"
8542,"2023-12-30",671,1,65.50,"Churned"
8543,"2022-03-24",1317,1,97.90,"Churned"
8544,"2023-01-20",1015,1,35.74,"Churned"
8545,"2025-06-03",150,4,1020.94,"Churned"
8546,"2022-12-01",1065,1,251.34,"Churned"
8547,"2024-07-05",483,1,77.72,"Churned"
8548,"2024-05-26",523,3,312.26,"Churned"
8549,"2025-08-10",82,4,385.38,"At Risk"
8552,"2024-04-15",564,3,472.20,"Churned"
8554,"2025-09-19",42,2,745.24,"At Risk"
8555,"2021-12-10",1421,1,370.71,"Churned"
8556,"2020-08-24",1894,1,126.11,"Churned"
8560,"2024-06-04",514,2,841.23,"Churned"
8562,"2025-10-31",0,2,65.88,"Active"
8564,"2024-10-31",365,1,18.10,"Churned"
8565,"2021-07-03",1581,1,212.93,"Churned"
8566,"2024-11-08",357,1,104.07,"Churned"
8567,"2021-02-19",1715,2,323.89,"Churned"
8568,"2023-01-22",1013,3,867.96,"Churned"
8570,"2025-01-21",283,1,216.13,"Churned"
8571,"2020-02-26",2074,1,25.08,"Churned"
8572,"2023-06-08",876,2,110.73,"Churned"
8573,"2022-07-13",1206,1,11.13,"Churned"
8574,"2021-08-10",1543,1,713.04,"Churned"
8575,"2024-08-04",453,1,50.29,"Churned"
8576,"2025-10-07",24,3,283.52,"Active"
8578,"2024-06-25",493,1,151.70,"Churned"
8580,"2025-02-10",263,2,412.68,"Churned"
8581,"2025-01-12",292,1,28.12,"Churned"
8583,"2023-04-18",927,3,314.72,"Churned"
8585,"2024-11-12",353,2,138.20,"Churned"
8586,"2024-04-11",568,1,75.61,"Churned"
8587,"2020-05-06",2004,1,234.90,"Churned"
8588,"2022-12-22",1044,2,113.29,"Churned"
8589,"2023-02-12",992,1,102.89,"Churned"
8591,"2023-02-21",983,3,397.42,"Churned"
8593,"2022-09-06",1151,3,467.33,"Churned"
8595,"2023-08-03",820,2,123.69,"Churned"
8596,"2021-09-21",1501,2,374.61,"Churned"
8597,"2025-05-15",169,1,140.77,"Churned"
8598,"2025-08-05",87,5,855.20,"At Risk"
8599,"2023-02-28",976,1,44.06,"Churned"
8600,"2023-05-07",908,4,192.82,"Churned"
8601,"2022-12-22",1044,3,203.45,"Churned"
8602,"2020-01-01",2130,1,58.99,"Churned"
8603,"2023-03-01",975,4,393.43,"Churned"
8604,"2025-07-20",103,4,252.75,"Churned"
8605,"2021-08-08",1545,1,51.85,"Churned"
8607,"2020-10-26",1831,3,435.18,"Churned"
8608,"2025-08-19",73,3,218.41,"At Risk"
8613,"2021-07-14",1570,1,61.38,"Churned"
8614,"2020-03-29",2042,1,36.98,"Churned"
8615,"2024-09-20",406,4,332.54,"Churned"
8616,"2024-10-08",388,5,587.37,"Churned"
8617,"2023-08-26",797,1,273.32,"Churned"
8618,"2021-07-01",1583,1,126.16,"Churned"
8619,"2022-10-10",1117,3,312.85,"Churned"
8620,"2023-11-27",704,1,87.58,"Churned"
8622,"2021-07-09",1575,2,130.15,"Churned"
8624,"2023-04-08",937,3,99.82,"Churned"
8625,"2022-09-26",1131,1,8.28,"Churned"
8626,"2024-09-19",407,2,755.06,"Churned"
8627,"2020-01-06",2125,1,186.85,"Churned"
8628,"2025-09-04",57,2,426.17,"At Risk"
8629,"2024-12-01",334,3,690.40,"Churned"
8630,"2022-01-19",1381,2,303.65,"Churned"
8633,"2021-09-26",1496,1,10.99,"Churned"
8634,"2024-01-31",639,1,116.77,"Churned"
8635,"2025-01-28",276,1,82.03,"Churned"
8636,"2025-09-09",52,3,377.51,"At Risk"
8637,"2024-10-08",388,3,633.34,"Churned"
8638,"2024-01-24",646,3,165.50,"Churned"
8639,"2022-11-12",1084,1,129.60,"Churned"
8641,"2024-08-16",441,2,64.01,"Churned"
8642,"2025-09-02",59,3,204.09,"At Risk"
8643,"2024-07-09",479,1,15.72,"Churned"
8645,"2025-10-01",30,2,646.83,"Active"
8646,"2024-05-07",542,2,86.75,"Churned"
8647,"2023-09-24",768,4,919.30,"Churned"
8648,"2021-12-06",1425,2,92.03,"Churned"
8649,"2021-05-23",1622,2,385.05,"Churned"
8650,"2024-08-27",430,3,182.18,"Churned"
8652,"2024-07-25",463,3,513.56,"Churned"
8653,"2021-04-24",1651,2,51.62,"Churned"
8654,"2023-03-11",965,2,127.47,"Churned"
8655,"2023-02-05",999,2,295.70,"Churned"
8656,"2024-05-19",530,1,131.16,"Churned"
8658,"2023-02-07",997,1,104.96,"Churned"
8659,"2024-11-07",358,2,263.16,"Churned"
8660,"2023-07-06",848,1,17.56,"Churned"
8661,"2021-09-13",1509,1,11.67,"Churned"
8662,"2025-10-27",4,4,523.12,"Active"
8663,"2024-11-06",359,3,375.85,"Churned"
8664,"2024-04-06",573,1,82.00,"Churned"
8665,"2024-01-24",646,2,207.16,"Churned"
8666,"2023-12-30",671,1,21.57,"Churned"
8668,"2025-07-10",113,2,212.19,"Churned"
8669,"2024-07-03",485,6,629.75,"Churned"
8670,"2025-03-10",235,2,473.58,"Churned"
8671,"2025-10-30",1,4,381.10,"Active"
8673,"2024-01-31",639,2,1017.72,"Churned"
8674,"2022-12-10",1056,4,376.63,"Churned"
8675,"2025-10-19",12,2,296.12,"Active"
8676,"2023-11-25",706,1,312.39,"Churned"
8677,"2025-09-20",41,3,580.25,"At Risk"
8678,"2021-11-09",1452,1,60.37,"Churned"
8679,"2022-11-11",1085,5,726.26,"Churned"
8680,"2023-02-01",1003,3,331.99,"Churned"
8681,"2025-03-05",240,4,210.59,"Churned"
8682,"2021-03-20",1686,1,36.06,"Churned"
8683,"2025-04-17",197,3,462.53,"Churned"
8684,"2025-07-23",100,5,909.34,"Churned"
8686,"2025-02-24",249,1,85.16,"Churned"
8687,"2025-07-29",94,6,1443.43,"Churned"
8688,"2024-10-29",367,4,347.96,"Churned"
8689,"2025-06-18",135,8,1161.21,"Churned"
8691,"2024-01-24",646,3,740.29,"Churned"
8692,"2021-08-16",1537,1,49.76,"Churned"
8693,"2025-09-13",48,2,494.39,"At Risk"
8694,"2023-04-29",916,4,473.95,"Churned"
8695,"2024-11-25",340,1,140.10,"Churned"
8696,"2020-02-21",2079,1,109.57,"Churned"
8697,"2020-10-27",1830,1,543.89,"Churned"
8698,"2024-09-13",413,1,140.34,"Churned"
8700,"2025-06-29",124,1,8.55,"Churned"
8701,"2022-12-02",1064,1,104.42,"Churned"
8704,"2023-11-28",703,3,401.16,"Churned"
8705,"2024-07-24",464,2,276.03,"Churned"
8706,"2025-06-21",132,2,401.50,"Churned"
8707,"2023-02-17",987,1,60.86,"Churned"
8708,"2020-08-05",1913,1,33.72,"Churned"
8709,"2023-11-13",718,2,222.07,"Churned"
8710,"2025-08-10",82,2,147.59,"At Risk"
8711,"2023-05-11",904,1,91.50,"Churned"
8713,"2023-03-09",967,2,273.37,"Churned"
8714,"2022-03-18",1323,4,1107.97,"Churned"
8715,"2023-03-19",957,1,11.57,"Churned"
8716,"2024-03-21",589,1,149.26,"Churned"
8718,"2022-08-02",1186,1,212.49,"Churned"
8719,"2021-03-18",1688,2,43.05,"Churned"
8721,"2024-08-11",446,1,29.83,"Churned"
8722,"2025-02-12",261,1,294.31,"Churned"
8724,"2020-08-18",1900,1,165.06,"Churned"
8726,"2021-05-08",1637,1,125.60,"Churned"
8727,"2021-05-18",1627,2,449.50,"Churned"
8728,"2021-08-04",1549,1,89.80,"Churned"
8729,"2022-04-19",1291,1,141.07,"Churned"
8730,"2022-11-16",1080,2,129.81,"Churned"
8731,"2021-09-17",1505,1,188.18,"Churned"
8732,"2022-12-28",1038,2,276.15,"Churned"
8733,"2024-05-21",528,2,411.80,"Churned"
8734,"2023-01-06",1029,1,104.89,"Churned"
8735,"2024-05-05",544,1,98.54,"Churned"
8736,"2021-11-28",1433,2,200.34,"Churned"
8737,"2021-07-11",1573,1,7.81,"Churned"
8739,"2023-07-16",838,2,360.75,"Churned"
8740,"2023-03-09",967,2,197.18,"Churned"
8741,"2020-01-04",2127,1,68.42,"Churned"
8742,"2021-06-04",1610,2,143.57,"Churned"
8743,"2021-01-31",1734,1,46.66,"Churned"
8744,"2024-05-29",520,2,463.84,"Churned"
8745,"2025-10-08",23,2,217.24,"Active"
8746,"2024-09-12",414,4,494.09,"Churned"
8747,"2023-12-02",699,2,427.70,"Churned"
8748,"2022-04-02",1308,1,9.39,"Churned"
8749,"2024-12-09",326,2,60.99,"Churned"
8750,"2025-07-09",114,4,368.40,"Churned"
8751,"2025-03-02",243,3,632.66,"Churned"
8752,"2020-04-05",2035,1,78.80,"Churned"
8753,"2021-12-25",1406,2,260.68,"Churned"
8754,"2021-03-31",1675,1,7.97,"Churned"
8755,"2021-06-13",1601,2,161.03,"Churned"
8756,"2020-12-25",1771,1,46.61,"Churned"
8757,"2023-12-30",671,3,408.33,"Churned"
8758,"2024-12-22",313,2,46.75,"Churned"
8759,"2025-10-19",12,2,270.28,"Active"
8762,"2022-11-07",1089,2,93.88,"Churned"
8763,"2024-10-02",394,1,549.23,"Churned"
8764,"2024-05-10",539,2,325.45,"Churned"
8765,"2020-02-23",2077,1,135.31,"Churned"
8766,"2025-06-28",125,3,182.12,"Churned"
8767,"2022-11-02",1094,2,90.16,"Churned"
8769,"2024-03-10",600,3,173.23,"Churned"
8771,"2025-09-10",51,4,487.25,"At Risk"
8772,"2025-09-11",50,5,450.20,"At Risk"
8773,"2024-10-03",393,2,174.27,"Churned"
8774,"2020-11-03",1823,2,101.61,"Churned"
8775,"2020-06-26",1953,1,19.59,"Churned"
8776,"2025-04-08",206,2,391.71,"Churned"
8777,"2024-05-23",526,2,447.05,"Churned"
8778,"2021-07-12",1572,1,25.49,"Churned"
8779,"2024-04-22",557,1,58.02,"Churned"
8780,"2023-09-05",787,2,317.16,"Churned"
8782,"2020-01-03",2128,1,202.20,"Churned"
8783,"2022-07-30",1189,2,169.01,"Churned"
8784,"2025-02-17",256,2,296.54,"Churned"
8785,"2020-09-17",1870,1,337.94,"Churned"
8786,"2022-04-12",1298,1,50.63,"Churned"
8789,"2025-06-25",128,4,285.82,"Churned"
8790,"2022-02-14",1355,3,321.42,"Churned"
8791,"2025-01-20",284,3,898.58,"Churned"
8793,"2025-06-10",143,2,121.25,"Churned"
8794,"2021-10-22",1470,3,380.22,"Churned"
8795,"2024-12-29",306,3,155.45,"Churned"
8797,"2021-11-03",1458,1,104.22,"Churned"
8798,"2020-02-18",2082,2,221.12,"Churned"
8800,"2025-10-23",8,2,229.53,"Active"
8801,"2024-11-01",364,3,309.94,"Churned"
8802,"2024-08-08",449,2,210.72,"Churned"
8803,"2025-05-06",178,3,401.53,"Churned"
8804,"2020-06-02",1977,1,119.20,"Churned"
8805,"2025-03-01",244,1,212.90,"Churned"
8806,"2024-10-08",388,2,56.24,"Churned"
8807,"2022-08-19",1169,3,644.41,"Churned"
8808,"2024-11-18",347,2,180.57,"Churned"
8809,"2021-10-12",1480,1,311.38,"Churned"
8811,"2022-08-08",1180,1,7.86,"Churned"
8812,"2024-05-06",543,2,156.47,"Churned"
8814,"2021-12-20",1411,1,162.79,"Churned"
8815,"2023-08-04",819,2,77.99,"Churned"
8816,"2023-02-01",1003,1,184.99,"Churned"
8818,"2022-07-26",1193,2,300.20,"Churned"
8819,"2025-02-28",245,4,291.92,"Churned"
8820,"2021-11-06",1455,2,106.07,"Churned"
8822,"2023-11-06",725,3,598.11,"Churned"
8823,"2024-09-30",396,2,72.16,"Churned"
8824,"2023-04-05",940,1,130.24,"Churned"
8825,"2025-07-27",96,2,217.11,"Churned"
8827,"2020-02-03",2097,1,86.56,"Churned"
8828,"2022-04-22",1288,1,44.27,"Churned"
8829,"2022-07-04",1215,1,197.26,"Churned"
8830,"2023-07-29",825,1,65.15,"Churned"
8831,"2024-06-24",494,2,379.54,"Churned"
8832,"2022-11-11",1085,3,316.31,"Churned"
8833,"2022-06-18",1231,2,458.92,"Churned"
8835,"2025-04-19",195,1,317.46,"Churned"
8836,"2022-06-11",1238,2,281.90,"Churned"
8837,"2024-12-01",334,1,24.63,"Churned"
8838,"2024-09-05",421,1,58.25,"Churned"
8839,"2023-07-13",841,3,286.37,"Churned"
8841,"2025-10-03",28,3,400.51,"Active"
8843,"2024-12-19",316,5,519.70,"Churned"
8844,"2024-02-01",638,4,163.93,"Churned"
8845,"2024-06-02",516,3,1575.21,"Churned"
8846,"2024-07-21",467,4,194.73,"Churned"
8847,"2022-01-09",1391,2,299.83,"Churned"
8848,"2021-12-30",1401,2,167.93,"Churned"
8849,"2025-07-11",112,1,203.78,"Churned"
8850,"2025-06-19",134,2,348.11,"Churned"
8851,"2025-06-08",145,1,41.99,"Churned"
8852,"2024-10-03",393,3,171.37,"Churned"
8853,"2023-09-18",774,1,274.46,"Churned"
8855,"2024-07-15",473,2,119.23,"Churned"
8857,"2024-09-07",419,3,1849.59,"Churned"
8858,"2024-10-11",385,2,201.44,"Churned"
8859,"2025-06-04",149,2,101.26,"Churned"
8860,"2024-09-02",424,4,429.80,"Churned"
8861,"2025-08-16",76,5,1044.71,"At Risk"
8862,"2022-12-23",1043,1,18.25,"Churned"
8863,"2025-03-03",242,3,334.49,"Churned"
8864,"2022-09-27",1130,1,79.70,"Churned"
8865,"2025-09-18",43,2,387.76,"At Risk"
8867,"2024-12-26",309,1,77.72,"Churned"
8868,"2022-05-27",1253,1,47.21,"Churned"
8872,"2024-07-02",486,2,50.85,"Churned"
8873,"2025-02-28",245,2,216.45,"Churned"
8874,"2020-08-19",1899,1,420.87,"Churned"
8875,"2023-09-26",766,4,753.38,"Churned"
8876,"2021-10-25",1467,1,61.74,"Churned"
8877,"2024-04-30",549,6,700.88,"Churned"
8878,"2024-05-24",525,3,30.25,"Churned"
8879,"2024-07-20",468,3,440.43,"Churned"
8881,"2024-05-10",539,3,504.19,"Churned"
8882,"2023-11-12",719,1,329.86,"Churned"
8885,"2024-03-04",606,1,113.14,"Churned"
8886,"2024-12-26",309,3,265.97,"Churned"
8887,"2022-11-07",1089,1,83.07,"Churned"
8888,"2023-01-23",1012,1,42.22,"Churned"
8889,"2022-10-20",1107,1,32.22,"Churned"
8891,"2022-08-19",1169,1,183.12,"Churned"
8892,"2024-02-01",638,1,74.21,"Churned"
8893,"2025-02-17",256,2,151.47,"Churned"
8894,"2024-04-12",567,3,720.74,"Churned"
8895,"2024-09-27",399,2,169.55,"Churned"
8899,"2025-07-17",106,2,128.19,"Churned"
8900,"2020-10-04",1853,1,307.49,"Churned"
8901,"2024-02-22",617,3,493.12,"Churned"
8904,"2024-02-29",610,2,381.60,"Churned"
8905,"2024-09-14",412,2,157.58,"Churned"
8906,"2024-01-30",640,3,470.64,"Churned"
8907,"2023-04-01",944,2,94.67,"Churned"
8911,"2025-09-27",34,3,80.29,"At Risk"
8913,"2022-07-27",1192,2,192.15,"Churned"
8914,"2022-09-07",1150,2,236.60,"Churned"
8917,"2025-03-10",235,2,30.63,"Churned"
8918,"2023-11-02",729,5,1054.61,"Churned"
8919,"2024-05-24",525,4,583.77,"Churned"
8921,"2022-10-06",1121,2,192.27,"Churned"
8922,"2023-01-10",1025,3,350.69,"Churned"
8923,"2025-01-06",298,4,253.41,"Churned"
8926,"2024-02-04",635,1,246.19,"Churned"
8927,"2023-01-02",1033,3,242.93,"Churned"
8928,"2021-06-22",1592,1,107.54,"Churned"
8929,"2025-03-09",236,2,43.73,"Churned"
8930,"2025-10-06",25,2,234.68,"Active"
8931,"2025-02-23",250,1,87.84,"Churned"
8933,"2024-12-16",319,1,31.59,"Churned"
8934,"2023-03-12",964,2,377.17,"Churned"
8935,"2023-12-07",694,3,360.71,"Churned"
8936,"2023-10-02",760,4,980.09,"Churned"
8937,"2023-10-11",751,2,141.39,"Churned"
8939,"2020-01-18",2113,1,4.67,"Churned"
8940,"2024-08-31",426,3,592.21,"Churned"
8942,"2020-05-09",2001,1,7.39,"Churned"
8943,"2025-09-12",49,3,43.93,"At Risk"
8944,"2023-09-20",772,1,192.71,"Churned"
8946,"2025-06-04",149,3,308.20,"Churned"
8947,"2021-04-18",1657,1,20.42,"Churned"
8949,"2023-07-24",830,1,291.93,"Churned"
8951,"2021-06-16",1598,2,298.92,"Churned"
8952,"2023-08-31",792,3,802.12,"Churned"
8953,"2025-01-11",293,3,819.77,"Churned"
8954,"2022-03-19",1322,1,48.51,"Churned"
8955,"2023-06-25",859,1,631.80,"Churned"
8956,"2024-04-18",561,1,99.87,"Churned"
8959,"2020-10-07",1850,1,250.37,"Churned"
8960,"2025-07-14",109,5,902.71,"Churned"
8961,"2025-09-19",42,1,34.18,"At Risk"
8962,"2024-05-28",521,2,363.33,"Churned"
8963,"2020-04-14",2026,1,154.99,"Churned"
8964,"2021-09-13",1509,1,22.02,"Churned"
8965,"2020-05-24",1986,1,51.86,"Churned"
8968,"2024-08-20",437,1,37.22,"Churned"
8969,"2025-04-08",206,1,16.58,"Churned"
8970,"2022-10-03",1124,4,646.15,"Churned"
8971,"2024-08-17",440,2,193.32,"Churned"
8972,"2024-08-30",427,2,767.53,"Churned"
8973,"2023-08-11",812,2,204.84,"Churned"
8974,"2024-04-04",575,3,524.15,"Churned"
8975,"2023-08-12",811,2,253.46,"Churned"
8976,"2022-10-20",1107,1,288.64,"Churned"
8977,"2025-05-14",170,5,543.37,"Churned"
8979,"2025-05-31",153,3,958.63,"Churned"
8980,"2022-12-08",1058,3,58.05,"Churned"
8981,"2023-06-01",883,3,141.07,"Churned"
8982,"2025-05-24",160,3,180.13,"Churned"
8983,"2024-08-26",431,3,176.78,"Churned"
8985,"2022-02-19",1350,2,349.27,"Churned"
8986,"2023-12-23",678,2,233.46,"Churned"
8987,"2022-12-19",1047,3,491.98,"Churned"
8988,"2023-01-21",1014,1,364.48,"Churned"
8989,"2021-10-24",1468,1,39.61,"Churned"
8992,"2021-12-30",1401,2,672.18,"Churned"
8993,"2025-04-04",210,1,128.62,"Churned"
8994,"2023-12-13",688,2,354.79,"Churned"
8995,"2023-10-16",746,2,361.80,"Churned"
8996,"2022-05-11",1269,2,116.45,"Churned"
8999,"2024-09-08",418,1,159.02,"Churned"
9000,"2022-07-27",1192,3,725.98,"Churned"
9001,"2022-03-14",1327,1,78.14,"Churned"
9002,"2025-03-20",225,4,857.86,"Churned"
9003,"2024-06-29",489,2,57.56,"Churned"
9004,"2024-11-13",352,3,75.28,"Churned"
9005,"2022-07-06",1213,1,27.45,"Churned"
9006,"2025-06-26",127,5,1276.83,"Churned"
9007,"2025-09-16",45,2,231.74,"At Risk"
9008,"2023-05-11",904,2,133.22,"Churned"
9009,"2024-12-09",326,3,376.36,"Churned"
9011,"2021-05-12",1633,1,13.86,"Churned"
9012,"2022-03-11",1330,1,170.63,"Churned"
9014,"2021-12-09",1422,1,66.32,"Churned"
9015,"2025-08-22",70,2,700.39,"At Risk"
9016,"2025-10-30",1,4,581.69,"Active"
9017,"2025-02-28",245,3,117.58,"Churned"
9018,"2024-07-11",477,2,1261.63,"Churned"
9019,"2025-09-23",38,2,103.33,"At Risk"
9021,"2020-08-26",1892,2,216.14,"Churned"
9022,"2024-12-21",314,2,59.36,"Churned"
9023,"2022-04-12",1298,1,333.33,"Churned"
9024,"2025-09-15",46,4,580.47,"At Risk"
9025,"2025-04-30",184,4,259.50,"Churned"
9026,"2022-06-06",1243,1,92.51,"Churned"
9027,"2021-12-28",1403,1,41.84,"Churned"
9028,"2020-10-12",1845,1,15.54,"Churned"
9029,"2024-12-02",333,2,252.11,"Churned"
9030,"2023-03-08",968,2,366.86,"Churned"
9031,"2024-10-19",377,4,208.44,"Churned"
9032,"2020-07-04",1945,1,209.03,"Churned"
9033,"2025-06-11",142,1,215.31,"Churned"
9034,"2021-03-16",1690,1,84.06,"Churned"
9035,"2025-08-28",64,2,368.31,"At Risk"
9038,"2021-07-07",1577,2,516.98,"Churned"
9039,"2024-05-28",521,1,37.79,"Churned"
9040,"2023-11-25",706,1,43.89,"Churned"
9042,"2022-04-06",1304,2,46.39,"Churned"
9043,"2021-09-28",1494,1,170.32,"Churned"
9044,"2023-05-04",911,2,107.46,"Churned"
9045,"2025-09-05",56,3,247.63,"At Risk"
9046,"2022-05-27",1253,2,94.25,"Churned"
9047,"2024-09-21",405,1,283.54,"Churned"
9048,"2025-04-06",208,1,11.62,"Churned"
9049,"2025-04-10",204,1,195.18,"Churned"
9050,"2022-08-22",1166,1,193.91,"Churned"
9052,"2024-07-24",464,3,460.50,"Churned"
9053,"2023-10-15",747,5,687.59,"Churned"
9054,"2024-08-21",436,1,81.35,"Churned"
9056,"2025-09-19",42,3,355.48,"At Risk"
9057,"2022-09-27",1130,2,42.47,"Churned"
9058,"2024-06-29",489,1,34.44,"Churned"
9060,"2025-06-12",141,1,394.97,"Churned"
9061,"2025-08-29",63,2,217.51,"At Risk"
9062,"2023-07-25",829,2,335.58,"Churned"
9063,"2024-12-18",317,2,219.58,"Churned"
9064,"2024-08-23",434,2,563.02,"Churned"
9067,"2023-03-13",963,1,146.61,"Churned"
9068,"2022-10-16",1111,1,16.73,"Churned"
9069,"2025-06-17",136,2,67.10,"Churned"
9070,"2021-06-14",1600,1,55.66,"Churned"
9071,"2024-10-16",380,1,72.37,"Churned"
9073,"2024-02-24",615,2,60.40,"Churned"
9074,"2025-07-21",102,1,537.15,"Churned"
9075,"2024-06-13",505,1,169.18,"Churned"
9076,"2023-08-31",792,4,363.98,"Churned"
9077,"2025-06-08",145,5,542.99,"Churned"
9078,"2023-07-23",831,2,160.51,"Churned"
9079,"2020-10-20",1837,2,339.21,"Churned"
9080,"2025-09-14",47,3,154.72,"At Risk"
9081,"2020-04-03",2037,1,120.83,"Churned"
9082,"2020-09-09",1878,1,51.54,"Churned"
9083,"2025-01-25",279,2,146.01,"Churned"
9085,"2024-11-28",337,1,113.82,"Churned"
9086,"2023-08-12",811,5,988.14,"Churned"
9087,"2023-09-26",766,2,365.53,"Churned"
9088,"2023-11-25",706,2,151.78,"Churned"
9089,"2020-11-10",1816,1,58.95,"Churned"
9090,"2024-11-01",364,1,112.97,"Churned"
9092,"2022-04-08",1302,1,23.35,"Churned"
9093,"2022-09-12",1145,2,385.96,"Churned"
9094,"2022-05-27",1253,2,674.92,"Churned"
9095,"2025-01-08",296,2,130.92,"Churned"
9096,"2024-08-23",434,1,128.61,"Churned"
9097,"2022-04-02",1308,1,61.67,"Churned"
9100,"2024-01-14",656,1,40.34,"Churned"
9101,"2025-09-10",51,5,1030.34,"At Risk"
9102,"2021-08-13",1540,2,231.49,"Churned"
9103,"2023-03-18",958,2,414.54,"Churned"
9104,"2025-10-10",21,3,183.14,"Active"
9105,"2025-06-18",135,2,26.79,"Churned"
9106,"2021-03-31",1675,1,467.72,"Churned"
9107,"2023-05-04",911,2,188.27,"Churned"
9109,"2025-10-31",0,4,951.97,"Active"
9110,"2020-01-01",2130,1,32.07,"Churned"
9111,"2020-11-24",1802,1,14.54,"Churned"
9113,"2025-01-23",281,2,634.76,"Churned"
9114,"2023-07-06",848,1,195.07,"Churned"
9115,"2025-07-28",95,4,424.97,"Churned"
9116,"2025-10-16",15,3,213.34,"Active"
9117,"2024-04-27",552,3,342.42,"Churned"
9118,"2025-10-15",16,6,729.67,"Active"
9119,"2024-07-30",458,1,306.65,"Churned"
9120,"2025-09-20",41,1,38.54,"At Risk"
9121,"2022-03-31",1310,2,79.02,"Churned"
9122,"2023-11-30",701,1,28.64,"Churned"
9123,"2025-08-07",85,4,275.97,"At Risk"
9124,"2021-09-20",1502,2,47.49,"Churned"
9125,"2024-07-26",462,4,129.19,"Churned"
9126,"2023-12-12",689,3,351.75,"Churned"
9127,"2022-04-14",1296,1,158.59,"Churned"
9129,"2023-01-09",1026,1,124.56,"Churned"
9130,"2023-05-05",910,2,226.77,"Churned"
9131,"2021-02-04",1730,1,186.94,"Churned"
9132,"2024-07-26",462,3,607.90,"Churned"
9133,"2024-04-07",572,2,762.59,"Churned"
9134,"2021-10-09",1483,1,113.58,"Churned"
9135,"2022-04-26",1284,2,190.22,"Churned"
9136,"2021-03-03",1703,1,301.60,"Churned"
9137,"2025-10-04",27,2,285.43,"Active"
9138,"2020-07-18",1931,2,333.14,"Churned"
9140,"2021-05-28",1617,2,200.24,"Churned"
9141,"2021-07-28",1556,1,24.08,"Churned"
9142,"2022-06-09",1240,1,104.78,"Churned"
9143,"2021-09-28",1494,1,135.91,"Churned"
9145,"2025-10-14",17,3,406.88,"Active"
9146,"2024-05-21",528,2,394.78,"Churned"
9147,"2024-05-19",530,2,119.63,"Churned"
9148,"2023-11-28",703,2,278.29,"Churned"
9150,"2024-10-06",390,1,20.68,"Churned"
9151,"2025-05-12",172,4,302.62,"Churned"
9153,"2024-02-22",617,2,63.70,"Churned"
9156,"2023-10-20",742,2,100.17,"Churned"
9157,"2023-12-14",687,4,439.20,"Churned"
9158,"2023-04-08",937,2,83.51,"Churned"
9161,"2021-07-23",1561,1,106.61,"Churned"
9162,"2024-07-24",464,3,137.75,"Churned"
9163,"2024-01-15",655,2,141.87,"Churned"
9164,"2025-07-21",102,3,417.18,"Churned"
9166,"2022-10-04",1123,1,561.67,"Churned"
9167,"2023-01-25",1010,2,135.30,"Churned"
9168,"2024-11-21",344,1,6.70,"Churned"
9169,"2020-09-11",1876,2,875.30,"Churned"
9170,"2022-09-18",1139,2,328.95,"Churned"
9171,"2023-10-17",745,2,311.42,"Churned"
9172,"2023-01-29",1006,1,62.22,"Churned"
9175,"2024-11-22",343,3,289.42,"Churned"
9176,"2023-06-04",880,4,443.19,"Churned"
9177,"2024-10-30",366,2,342.23,"Churned"
9178,"2023-03-03",973,2,131.35,"Churned"
9179,"2024-06-01",517,3,253.39,"Churned"
9180,"2021-03-31",1675,1,71.89,"Churned"
9181,"2024-08-31",426,3,729.17,"Churned"
9182,"2025-08-22",70,6,1042.65,"At Risk"
9183,"2022-07-20",1199,3,432.08,"Churned"
9184,"2024-09-25",401,1,49.37,"Churned"
9186,"2023-09-19",773,1,53.79,"Churned"
9188,"2021-01-18",1747,1,169.74,"Churned"
9189,"2023-04-20",925,2,143.48,"Churned"
9190,"2025-01-28",276,3,264.89,"Churned"
9191,"2024-12-23",312,3,210.33,"Churned"
9193,"2024-01-27",643,1,240.79,"Churned"
9194,"2023-04-29",916,1,32.05,"Churned"
9195,"2021-05-14",1631,1,453.05,"Churned"
9196,"2025-06-14",139,3,364.08,"Churned"
9197,"2022-10-11",1116,3,253.47,"Churned"
9198,"2025-02-24",249,3,197.23,"Churned"
9199,"2023-03-09",967,4,681.05,"Churned"
9200,"2025-02-25",248,1,83.80,"Churned"
9201,"2024-10-16",380,4,445.58,"Churned"
9203,"2023-04-20",925,1,520.84,"Churned"
9204,"2023-06-15",869,2,92.77,"Churned"
9205,"2024-08-31",426,4,643.57,"Churned"
9206,"2025-01-19",285,3,490.89,"Churned"
9207,"2025-04-24",190,2,177.43,"Churned"
9208,"2023-05-07",908,3,362.88,"Churned"
9209,"2024-04-19",560,4,489.13,"Churned"
9210,"2023-11-09",722,2,555.17,"Churned"
9211,"2024-07-15",473,3,269.88,"Churned"
9214,"2024-08-24",433,3,769.19,"Churned"
9215,"2024-01-21",649,1,13.53,"Churned"
9216,"2023-05-02",913,1,36.81,"Churned"
9217,"2024-10-14",382,3,78.23,"Churned"
9219,"2021-02-24",1710,2,416.55,"Churned"
9222,"2020-10-10",1847,2,163.45,"Churned"
9223,"2025-10-18",13,1,61.39,"Active"
9224,"2023-04-14",931,1,38.70,"Churned"
9225,"2023-05-04",911,2,198.47,"Churned"
9226,"2023-05-20",895,1,55.29,"Churned"
9227,"2022-03-12",1329,2,492.26,"Churned"
9228,"2024-03-18",592,2,425.18,"Churned"
9229,"2024-11-20",345,1,116.31,"Churned"
9230,"2023-10-17",745,1,74.32,"Churned"
9231,"2025-08-19",73,1,31.50,"At Risk"
9232,"2022-02-23",1346,3,359.23,"Churned"
9233,"2021-10-02",1490,1,59.88,"Churned"
9234,"2024-03-05",605,3,275.21,"Churned"
9235,"2021-06-06",1608,1,220.35,"Churned"
9236,"2021-02-15",1719,2,228.60,"Churned"
9238,"2022-05-29",1251,1,210.64,"Churned"
9239,"2022-09-16",1141,2,80.84,"Churned"
9240,"2025-02-14",259,1,180.32,"Churned"
9241,"2025-09-10",51,5,751.36,"At Risk"
9242,"2024-02-14",625,3,313.12,"Churned"
9243,"2023-01-18",1017,3,329.53,"Churned"
9245,"2020-02-07",2093,1,158.17,"Churned"
9246,"2021-10-16",1476,1,115.39,"Churned"
9247,"2025-01-08",296,1,275.94,"Churned"
9248,"2022-12-18",1048,1,107.54,"Churned"
9249,"2023-11-15",716,3,273.37,"Churned"
9250,"2022-06-15",1234,1,28.89,"Churned"
9251,"2022-12-04",1062,2,311.22,"Churned"
9252,"2025-08-06",86,3,327.66,"At Risk"
9253,"2020-09-27",1860,1,23.75,"Churned"
9255,"2021-06-21",1593,1,39.09,"Churned"
9257,"2023-03-20",956,1,115.39,"Churned"
9259,"2024-11-27",338,3,228.99,"Churned"
9263,"2022-09-25",1132,2,153.76,"Churned"
9264,"2025-06-03",150,3,494.53,"Churned"
9265,"2024-05-14",535,4,259.06,"Churned"
9268,"2025-05-06",178,5,444.21,"Churned"
9269,"2024-01-06",664,2,108.34,"Churned"
9270,"2024-08-31",426,3,498.71,"Churned"
9271,"2024-04-28",551,3,143.33,"Churned"
9272,"2023-10-16",746,1,145.80,"Churned"
9274,"2023-03-31",945,1,103.99,"Churned"
9276,"2024-11-26",339,2,272.06,"Churned"
9278,"2023-01-13",1022,1,34.75,"Churned"
9279,"2022-02-04",1365,1,119.83,"Churned"
9280,"2022-08-15",1173,2,164.39,"Churned"
9281,"2024-10-06",390,3,382.09,"Churned"
9282,"2023-07-06",848,2,141.71,"Churned"
9284,"2025-03-06",239,5,903.47,"Churned"
9285,"2022-09-23",1134,2,127.54,"Churned"
9286,"2021-05-22",1623,1,42.59,"Churned"
9287,"2025-04-05",209,5,983.61,"Churned"
9288,"2024-05-21",528,4,398.31,"Churned"
9289,"2025-09-09",52,3,159.39,"At Risk"
9290,"2024-11-24",341,2,135.36,"Churned"
9292,"2025-09-23",38,4,757.63,"At Risk"
9293,"2025-03-23",222,2,179.07,"Churned"
9294,"2025-04-16",198,2,176.29,"Churned"
9295,"2022-05-01",1279,1,5.63,"Churned"
9296,"2021-10-28",1464,2,345.63,"Churned"
9297,"2025-03-28",217,5,201.58,"Churned"
9298,"2024-12-16",319,2,58.83,"Churned"
9299,"2024-04-27",552,2,232.44,"Churned"
9300,"2025-02-28",245,2,436.46,"Churned"
9301,"2024-07-02",486,5,613.11,"Churned"
9302,"2024-06-05",513,1,66.39,"Churned"
9303,"2024-01-18",652,1,44.21,"Churned"
9304,"2025-07-08",115,1,53.67,"Churned"
9305,"2024-12-10",325,2,240.74,"Churned"
9306,"2023-03-16",960,2,50.30,"Churned"
9307,"2021-03-11",1695,1,174.39,"Churned"
9309,"2023-12-11",690,1,303.74,"Churned"
9310,"2024-06-18",500,2,53.75,"Churned"
9311,"2024-11-29",336,2,300.28,"Churned"
9312,"2023-11-24",707,2,142.89,"Churned"
9314,"2021-06-13",1601,1,32.41,"Churned"
9315,"2023-10-01",761,1,92.11,"Churned"
9316,"2021-09-04",1518,1,216.11,"Churned"
9317,"2024-06-10",508,2,357.52,"Churned"
9318,"2023-12-24",677,2,107.04,"Churned"
9319,"2023-07-29",825,1,179.29,"Churned"
9320,"2024-07-15",473,1,367.19,"Churned"
9321,"2025-07-17",106,2,152.12,"Churned"
9323,"2025-06-18",135,2,110.69,"Churned"
9324,"2025-05-07",177,5,505.91,"Churned"
9325,"2021-11-25",1436,1,18.90,"Churned"
9326,"2025-05-08",176,2,173.34,"Churned"
9327,"2025-10-09",22,2,155.16,"Active"
9328,"2024-04-04",575,1,70.03,"Churned"
9329,"2024-08-22",435,2,761.05,"Churned"
9330,"2023-12-09",692,2,120.11,"Churned"
9331,"2022-06-29",1220,1,455.69,"Churned"
9332,"2021-04-08",1667,1,45.18,"Churned"
9333,"2023-07-06",848,1,39.76,"Churned"
9334,"2020-09-16",1871,1,177.66,"Churned"
9335,"2025-10-21",10,4,898.52,"Active"
9336,"2024-12-12",323,1,350.47,"Churned"
9337,"2025-07-18",105,5,677.40,"Churned"
9338,"2024-04-03",576,4,758.11,"Churned"
9339,"2021-06-16",1598,1,12.72,"Churned"
9340,"2025-06-26",127,7,769.11,"Churned"
9341,"2022-02-21",1348,1,207.45,"Churned"
9342,"2025-04-22",192,2,82.73,"Churned"
9343,"2021-12-31",1400,2,53.92,"Churned"
9344,"2023-11-16",715,3,285.80,"Churned"
9345,"2024-01-13",657,3,437.26,"Churned"
9347,"2023-12-22",679,1,71.90,"Churned"
9348,"2024-07-31",457,4,344.50,"Churned"
9349,"2023-11-26",705,2,97.93,"Churned"
9350,"2023-04-23",922,2,285.35,"Churned"
9352,"2023-06-08",876,1,29.17,"Churned"
9353,"2022-09-25",1132,1,310.50,"Churned"
9354,"2025-06-11",142,1,13.90,"Churned"
9355,"2022-03-14",1327,1,58.24,"Churned"
9357,"2022-07-16",1203,1,45.31,"Churned"
9358,"2022-11-19",1077,2,187.79,"Churned"
9359,"2025-09-18",43,3,347.55,"At Risk"
9360,"2025-08-04",88,5,184.00,"At Risk"
9361,"2020-04-23",2017,1,183.20,"Churned"
9362,"2023-09-09",783,2,313.71,"Churned"
9364,"2020-10-26",1831,1,218.32,"Churned"
9366,"2025-09-25",36,1,74.80,"At Risk"
9367,"2024-03-09",601,2,239.01,"Churned"
9368,"2025-04-10",204,1,67.09,"Churned"
9369,"2023-11-25",706,1,239.33,"Churned"
9371,"2025-05-21",163,3,353.22,"Churned"
9373,"2025-02-28",245,1,7.91,"Churned"
9374,"2020-01-08",2123,1,86.46,"Churned"
9375,"2024-11-04",361,4,390.88,"Churned"
9376,"2020-09-11",1876,1,86.26,"Churned"
9377,"2023-10-22",740,3,222.09,"Churned"
9378,"2023-09-13",779,2,184.72,"Churned"
9379,"2025-02-13",260,2,156.02,"Churned"
9380,"2025-01-15",289,3,186.35,"Churned"
9381,"2025-09-24",37,5,752.32,"At Risk"
9382,"2022-10-16",1111,1,47.03,"Churned"
9383,"2021-02-20",1714,1,128.56,"Churned"
9384,"2022-11-06",1090,2,134.19,"Churned"
9387,"2020-10-08",1849,1,83.56,"Churned"
9388,"2023-03-26",950,1,65.07,"Churned"
9390,"2023-01-28",1007,1,71.79,"Churned"
9391,"2025-09-19",42,4,346.27,"At Risk"
9392,"2022-11-02",1094,2,59.39,"Churned"
9393,"2021-05-05",1640,1,304.05,"Churned"
9394,"2025-07-11",112,2,182.13,"Churned"
9395,"2024-11-20",345,2,236.33,"Churned"
9396,"2023-06-16",868,2,664.20,"Churned"
9398,"2022-02-15",1354,2,423.24,"Churned"
9399,"2021-12-21",1410,4,580.61,"Churned"
9402,"2024-08-21",436,1,77.08,"Churned"
9403,"2021-07-19",1565,3,543.59,"Churned"
9405,"2024-10-01",395,4,488.52,"Churned"
9406,"2025-06-29",124,1,161.75,"Churned"
9407,"2023-04-30",915,2,47.24,"Churned"
9408,"2020-03-20",2051,1,203.88,"Churned"
9409,"2022-11-21",1075,2,110.77,"Churned"
9410,"2021-11-28",1433,1,94.80,"Churned"
9411,"2022-08-05",1183,4,389.70,"Churned"
9412,"2025-01-16",288,5,484.67,"Churned"
9413,"2023-06-22",862,3,995.47,"Churned"
9414,"2024-04-18",561,2,92.58,"Churned"
9415,"2022-09-03",1154,2,271.59,"Churned"
9416,"2022-06-02",1247,2,89.20,"Churned"
9419,"2022-01-25",1375,2,288.50,"Churned"
9420,"2023-02-20",984,1,81.67,"Churned"
9421,"2022-11-20",1076,1,206.96,"Churned"
9422,"2022-08-24",1164,1,56.84,"Churned"
9423,"2023-09-23",769,1,623.72,"Churned"
9424,"2022-10-18",1109,2,259.68,"Churned"
9425,"2025-10-02",29,1,34.02,"Active"
9426,"2025-08-01",91,2,53.98,"Churned"
9427,"2021-10-02",1490,2,65.93,"Churned"
9428,"2024-10-15",381,3,361.43,"Churned"
9429,"2025-04-02",212,1,240.62,"Churned"
9430,"2020-04-01",2039,1,84.22,"Churned"
9431,"2024-06-07",511,3,398.30,"Churned"
9433,"2025-03-07",238,2,149.54,"Churned"
9434,"2025-10-29",2,3,136.04,"Active"
9437,"2022-03-15",1326,2,27.18,"Churned"
9439,"2024-04-11",568,3,309.12,"Churned"
9440,"2023-06-27",857,1,124.65,"Churned"
9441,"2023-08-22",801,1,49.67,"Churned"
9442,"2025-02-08",265,2,425.46,"Churned"
9443,"2024-04-12",567,2,37.57,"Churned"
9444,"2021-10-19",1473,1,82.45,"Churned"
9445,"2021-04-08",1667,2,352.20,"Churned"
9446,"2025-04-03",211,2,255.45,"Churned"
9447,"2024-05-18",531,2,144.65,"Churned"
9448,"2022-09-14",1143,2,139.96,"Churned"
9449,"2024-08-04",453,3,975.17,"Churned"
9450,"2025-06-11",142,2,823.89,"Churned"
9451,"2024-04-23",556,1,5.40,"Churned"
9452,"2025-05-11",173,1,87.82,"Churned"
9453,"2022-07-20",1199,1,126.14,"Churned"
9454,"2020-04-11",2029,1,1089.48,"Churned"
9455,"2020-08-30",1888,1,3.99,"Churned"
9456,"2025-04-24",190,3,160.56,"Churned"
9458,"2024-09-03",423,2,233.69,"Churned"
9462,"2023-03-08",968,1,55.28,"Churned"
9463,"2025-01-29",275,2,72.62,"Churned"
9464,"2025-10-12",19,3,162.85,"Active"
9465,"2024-07-12",476,2,199.93,"Churned"
9466,"2025-09-23",38,5,419.56,"At Risk"
9467,"2022-03-15",1326,1,64.57,"Churned"
9468,"2023-06-06",878,1,413.44,"Churned"
9469,"2021-09-02",1520,1,142.62,"Churned"
9470,"2025-06-27",126,6,590.60,"Churned"
9471,"2025-04-28",186,4,845.70,"Churned"
9472,"2025-03-25",220,1,40.82,"Churned"
9473,"2021-09-24",1498,1,50.94,"Churned"
9474,"2025-04-23",191,1,101.79,"Churned"
9475,"2023-02-20",984,1,145.72,"Churned"
9476,"2023-03-25",951,2,128.65,"Churned"
9478,"2023-04-10",935,4,469.13,"Churned"
9481,"2021-10-26",1466,1,63.02,"Churned"
9482,"2024-10-08",388,3,198.56,"Churned"
9484,"2025-07-19",104,1,54.43,"Churned"
9485,"2022-02-18",1351,1,17.32,"Churned"
9486,"2025-06-20",133,3,482.16,"Churned"
9488,"2025-02-28",245,2,437.07,"Churned"
9489,"2022-05-22",1258,3,364.45,"Churned"
9491,"2022-07-19",1200,2,180.90,"Churned"
9492,"2024-09-05",421,5,788.13,"Churned"
9493,"2024-04-11",568,2,925.59,"Churned"
9494,"2023-08-30",793,3,838.48,"Churned"
9495,"2024-09-13",413,2,207.74,"Churned"
9497,"2025-02-02",271,2,280.04,"Churned"
9498,"2023-09-20",772,1,12.94,"Churned"
9500,"2024-01-09",661,3,177.14,"Churned"
9501,"2025-02-07",266,1,276.36,"Churned"
9502,"2025-02-20",253,5,186.04,"Churned"
9503,"2023-12-23",678,1,133.90,"Churned"
9504,"2025-09-04",57,2,182.56,"At Risk"
9505,"2025-10-10",21,3,563.86,"Active"
9506,"2023-12-23",678,1,405.43,"Churned"
9507,"2024-11-26",339,3,518.42,"Churned"
9508,"2024-04-12",567,2,151.18,"Churned"
9510,"2024-02-09",630,2,666.84,"Churned"
9512,"2024-02-19",620,1,83.26,"Churned"
9513,"2022-09-13",1144,2,205.62,"Churned"
9514,"2025-02-02",271,3,161.32,"Churned"
9515,"2025-04-07",207,3,759.50,"Churned"
9516,"2021-06-19",1595,1,258.88,"Churned"
9517,"2023-09-02",790,2,184.45,"Churned"
9518,"2021-09-14",1508,1,9.79,"Churned"
9519,"2025-05-11",173,2,479.43,"Churned"
9521,"2025-04-16",198,2,220.22,"Churned"
9522,"2025-03-09",236,1,66.31,"Churned"
9523,"2024-08-28",429,3,1075.26,"Churned"
9524,"2024-06-08",510,1,69.83,"Churned"
9525,"2021-08-18",1535,3,184.27,"Churned"
9526,"2020-03-25",2046,1,79.06,"Churned"
9527,"2023-01-25",1010,2,481.62,"Churned"
9528,"2021-12-08",1423,1,109.44,"Churned"
9529,"2022-06-24",1225,2,549.35,"Churned"
9530,"2024-02-10",629,4,828.34,"Churned"
9531,"2024-11-19",346,2,105.79,"Churned"
9532,"2025-07-22",101,1,14.60,"Churned"
9533,"2024-07-25",463,1,278.26,"Churned"
9535,"2024-12-02",333,3,628.42,"Churned"
9536,"2022-01-16",1384,2,248.44,"Churned"
9537,"2023-06-17",867,1,92.53,"Churned"
9538,"2023-12-11",690,8,1283.43,"Churned"
9539,"2024-09-13",413,4,616.96,"Churned"
9540,"2024-12-06",329,1,110.59,"Churned"
9541,"2023-10-14",748,4,607.30,"Churned"
9542,"2023-07-07",847,4,1003.60,"Churned"
9543,"2023-11-05",726,2,132.68,"Churned"
9544,"2022-03-18",1323,1,21.75,"Churned"
9546,"2025-05-12",172,1,81.13,"Churned"
9547,"2024-09-09",417,1,77.58,"Churned"
9549,"2024-07-29",459,1,102.58,"Churned"
9550,"2025-05-12",172,2,141.41,"Churned"
9552,"2024-09-27",399,4,179.08,"Churned"
9553,"2022-02-06",1363,2,146.17,"Churned"
9555,"2024-12-03",332,1,277.86,"Churned"
9556,"2025-06-12",141,4,370.10,"Churned"
9557,"2025-04-12",202,2,298.16,"Churned"
9558,"2025-09-30",31,2,142.87,"At Risk"
9559,"2025-07-09",114,3,63.02,"Churned"
9560,"2024-09-28",398,2,353.15,"Churned"
9561,"2022-04-25",1285,1,49.82,"Churned"
9562,"2021-06-12",1602,3,214.90,"Churned"
9563,"2025-01-23",281,2,62.15,"Churned"
9564,"2022-07-10",1209,1,170.28,"Churned"
9565,"2021-04-01",1674,1,358.71,"Churned"
9567,"2022-12-16",1050,2,170.30,"Churned"
9569,"2025-06-17",136,1,128.52,"Churned"
9570,"2025-07-28",95,1,15.32,"Churned"
9571,"2023-11-27",704,2,60.48,"Churned"
9572,"2023-12-05",696,2,135.18,"Churned"
9573,"2025-07-31",92,6,2115.69,"Churned"
9574,"2020-09-15",1872,1,57.14,"Churned"
9575,"2022-08-23",1165,5,1209.47,"Churned"
9576,"2021-05-20",1625,2,441.83,"Churned"
9578,"2025-08-24",68,3,270.16,"At Risk"
9579,"2020-09-09",1878,1,78.78,"Churned"
9582,"2022-11-06",1090,2,239.92,"Churned"
9584,"2024-01-16",654,1,14.42,"Churned"
9585,"2024-07-13",475,4,134.05,"Churned"
9586,"2023-05-30",885,2,429.05,"Churned"
9587,"2020-04-13",2027,2,701.14,"Churned"
9588,"2025-10-25",6,2,280.48,"Active"
9589,"2023-08-25",798,5,342.25,"Churned"
9590,"2025-07-04",119,3,328.20,"Churned"
9591,"2024-06-27",491,3,431.73,"Churned"
9595,"2025-05-02",182,1,212.45,"Churned"
9596,"2023-02-07",997,2,254.88,"Churned"
9597,"2022-08-11",1177,1,154.83,"Churned"
9598,"2020-01-24",2107,1,119.47,"Churned"
9599,"2020-10-16",1841,1,160.80,"Churned"
9600,"2025-04-02",212,4,981.15,"Churned"
9601,"2023-07-06",848,3,315.70,"Churned"
9602,"2023-03-17",959,2,305.76,"Churned"
9603,"2025-07-22",101,4,223.88,"Churned"
9605,"2024-07-08",480,1,94.25,"Churned"
9606,"2024-10-08",388,1,139.48,"Churned"
9607,"2024-10-12",384,2,418.45,"Churned"
9608,"2022-05-04",1276,1,29.17,"Churned"
9609,"2020-09-26",1861,1,175.59,"Churned"
9611,"2022-07-17",1202,1,31.41,"Churned"
9612,"2021-07-25",1559,2,481.51,"Churned"
9613,"2021-01-22",1743,1,83.30,"Churned"
9614,"2025-09-16",45,3,625.49,"At Risk"
9615,"2024-03-23",587,3,590.12,"Churned"
9616,"2020-09-27",1860,1,112.65,"Churned"
9617,"2025-08-05",87,1,1052.24,"At Risk"
9618,"2025-08-24",68,3,181.27,"At Risk"
9619,"2021-12-23",1408,2,330.21,"Churned"
9620,"2025-09-17",44,3,87.32,"At Risk"
9621,"2023-12-08",693,1,70.70,"Churned"
9623,"2023-07-09",845,5,643.08,"Churned"
9624,"2023-03-04",972,2,848.66,"Churned"
9627,"2025-07-10",113,3,382.89,"Churned"
9628,"2020-10-29",1828,1,223.87,"Churned"
9629,"2024-07-17",471,3,199.63,"Churned"
9630,"2023-12-25",676,3,352.56,"Churned"
9631,"2021-01-26",1739,2,76.19,"Churned"
9632,"2025-03-05",240,4,728.54,"Churned"
9633,"2023-02-12",992,2,86.49,"Churned"
9635,"2024-04-29",550,1,96.53,"Churned"
9636,"2025-07-06",117,1,205.45,"Churned"
9637,"2025-05-28",156,2,193.23,"Churned"
9638,"2022-03-03",1338,1,171.92,"Churned"
9639,"2025-07-03",120,1,51.43,"Churned"
9641,"2023-06-26",858,2,229.73,"Churned"
9642,"2025-01-27",277,2,732.91,"Churned"
9643,"2024-05-04",545,2,538.80,"Churned"
9645,"2023-05-06",909,2,109.66,"Churned"
9646,"2025-10-30",1,4,636.79,"Active"
9647,"2021-11-27",1434,3,261.78,"Churned"
9648,"2022-04-30",1280,2,489.79,"Churned"
9649,"2021-03-22",1684,2,286.40,"Churned"
9651,"2024-10-15",381,3,315.03,"Churned"
9652,"2023-07-04",850,3,57.91,"Churned"
9653,"2022-11-16",1080,1,242.36,"Churned"
9654,"2020-08-10",1908,1,20.19,"Churned"
9655,"2023-09-26",766,3,118.42,"Churned"
9657,"2025-07-04",119,5,472.99,"Churned"
9659,"2021-10-01",1491,2,184.08,"Churned"
9660,"2022-09-26",1131,2,386.30,"Churned"
9661,"2024-06-16",502,3,553.04,"Churned"
9663,"2023-01-30",1005,2,307.14,"Churned"
9664,"2025-07-18",105,3,325.40,"Churned"
9665,"2025-03-27",218,1,73.02,"Churned"
9666,"2022-03-12",1329,1,38.32,"Churned"
9667,"2024-08-01",456,2,62.27,"Churned"
9669,"2025-02-10",263,2,134.85,"Churned"
9670,"2025-04-20",194,3,329.38,"Churned"
9671,"2021-07-30",1554,1,66.22,"Churned"
9673,"2024-10-25",371,6,1434.15,"Churned"
9675,"2022-12-30",1036,2,1080.72,"Churned"
9676,"2025-10-09",22,1,61.55,"Active"
9677,"2025-10-21",10,2,100.81,"Active"
9678,"2020-06-07",1972,1,55.90,"Churned"
9679,"2025-07-31",92,2,70.04,"Churned"
9681,"2021-09-09",1513,2,539.60,"Churned"
9682,"2023-12-03",698,1,40.01,"Churned"
9683,"2020-11-17",1809,1,576.30,"Churned"
9685,"2022-01-06",1394,1,812.99,"Churned"
9686,"2023-03-02",974,1,36.13,"Churned"
9687,"2020-12-14",1782,1,432.65,"Churned"
9688,"2022-07-20",1199,1,65.59,"Churned"
9690,"2024-03-20",590,2,146.03,"Churned"
9691,"2025-01-20",284,2,121.96,"Churned"
9692,"2020-01-18",2113,1,56.33,"Churned"
9694,"2025-02-02",271,2,164.91,"Churned"
9696,"2025-03-02",243,3,221.47,"Churned"
9697,"2023-07-02",852,2,249.97,"Churned"
9698,"2024-01-08",662,2,142.21,"Churned"
9700,"2023-04-28",917,2,83.21,"Churned"
9701,"2024-10-06",390,2,457.84,"Churned"
9702,"2024-12-30",305,2,131.15,"Churned"
9703,"2024-02-29",610,2,80.03,"Churned"
9704,"2023-05-08",907,1,183.42,"Churned"
9705,"2020-08-11",1907,1,111.27,"Churned"
9707,"2024-04-03",576,2,116.32,"Churned"
9708,"2022-07-01",1218,1,80.86,"Churned"
9709,"2021-11-27",1434,1,179.06,"Churned"
9710,"2025-04-08",206,2,296.76,"Churned"
9711,"2025-06-11",142,3,188.73,"Churned"
9712,"2025-03-27",218,1,167.69,"Churned"
9713,"2024-07-07",481,4,315.54,"Churned"
9714,"2023-08-02",821,1,39.07,"Churned"
9715,"2023-05-13",902,2,150.04,"Churned"
9716,"2020-09-07",1880,1,32.18,"Churned"
9717,"2021-11-04",1457,1,127.88,"Churned"
9718,"2023-05-10",905,3,1080.56,"Churned"
9719,"2025-06-10",143,4,605.50,"Churned"
9720,"2024-07-18",470,2,201.26,"Churned"
9721,"2023-08-06",817,1,41.20,"Churned"
9722,"2025-01-26",278,3,229.38,"Churned"
9723,"2025-04-19",195,3,965.34,"Churned"
9724,"2025-06-02",151,3,295.60,"Churned"
9726,"2025-07-07",116,1,35.64,"Churned"
9728,"2023-08-31",792,2,64.63,"Churned"
9730,"2022-03-27",1314,1,36.28,"Churned"
9731,"2024-12-02",333,2,211.18,"Churned"
9732,"2020-10-10",1847,2,308.03,"Churned"
9733,"2020-02-27",2073,1,133.26,"Churned"
9734,"2024-06-18",500,2,267.63,"Churned"
9735,"2022-12-01",1065,2,1388.62,"Churned"
9736,"2025-05-26",158,1,73.28,"Churned"
9737,"2024-08-30",427,2,172.17,"Churned"
9738,"2023-09-09",783,1,162.17,"Churned"
9739,"2020-08-17",1901,1,3.50,"Churned"
9740,"2025-09-05",56,6,599.11,"At Risk"
9741,"2020-11-03",1823,2,109.73,"Churned"
9742,"2021-12-04",1427,2,381.83,"Churned"
9745,"2025-08-24",68,4,355.26,"At Risk"
9746,"2021-09-27",1495,1,151.84,"Churned"
9747,"2024-07-08",480,3,320.03,"Churned"
9748,"2021-01-14",1751,3,345.35,"Churned"
9749,"2025-02-14",259,3,710.45,"Churned"
9750,"2022-05-24",1256,1,23.75,"Churned"
9751,"2023-10-28",734,2,589.45,"Churned"
9753,"2025-04-14",200,3,238.48,"Churned"
9757,"2025-10-12",19,4,624.84,"Active"
9758,"2022-07-19",1200,1,51.33,"Churned"
9759,"2025-09-17",44,3,530.50,"At Risk"
9760,"2022-05-24",1256,2,1102.19,"Churned"
9761,"2022-05-28",1252,1,44.44,"Churned"
9762,"2021-09-26",1496,2,204.12,"Churned"
9763,"2025-10-31",0,1,95.36,"Active"
9765,"2024-09-15",411,3,120.24,"Churned"
9766,"2025-04-04",210,2,389.77,"Churned"
9767,"2021-04-13",1662,1,221.30,"Churned"
9769,"2023-12-24",677,3,134.00,"Churned"
9770,"2023-12-21",680,3,267.94,"Churned"
9771,"2023-08-02",821,3,103.15,"Churned"
9772,"2021-03-07",1699,1,56.13,"Churned"
9774,"2025-01-14",290,2,445.76,"Churned"
9775,"2025-05-29",155,2,338.71,"Churned"
9776,"2025-03-11",234,3,282.61,"Churned"
9778,"2022-08-13",1175,2,339.92,"Churned"
9780,"2023-11-12",719,3,652.58,"Churned"
9781,"2025-10-26",5,2,154.63,"Active"
9782,"2025-03-21",224,4,479.67,"Churned"
9783,"2021-06-06",1608,1,209.39,"Churned"
9784,"2021-05-27",1618,1,74.47,"Churned"
9785,"2025-06-05",148,3,249.45,"Churned"
9786,"2023-06-20",864,2,375.82,"Churned"
9787,"2024-11-15",350,3,429.40,"Churned"
9789,"2023-06-02",882,1,43.65,"Churned"
9790,"2025-10-20",11,2,94.23,"Active"
9791,"2023-08-04",819,2,290.87,"Churned"
9793,"2022-04-07",1303,1,21.10,"Churned"
9795,"2024-10-17",379,2,468.93,"Churned"
9796,"2025-10-08",23,3,522.19,"Active"
9799,"2022-08-26",1162,1,57.49,"Churned"
9800,"2024-03-27",583,1,288.97,"Churned"
9802,"2021-10-11",1481,2,41.96,"Churned"
9803,"2023-05-05",910,1,87.34,"Churned"
9804,"2025-07-29",94,2,314.73,"Churned"
9806,"2025-07-31",92,3,210.19,"Churned"
9807,"2025-08-20",72,2,169.40,"At Risk"
9808,"2025-02-25",248,3,425.30,"Churned"
9809,"2020-09-16",1871,1,284.36,"Churned"
9810,"2025-08-31",61,2,426.45,"At Risk"
9811,"2020-07-15",1934,1,163.07,"Churned"
9812,"2021-08-08",1545,2,514.19,"Churned"
9813,"2025-09-21",40,4,315.90,"At Risk"
9814,"2024-12-19",316,1,149.62,"Churned"
9815,"2025-07-09",114,4,132.20,"Churned"
9816,"2024-10-09",387,4,391.67,"Churned"
9817,"2023-11-24",707,2,937.14,"Churned"
9818,"2023-05-22",893,2,175.56,"Churned"
9819,"2023-09-25",767,1,82.29,"Churned"
9821,"2020-09-27",1860,1,87.39,"Churned"
9822,"2022-11-01",1095,2,137.30,"Churned"
9823,"2025-07-26",97,2,80.48,"Churned"
9824,"2024-11-27",338,3,630.78,"Churned"
9825,"2025-10-24",7,2,122.80,"Active"
9826,"2021-08-24",1529,1,310.22,"Churned"
9827,"2025-07-09",114,4,651.87,"Churned"
9828,"2022-01-07",1393,1,162.92,"Churned"
9829,"2024-10-31",365,1,131.89,"Churned"
9831,"2023-04-10",935,2,89.14,"Churned"
9832,"2022-03-29",1312,1,198.49,"Churned"
9833,"2024-03-03",607,2,382.15,"Churned"
9834,"2024-08-04",453,1,60.40,"Churned"
9835,"2024-02-21",618,3,872.68,"Churned"
9836,"2023-09-16",776,2,299.18,"Churned"
9837,"2023-12-12",689,2,75.48,"Churned"
9838,"2024-07-02",486,2,315.34,"Churned"
9839,"2024-08-30",427,3,569.57,"Churned"
9840,"2024-03-16",594,2,90.54,"Churned"
9841,"2024-11-30",335,2,381.46,"Churned"
9842,"2024-10-08",388,2,1575.95,"Churned"
9843,"2025-02-28",245,1,113.55,"Churned"
9844,"2021-07-09",1575,2,629.74,"Churned"
9845,"2024-01-21",649,1,227.09,"Churned"
9848,"2023-04-21",924,4,968.18,"Churned"
9849,"2024-09-10",416,1,17.11,"Churned"
9851,"2021-11-18",1443,1,102.01,"Churned"
9852,"2025-07-10",113,4,450.70,"Churned"
9853,"2025-04-30",184,2,55.66,"Churned"
9854,"2025-08-04",88,3,1158.83,"At Risk"
9856,"2025-08-25",67,4,194.24,"At Risk"
9857,"2022-11-10",1086,1,71.90,"Churned"
9858,"2023-01-23",1012,1,14.98,"Churned"
9859,"2025-08-25",67,2,371.89,"At Risk"
9860,"2024-05-27",522,3,422.10,"Churned"
9863,"2025-03-15",230,2,316.79,"Churned"
9864,"2023-07-28",826,2,257.16,"Churned"
9865,"2022-08-26",1162,1,143.84,"Churned"
9866,"2021-07-12",1572,1,129.77,"Churned"
9867,"2024-05-23",526,1,121.59,"Churned"
9868,"2025-05-14",170,1,176.52,"Churned"
9869,"2023-01-15",1020,1,181.02,"Churned"
9871,"2024-04-04",575,1,129.38,"Churned"
9872,"2024-04-16",563,1,46.39,"Churned"
9873,"2021-04-12",1663,1,121.73,"Churned"
9874,"2025-07-06",117,3,164.05,"Churned"
9875,"2022-08-01",1187,3,251.59,"Churned"
9876,"2025-08-09",83,3,421.35,"At Risk"
9877,"2020-05-21",1989,3,747.47,"Churned"
9878,"2023-02-22",982,1,55.64,"Churned"
9879,"2022-02-02",1367,3,350.48,"Churned"
9880,"2020-11-21",1805,1,10.97,"Churned"
9881,"2024-06-08",510,3,388.94,"Churned"
9884,"2024-11-27",338,4,650.02,"Churned"
9889,"2025-07-05",118,1,214.85,"Churned"
9891,"2023-04-22",923,1,209.09,"Churned"
9892,"2024-07-05",483,4,635.61,"Churned"
9893,"2023-09-03",789,2,280.20,"Churned"
9895,"2025-07-21",102,4,386.11,"Churned"
9896,"2023-01-10",1025,3,454.35,"Churned"
9897,"2025-01-11",293,2,305.31,"Churned"
9898,"2021-01-26",1739,1,82.07,"Churned"
9899,"2024-10-09",387,3,364.16,"Churned"
9901,"2024-08-05",452,2,64.87,"Churned"
9902,"2025-04-07",207,1,126.45,"Churned"
9903,"2025-10-25",6,1,71.51,"Active"
9907,"2021-07-05",1579,2,197.16,"Churned"
9908,"2023-12-06",695,2,483.99,"Churned"
9909,"2022-10-28",1099,1,90.91,"Churned"
9910,"2025-03-30",215,2,161.80,"Churned"
9911,"2020-08-03",1915,1,126.96,"Churned"
9912,"2025-04-08",206,3,2178.43,"Churned"
9913,"2023-06-09",875,2,358.84,"Churned"
9914,"2021-05-19",1626,1,28.84,"Churned"
9916,"2023-07-02",852,1,195.10,"Churned"
9917,"2021-07-13",1571,2,85.10,"Churned"
9918,"2022-01-16",1384,2,450.38,"Churned"
9919,"2025-10-01",30,3,289.68,"Active"
9920,"2024-06-16",502,1,10.60,"Churned"
9921,"2023-12-05",696,2,117.93,"Churned"
9922,"2024-01-11",659,2,544.89,"Churned"
9923,"2024-08-19",438,2,210.94,"Churned"
9925,"2025-02-16",257,1,37.12,"Churned"
9928,"2022-07-07",1212,1,67.39,"Churned"
9929,"2020-06-18",1961,1,27.24,"Churned"
9930,"2021-01-04",1761,1,105.35,"Churned"
9931,"2023-11-23",708,2,228.30,"Churned"
9933,"2025-04-21",193,3,302.90,"Churned"
9934,"2022-05-12",1268,1,88.59,"Churned"
9935,"2021-08-27",1526,1,118.71,"Churned"
9936,"2025-02-28",245,2,255.98,"Churned"
9937,"2024-08-09",448,2,53.56,"Churned"
9938,"2024-06-11",507,2,484.36,"Churned"
9940,"2024-01-18",652,1,40.73,"Churned"
9941,"2025-08-13",79,3,344.43,"At Risk"
9942,"2020-03-22",2049,1,204.12,"Churned"
9943,"2021-04-25",1650,1,12.02,"Churned"
9944,"2021-07-16",1568,2,162.65,"Churned"
9945,"2023-12-29",672,2,264.22,"Churned"
9946,"2025-10-26",5,6,641.59,"Active"
9947,"2021-04-27",1648,1,65.27,"Churned"
9949,"2024-06-21",497,3,345.37,"Churned"
9950,"2024-01-26",644,4,658.87,"Churned"
9953,"2025-03-16",229,3,207.54,"Churned"
9955,"2023-03-21",955,1,41.13,"Churned"
9956,"2021-01-30",1735,2,63.95,"Churned"
9957,"2025-08-11",81,2,515.77,"At Risk"
9958,"2022-12-01",1065,2,223.33,"Churned"
9959,"2022-08-05",1183,3,539.62,"Churned"
9960,"2022-01-22",1378,1,23.72,"Churned"
9961,"2022-05-12",1268,3,436.49,"Churned"
9962,"2024-11-27",338,1,143.48,"Churned"
9963,"2025-10-07",24,4,850.00,"Active"
9965,"2023-02-10",994,2,325.79,"Churned"
9966,"2020-04-07",2033,1,63.25,"Churned"
9968,"2022-11-22",1074,2,312.70,"Churned"
9969,"2022-07-25",1194,2,332.76,"Churned"
9971,"2025-04-14",200,3,169.61,"Churned"
9972,"2025-07-24",99,2,318.64,"Churned"
9974,"2023-12-09",692,1,12.08,"Churned"
9975,"2023-10-10",752,2,176.22,"Churned"
9977,"2021-01-01",1764,1,76.04,"Churned"
9978,"2023-09-17",775,2,95.01,"Churned"
9979,"2025-09-20",41,2,187.31,"At Risk"
9980,"2024-10-20",376,1,53.94,"Churned"
9981,"2022-04-15",1295,3,268.12,"Churned"
9982,"2024-05-10",539,4,815.08,"Churned"
9983,"2023-07-16",838,1,95.18,"Churned"
9984,"2025-10-23",8,3,222.65,"Active"
9985,"2022-09-13",1144,1,48.21,"Churned"
9986,"2022-06-24",1225,2,451.82,"Churned"
9987,"2023-12-31",670,2,313.20,"Churned"
9988,"2022-09-28",1129,2,206.10,"Churned"
9989,"2025-09-29",32,3,167.75,"At Risk"
9990,"2025-05-25",159,3,374.18,"Churned"
9991,"2022-09-19",1138,2,326.32,"Churned"
9993,"2024-08-12",445,4,636.83,"Churned"
9994,"2021-05-25",1620,2,70.31,"Churned"
9997,"2025-10-01",30,1,6.51,"Active"
9999,"2021-12-22",1409,1,273.62,"Churned"
10000,"2021-10-04",1488,1,150.46,"Churned"
10001,"2023-12-11",690,1,182.49,"Churned"
10002,"2024-02-08",631,5,565.08,"Churned"
10003,"2022-08-03",1185,1,30.40,"Churned"
10004,"2025-05-18",166,2,73.76,"Churned"
10005,"2025-07-01",122,3,196.64,"Churned"
10006,"2022-05-28",1252,1,71.95,"Churned"
10007,"2025-04-26",188,3,219.19,"Churned"
10008,"2023-06-28",856,3,125.87,"Churned"
10011,"2024-08-06",451,2,109.33,"Churned"
10012,"2022-09-04",1153,1,31.54,"Churned"
10013,"2024-03-22",588,2,636.98,"Churned"
10014,"2020-09-03",1884,1,28.92,"Churned"
10015,"2022-05-11",1269,1,72.89,"Churned"
10017,"2024-06-17",501,3,115.42,"Churned"
10018,"2020-01-25",2106,1,64.43,"Churned"
10019,"2023-02-11",993,1,102.81,"Churned"
10020,"2024-05-05",544,2,194.34,"Churned"
10021,"2024-11-05",360,2,167.55,"Churned"
10023,"2025-08-06",86,4,278.53,"At Risk"
10025,"2024-01-10",660,1,60.57,"Churned"
10026,"2023-05-29",886,3,374.38,"Churned"
10027,"2023-05-29",886,2,106.65,"Churned"
10028,"2020-11-24",1802,1,31.66,"Churned"
10029,"2024-05-19",530,1,29.76,"Churned"
10030,"2024-10-21",375,2,353.78,"Churned"
10031,"2024-07-24",464,2,880.71,"Churned"
10032,"2024-07-14",474,4,198.74,"Churned"
10033,"2021-12-07",1424,1,143.35,"Churned"
10034,"2020-11-17",1809,1,40.67,"Churned"
10035,"2023-02-01",1003,1,436.46,"Churned"
10036,"2020-10-09",1848,1,79.76,"Churned"
10037,"2022-04-29",1281,2,188.34,"Churned"
10039,"2020-05-17",1993,1,81.23,"Churned"
10040,"2022-12-29",1037,1,110.25,"Churned"
10041,"2021-03-23",1683,2,268.51,"Churned"
10042,"2023-05-21",894,2,680.25,"Churned"
10043,"2024-12-30",305,3,1192.54,"Churned"
10044,"2020-06-21",1958,1,455.45,"Churned"
10045,"2024-08-13",444,2,539.10,"Churned"
10046,"2024-08-03",454,2,142.23,"Churned"
10047,"2020-11-07",1819,1,17.19,"Churned"
10048,"2025-04-18",196,2,398.72,"Churned"
10049,"2024-12-26",309,3,342.26,"Churned"
10050,"2025-10-23",8,3,698.42,"Active"
10051,"2024-07-10",478,2,56.28,"Churned"
10052,"2024-12-04",331,2,587.81,"Churned"
10053,"2025-03-08",237,2,295.87,"Churned"
10054,"2024-12-19",316,2,211.51,"Churned"
10055,"2024-10-21",375,2,223.53,"Churned"
10056,"2024-06-21",497,3,373.58,"Churned"
10057,"2024-12-29",306,2,324.22,"Churned"
10058,"2023-02-25",979,1,15.18,"Churned"
10059,"2021-10-13",1479,1,302.89,"Churned"
10060,"2025-09-14",47,5,273.99,"At Risk"
10061,"2023-09-25",767,2,589.05,"Churned"
10062,"2025-02-24",249,1,176.38,"Churned"
10063,"2021-05-30",1615,1,65.69,"Churned"
10064,"2023-08-25",798,3,507.00,"Churned"
10065,"2024-11-14",351,4,161.58,"Churned"
10067,"2023-03-08",968,2,30.62,"Churned"
10068,"2022-02-28",1341,1,30.71,"Churned"
10069,"2024-06-16",502,2,230.34,"Churned"
10070,"2022-04-11",1299,2,635.84,"Churned"
10071,"2020-09-05",1882,1,424.86,"Churned"
10072,"2024-05-18",531,1,195.69,"Churned"
10073,"2024-07-21",467,1,316.40,"Churned"
10074,"2023-02-17",987,2,103.88,"Churned"
10078,"2023-08-28",795,1,38.71,"Churned"
10080,"2024-09-02",424,2,366.33,"Churned"
10081,"2022-12-09",1057,4,871.70,"Churned"
10082,"2022-12-22",1044,2,257.49,"Churned"
10083,"2024-12-16",319,2,87.24,"Churned"
10085,"2024-06-27",491,3,79.68,"Churned"
10086,"2020-03-22",2049,1,27.21,"Churned"
10087,"2024-01-31",639,1,177.81,"Churned"
10089,"2024-11-25",340,2,264.60,"Churned"
10091,"2024-07-10",478,3,222.78,"Churned"
10093,"2020-04-28",2012,2,258.59,"Churned"
10094,"2025-03-24",221,2,160.65,"Churned"
10095,"2024-10-30",366,4,190.47,"Churned"
10096,"2024-05-05",544,3,150.40,"Churned"
10097,"2022-08-10",1178,1,44.20,"Churned"
10098,"2022-11-08",1088,1,174.73,"Churned"
10101,"2025-04-19",195,2,116.96,"Churned"
10104,"2024-04-12",567,3,397.31,"Churned"
10107,"2025-06-13",140,1,36.96,"Churned"
10109,"2021-06-05",1609,2,69.79,"Churned"
10111,"2021-06-03",1611,2,221.61,"Churned"
10112,"2020-07-06",1943,1,43.83,"Churned"
10113,"2023-12-20",681,3,185.29,"Churned"
10114,"2021-07-11",1573,1,135.36,"Churned"
10115,"2024-02-27",612,2,187.59,"Churned"
10116,"2024-02-11",628,3,100.04,"Churned"
10117,"2025-10-27",4,3,96.59,"Active"
10118,"2024-12-21",314,4,282.26,"Churned"
10119,"2022-12-20",1046,3,338.53,"Churned"
10120,"2024-06-02",516,4,368.15,"Churned"
10121,"2023-09-16",776,2,140.89,"Churned"
10124,"2025-06-23",130,3,294.23,"Churned"
10125,"2021-08-08",1545,1,48.02,"Churned"
10126,"2025-09-05",56,3,437.83,"At Risk"
10127,"2024-09-15",411,2,50.77,"Churned"
10129,"2024-10-22",374,1,149.99,"Churned"
10130,"2023-06-04",880,2,545.56,"Churned"
10131,"2025-06-06",147,1,55.73,"Churned"
10132,"2022-01-04",1396,1,334.07,"Churned"
10133,"2024-03-09",601,1,221.58,"Churned"
10134,"2024-08-06",451,4,537.38,"Churned"
10136,"2024-05-13",536,3,678.27,"Churned"
10137,"2025-10-24",7,2,185.59,"Active"
10138,"2020-08-05",1913,1,194.99,"Churned"
10139,"2023-03-05",971,6,921.76,"Churned"
10140,"2023-07-10",844,1,192.38,"Churned"
10141,"2024-03-22",588,2,390.00,"Churned"
10142,"2022-06-22",1227,1,44.05,"Churned"
10143,"2020-06-25",1954,1,102.09,"Churned"
10144,"2023-12-13",688,3,275.38,"Churned"
10145,"2024-09-30",396,2,520.79,"Churned"
10146,"2023-05-02",913,4,401.13,"Churned"
10148,"2025-05-09",175,4,282.78,"Churned"
10149,"2020-10-12",1845,2,221.61,"Churned"
10150,"2021-07-22",1562,1,122.51,"Churned"
10151,"2023-11-09",722,1,51.37,"Churned"
10152,"2022-10-19",1108,1,387.14,"Churned"
10153,"2025-09-02",59,3,343.51,"At Risk"
10154,"2024-01-11",659,2,272.62,"Churned"
10155,"2025-08-03",89,2,151.33,"At Risk"
10156,"2025-05-30",154,5,474.12,"Churned"
10157,"2023-08-09",814,3,729.08,"Churned"
10158,"2024-03-31",579,2,109.78,"Churned"
10159,"2023-06-29",855,2,180.99,"Churned"
10160,"2025-09-06",55,1,86.73,"At Risk"
10161,"2020-11-25",1801,1,55.02,"Churned"
10162,"2024-12-22",313,3,538.37,"Churned"
10163,"2022-07-01",1218,2,132.23,"Churned"
10164,"2025-07-27",96,1,115.72,"Churned"
10165,"2021-09-14",1508,1,29.83,"Churned"
10166,"2021-04-01",1674,1,19.46,"Churned"
10167,"2025-04-11",203,1,360.91,"Churned"
10168,"2024-09-01",425,3,228.13,"Churned"
10169,"2023-12-05",696,4,527.29,"Churned"
10170,"2023-05-22",893,3,367.02,"Churned"
10172,"2024-05-20",529,3,232.48,"Churned"
10173,"2025-06-25",128,5,479.03,"Churned"
10174,"2020-05-06",2004,1,70.59,"Churned"
10175,"2024-12-11",324,1,21.51,"Churned"
10176,"2025-09-28",33,2,175.80,"At Risk"
10178,"2023-09-05",787,2,335.60,"Churned"
10179,"2025-07-09",114,1,58.26,"Churned"
10180,"2024-05-30",519,1,68.67,"Churned"
10181,"2021-12-25",1406,1,187.14,"Churned"
10183,"2025-10-13",18,1,27.10,"Active"
10184,"2025-07-02",121,1,126.68,"Churned"
10185,"2022-04-19",1291,2,455.00,"Churned"
10186,"2025-04-26",188,4,289.58,"Churned"
10188,"2021-05-07",1638,1,66.60,"Churned"
10189,"2021-05-22",1623,1,143.16,"Churned"
10190,"2024-02-08",631,3,89.23,"Churned"
10191,"2024-06-18",500,2,226.84,"Churned"
10192,"2025-04-18",196,1,63.56,"Churned"
10194,"2023-03-30",946,1,38.71,"Churned"
10195,"2021-03-29",1677,2,195.15,"Churned"
10196,"2025-09-06",55,4,587.86,"At Risk"
10197,"2024-12-23",312,7,533.78,"Churned"
10199,"2023-05-21",894,2,355.26,"Churned"
10200,"2021-05-24",1621,1,499.90,"Churned"
10202,"2022-07-25",1194,4,641.67,"Churned"
10203,"2025-07-13",110,3,292.27,"Churned"
10204,"2025-09-05",56,5,231.29,"At Risk"
10206,"2022-12-09",1057,1,75.98,"Churned"
10207,"2024-02-23",616,2,167.92,"Churned"
10208,"2024-04-14",565,2,31.16,"Churned"
10210,"2021-10-10",1482,1,98.21,"Churned"
10211,"2021-10-01",1491,1,219.85,"Churned"
10212,"2021-01-23",1742,1,78.93,"Churned"
10213,"2024-04-29",550,3,449.88,"Churned"
10214,"2025-04-08",206,3,523.60,"Churned"
10215,"2025-02-01",272,3,320.70,"Churned"
10217,"2023-06-05",879,3,265.97,"Churned"
10218,"2025-09-03",58,2,67.27,"At Risk"
10220,"2023-10-04",758,4,870.29,"Churned"
10221,"2022-04-13",1297,3,310.69,"Churned"
10222,"2025-09-16",45,6,585.37,"At Risk"
10223,"2022-06-29",1220,1,55.14,"Churned"
10224,"2021-11-28",1433,1,77.70,"Churned"
10225,"2024-11-06",359,2,399.74,"Churned"
10226,"2023-08-21",802,1,58.82,"Churned"
10228,"2025-04-10",204,3,659.45,"Churned"
10229,"2022-09-03",1154,1,5.23,"Churned"
10230,"2024-09-27",399,3,95.49,"Churned"
10231,"2024-09-04",422,2,234.47,"Churned"
10232,"2025-06-20",133,2,67.40,"Churned"
10233,"2022-07-14",1205,2,159.11,"Churned"
10234,"2023-09-10",782,4,131.61,"Churned"
10235,"2024-01-13",657,2,185.98,"Churned"
10237,"2021-03-28",1678,1,164.45,"Churned"
10238,"2025-06-28",125,2,156.03,"Churned"
10239,"2023-01-14",1021,2,292.76,"Churned"
10240,"2025-06-21",132,5,551.87,"Churned"
10242,"2022-07-23",1196,1,576.15,"Churned"
10243,"2025-04-16",198,1,77.21,"Churned"
10245,"2024-07-25",463,3,666.49,"Churned"
10247,"2024-01-04",666,3,640.93,"Churned"
10248,"2020-07-25",1924,1,304.83,"Churned"
10249,"2025-02-08",265,2,348.99,"Churned"
10250,"2023-06-06",878,1,70.14,"Churned"
10251,"2022-09-20",1137,3,624.46,"Churned"
10252,"2024-06-15",503,2,97.94,"Churned"
10253,"2025-09-10",51,3,214.83,"At Risk"
10254,"2024-11-25",340,3,449.27,"Churned"
10255,"2022-01-29",1371,3,124.06,"Churned"
10256,"2021-10-23",1469,2,228.67,"Churned"
10257,"2024-07-12",476,1,157.39,"Churned"
10258,"2025-04-09",205,4,103.48,"Churned"
10259,"2023-02-18",986,1,194.54,"Churned"
10262,"2024-10-21",375,4,307.12,"Churned"
10264,"2023-05-03",912,2,256.73,"Churned"
10266,"2024-12-23",312,2,1994.32,"Churned"
10267,"2025-10-01",30,2,556.98,"Active"
10268,"2025-10-19",12,3,360.60,"Active"
10270,"2025-03-03",242,3,792.17,"Churned"
10271,"2024-07-28",460,3,459.84,"Churned"
10272,"2025-09-17",44,3,216.65,"At Risk"
10273,"2025-07-21",102,1,434.44,"Churned"
10274,"2025-02-23",250,2,280.43,"Churned"
10277,"2023-08-14",809,2,485.05,"Churned"
10278,"2024-12-19",316,4,508.92,"Churned"
10279,"2023-08-24",799,2,242.52,"Churned"
10280,"2020-10-25",1832,1,43.61,"Churned"
10281,"2024-07-03",485,1,175.96,"Churned"
10282,"2023-05-01",914,1,233.86,"Churned"
10284,"2023-03-20",956,3,206.69,"Churned"
10285,"2024-06-22",496,2,193.59,"Churned"
10286,"2022-01-01",1399,1,19.83,"Churned"
10287,"2023-02-11",993,1,47.00,"Churned"
10288,"2023-11-25",706,1,27.51,"Churned"
10289,"2020-07-27",1922,1,7.70,"Churned"
10291,"2020-08-26",1892,2,593.44,"Churned"
10292,"2023-12-09",692,1,170.07,"Churned"
10293,"2021-10-26",1466,1,31.63,"Churned"
10294,"2025-10-28",3,6,950.69,"Active"
10295,"2024-04-03",576,2,568.48,"Churned"
10296,"2020-05-15",1995,1,95.79,"Churned"
10297,"2022-01-04",1396,2,69.77,"Churned"
10298,"2020-02-04",2096,1,215.09,"Churned"
10299,"2023-09-28",764,3,555.34,"Churned"
10300,"2020-08-13",1905,1,29.43,"Churned"
10301,"2021-04-27",1648,1,331.73,"Churned"
10302,"2024-04-03",576,1,294.66,"Churned"
10304,"2021-11-15",1446,1,479.46,"Churned"
10305,"2023-04-14",931,1,46.92,"Churned"
10306,"2022-03-06",1335,1,85.04,"Churned"
10307,"2023-03-20",956,2,74.85,"Churned"
10310,"2024-12-15",320,1,73.21,"Churned"
10311,"2021-04-22",1653,1,98.12,"Churned"
10312,"2022-07-29",1190,1,27.52,"Churned"
10313,"2025-08-20",72,4,497.80,"At Risk"
10314,"2023-01-04",1031,1,108.81,"Churned"
10315,"2023-08-26",797,1,4.22,"Churned"
10316,"2021-07-25",1559,1,142.24,"Churned"
10318,"2020-03-30",2041,1,46.12,"Churned"
10320,"2025-01-28",276,1,119.14,"Churned"
10322,"2024-05-13",536,1,14.82,"Churned"
10323,"2024-05-31",518,1,6.32,"Churned"
10324,"2021-07-28",1556,1,42.97,"Churned"
10325,"2025-05-11",173,4,305.70,"Churned"
10326,"2022-12-17",1049,2,402.27,"Churned"
10327,"2024-08-18",439,4,209.93,"Churned"
10329,"2024-12-30",305,3,292.33,"Churned"
10330,"2021-12-02",1429,1,16.56,"Churned"
10332,"2021-07-07",1577,1,28.18,"Churned"
10333,"2024-04-12",567,4,344.00,"Churned"
10334,"2025-02-26",247,2,399.73,"Churned"
10335,"2021-08-07",1546,1,118.52,"Churned"
10336,"2021-08-10",1543,1,53.32,"Churned"
10337,"2024-05-30",519,1,17.18,"Churned"
10338,"2025-10-31",0,1,39.58,"Active"
10339,"2024-11-05",360,2,233.34,"Churned"
10340,"2022-10-23",1104,1,16.34,"Churned"
10341,"2023-05-30",885,1,30.62,"Churned"
10342,"2025-06-22",131,3,1925.25,"Churned"
10343,"2022-08-05",1183,1,94.66,"Churned"
10345,"2021-07-06",1578,2,616.51,"Churned"
10346,"2025-08-05",87,1,63.69,"At Risk"
10350,"2025-03-18",227,3,578.92,"Churned"
10351,"2025-10-22",9,2,296.13,"Active"
10352,"2020-11-03",1823,2,154.83,"Churned"
10354,"2024-05-26",523,2,186.18,"Churned"
10355,"2020-05-10",2000,1,206.80,"Churned"
10356,"2025-05-14",170,2,325.76,"Churned"
10358,"2021-08-03",1550,1,140.78,"Churned"
10359,"2025-02-06",267,3,709.59,"Churned"
10360,"2024-09-20",406,2,100.24,"Churned"
10362,"2024-10-21",375,4,360.50,"Churned"
10363,"2021-03-19",1687,2,114.22,"Churned"
10365,"2025-04-16",198,4,1003.54,"Churned"
10366,"2024-04-26",553,3,120.18,"Churned"
10369,"2021-01-25",1740,1,70.34,"Churned"
10370,"2024-06-24",494,2,237.65,"Churned"
10372,"2025-05-29",155,6,845.92,"Churned"
10373,"2020-08-04",1914,1,75.92,"Churned"
10374,"2023-01-12",1023,1,28.03,"Churned"
10375,"2024-05-04",545,1,28.57,"Churned"
10376,"2025-03-02",243,1,74.16,"Churned"
10378,"2024-09-19",407,2,676.15,"Churned"
10379,"2024-07-29",459,1,53.61,"Churned"
10380,"2022-11-06",1090,1,225.15,"Churned"
10381,"2024-04-09",570,2,30.46,"Churned"
10382,"2025-09-18",43,1,56.94,"At Risk"
10385,"2025-08-28",64,2,398.31,"At Risk"
10386,"2023-05-29",886,2,230.19,"Churned"
10387,"2025-03-01",244,1,8.15,"Churned"
10388,"2024-05-26",523,1,49.16,"Churned"
10389,"2024-07-06",482,3,522.94,"Churned"
10390,"2023-11-20",711,2,365.09,"Churned"
10391,"2021-02-04",1730,1,30.13,"Churned"
10392,"2023-01-01",1034,4,872.85,"Churned"
10393,"2024-11-08",357,1,88.54,"Churned"
10394,"2025-05-18",166,3,176.74,"Churned"
10395,"2023-04-14",931,4,393.77,"Churned"
10396,"2024-02-06",633,2,251.01,"Churned"
10397,"2025-08-03",89,3,300.61,"At Risk"
10398,"2021-11-22",1439,1,148.57,"Churned"
10399,"2025-04-23",191,2,500.51,"Churned"
10400,"2024-12-20",315,2,127.78,"Churned"
10401,"2025-06-06",147,3,548.13,"Churned"
10402,"2022-11-10",1086,1,19.58,"Churned"
10403,"2024-10-28",368,4,525.65,"Churned"
10404,"2021-09-12",1510,1,25.53,"Churned"
10406,"2025-08-06",86,5,620.96,"At Risk"
10407,"2025-08-22",70,2,205.27,"At Risk"
10409,"2025-08-03",89,4,745.33,"At Risk"
10410,"2021-07-29",1555,2,207.11,"Churned"
10411,"2022-08-17",1171,3,321.33,"Churned"
10412,"2023-03-17",959,2,70.49,"Churned"
10413,"2024-12-13",322,3,168.74,"Churned"
10414,"2025-07-24",99,4,609.28,"Churned"
10416,"2021-05-18",1627,1,162.55,"Churned"
10417,"2024-04-14",565,1,21.08,"Churned"
10418,"2021-09-30",1492,1,97.36,"Churned"
10419,"2024-10-08",388,1,41.26,"Churned"
10420,"2021-03-10",1696,2,682.45,"Churned"
10421,"2025-07-25",98,1,316.24,"Churned"
10422,"2024-01-03",667,1,113.75,"Churned"
10423,"2025-05-01",183,3,245.74,"Churned"
10424,"2020-06-26",1953,2,651.40,"Churned"
10425,"2022-06-30",1219,2,394.67,"Churned"
10426,"2024-07-01",487,3,651.80,"Churned"
10427,"2024-02-27",612,2,326.52,"Churned"
10429,"2023-07-31",823,2,453.96,"Churned"
10430,"2025-05-27",157,2,67.89,"Churned"
10431,"2021-09-02",1520,2,252.86,"Churned"
10432,"2021-05-09",1636,2,215.99,"Churned"
10433,"2020-12-01",1795,1,27.15,"Churned"
10434,"2024-05-26",523,1,267.28,"Churned"
10435,"2022-12-08",1058,1,142.46,"Churned"
10436,"2025-08-09",83,2,70.09,"At Risk"
10437,"2023-07-08",846,1,43.24,"Churned"
10438,"2021-01-10",1755,2,122.67,"Churned"
10439,"2022-04-12",1298,1,12.73,"Churned"
10440,"2023-12-22",679,2,106.33,"Churned"
10441,"2022-08-18",1170,1,240.24,"Churned"
10442,"2024-03-08",602,3,261.63,"Churned"
10443,"2020-04-08",2032,1,366.82,"Churned"
10446,"2021-06-20",1594,1,46.92,"Churned"
10447,"2025-04-28",186,2,278.65,"Churned"
10448,"2023-04-19",926,5,279.03,"Churned"
10449,"2024-11-14",351,4,441.60,"Churned"
10450,"2025-03-05",240,1,121.14,"Churned"
10451,"2023-07-26",828,1,87.59,"Churned"
10453,"2021-01-26",1739,1,11.92,"Churned"
10454,"2024-02-09",630,1,28.04,"Churned"
10457,"2024-08-14",443,4,248.83,"Churned"
10460,"2021-03-26",1680,1,37.57,"Churned"
10461,"2025-06-05",148,1,37.51,"Churned"
10462,"2022-07-24",1195,2,429.87,"Churned"
10463,"2023-07-17",837,2,1151.25,"Churned"
10464,"2022-02-13",1356,1,38.09,"Churned"
10465,"2023-08-15",808,1,35.23,"Churned"
10466,"2021-09-10",1512,1,14.02,"Churned"
10468,"2025-08-29",63,2,86.14,"At Risk"
10469,"2024-11-09",356,2,347.24,"Churned"
10470,"2025-08-18",74,2,248.71,"At Risk"
10471,"2021-11-05",1456,2,209.26,"Churned"
10472,"2025-06-04",149,1,65.70,"Churned"
10473,"2024-10-04",392,3,909.26,"Churned"
10474,"2024-12-15",320,1,37.90,"Churned"
10475,"2025-03-15",230,4,648.70,"Churned"
10477,"2025-04-08",206,4,326.35,"Churned"
10478,"2021-03-15",1691,1,34.18,"Churned"
10479,"2025-08-16",76,1,119.11,"At Risk"
10480,"2023-10-19",743,1,91.40,"Churned"
10481,"2024-06-26",492,2,328.66,"Churned"
10484,"2021-04-21",1654,2,281.13,"Churned"
10487,"2023-07-07",847,2,488.41,"Churned"
10488,"2025-03-03",242,1,109.28,"Churned"
10489,"2022-07-12",1207,1,128.81,"Churned"
10490,"2021-02-02",1732,2,66.21,"Churned"
10491,"2022-04-05",1305,3,281.25,"Churned"
10492,"2020-05-26",1984,1,7.35,"Churned"
10493,"2025-09-11",50,7,1603.40,"At Risk"
10496,"2024-07-14",474,5,332.52,"Churned"
10497,"2025-05-26",158,1,27.14,"Churned"
10498,"2024-11-19",346,1,145.18,"Churned"
10499,"2022-11-08",1088,2,240.37,"Churned"
10500,"2025-09-19",42,1,126.28,"At Risk"
10501,"2022-02-07",1362,3,93.41,"Churned"
10502,"2025-08-18",74,4,1410.83,"At Risk"
10503,"2022-10-31",1096,2,269.07,"Churned"
10504,"2024-10-09",387,3,603.89,"Churned"
10505,"2020-04-06",2034,1,298.63,"Churned"
10507,"2023-08-23",800,2,218.28,"Churned"
10508,"2025-08-18",74,3,338.10,"At Risk"
10510,"2023-11-08",723,3,390.21,"Churned"
10511,"2025-03-12",233,1,144.95,"Churned"
10512,"2022-03-02",1339,1,30.54,"Churned"
10514,"2025-10-14",17,4,369.52,"Active"
10515,"2025-01-16",288,3,104.53,"Churned"
10517,"2021-11-17",1444,1,42.28,"Churned"
10518,"2022-11-04",1092,1,132.39,"Churned"
10519,"2025-01-10",294,2,223.26,"Churned"
10521,"2025-05-14",170,2,149.79,"Churned"
10522,"2025-09-28",33,3,152.88,"At Risk"
10523,"2024-01-22",648,3,163.26,"Churned"
10524,"2023-12-11",690,3,167.83,"Churned"
10525,"2025-07-26",97,2,177.30,"Churned"
10526,"2023-10-29",733,2,376.94,"Churned"
10527,"2024-06-09",509,2,40.41,"Churned"
10528,"2023-09-15",777,2,109.26,"Churned"
10529,"2020-01-16",2115,1,211.96,"Churned"
10530,"2021-06-26",1588,2,75.01,"Churned"
10531,"2023-05-04",911,1,23.83,"Churned"
10532,"2025-07-12",111,4,407.52,"Churned"
10534,"2025-07-22",101,2,212.61,"Churned"
10535,"2023-11-01",730,1,143.95,"Churned"
10536,"2021-06-29",1585,1,869.12,"Churned"
10537,"2024-07-01",487,3,466.19,"Churned"
10539,"2025-02-27",246,1,464.89,"Churned"
10540,"2022-09-01",1156,1,151.97,"Churned"
10542,"2024-11-28",337,2,98.95,"Churned"
10544,"2025-07-20",103,3,333.69,"Churned"
10545,"2025-07-22",101,4,191.53,"Churned"
10547,"2023-06-01",883,5,1247.43,"Churned"
10549,"2022-09-15",1142,4,596.03,"Churned"
10551,"2023-08-22",801,1,72.13,"Churned"
10552,"2020-11-25",1801,1,611.11,"Churned"
10553,"2024-07-20",468,2,266.80,"Churned"
10554,"2023-10-24",738,1,165.06,"Churned"
10555,"2025-09-26",35,1,1182.04,"At Risk"
10556,"2025-03-01",244,2,39.74,"Churned"
10557,"2021-03-20",1686,2,253.22,"Churned"
10558,"2020-10-13",1844,1,44.04,"Churned"
10559,"2023-05-18",897,1,214.79,"Churned"
10561,"2025-03-03",242,4,235.81,"Churned"
10562,"2024-01-25",645,3,372.48,"Churned"
10563,"2020-03-01",2070,1,90.57,"Churned"
10564,"2025-08-21",71,1,262.11,"At Risk"
10565,"2023-12-27",674,1,962.18,"Churned"
10566,"2022-02-17",1352,1,65.67,"Churned"
10567,"2025-06-10",143,2,272.96,"Churned"
10568,"2024-09-09",417,3,240.90,"Churned"
10569,"2022-02-24",1345,1,210.33,"Churned"
10570,"2021-08-27",1526,2,119.76,"Churned"
10571,"2021-04-27",1648,1,130.25,"Churned"
10572,"2023-08-25",798,3,574.53,"Churned"
10573,"2020-11-26",1800,1,71.90,"Churned"
10574,"2024-10-17",379,4,170.48,"Churned"
10575,"2025-07-15",108,4,653.49,"Churned"
10576,"2025-02-19",254,1,19.95,"Churned"
10577,"2025-08-12",80,2,68.01,"At Risk"
10579,"2021-08-15",1538,1,98.75,"Churned"
10580,"2025-01-30",274,2,115.59,"Churned"
10581,"2024-11-22",343,4,417.24,"Churned"
10582,"2025-06-03",150,3,244.35,"Churned"
10583,"2022-05-28",1252,2,486.81,"Churned"
10584,"2023-11-23",708,3,445.10,"Churned"
10586,"2022-10-12",1115,2,97.13,"Churned"
10588,"2021-09-18",1504,1,59.85,"Churned"
10590,"2025-09-25",36,4,360.02,"At Risk"
10592,"2023-03-29",947,2,350.58,"Churned"
10593,"2025-06-02",151,4,385.34,"Churned"
10595,"2022-11-11",1085,3,363.64,"Churned"
10598,"2024-04-25",554,1,143.06,"Churned"
10599,"2025-05-26",158,3,475.73,"Churned"
10600,"2023-04-04",941,2,222.50,"Churned"
10601,"2022-01-09",1391,2,76.00,"Churned"
10602,"2022-09-02",1155,2,119.84,"Churned"
10603,"2024-11-02",363,3,220.95,"Churned"
10604,"2025-02-11",262,1,345.50,"Churned"
10605,"2025-01-30",274,3,327.74,"Churned"
10606,"2025-03-13",232,5,939.48,"Churned"
10608,"2024-04-07",572,3,641.71,"Churned"
10611,"2024-06-30",488,2,115.70,"Churned"
10612,"2023-10-25",737,1,18.25,"Churned"
10613,"2020-11-04",1822,1,48.85,"Churned"
10614,"2021-08-20",1533,1,15.18,"Churned"
10615,"2024-01-27",643,3,449.10,"Churned"
10617,"2022-09-28",1129,2,418.63,"Churned"
10619,"2024-12-19",316,2,202.38,"Churned"
10620,"2025-09-28",33,2,233.54,"At Risk"
10621,"2024-04-03",576,2,72.40,"Churned"
10622,"2023-04-17",928,2,230.51,"Churned"
10623,"2022-11-16",1080,2,105.38,"Churned"
10624,"2021-09-12",1510,1,278.56,"Churned"
10626,"2022-11-20",1076,2,524.65,"Churned"
10627,"2021-12-15",1416,1,15.86,"Churned"
10628,"2025-04-06",208,2,613.94,"Churned"
10629,"2020-10-12",1845,2,222.46,"Churned"
10630,"2021-04-13",1662,2,104.87,"Churned"
10631,"2023-07-31",823,3,609.09,"Churned"
10632,"2022-07-29",1190,1,64.43,"Churned"
10633,"2024-03-24",586,1,33.27,"Churned"
10634,"2025-03-03",242,3,276.50,"Churned"
10635,"2023-10-26",736,4,177.91,"Churned"
10636,"2024-07-26",462,3,368.15,"Churned"
10637,"2024-12-18",317,2,159.99,"Churned"
10638,"2024-10-28",368,2,140.91,"Churned"
10641,"2025-10-10",21,3,345.81,"Active"
10642,"2022-07-16",1203,1,32.62,"Churned"
10643,"2024-12-03",332,1,202.52,"Churned"
10644,"2025-04-04",210,2,565.34,"Churned"
10645,"2020-06-15",1964,1,18.39,"Churned"
10646,"2022-02-20",1349,3,119.51,"Churned"
10647,"2024-08-01",456,2,50.88,"Churned"
10648,"2023-07-03",851,1,183.44,"Churned"
10650,"2022-07-11",1208,1,66.65,"Churned"
10651,"2024-09-23",403,1,193.31,"Churned"
10652,"2023-03-24",952,1,153.60,"Churned"
10653,"2020-04-17",2023,1,57.63,"Churned"
10655,"2021-06-09",1605,1,156.53,"Churned"
10656,"2025-01-27",277,4,351.04,"Churned"
10657,"2021-07-18",1566,1,54.71,"Churned"
10658,"2023-06-23",861,3,264.52,"Churned"
10661,"2025-04-30",184,2,105.71,"Churned"
10662,"2025-02-23",250,4,375.44,"Churned"
10663,"2024-06-08",510,3,558.67,"Churned"
10664,"2020-11-10",1816,1,14.60,"Churned"
10665,"2024-09-07",419,3,560.29,"Churned"
10666,"2025-09-20",41,3,431.96,"At Risk"
10667,"2023-11-06",725,2,140.65,"Churned"
10668,"2025-02-15",258,1,204.27,"Churned"
10669,"2025-03-22",223,2,249.20,"Churned"
10670,"2024-04-15",564,1,23.37,"Churned"
10671,"2023-06-18",866,5,500.54,"Churned"
10672,"2022-05-17",1263,2,135.07,"Churned"
10673,"2024-07-05",483,2,540.99,"Churned"
10674,"2025-08-11",81,2,256.02,"At Risk"
10675,"2023-05-25",890,3,227.11,"Churned"
10676,"2021-03-11",1695,1,475.22,"Churned"
10677,"2025-10-15",16,1,64.87,"Active"
10678,"2024-11-14",351,2,115.33,"Churned"
10679,"2025-06-05",148,1,180.58,"Churned"
10680,"2025-03-27",218,2,280.64,"Churned"
10681,"2024-12-07",328,5,453.29,"Churned"
10682,"2024-07-15",473,3,100.45,"Churned"
10683,"2025-06-09",144,2,137.67,"Churned"
10684,"2024-10-25",371,2,166.36,"Churned"
10685,"2025-03-26",219,3,305.33,"Churned"
10686,"2025-10-29",2,2,195.70,"Active"
10687,"2020-09-18",1869,1,19.76,"Churned"
10688,"2024-06-29",489,2,183.19,"Churned"
10689,"2025-10-05",26,4,888.33,"Active"
10691,"2022-11-18",1078,3,641.43,"Churned"
10692,"2024-05-24",525,3,138.58,"Churned"
10693,"2023-09-07",785,2,34.82,"Churned"
10694,"2022-10-28",1099,2,233.02,"Churned"
10696,"2024-05-30",519,3,432.45,"Churned"
10697,"2021-10-31",1461,1,449.86,"Churned"
10698,"2022-04-10",1300,3,422.19,"Churned"
10699,"2023-05-07",908,2,239.02,"Churned"
10700,"2022-11-28",1068,2,213.24,"Churned"
10703,"2021-02-11",1723,1,231.03,"Churned"
10704,"2023-06-11",873,2,252.40,"Churned"
10710,"2022-11-22",1074,3,126.13,"Churned"
10711,"2024-12-27",308,2,412.80,"Churned"
10712,"2022-02-27",1342,1,133.31,"Churned"
10714,"2025-07-01",122,2,42.32,"Churned"
10715,"2022-03-18",1323,1,171.64,"Churned"
10716,"2020-04-01",2039,1,60.04,"Churned"
10717,"2024-02-26",613,2,322.87,"Churned"
10718,"2022-07-27",1192,2,130.24,"Churned"
10720,"2025-01-11",293,3,93.66,"Churned"
10721,"2023-10-12",750,4,242.54,"Churned"
10722,"2022-12-24",1042,1,858.43,"Churned"
10723,"2025-09-15",46,1,40.31,"At Risk"
10724,"2025-10-07",24,1,50.89,"Active"
10725,"2025-01-07",297,2,1197.02,"Churned"
10726,"2021-06-17",1597,1,77.42,"Churned"
10727,"2024-10-28",368,4,716.97,"Churned"
10728,"2024-08-29",428,3,737.76,"Churned"
10730,"2023-01-05",1030,1,187.47,"Churned"
10731,"2022-01-19",1381,2,183.06,"Churned"
10732,"2021-03-31",1675,2,156.49,"Churned"
10733,"2025-03-19",226,1,76.60,"Churned"
10734,"2021-06-16",1598,3,1008.99,"Churned"
10737,"2024-10-17",379,2,147.24,"Churned"
10738,"2023-06-20",864,1,44.46,"Churned"
10739,"2024-09-16",410,3,374.88,"Churned"
10740,"2025-09-10",51,2,294.80,"At Risk"
10741,"2024-08-27",430,1,90.22,"Churned"
10742,"2024-03-16",594,1,17.46,"Churned"
10743,"2025-01-25",279,2,597.57,"Churned"
10744,"2023-09-30",762,2,25.32,"Churned"
10745,"2023-07-07",847,2,61.93,"Churned"
10748,"2023-01-06",1029,4,394.69,"Churned"
10749,"2022-07-26",1193,2,194.10,"Churned"
10750,"2024-10-01",395,3,284.18,"Churned"
10751,"2025-06-08",145,3,1118.04,"Churned"
10752,"2021-05-30",1615,1,22.58,"Churned"
10753,"2024-12-31",304,3,250.51,"Churned"
10754,"2021-05-28",1617,2,159.47,"Churned"
10755,"2023-01-11",1024,1,9.97,"Churned"
10756,"2025-07-26",97,2,164.67,"Churned"
10757,"2023-09-23",769,2,219.98,"Churned"
10758,"2024-05-05",544,2,308.38,"Churned"
10759,"2023-07-08",846,1,13.63,"Churned"
10760,"2022-03-04",1337,1,50.83,"Churned"
10761,"2021-05-31",1614,2,38.40,"Churned"
10762,"2024-04-13",566,3,244.12,"Churned"
10763,"2023-04-26",919,1,97.47,"Churned"
10764,"2021-11-25",1436,1,256.64,"Churned"
10765,"2025-09-23",38,2,311.81,"At Risk"
10766,"2024-01-17",653,3,123.35,"Churned"
10767,"2024-08-09",448,2,384.33,"Churned"
10768,"2022-12-24",1042,1,81.89,"Churned"
10769,"2022-04-26",1284,1,15.07,"Churned"
10770,"2025-01-09",295,2,715.19,"Churned"
10771,"2024-12-10",325,1,237.17,"Churned"
10773,"2025-02-04",269,4,362.88,"Churned"
10774,"2025-01-27",277,4,608.40,"Churned"
10775,"2021-11-07",1454,2,305.87,"Churned"
10778,"2023-06-22",862,3,374.17,"Churned"
10780,"2022-05-08",1272,1,213.68,"Churned"
10782,"2025-05-13",171,3,246.09,"Churned"
10783,"2025-03-29",216,2,257.06,"Churned"
10784,"2025-03-31",214,2,681.56,"Churned"
10785,"2024-03-18",592,2,160.68,"Churned"
10786,"2024-10-17",379,1,91.24,"Churned"
10787,"2020-02-14",2086,1,31.33,"Churned"
10788,"2024-09-19",407,2,635.23,"Churned"
10789,"2021-09-12",1510,1,9.31,"Churned"
10790,"2025-06-30",123,1,75.43,"Churned"
10791,"2020-12-06",1790,1,374.77,"Churned"
10792,"2025-09-23",38,3,795.47,"At Risk"
10793,"2021-03-25",1681,2,96.33,"Churned"
10794,"2022-06-24",1225,4,316.40,"Churned"
10796,"2025-05-31",153,2,313.96,"Churned"
10797,"2021-03-06",1700,1,175.68,"Churned"
10799,"2020-12-21",1775,1,37.65,"Churned"
10800,"2025-07-20",103,2,98.15,"Churned"
10802,"2024-09-11",415,5,633.98,"Churned"
10803,"2025-02-04",269,2,407.91,"Churned"
10804,"2024-09-07",419,3,1222.44,"Churned"
10806,"2024-03-19",591,3,532.90,"Churned"
10807,"2024-08-03",454,2,770.03,"Churned"
10808,"2022-11-24",1072,2,229.34,"Churned"
10809,"2023-03-02",974,2,220.92,"Churned"
10810,"2024-02-18",621,2,323.38,"Churned"
10812,"2024-09-13",413,1,133.83,"Churned"
10813,"2021-06-30",1584,2,216.64,"Churned"
10814,"2020-12-13",1783,1,67.09,"Churned"
10815,"2025-07-23",100,2,200.59,"Churned"
10816,"2023-04-30",915,3,170.68,"Churned"
10817,"2024-02-20",619,1,181.14,"Churned"
10818,"2022-05-02",1278,1,239.88,"Churned"
10819,"2024-02-19",620,2,375.37,"Churned"
10820,"2023-12-23",678,1,205.65,"Churned"
10821,"2025-08-02",90,2,147.36,"At Risk"
10822,"2024-01-09",661,3,243.49,"Churned"
10823,"2024-09-24",402,4,210.33,"Churned"
10824,"2022-11-06",1090,1,17.52,"Churned"
10825,"2020-02-14",2086,1,34.03,"Churned"
10826,"2021-11-27",1434,1,22.41,"Churned"
10827,"2025-10-06",25,5,470.34,"Active"
10829,"2024-12-19",316,6,978.07,"Churned"
10830,"2025-06-25",128,1,167.82,"Churned"
10832,"2022-01-08",1392,3,297.37,"Churned"
10833,"2022-04-26",1284,1,123.93,"Churned"
10834,"2023-11-16",715,2,122.33,"Churned"
10835,"2021-03-15",1691,1,34.00,"Churned"
10836,"2025-08-22",70,5,585.22,"At Risk"
10840,"2023-10-22",740,1,28.51,"Churned"
10841,"2025-09-27",34,2,244.92,"At Risk"
10842,"2022-02-16",1353,3,363.73,"Churned"
10843,"2025-09-25",36,5,775.91,"At Risk"
10844,"2022-07-22",1197,1,30.38,"Churned"
10845,"2024-10-13",383,8,1140.10,"Churned"
10846,"2020-10-21",1836,1,16.49,"Churned"
10847,"2025-04-18",196,3,730.69,"Churned"
10848,"2025-08-16",76,2,383.25,"At Risk"
10849,"2023-08-28",795,2,90.90,"Churned"
10850,"2021-05-19",1626,1,32.74,"Churned"
10851,"2024-10-05",391,2,201.62,"Churned"
10852,"2021-12-16",1415,3,498.77,"Churned"
10853,"2025-06-18",135,3,787.87,"Churned"
10854,"2023-08-15",808,1,51.88,"Churned"
10855,"2023-05-28",887,1,41.61,"Churned"
10857,"2025-03-18",227,2,188.73,"Churned"
10860,"2023-09-30",762,2,168.49,"Churned"
10861,"2021-09-20",1502,1,122.36,"Churned"
10862,"2025-04-18",196,1,140.77,"Churned"
10863,"2024-03-28",582,2,275.60,"Churned"
10864,"2024-07-27",461,3,135.67,"Churned"
10867,"2022-05-21",1259,3,202.79,"Churned"
10868,"2025-10-27",4,1,98.46,"Active"
10869,"2024-04-07",572,1,55.84,"Churned"
10870,"2024-11-21",344,3,148.32,"Churned"
10871,"2025-05-30",154,5,883.64,"Churned"
10872,"2022-09-23",1134,2,140.82,"Churned"
10873,"2023-04-01",944,1,27.60,"Churned"
10874,"2024-10-29",367,5,670.57,"Churned"
10875,"2024-05-14",535,2,111.24,"Churned"
10876,"2023-12-29",672,3,266.31,"Churned"
10877,"2022-01-20",1380,1,110.27,"Churned"
10878,"2025-09-28",33,5,323.52,"At Risk"
10880,"2025-09-20",41,5,757.90,"At Risk"
10881,"2023-08-09",814,2,133.91,"Churned"
10882,"2024-04-16",563,1,66.01,"Churned"
10883,"2025-02-24",249,2,94.50,"Churned"
10884,"2025-10-26",5,3,629.42,"Active"
10887,"2024-01-29",641,2,206.86,"Churned"
10889,"2024-11-16",349,4,401.04,"Churned"
10890,"2024-06-17",501,2,161.25,"Churned"
10892,"2024-07-22",466,2,229.58,"Churned"
10895,"2024-08-21",436,5,1495.53,"Churned"
10897,"2023-05-16",899,2,64.76,"Churned"
10898,"2025-05-12",172,3,557.29,"Churned"
10899,"2023-08-07",816,2,381.56,"Churned"
10900,"2021-01-12",1753,1,37.23,"Churned"
10901,"2020-02-17",2083,1,28.96,"Churned"
10902,"2021-01-17",1748,1,59.78,"Churned"
10903,"2025-09-04",57,7,626.55,"At Risk"
10904,"2025-04-11",203,5,862.26,"Churned"
10905,"2020-02-17",2083,1,110.84,"Churned"
10906,"2025-04-08",206,1,117.64,"Churned"
10908,"2022-01-07",1393,1,172.06,"Churned"
10909,"2025-04-20",194,1,376.51,"Churned"
10910,"2021-03-20",1686,1,76.64,"Churned"
10911,"2024-12-28",307,1,75.91,"Churned"
10912,"2025-04-22",192,2,241.08,"Churned"
10914,"2022-10-11",1116,1,173.75,"Churned"
10915,"2025-08-01",91,2,95.61,"Churned"
10916,"2025-08-09",83,4,273.95,"At Risk"
10917,"2022-02-06",1363,4,839.75,"Churned"
10919,"2021-07-13",1571,1,94.04,"Churned"
10920,"2021-06-28",1586,1,73.50,"Churned"
10921,"2021-02-04",1730,1,21.77,"Churned"
10922,"2022-09-03",1154,2,163.92,"Churned"
10926,"2025-08-31",61,4,1148.34,"At Risk"
10928,"2025-09-22",39,7,997.14,"At Risk"
10929,"2021-08-10",1543,1,25.06,"Churned"
10930,"2023-08-27",796,1,316.58,"Churned"
10931,"2025-01-08",296,2,36.07,"Churned"
10933,"2023-08-12",811,1,17.66,"Churned"
10934,"2024-01-03",667,1,35.75,"Churned"
10937,"2022-07-31",1188,2,276.04,"Churned"
10938,"2025-02-16",257,1,33.03,"Churned"
10939,"2025-05-08",176,2,231.38,"Churned"
10940,"2021-08-03",1550,1,93.02,"Churned"
10941,"2025-02-03",270,3,259.91,"Churned"
10942,"2023-02-04",1000,3,388.79,"Churned"
10943,"2023-07-13",841,1,53.02,"Churned"
10945,"2022-04-05",1305,2,136.55,"Churned"
10946,"2023-08-07",816,1,101.26,"Churned"
10947,"2024-04-01",578,4,395.73,"Churned"
10948,"2021-10-05",1487,1,19.10,"Churned"
10949,"2023-01-16",1019,1,76.63,"Churned"
10950,"2022-08-19",1169,1,332.25,"Churned"
10951,"2023-02-23",981,2,86.94,"Churned"
10953,"2024-09-18",408,3,341.81,"Churned"
10955,"2022-04-22",1288,3,135.42,"Churned"
10956,"2025-06-02",151,2,97.26,"Churned"
10957,"2024-11-23",342,3,674.36,"Churned"
10958,"2025-08-04",88,2,89.42,"At Risk"
10959,"2025-10-22",9,2,27.67,"Active"
10960,"2025-06-07",146,2,97.47,"Churned"
10961,"2024-03-28",582,2,131.42,"Churned"
10964,"2022-11-18",1078,2,80.72,"Churned"
10965,"2023-04-28",917,2,49.12,"Churned"
10966,"2025-09-21",40,4,283.80,"At Risk"
10967,"2020-05-03",2007,1,131.70,"Churned"
10969,"2021-11-11",1450,1,41.35,"Churned"
10972,"2024-02-04",635,2,530.88,"Churned"
10973,"2021-11-12",1449,1,909.35,"Churned"
10974,"2024-10-28",368,2,213.76,"Churned"
10975,"2022-08-30",1158,2,614.04,"Churned"
10976,"2020-11-13",1813,1,205.12,"Churned"
10977,"2020-04-08",2032,1,188.61,"Churned"
10978,"2025-03-20",225,3,156.78,"Churned"
10980,"2025-03-13",232,2,189.30,"Churned"
10981,"2024-07-26",462,2,47.49,"Churned"
10982,"2023-01-11",1024,1,331.00,"Churned"
10986,"2021-10-30",1462,2,260.19,"Churned"
10987,"2023-12-11",690,4,323.45,"Churned"
10988,"2025-10-14",17,3,358.97,"Active"
10990,"2025-06-22",131,1,165.66,"Churned"
10992,"2021-02-12",1722,1,327.73,"Churned"
10993,"2025-10-28",3,3,279.20,"Active"
10994,"2024-10-17",379,3,222.63,"Churned"
10995,"2024-11-06",359,2,447.58,"Churned"
10996,"2024-12-18",317,3,245.60,"Churned"
10997,"2022-07-28",1191,3,453.27,"Churned"
10998,"2020-04-26",2014,1,29.92,"Churned"
10999,"2023-11-03",728,1,189.02,"Churned"
11000,"2025-02-28",245,2,190.06,"Churned"
11001,"2022-03-05",1336,2,729.74,"Churned"
11002,"2022-05-29",1251,1,253.92,"Churned"
11003,"2025-06-13",140,4,587.20,"Churned"
11004,"2023-04-30",915,1,24.85,"Churned"
11005,"2025-05-16",168,2,399.34,"Churned"
11006,"2025-04-15",199,3,584.37,"Churned"
11007,"2021-04-13",1662,1,180.28,"Churned"
11008,"2023-12-10",691,1,68.99,"Churned"
11009,"2022-10-15",1112,2,308.21,"Churned"
11010,"2024-04-01",578,2,370.53,"Churned"
11011,"2023-10-19",743,2,201.22,"Churned"
11013,"2025-10-04",27,2,74.86,"Active"
11014,"2021-08-18",1535,1,6.54,"Churned"
11017,"2024-10-05",391,1,109.33,"Churned"
11018,"2024-10-30",366,3,276.88,"Churned"
11019,"2024-08-13",444,2,296.97,"Churned"
11020,"2025-08-25",67,3,287.73,"At Risk"
11021,"2021-06-16",1598,1,184.05,"Churned"
11022,"2025-05-25",159,1,201.38,"Churned"
11023,"2025-04-27",187,5,445.83,"Churned"
11024,"2022-06-16",1233,1,83.78,"Churned"
11025,"2025-01-27",277,2,102.49,"Churned"
11026,"2025-05-10",174,2,246.79,"Churned"
11027,"2025-02-08",265,2,206.94,"Churned"
11028,"2021-12-16",1415,2,172.97,"Churned"
11029,"2025-06-17",136,3,326.72,"Churned"
11030,"2022-01-09",1391,3,421.32,"Churned"
11031,"2023-06-25",859,2,144.41,"Churned"
11033,"2022-03-10",1331,2,85.91,"Churned"
11034,"2023-05-02",913,4,292.22,"Churned"
11035,"2023-04-01",944,1,310.65,"Churned"
11036,"2023-01-02",1033,1,28.18,"Churned"
11037,"2025-10-09",22,2,171.04,"Active"
11038,"2023-05-18",897,2,46.46,"Churned"
11039,"2021-12-28",1403,1,24.46,"Churned"
11040,"2025-10-02",29,3,559.43,"Active"
11041,"2025-08-23",69,1,288.67,"At Risk"
11042,"2025-01-01",303,2,232.90,"Churned"
11043,"2023-08-25",798,4,303.53,"Churned"
11044,"2025-10-29",2,3,875.28,"Active"
11047,"2023-02-18",986,2,97.40,"Churned"
11048,"2025-09-12",49,3,734.06,"At Risk"
11049,"2021-12-17",1414,1,49.57,"Churned"
11050,"2025-07-02",121,2,273.20,"Churned"
11051,"2025-04-12",202,3,342.10,"Churned"
11052,"2023-10-13",749,2,415.42,"Churned"
11053,"2022-09-17",1140,1,142.49,"Churned"
11054,"2025-01-11",293,5,407.32,"Churned"
11056,"2025-08-22",70,1,21.85,"At Risk"
11058,"2023-02-07",997,3,233.28,"Churned"
11060,"2022-11-06",1090,1,137.79,"Churned"
11061,"2025-04-18",196,2,244.95,"Churned"
11062,"2024-04-21",558,3,203.93,"Churned"
11063,"2022-02-11",1358,1,111.92,"Churned"
11064,"2025-02-01",272,4,367.23,"Churned"
11065,"2022-02-15",1354,3,200.94,"Churned"
11066,"2022-01-13",1387,1,17.62,"Churned"
11069,"2024-01-28",642,2,222.74,"Churned"
11070,"2022-12-13",1053,2,348.70,"Churned"
11071,"2025-06-01",152,4,361.97,"Churned"
11073,"2023-01-06",1029,3,331.54,"Churned"
11074,"2024-09-11",415,1,58.99,"Churned"
11075,"2024-06-06",512,2,273.93,"Churned"
11077,"2024-07-24",464,1,428.39,"Churned"
11078,"2022-05-09",1271,2,172.65,"Churned"
11079,"2023-12-11",690,1,119.14,"Churned"
11080,"2025-03-16",229,3,514.07,"Churned"
11081,"2021-03-16",1690,1,35.10,"Churned"
11082,"2025-06-08",145,2,183.69,"Churned"
11083,"2023-09-15",777,1,57.04,"Churned"
11084,"2023-12-21",680,2,253.43,"Churned"
11085,"2020-07-13",1936,1,315.28,"Churned"
11086,"2024-12-16",319,1,76.82,"Churned"
11087,"2022-12-20",1046,1,254.66,"Churned"
11089,"2023-01-31",1004,1,79.83,"Churned"
11090,"2024-12-18",317,1,48.51,"Churned"
11091,"2025-10-02",29,3,235.66,"Active"
11092,"2022-04-28",1282,1,153.48,"Churned"
11094,"2023-11-08",723,2,75.09,"Churned"
11095,"2025-09-04",57,3,444.48,"At Risk"
11096,"2022-06-19",1230,1,146.57,"Churned"
11098,"2023-08-26",797,1,35.21,"Churned"
11100,"2025-01-17",287,2,421.65,"Churned"
11101,"2023-01-27",1008,1,399.92,"Churned"
11102,"2025-07-10",113,3,89.25,"Churned"
11103,"2022-01-09",1391,2,164.90,"Churned"
11104,"2025-06-12",141,1,405.28,"Churned"
11105,"2021-01-21",1744,1,77.58,"Churned"
11106,"2023-02-06",998,3,177.10,"Churned"
11107,"2024-01-09",661,4,348.77,"Churned"
11108,"2023-10-20",742,2,128.61,"Churned"
11109,"2022-07-01",1218,3,280.34,"Churned"
11110,"2025-07-15",108,1,25.94,"Churned"
11111,"2025-04-24",190,2,377.16,"Churned"
11112,"2020-07-08",1941,1,256.92,"Churned"
11113,"2023-04-16",929,3,474.32,"Churned"
11114,"2024-08-22",435,2,193.21,"Churned"
11115,"2023-11-14",717,1,169.13,"Churned"
11116,"2023-04-15",930,2,488.94,"Churned"
11118,"2022-07-03",1216,2,238.60,"Churned"
11119,"2022-07-26",1193,2,81.02,"Churned"
11120,"2025-05-01",183,2,72.22,"Churned"
11121,"2020-07-12",1937,1,45.73,"Churned"
11123,"2021-01-08",1757,1,298.51,"Churned"
11124,"2021-11-26",1435,1,351.54,"Churned"
11125,"2022-10-19",1108,2,324.53,"Churned"
11126,"2024-12-24",311,5,737.03,"Churned"
11127,"2024-05-04",545,1,239.34,"Churned"
11128,"2025-06-19",134,2,238.24,"Churned"
11129,"2023-03-19",957,1,135.25,"Churned"
11130,"2021-01-14",1751,1,182.13,"Churned"
11131,"2025-01-14",290,3,191.78,"Churned"
11132,"2025-01-09",295,3,413.61,"Churned"
11133,"2023-05-13",902,1,458.04,"Churned"
11134,"2025-04-02",212,5,487.67,"Churned"
11135,"2022-12-07",1059,2,264.56,"Churned"
11137,"2023-11-02",729,1,157.49,"Churned"
11138,"2025-04-27",187,2,259.68,"Churned"
11139,"2025-02-18",255,2,317.81,"Churned"
11140,"2021-09-10",1512,1,17.51,"Churned"
11142,"2025-08-28",64,2,124.88,"At Risk"
11143,"2020-01-22",2109,1,29.22,"Churned"
11144,"2025-04-30",184,6,962.92,"Churned"
11145,"2023-09-14",778,4,635.16,"Churned"
11148,"2022-09-15",1142,1,52.39,"Churned"
11149,"2024-10-24",372,1,255.05,"Churned"
11150,"2025-08-07",85,3,559.08,"At Risk"
11151,"2024-07-10",478,2,219.11,"Churned"
11152,"2024-06-06",512,2,81.39,"Churned"
11153,"2025-08-31",61,4,571.20,"At Risk"
11154,"2023-11-04",727,1,391.33,"Churned"
11156,"2021-01-25",1740,1,135.14,"Churned"
11157,"2024-08-06",451,1,5.63,"Churned"
11159,"2025-07-05",118,2,225.67,"Churned"
11161,"2023-07-22",832,2,275.58,"Churned"
11162,"2025-03-29",216,2,48.24,"Churned"
11163,"2025-03-10",235,2,253.67,"Churned"
11164,"2020-07-22",1927,1,31.36,"Churned"
11165,"2025-03-30",215,2,197.88,"Churned"
11166,"2025-09-29",32,1,211.73,"At Risk"
11167,"2025-10-27",4,3,436.29,"Active"
11168,"2022-08-21",1167,2,188.37,"Churned"
11169,"2023-04-13",932,1,190.25,"Churned"
11172,"2025-03-14",231,4,2112.93,"Churned"
11173,"2025-07-06",117,3,388.69,"Churned"
11174,"2020-03-14",2057,1,241.63,"Churned"
11175,"2025-04-18",196,1,32.18,"Churned"
11176,"2022-09-01",1156,3,1204.77,"Churned"
11177,"2023-08-17",806,1,58.99,"Churned"
11178,"2022-11-15",1081,2,141.17,"Churned"
11179,"2025-07-05",118,3,232.64,"Churned"
11180,"2025-02-09",264,2,262.90,"Churned"
11181,"2025-03-19",226,2,321.65,"Churned"
11182,"2020-09-09",1878,1,158.16,"Churned"
11183,"2025-07-18",105,2,277.53,"Churned"
11184,"2025-02-18",255,3,221.26,"Churned"
11185,"2024-10-13",383,5,829.36,"Churned"
11186,"2022-02-03",1366,1,65.64,"Churned"
11187,"2022-07-04",1215,1,146.68,"Churned"
11189,"2023-06-18",866,1,97.11,"Churned"
11190,"2024-10-31",365,3,246.48,"Churned"
11191,"2023-05-18",897,3,120.39,"Churned"
11192,"2022-08-01",1187,2,491.94,"Churned"
11193,"2025-01-11",293,1,11.02,"Churned"
11194,"2024-07-24",464,2,232.64,"Churned"
11195,"2022-08-20",1168,1,35.03,"Churned"
11196,"2024-04-24",555,3,462.42,"Churned"
11197,"2024-10-05",391,2,154.55,"Churned"
11198,"2025-01-09",295,2,156.77,"Churned"
11199,"2022-04-22",1288,2,117.06,"Churned"
11200,"2025-07-11",112,1,28.05,"Churned"
11201,"2023-10-16",746,2,236.61,"Churned"
11203,"2023-04-08",937,1,55.35,"Churned"
11204,"2022-07-08",1211,2,61.44,"Churned"
11205,"2023-08-11",812,3,219.47,"Churned"
11207,"2025-04-27",187,1,70.30,"Churned"
11210,"2023-12-15",686,2,60.80,"Churned"
11211,"2025-08-13",79,2,70.02,"At Risk"
11213,"2023-03-10",966,1,46.20,"Churned"
11214,"2020-08-01",1917,1,498.16,"Churned"
11216,"2024-10-16",380,1,190.67,"Churned"
11217,"2024-11-26",339,2,93.73,"Churned"
11218,"2024-01-25",645,1,243.66,"Churned"
11219,"2025-01-22",282,1,46.08,"Churned"
11220,"2020-11-08",1818,1,7.34,"Churned"
11221,"2024-11-01",364,2,177.86,"Churned"
11222,"2025-09-19",42,1,182.18,"At Risk"
11223,"2024-10-24",372,1,46.78,"Churned"
11224,"2022-01-29",1371,2,143.96,"Churned"
11225,"2024-01-09",661,1,74.89,"Churned"
11227,"2024-07-28",460,1,377.01,"Churned"
11228,"2021-11-27",1434,2,972.36,"Churned"
11229,"2023-05-15",900,2,621.59,"Churned"
11230,"2021-09-19",1503,1,35.48,"Churned"
11231,"2021-08-07",1546,3,534.80,"Churned"
11232,"2024-01-14",656,2,223.73,"Churned"
11233,"2022-06-23",1226,1,7.12,"Churned"
11234,"2023-09-28",764,3,242.38,"Churned"
11235,"2025-09-02",59,2,664.99,"At Risk"
11236,"2025-04-12",202,4,1229.23,"Churned"
11237,"2022-08-16",1172,2,313.32,"Churned"
11240,"2024-10-17",379,3,594.63,"Churned"
11241,"2025-04-26",188,3,188.08,"Churned"
11242,"2024-06-02",516,4,610.00,"Churned"
11243,"2023-12-08",693,2,744.39,"Churned"
11244,"2024-06-01",517,1,5.13,"Churned"
11245,"2020-09-09",1878,1,132.66,"Churned"
11246,"2024-07-26",462,3,116.88,"Churned"
11247,"2024-06-01",517,2,301.11,"Churned"
11248,"2022-02-08",1361,1,8.46,"Churned"
11249,"2025-01-25",279,2,342.18,"Churned"
11252,"2022-03-29",1312,1,70.60,"Churned"
11253,"2025-10-22",9,5,804.78,"Active"
11254,"2025-01-19",285,6,935.00,"Churned"
11255,"2025-01-13",291,2,318.19,"Churned"
11256,"2025-08-24",68,2,352.63,"At Risk"
11259,"2025-10-05",26,4,442.74,"Active"
11260,"2025-10-01",30,2,168.65,"Active"
11261,"2024-01-16",654,2,593.49,"Churned"
11264,"2020-05-22",1988,1,79.16,"Churned"
11265,"2025-01-23",281,2,845.49,"Churned"
11266,"2021-02-11",1723,1,86.14,"Churned"
11267,"2023-02-18",986,2,133.98,"Churned"
11268,"2025-05-24",160,1,413.10,"Churned"
11269,"2022-01-19",1381,1,277.72,"Churned"
11270,"2022-06-14",1235,2,79.70,"Churned"
11271,"2024-10-15",381,2,185.60,"Churned"
11272,"2021-10-19",1473,1,45.74,"Churned"
11273,"2023-07-19",835,2,91.84,"Churned"
11275,"2022-04-12",1298,1,438.54,"Churned"
11277,"2024-10-15",381,3,221.24,"Churned"
11278,"2021-03-01",1705,1,53.60,"Churned"
11281,"2025-06-29",124,2,347.91,"Churned"
11282,"2025-02-23",250,2,69.69,"Churned"
11283,"2025-02-22",251,3,2385.33,"Churned"
11285,"2025-03-11",234,2,361.07,"Churned"
11286,"2025-06-16",137,2,133.59,"Churned"
11287,"2024-12-23",312,3,482.86,"Churned"
11289,"2022-07-23",1196,1,33.91,"Churned"
11290,"2025-06-04",149,3,292.72,"Churned"
11291,"2024-04-17",562,2,148.08,"Churned"
11293,"2023-01-02",1033,2,266.49,"Churned"
11294,"2024-12-22",313,1,77.27,"Churned"
11295,"2023-02-13",991,1,45.50,"Churned"
11297,"2023-08-13",810,1,579.47,"Churned"
11298,"2025-10-10",21,1,200.87,"Active"
11299,"2024-03-09",601,2,139.90,"Churned"
11300,"2022-08-04",1184,1,47.45,"Churned"
11301,"2025-08-21",71,4,371.41,"At Risk"
11302,"2023-12-20",681,4,672.17,"Churned"
11303,"2023-07-07",847,1,270.51,"Churned"
11305,"2024-03-27",583,2,278.63,"Churned"
11306,"2023-11-26",705,2,105.75,"Churned"
11307,"2021-04-09",1666,1,27.45,"Churned"
11308,"2021-09-03",1519,1,189.43,"Churned"
11309,"2024-02-21",618,3,493.12,"Churned"
11310,"2025-06-07",146,3,86.15,"Churned"
11311,"2023-06-10",874,4,428.00,"Churned"
11312,"2025-08-22",70,4,284.63,"At Risk"
11313,"2020-01-05",2126,1,41.99,"Churned"
11314,"2024-12-29",306,2,141.34,"Churned"
11315,"2024-11-08",357,2,112.19,"Churned"
11316,"2023-07-27",827,2,264.28,"Churned"
11317,"2023-07-29",825,1,91.53,"Churned"
11318,"2022-10-18",1109,1,117.86,"Churned"
11319,"2022-05-06",1274,1,250.58,"Churned"
11322,"2022-11-21",1075,1,61.51,"Churned"
11323,"2020-10-02",1855,1,17.93,"Churned"
11324,"2023-12-11",690,1,96.35,"Churned"
11325,"2024-02-01",638,4,483.66,"Churned"
11326,"2023-03-21",955,1,291.33,"Churned"
11327,"2025-10-01",30,1,126.51,"Active"
11328,"2022-09-01",1156,1,8.03,"Churned"
11329,"2025-09-02",59,2,121.32,"At Risk"
11330,"2025-04-04",210,3,280.97,"Churned"
11331,"2025-06-09",144,2,88.61,"Churned"
11332,"2024-02-12",627,2,139.70,"Churned"
11334,"2023-11-25",706,1,70.45,"Churned"
11335,"2022-10-30",1097,1,38.55,"Churned"
11336,"2024-02-13",626,3,373.12,"Churned"
11337,"2023-02-22",982,1,11.02,"Churned"
11338,"2022-05-29",1251,2,296.05,"Churned"
11339,"2025-06-19",134,3,202.75,"Churned"
11341,"2023-09-19",773,3,482.16,"Churned"
11342,"2025-09-28",33,4,462.32,"At Risk"
11343,"2021-02-24",1710,1,62.90,"Churned"
11345,"2024-02-12",627,2,464.45,"Churned"
11346,"2022-03-01",1340,1,19.89,"Churned"
11347,"2024-06-04",514,2,885.43,"Churned"
11349,"2020-12-26",1770,1,40.93,"Churned"
11350,"2022-06-15",1234,1,118.21,"Churned"
11351,"2024-05-29",520,2,262.88,"Churned"
11352,"2020-06-16",1963,1,52.58,"Churned"
11353,"2024-03-16",594,4,150.29,"Churned"
11354,"2021-03-18",1688,1,100.88,"Churned"
11355,"2023-07-01",853,2,591.81,"Churned"
11356,"2024-09-22",404,2,52.86,"Churned"
11357,"2025-09-28",33,2,132.94,"At Risk"
11358,"2024-08-22",435,2,394.39,"Churned"
11361,"2025-05-05",179,4,84.06,"Churned"
11363,"2025-07-11",112,2,91.69,"Churned"
11364,"2025-02-15",258,3,264.02,"Churned"
11365,"2022-10-17",1110,3,415.48,"Churned"
11366,"2024-10-18",378,1,113.13,"Churned"
11367,"2025-03-29",216,1,239.61,"Churned"
11368,"2023-10-08",754,4,391.93,"Churned"
11369,"2024-02-01",638,4,441.02,"Churned"
11370,"2025-06-08",145,2,156.73,"Churned"
11372,"2022-11-29",1067,2,315.15,"Churned"
11373,"2021-11-25",1436,1,46.03,"Churned"
11374,"2025-10-21",10,3,316.26,"Active"
11375,"2021-01-25",1740,1,24.63,"Churned"
11376,"2024-04-13",566,3,490.03,"Churned"
11378,"2023-10-29",733,1,19.05,"Churned"
11379,"2021-01-19",1746,1,33.76,"Churned"
11380,"2020-08-23",1895,1,45.31,"Churned"
11381,"2022-11-12",1084,1,65.47,"Churned"
11382,"2024-05-31",518,1,79.83,"Churned"
11383,"2021-05-08",1637,1,55.01,"Churned"
11384,"2024-02-10",629,1,25.42,"Churned"
11385,"2023-01-04",1031,1,303.97,"Churned"
11386,"2024-03-29",581,2,20.73,"Churned"
11387,"2021-03-27",1679,2,488.67,"Churned"
11389,"2025-06-10",143,3,361.76,"Churned"
11390,"2020-07-04",1945,2,332.60,"Churned"
11391,"2024-10-27",369,4,379.37,"Churned"
11392,"2024-11-03",362,2,280.99,"Churned"
11393,"2024-08-15",442,2,153.82,"Churned"
11394,"2024-06-15",503,2,294.26,"Churned"
11395,"2022-08-05",1183,3,287.38,"Churned"
11397,"2024-09-03",423,2,110.32,"Churned"
11398,"2021-12-01",1430,1,39.50,"Churned"
11399,"2020-08-13",1905,1,155.27,"Churned"
11400,"2024-05-01",548,3,610.83,"Churned"
11401,"2024-02-01",638,4,345.89,"Churned"
11404,"2021-12-26",1405,3,465.65,"Churned"
11405,"2025-06-23",130,2,95.45,"Churned"
11406,"2025-04-19",195,4,354.77,"Churned"
11407,"2025-09-29",32,2,91.60,"At Risk"
11408,"2023-04-15",930,1,48.32,"Churned"
11410,"2021-05-26",1619,2,44.88,"Churned"
11411,"2022-04-29",1281,3,332.96,"Churned"
11413,"2021-09-21",1501,1,231.59,"Churned"
11414,"2022-07-05",1214,2,218.10,"Churned"
11416,"2024-12-19",316,2,254.61,"Churned"
11417,"2025-10-08",23,1,272.63,"Active"
11418,"2023-03-10",966,1,179.06,"Churned"
11419,"2023-07-04",850,2,148.82,"Churned"
11421,"2022-07-04",1215,2,383.00,"Churned"
11422,"2024-01-20",650,2,250.63,"Churned"
11423,"2024-08-25",432,3,144.08,"Churned"
11424,"2025-08-03",89,2,115.64,"At Risk"
11425,"2023-01-25",1010,2,81.64,"Churned"
11428,"2023-08-08",815,2,403.02,"Churned"
11429,"2024-11-13",352,2,372.58,"Churned"
11430,"2020-05-03",2007,1,81.98,"Churned"
11431,"2025-08-19",73,1,16.57,"At Risk"
11432,"2021-04-21",1654,1,284.73,"Churned"
11433,"2021-05-16",1629,1,8.31,"Churned"
11434,"2025-10-05",26,2,216.81,"Active"
11435,"2023-09-09",783,2,121.35,"Churned"
11436,"2025-09-10",51,3,142.75,"At Risk"
11437,"2021-10-31",1461,1,14.02,"Churned"
11438,"2024-03-13",597,1,16.33,"Churned"
11440,"2023-01-29",1006,2,105.42,"Churned"
11441,"2020-07-09",1940,1,18.61,"Churned"
11442,"2023-04-07",938,3,214.73,"Churned"
11443,"2023-06-18",866,1,208.98,"Churned"
11444,"2025-01-13",291,4,422.09,"Churned"
11445,"2025-07-31",92,1,19.35,"Churned"
11446,"2025-05-11",173,3,1190.22,"Churned"
11447,"2021-01-25",1740,1,176.97,"Churned"
11448,"2024-03-16",594,3,392.25,"Churned"
11449,"2024-06-19",499,2,82.62,"Churned"
11450,"2022-09-14",1143,1,166.56,"Churned"
11451,"2023-10-31",731,1,116.62,"Churned"
11453,"2025-04-26",188,2,497.47,"Churned"
11455,"2024-06-21",497,2,229.65,"Churned"
11456,"2024-03-14",596,5,669.25,"Churned"
11457,"2020-07-08",1941,1,35.74,"Churned"
11458,"2021-08-23",1530,1,235.20,"Churned"
11459,"2023-02-16",988,1,225.77,"Churned"
11460,"2025-01-02",302,1,118.66,"Churned"
11461,"2023-05-22",893,2,117.05,"Churned"
11462,"2021-02-15",1719,1,61.38,"Churned"
11463,"2021-06-30",1584,1,78.78,"Churned"
11464,"2024-12-04",331,2,356.31,"Churned"
11465,"2024-07-16",472,2,407.47,"Churned"
11466,"2023-02-26",978,2,113.77,"Churned"
11467,"2022-08-18",1170,1,112.52,"Churned"
11468,"2024-09-03",423,1,115.29,"Churned"
11470,"2025-10-11",20,5,428.47,"Active"
11471,"2023-05-06",909,2,350.23,"Churned"
11472,"2023-06-25",859,1,470.11,"Churned"
11473,"2020-04-04",2036,1,56.04,"Churned"
11474,"2020-05-31",1979,1,33.91,"Churned"
11477,"2023-09-17",775,4,193.33,"Churned"
11478,"2021-05-19",1626,1,51.43,"Churned"
11480,"2025-03-31",214,2,173.85,"Churned"
11481,"2025-03-02",243,4,504.67,"Churned"
11482,"2025-03-30",215,1,365.23,"Churned"
11483,"2021-11-15",1446,1,24.78,"Churned"
11484,"2020-08-20",1898,1,189.70,"Churned"
11485,"2025-05-02",182,1,340.34,"Churned"
11487,"2020-09-17",1870,1,55.28,"Churned"
11488,"2022-09-01",1156,2,223.59,"Churned"
11489,"2025-10-18",13,3,133.52,"Active"
11490,"2025-02-12",261,2,313.41,"Churned"
11491,"2022-06-13",1236,1,81.12,"Churned"
11492,"2021-10-17",1475,1,24.19,"Churned"
11493,"2025-02-20",253,4,1081.83,"Churned"
11494,"2025-05-14",170,3,118.34,"Churned"
11495,"2020-07-14",1935,1,109.16,"Churned"
11496,"2022-02-11",1358,1,21.61,"Churned"
11497,"2023-03-15",961,1,338.41,"Churned"
11498,"2021-11-17",1444,3,233.21,"Churned"
11499,"2025-06-27",126,2,82.71,"Churned"
11501,"2023-09-30",762,1,31.31,"Churned"
11502,"2025-02-18",255,5,900.25,"Churned"
11503,"2024-12-13",322,2,127.45,"Churned"
11504,"2023-06-04",880,1,183.35,"Churned"
11507,"2025-09-28",33,2,381.42,"At Risk"
11508,"2024-10-09",387,3,780.48,"Churned"
11510,"2023-10-09",753,1,125.26,"Churned"
11511,"2023-12-22",679,2,854.84,"Churned"
11512,"2024-10-28",368,5,316.26,"Churned"
11513,"2023-09-29",763,2,291.18,"Churned"
11514,"2024-08-05",452,5,282.65,"Churned"
11515,"2024-02-08",631,3,626.32,"Churned"
11517,"2025-10-09",22,5,391.41,"Active"
11518,"2022-12-15",1051,2,189.53,"Churned"
11520,"2021-04-07",1668,1,128.33,"Churned"
11521,"2023-01-11",1024,1,21.83,"Churned"
11522,"2023-12-10",691,1,177.34,"Churned"
11524,"2024-08-31",426,2,153.25,"Churned"
11525,"2025-01-21",283,3,167.82,"Churned"
11527,"2024-12-11",324,2,87.38,"Churned"
11528,"2024-01-07",663,1,26.60,"Churned"
11529,"2024-12-17",318,5,681.07,"Churned"
11530,"2021-06-29",1585,2,275.31,"Churned"
11532,"2021-10-26",1466,1,153.98,"Churned"
11534,"2024-07-15",473,1,9.84,"Churned"
11535,"2025-07-02",121,2,464.53,"Churned"
11536,"2023-03-26",950,3,241.98,"Churned"
11537,"2025-03-08",237,4,335.68,"Churned"
11539,"2025-02-20",253,2,160.14,"Churned"
11540,"2025-06-07",146,2,178.83,"Churned"
11541,"2021-04-02",1673,4,231.45,"Churned"
11542,"2022-02-09",1360,2,381.11,"Churned"
11543,"2020-03-31",2040,1,171.78,"Churned"
11544,"2022-12-05",1061,1,142.87,"Churned"
11545,"2020-06-11",1968,2,82.58,"Churned"
11547,"2023-09-30",762,2,43.75,"Churned"
11550,"2024-08-07",450,2,138.93,"Churned"
11551,"2024-09-20",406,1,210.05,"Churned"
11553,"2025-09-28",33,3,733.71,"At Risk"
11554,"2025-04-09",205,2,297.98,"Churned"
11555,"2024-11-08",357,5,467.69,"Churned"
11556,"2025-07-05",118,1,316.63,"Churned"
11557,"2023-02-23",981,4,1168.05,"Churned"
11558,"2023-04-26",919,2,173.05,"Churned"
11560,"2024-08-29",428,1,84.34,"Churned"
11561,"2025-05-08",176,3,525.21,"Churned"
11563,"2023-11-06",725,2,221.10,"Churned"
11564,"2025-02-23",250,3,254.67,"Churned"
11566,"2024-12-03",332,2,150.20,"Churned"
11567,"2021-01-20",1745,1,108.09,"Churned"
11569,"2024-12-21",314,4,546.38,"Churned"
11570,"2025-08-28",64,3,523.50,"At Risk"
11571,"2024-09-08",418,3,158.57,"Churned"
11572,"2024-07-12",476,1,34.53,"Churned"
11573,"2024-07-25",463,2,142.49,"Churned"
11574,"2024-10-25",371,3,506.72,"Churned"
11576,"2024-04-02",577,2,881.27,"Churned"
11577,"2024-11-06",359,4,123.10,"Churned"
11578,"2021-07-02",1582,1,487.26,"Churned"
11580,"2022-12-11",1055,1,7.35,"Churned"
11582,"2025-04-25",189,1,289.91,"Churned"
11583,"2022-02-05",1364,3,124.59,"Churned"
11584,"2025-02-06",267,3,547.36,"Churned"
11585,"2024-10-31",365,2,257.63,"Churned"
11586,"2025-10-13",18,6,347.71,"Active"
11587,"2025-09-29",32,3,721.06,"At Risk"
11588,"2022-04-30",1280,1,7.24,"Churned"
11589,"2023-11-08",723,4,669.29,"Churned"
11590,"2021-02-18",1716,1,59.86,"Churned"
11591,"2023-07-18",836,1,40.17,"Churned"
11592,"2023-04-16",929,2,213.68,"Churned"
11593,"2022-02-08",1361,2,209.57,"Churned"
11595,"2022-08-12",1176,2,258.90,"Churned"
11596,"2025-03-29",216,3,244.72,"Churned"
11597,"2020-11-17",1809,1,185.78,"Churned"
11598,"2022-02-19",1350,2,318.19,"Churned"
11599,"2023-09-29",763,1,110.90,"Churned"
11600,"2025-06-17",136,3,310.94,"Churned"
11602,"2023-08-09",814,1,96.06,"Churned"
11603,"2025-05-26",158,2,393.84,"Churned"
11604,"2022-11-09",1087,2,374.20,"Churned"
11606,"2025-01-03",301,2,965.48,"Churned"
11607,"2023-01-26",1009,2,638.65,"Churned"
11608,"2024-03-02",608,1,27.75,"Churned"
11609,"2024-01-15",655,6,759.34,"Churned"
11610,"2024-06-04",514,2,292.04,"Churned"
11611,"2022-08-18",1170,1,15.39,"Churned"
11612,"2025-04-22",192,1,293.25,"Churned"
11613,"2025-04-11",203,2,85.26,"Churned"
11614,"2023-12-05",696,1,7.82,"Churned"
11615,"2025-09-20",41,2,183.06,"At Risk"
11616,"2025-08-14",78,3,361.97,"At Risk"
11617,"2023-11-07",724,3,446.69,"Churned"
11618,"2021-04-03",1672,1,754.96,"Churned"
11619,"2022-07-16",1203,1,26.88,"Churned"
11620,"2024-11-23",342,2,335.52,"Churned"
11621,"2023-06-12",872,3,1343.71,"Churned"
11622,"2021-10-16",1476,2,388.29,"Churned"
11623,"2023-03-02",974,1,21.90,"Churned"
11624,"2025-03-04",241,4,438.80,"Churned"
11625,"2023-11-05",726,3,975.90,"Churned"
11627,"2024-07-23",465,1,119.83,"Churned"
11628,"2023-06-28",856,3,875.10,"Churned"
11629,"2023-12-30",671,2,147.52,"Churned"
11631,"2025-08-31",61,2,309.64,"At Risk"
11632,"2024-05-23",526,3,292.82,"Churned"
11633,"2022-11-13",1083,2,77.87,"Churned"
11634,"2024-05-22",527,2,374.79,"Churned"
11635,"2025-05-01",183,4,307.57,"Churned"
11637,"2025-04-14",200,1,60.03,"Churned"
11638,"2022-07-29",1190,3,591.92,"Churned"
11639,"2022-09-19",1138,2,41.98,"Churned"
11640,"2022-04-18",1292,1,16.28,"Churned"
11641,"2025-03-20",225,3,258.95,"Churned"
11642,"2025-03-15",230,1,220.54,"Churned"
11643,"2020-08-24",1894,3,116.88,"Churned"
11644,"2024-03-17",593,5,606.53,"Churned"
11645,"2022-04-01",1309,1,66.29,"Churned"
11646,"2025-07-11",112,1,95.19,"Churned"
11647,"2020-01-09",2122,1,42.09,"Churned"
11648,"2025-01-18",286,3,285.15,"Churned"
11649,"2025-09-09",52,3,1174.65,"At Risk"
11650,"2023-12-10",691,1,41.42,"Churned"
11651,"2023-01-19",1016,1,28.57,"Churned"
11653,"2025-05-20",164,4,587.24,"Churned"
11654,"2025-10-06",25,3,162.95,"Active"
11656,"2022-08-09",1179,3,288.74,"Churned"
11657,"2020-06-24",1955,1,24.67,"Churned"
11658,"2022-06-27",1222,1,43.68,"Churned"
11659,"2020-06-20",1959,1,177.36,"Churned"
11660,"2024-11-09",356,1,3.50,"Churned"
11661,"2025-07-09",114,1,247.57,"Churned"
11662,"2025-05-23",161,2,500.94,"Churned"
11663,"2023-02-18",986,2,52.83,"Churned"
11664,"2025-09-04",57,3,468.72,"At Risk"
11665,"2023-02-22",982,4,469.46,"Churned"
11667,"2025-01-03",301,1,30.73,"Churned"
11669,"2025-07-13",110,3,273.25,"Churned"
11670,"2025-05-21",163,1,40.27,"Churned"
11671,"2022-02-05",1364,2,604.28,"Churned"
11672,"2024-03-22",588,2,110.77,"Churned"
11673,"2020-07-13",1936,2,100.27,"Churned"
11675,"2023-08-11",812,1,371.39,"Churned"
11678,"2025-07-06",117,2,666.71,"Churned"
11679,"2024-03-03",607,2,639.71,"Churned"
11680,"2024-01-08",662,2,103.65,"Churned"
11681,"2024-05-19",530,6,579.72,"Churned"
11682,"2023-05-04",911,2,90.09,"Churned"
11683,"2024-08-06",451,2,36.51,"Churned"
11684,"2023-11-27",704,2,49.70,"Churned"
11685,"2025-10-20",11,5,977.63,"Active"
11686,"2023-06-19",865,2,70.29,"Churned"
11687,"2025-07-03",120,4,422.22,"Churned"
11689,"2021-09-16",1506,1,60.98,"Churned"
11690,"2025-03-20",225,2,393.85,"Churned"
11691,"2023-07-27",827,2,93.26,"Churned"
11693,"2025-07-20",103,1,58.39,"Churned"
11696,"2023-05-16",899,1,152.91,"Churned"
11697,"2023-04-03",942,2,352.54,"Churned"
11699,"2023-02-23",981,3,333.55,"Churned"
11700,"2021-01-27",1738,2,304.10,"Churned"
11702,"2024-08-31",426,3,273.31,"Churned"
11703,"2024-05-23",526,1,88.00,"Churned"
11705,"2024-03-03",607,3,103.65,"Churned"
11706,"2025-08-28",64,3,413.38,"At Risk"
11707,"2025-02-10",263,3,356.10,"Churned"
11708,"2024-03-17",593,2,158.51,"Churned"
11709,"2025-07-17",106,1,45.31,"Churned"
11710,"2022-04-07",1303,1,117.88,"Churned"
11711,"2020-02-21",2079,1,129.85,"Churned"
11712,"2022-04-07",1303,1,171.96,"Churned"
11713,"2024-06-01",517,1,48.07,"Churned"
11714,"2023-08-30",793,1,228.42,"Churned"
11715,"2020-06-30",1949,1,39.61,"Churned"
11716,"2024-05-01",548,1,54.79,"Churned"
11717,"2022-04-10",1300,1,168.39,"Churned"
11720,"2020-11-14",1812,1,14.03,"Churned"
11722,"2024-06-06",512,1,158.84,"Churned"
11723,"2020-12-17",1779,1,133.38,"Churned"
11724,"2022-10-15",1112,2,277.24,"Churned"
11727,"2024-05-25",524,2,222.21,"Churned"
11728,"2024-08-11",446,2,665.02,"Churned"
11730,"2025-04-11",203,2,102.19,"Churned"
11732,"2020-07-22",1927,1,74.76,"Churned"
11733,"2023-05-11",904,1,184.06,"Churned"
11734,"2024-12-20",315,5,642.24,"Churned"
11735,"2021-06-01",1613,1,66.72,"Churned"
11736,"2023-06-26",858,2,362.17,"Churned"
11737,"2020-11-03",1823,1,78.93,"Churned"
11738,"2025-06-26",127,5,491.33,"Churned"
11740,"2021-05-12",1633,1,147.78,"Churned"
11742,"2024-06-18",500,2,240.24,"Churned"
11743,"2022-10-28",1099,2,230.11,"Churned"
11744,"2025-04-10",204,2,297.87,"Churned"
11745,"2025-08-20",72,3,448.01,"At Risk"
11746,"2023-03-23",953,1,108.17,"Churned"
11747,"2025-07-03",120,7,849.98,"Churned"
11749,"2025-10-04",27,4,294.80,"Active"
11751,"2022-11-17",1079,2,90.77,"Churned"
11754,"2021-06-07",1607,1,148.64,"Churned"
11756,"2024-03-04",606,3,597.13,"Churned"
11758,"2025-07-12",111,2,504.06,"Churned"
11759,"2025-06-21",132,2,218.93,"Churned"
11760,"2024-10-17",379,2,167.28,"Churned"
11761,"2022-05-23",1257,3,434.81,"Churned"
11763,"2021-01-11",1754,1,68.26,"Churned"
11764,"2020-09-11",1876,1,145.57,"Churned"
11766,"2025-04-30",184,2,190.51,"Churned"
11767,"2025-08-01",91,2,233.57,"Churned"
11772,"2022-03-10",1331,2,688.52,"Churned"
11773,"2020-12-15",1781,1,170.01,"Churned"
11774,"2022-02-09",1360,1,103.65,"Churned"
11777,"2020-05-29",1981,1,260.59,"Churned"
11778,"2020-09-29",1858,1,217.64,"Churned"
11779,"2025-10-23",8,2,500.44,"Active"
11780,"2021-08-31",1522,2,1086.03,"Churned"
11781,"2024-02-08",631,5,575.28,"Churned"
11782,"2024-11-23",342,1,18.54,"Churned"
11783,"2025-09-21",40,5,443.11,"At Risk"
11784,"2021-07-25",1559,1,67.45,"Churned"
11785,"2022-02-17",1352,2,109.73,"Churned"
11786,"2025-10-11",20,1,236.63,"Active"
11787,"2023-12-29",672,2,539.47,"Churned"
11788,"2022-03-02",1339,1,19.14,"Churned"
11790,"2025-03-14",231,2,76.56,"Churned"
11791,"2021-07-16",1568,2,199.56,"Churned"
11792,"2023-04-17",928,2,603.45,"Churned"
11793,"2021-10-15",1477,1,6.52,"Churned"
11795,"2020-10-23",1834,1,29.49,"Churned"
11796,"2025-06-05",148,2,863.54,"Churned"
11797,"2025-06-30",123,1,214.40,"Churned"
11799,"2023-03-05",971,1,40.98,"Churned"
11800,"2021-09-14",1508,1,75.86,"Churned"
11802,"2021-11-06",1455,1,133.27,"Churned"
11805,"2024-08-05",452,4,349.66,"Churned"
11806,"2024-02-28",611,1,204.00,"Churned"
11809,"2024-08-08",449,1,82.92,"Churned"
11810,"2025-05-02",182,4,423.29,"Churned"
11811,"2025-07-08",115,1,188.42,"Churned"
11812,"2023-04-22",923,1,100.90,"Churned"
11813,"2024-12-18",317,1,74.58,"Churned"
11814,"2020-09-07",1880,1,14.08,"Churned"
11815,"2023-09-11",781,1,211.50,"Churned"
11816,"2024-02-11",628,2,273.51,"Churned"
11818,"2023-04-18",927,1,16.58,"Churned"
11819,"2024-03-18",592,3,216.49,"Churned"
11820,"2023-06-15",869,1,131.38,"Churned"
11821,"2024-08-22",435,2,109.95,"Churned"
11822,"2023-03-05",971,2,619.78,"Churned"
11823,"2024-02-13",626,2,153.43,"Churned"
11824,"2023-02-04",1000,2,303.13,"Churned"
11825,"2024-07-03",485,1,216.05,"Churned"
11826,"2024-02-13",626,3,363.82,"Churned"
11827,"2021-11-30",1431,1,549.45,"Churned"
11828,"2024-11-27",338,2,201.08,"Churned"
11829,"2024-03-28",582,2,339.35,"Churned"
11830,"2023-09-12",780,2,136.56,"Churned"
11831,"2025-04-18",196,2,512.72,"Churned"
11832,"2024-11-01",364,1,371.42,"Churned"
11834,"2022-08-31",1157,2,30.38,"Churned"
11836,"2025-08-04",88,1,147.12,"At Risk"
11837,"2025-09-13",48,3,433.10,"At Risk"
11838,"2023-09-22",770,1,241.30,"Churned"
11839,"2023-07-03",851,2,166.37,"Churned"
11840,"2023-01-25",1010,1,34.47,"Churned"
11841,"2023-09-08",784,2,187.82,"Churned"
11842,"2022-12-10",1056,3,1014.91,"Churned"
11843,"2025-08-27",65,3,590.55,"At Risk"
11844,"2025-09-17",44,4,484.62,"At Risk"
11845,"2024-07-25",463,1,101.63,"Churned"
11846,"2024-08-31",426,3,479.23,"Churned"
11847,"2023-02-27",977,2,175.39,"Churned"
11848,"2025-07-22",101,3,490.94,"Churned"
11849,"2023-11-28",703,4,385.05,"Churned"
11850,"2025-06-24",129,2,274.15,"Churned"
11852,"2025-03-04",241,3,223.34,"Churned"
11853,"2022-07-09",1210,2,147.68,"Churned"
11855,"2020-03-02",2069,1,15.99,"Churned"
11856,"2022-03-13",1328,3,336.52,"Churned"
11858,"2021-11-06",1455,1,115.59,"Churned"
11859,"2021-12-20",1411,1,38.86,"Churned"
11861,"2021-06-03",1611,1,992.30,"Churned"
11862,"2025-09-15",46,2,26.75,"At Risk"
11864,"2025-04-12",202,4,1042.88,"Churned"
11865,"2024-04-11",568,1,23.21,"Churned"
11866,"2023-03-05",971,2,113.38,"Churned"
11867,"2021-04-15",1660,1,146.24,"Churned"
11868,"2024-09-07",419,5,455.41,"Churned"
11869,"2023-09-27",765,2,98.14,"Churned"
11870,"2025-03-24",221,3,438.45,"Churned"
11872,"2022-10-19",1108,2,63.41,"Churned"
11873,"2025-02-21",252,2,483.68,"Churned"
11874,"2023-11-29",702,3,244.99,"Churned"
11876,"2023-11-03",728,3,847.85,"Churned"
11877,"2020-03-02",2069,1,22.23,"Churned"
11878,"2025-06-19",134,1,132.91,"Churned"
11879,"2022-12-25",1041,2,1750.15,"Churned"
11881,"2022-07-28",1191,3,270.91,"Churned"
11882,"2021-03-13",1693,1,67.11,"Churned"
11883,"2025-06-10",143,3,375.45,"Churned"
11884,"2021-09-26",1496,1,465.12,"Churned"
11885,"2025-01-22",282,3,537.83,"Churned"
11887,"2020-07-21",1928,1,117.75,"Churned"
11888,"2024-07-19",469,1,143.97,"Churned"
11889,"2023-05-12",903,4,337.33,"Churned"
11890,"2024-11-14",351,2,274.38,"Churned"
11891,"2024-01-25",645,1,121.58,"Churned"
11892,"2025-05-22",162,1,17.01,"Churned"
11893,"2024-09-28",398,3,90.42,"Churned"
11894,"2024-07-16",472,2,285.56,"Churned"
11895,"2025-04-27",187,5,838.85,"Churned"
11897,"2021-12-04",1427,2,176.22,"Churned"
11898,"2022-07-18",1201,4,427.96,"Churned"
11900,"2023-12-18",683,3,228.98,"Churned"
11901,"2024-09-30",396,4,142.65,"Churned"
11903,"2024-11-28",337,1,286.24,"Churned"
11904,"2025-09-21",40,3,524.69,"At Risk"
11905,"2025-06-27",126,1,88.74,"Churned"
11906,"2025-07-30",93,2,46.45,"Churned"
11908,"2025-01-24",280,2,101.73,"Churned"
11909,"2025-01-08",296,3,220.40,"Churned"
11910,"2025-04-17",197,1,285.82,"Churned"
11911,"2023-10-15",747,1,114.37,"Churned"
11912,"2020-02-23",2077,1,189.25,"Churned"
11913,"2024-01-19",651,1,30.83,"Churned"
11914,"2021-10-14",1478,2,261.57,"Churned"
11915,"2025-07-18",105,5,547.60,"Churned"
11916,"2023-11-05",726,2,603.60,"Churned"
11917,"2022-07-28",1191,1,28.59,"Churned"
11918,"2024-10-12",384,1,77.26,"Churned"
11919,"2024-10-13",383,4,472.41,"Churned"
11920,"2025-05-13",171,4,1134.17,"Churned"
11922,"2025-02-06",267,3,360.48,"Churned"
11923,"2025-05-31",153,4,461.33,"Churned"
11924,"2025-02-09",264,3,284.87,"Churned"
11925,"2025-08-26",66,3,231.63,"At Risk"
11926,"2025-02-24",249,2,95.35,"Churned"
11927,"2024-07-24",464,1,58.07,"Churned"
11928,"2023-01-09",1026,1,36.13,"Churned"
11929,"2024-03-07",603,1,136.08,"Churned"
11930,"2024-03-16",594,1,117.81,"Churned"
11931,"2024-11-05",360,1,174.98,"Churned"
11932,"2025-10-14",17,3,240.11,"Active"
11933,"2021-07-08",1576,1,30.61,"Churned"
11934,"2024-05-23",526,1,118.57,"Churned"
11935,"2024-10-01",395,6,407.46,"Churned"
11936,"2025-06-24",129,2,266.91,"Churned"
11938,"2023-09-22",770,1,90.28,"Churned"
11940,"2021-08-08",1545,1,138.90,"Churned"
11941,"2025-10-15",16,5,478.41,"Active"
11944,"2024-11-17",348,3,218.08,"Churned"
11946,"2022-08-01",1187,1,2.80,"Churned"
11948,"2021-12-09",1422,1,113.88,"Churned"
11949,"2022-08-29",1159,2,183.28,"Churned"
11950,"2025-08-22",70,3,321.55,"At Risk"
11952,"2025-06-14",139,2,198.13,"Churned"
11953,"2025-06-04",149,1,330.78,"Churned"
11954,"2024-08-04",453,2,132.79,"Churned"
11955,"2020-04-25",2015,2,361.43,"Churned"
11956,"2021-08-20",1533,1,188.57,"Churned"
11957,"2024-08-13",444,3,181.96,"Churned"
11958,"2024-11-05",360,3,234.75,"Churned"
11959,"2021-04-27",1648,1,54.14,"Churned"
11960,"2022-08-19",1169,2,969.94,"Churned"
11961,"2022-07-03",1216,1,7.12,"Churned"
11962,"2024-05-07",542,2,146.25,"Churned"
11963,"2023-05-07",908,2,291.99,"Churned"
11964,"2023-03-27",949,1,140.98,"Churned"
11965,"2025-04-26",188,2,924.47,"Churned"
11966,"2025-09-22",39,1,38.75,"At Risk"
11968,"2021-10-19",1473,1,102.70,"Churned"
11970,"2023-10-12",750,2,405.66,"Churned"
11971,"2025-02-09",264,3,240.88,"Churned"
11972,"2024-08-05",452,1,30.38,"Churned"
11973,"2020-05-23",1987,1,167.95,"Churned"
11974,"2020-02-20",2080,1,323.00,"Churned"
11975,"2024-07-09",479,1,96.87,"Churned"
11976,"2021-01-13",1752,2,179.77,"Churned"
11977,"2023-06-12",872,2,221.17,"Churned"
11978,"2025-10-05",26,1,10.60,"Active"
11979,"2023-07-14",840,1,6.13,"Churned"
11981,"2022-01-18",1382,2,150.60,"Churned"
11982,"2020-10-28",1829,1,89.47,"Churned"
11984,"2022-10-16",1111,1,123.94,"Churned"
11986,"2021-01-22",1743,2,209.91,"Churned"
11987,"2025-04-25",189,4,213.51,"Churned"
11988,"2023-05-21",894,1,30.71,"Churned"
11990,"2024-04-01",578,5,448.97,"Churned"
11994,"2020-09-15",1872,1,621.57,"Churned"
11995,"2024-05-22",527,2,246.29,"Churned"
11996,"2022-11-18",1078,2,64.03,"Churned"
11997,"2024-11-05",360,3,374.68,"Churned"
11998,"2022-11-05",1091,1,42.30,"Churned"
11999,"2022-02-11",1358,1,151.80,"Churned"
12001,"2024-04-24",555,1,74.03,"Churned"
12004,"2023-12-21",680,6,986.31,"Churned"
12006,"2024-09-24",402,3,253.38,"Churned"
12007,"2024-03-16",594,4,370.80,"Churned"
12008,"2022-01-17",1383,2,44.32,"Churned"
12009,"2024-03-16",594,2,311.90,"Churned"
12010,"2023-10-19",743,5,549.45,"Churned"
12014,"2021-05-31",1614,2,274.78,"Churned"
12015,"2022-08-15",1173,1,76.60,"Churned"
12016,"2024-04-12",567,1,102.85,"Churned"
12017,"2024-03-24",586,1,86.12,"Churned"
12019,"2024-04-08",571,2,298.97,"Churned"
12020,"2022-03-22",1319,3,149.19,"Churned"
12021,"2024-11-29",336,1,107.46,"Churned"
12022,"2025-03-31",214,2,309.56,"Churned"
12023,"2024-02-12",627,1,6.96,"Churned"
12024,"2022-11-27",1069,1,99.15,"Churned"
12025,"2025-01-07",297,4,512.02,"Churned"
12026,"2024-03-04",606,2,389.85,"Churned"
12028,"2024-01-08",662,3,364.33,"Churned"
12029,"2023-05-03",912,2,173.82,"Churned"
12031,"2020-08-12",1906,1,430.92,"Churned"
12032,"2021-06-08",1606,1,34.03,"Churned"
12033,"2022-07-27",1192,1,72.79,"Churned"
12035,"2025-06-06",147,2,92.82,"Churned"
12037,"2023-11-11",720,3,236.99,"Churned"
12038,"2024-05-29",520,2,386.03,"Churned"
12039,"2021-02-06",1728,1,117.79,"Churned"
12040,"2024-09-18",408,3,435.59,"Churned"
12041,"2020-12-09",1787,1,4.15,"Churned"
12042,"2024-07-23",465,3,185.30,"Churned"
12043,"2025-08-15",77,3,267.92,"At Risk"
12044,"2023-05-01",914,2,231.98,"Churned"
12045,"2024-09-11",415,3,304.76,"Churned"
12048,"2023-08-18",805,2,139.86,"Churned"
12049,"2024-08-21",436,2,94.78,"Churned"
12050,"2024-09-06",420,2,119.36,"Churned"
12051,"2023-09-17",775,2,366.32,"Churned"
12052,"2025-10-12",19,2,244.19,"Active"
12053,"2025-06-29",124,2,315.62,"Churned"
12054,"2025-02-21",252,2,488.36,"Churned"
12055,"2025-09-25",36,4,388.98,"At Risk"
12057,"2024-04-30",549,1,11.67,"Churned"
12058,"2024-06-26",492,4,510.27,"Churned"
12059,"2022-02-28",1341,1,134.89,"Churned"
12060,"2024-10-04",392,2,347.60,"Churned"
12061,"2025-07-06",117,2,55.75,"Churned"
12062,"2025-10-23",8,2,236.07,"Active"
12064,"2022-05-12",1268,2,183.05,"Churned"
12065,"2025-03-08",237,2,243.26,"Churned"
12066,"2024-10-23",373,1,122.11,"Churned"
12068,"2024-03-01",609,2,171.17,"Churned"
12069,"2021-01-27",1738,1,79.54,"Churned"
12070,"2025-06-11",142,3,72.96,"Churned"
12071,"2022-12-10",1056,1,9.01,"Churned"
12072,"2020-11-01",1825,3,962.48,"Churned"
12073,"2023-09-26",766,2,295.44,"Churned"
12075,"2024-03-13",597,4,188.04,"Churned"
12076,"2024-02-24",615,2,50.61,"Churned"
12077,"2021-07-15",1569,1,220.05,"Churned"
12078,"2024-08-23",434,3,417.61,"Churned"
12079,"2021-11-17",1444,1,84.51,"Churned"
12081,"2022-06-17",1232,1,90.80,"Churned"
12082,"2025-09-29",32,4,955.71,"At Risk"
12083,"2023-09-19",773,2,442.04,"Churned"
12084,"2025-10-14",17,3,155.18,"Active"
12085,"2023-12-01",700,2,255.58,"Churned"
12086,"2023-02-05",999,1,90.72,"Churned"
12087,"2020-05-27",1983,1,24.87,"Churned"
12088,"2022-06-04",1245,1,58.93,"Churned"
12090,"2025-03-20",225,3,997.41,"Churned"
12091,"2024-09-28",398,2,52.54,"Churned"
12092,"2025-08-09",83,1,53.39,"At Risk"
12093,"2023-05-07",908,1,230.81,"Churned"
12094,"2020-03-02",2069,1,249.31,"Churned"
12095,"2024-03-04",606,1,11.65,"Churned"
12096,"2024-07-23",465,2,243.69,"Churned"
12098,"2021-08-15",1538,1,40.47,"Churned"
12099,"2020-06-30",1949,1,104.59,"Churned"
12100,"2025-07-01",122,3,427.08,"Churned"
12101,"2021-12-03",1428,1,9.95,"Churned"
12102,"2024-07-08",480,2,101.26,"Churned"
12104,"2021-02-19",1715,2,359.04,"Churned"
12105,"2024-12-24",311,2,510.65,"Churned"
12106,"2022-09-26",1131,1,76.04,"Churned"
12107,"2023-12-27",674,2,66.67,"Churned"
12108,"2025-03-24",221,1,20.06,"Churned"
12109,"2025-03-31",214,4,764.79,"Churned"
12110,"2024-03-04",606,1,50.85,"Churned"
12111,"2023-01-15",1020,2,599.66,"Churned"
12113,"2022-06-21",1228,1,95.10,"Churned"
12114,"2023-03-05",971,2,558.53,"Churned"
12115,"2021-03-29",1677,1,41.13,"Churned"
12116,"2025-06-30",123,2,563.27,"Churned"
12117,"2023-08-13",810,3,1553.58,"Churned"
12119,"2025-09-17",44,3,203.47,"At Risk"
12120,"2025-08-02",90,3,519.53,"At Risk"
12121,"2025-03-14",231,1,28.46,"Churned"
12122,"2023-12-31",670,1,29.83,"Churned"
12123,"2024-06-08",510,2,128.99,"Churned"
12124,"2025-10-31",0,4,784.28,"Active"
12125,"2023-11-03",728,2,87.78,"Churned"
12126,"2021-07-06",1578,1,201.29,"Churned"
12127,"2022-06-01",1248,3,438.30,"Churned"
12128,"2022-08-29",1159,1,80.85,"Churned"
12129,"2024-06-13",505,4,749.17,"Churned"
12130,"2024-02-07",632,2,212.97,"Churned"
12131,"2022-08-29",1159,1,395.35,"Churned"
12133,"2022-07-10",1209,1,46.12,"Churned"
12134,"2022-06-20",1229,2,254.26,"Churned"
12135,"2025-06-17",136,5,344.81,"Churned"
12136,"2023-07-15",839,4,263.35,"Churned"
12137,"2025-04-26",188,1,66.46,"Churned"
12139,"2023-11-06",725,3,1145.27,"Churned"
12140,"2025-09-05",56,4,540.87,"At Risk"
12141,"2025-01-22",282,1,191.61,"Churned"
12142,"2024-03-24",586,1,28.65,"Churned"
12143,"2021-09-28",1494,2,195.45,"Churned"
12144,"2023-03-05",971,2,293.79,"Churned"
12145,"2025-04-30",184,1,190.45,"Churned"
12147,"2025-01-05",299,4,527.63,"Churned"
12148,"2025-08-22",70,2,179.83,"At Risk"
12150,"2024-10-31",365,3,351.24,"Churned"
12152,"2025-05-02",182,1,70.45,"Churned"
12153,"2022-11-19",1077,2,85.88,"Churned"
12154,"2022-08-03",1185,3,237.38,"Churned"
12155,"2022-10-13",1114,1,48.47,"Churned"
12156,"2024-12-22",313,3,157.42,"Churned"
12158,"2023-09-05",787,1,146.11,"Churned"
12159,"2025-07-06",117,1,57.27,"Churned"
12160,"2025-09-12",49,2,149.52,"At Risk"
12163,"2025-03-24",221,2,263.14,"Churned"
12164,"2021-11-19",1442,1,28.12,"Churned"
12165,"2022-06-05",1244,2,198.86,"Churned"
12166,"2021-12-24",1407,1,98.97,"Churned"
12168,"2024-03-23",587,1,707.97,"Churned"
12169,"2025-04-03",211,1,24.45,"Churned"
12171,"2024-10-05",391,3,886.53,"Churned"
12172,"2020-03-24",2047,1,167.70,"Churned"
12173,"2024-10-29",367,3,192.03,"Churned"
12174,"2022-03-01",1340,1,52.94,"Churned"
12175,"2023-02-01",1003,1,16.91,"Churned"
12176,"2024-09-13",413,1,50.87,"Churned"
12179,"2025-07-30",93,2,252.37,"Churned"
12181,"2025-06-02",151,4,310.22,"Churned"
12184,"2022-05-03",1277,1,49.92,"Churned"
12186,"2025-02-12",261,3,368.60,"Churned"
12187,"2020-04-02",2038,1,100.62,"Churned"
12188,"2024-02-01",638,3,179.90,"Churned"
12189,"2024-06-17",501,2,65.70,"Churned"
12190,"2025-10-05",26,3,442.50,"Active"
12191,"2023-03-17",959,2,317.46,"Churned"
12193,"2022-08-22",1166,1,22.06,"Churned"
12195,"2025-10-11",20,3,135.76,"Active"
12196,"2023-03-21",955,3,511.29,"Churned"
12197,"2024-08-04",453,4,978.32,"Churned"
12199,"2022-08-24",1164,3,632.83,"Churned"
12200,"2025-03-29",216,2,251.65,"Churned"
12202,"2020-08-06",1912,1,79.86,"Churned"
12203,"2023-05-27",888,3,605.54,"Churned"
12207,"2024-04-05",574,2,158.71,"Churned"
12209,"2024-07-07",481,3,580.18,"Churned"
12210,"2025-04-15",199,2,1081.57,"Churned"
12211,"2024-04-29",550,2,183.18,"Churned"
12212,"2021-11-19",1442,1,134.62,"Churned"
12213,"2025-09-04",57,3,1022.04,"At Risk"
12214,"2024-02-22",617,4,482.11,"Churned"
12216,"2025-05-05",179,1,17.26,"Churned"
12217,"2023-07-29",825,1,31.71,"Churned"
12218,"2023-04-01",944,4,674.59,"Churned"
12219,"2025-06-08",145,2,465.95,"Churned"
12220,"2020-09-02",1885,1,146.65,"Churned"
12221,"2025-07-29",94,1,35.49,"Churned"
12222,"2024-09-03",423,3,392.54,"Churned"
12223,"2025-10-15",16,4,383.75,"Active"
12224,"2022-12-27",1039,1,72.51,"Churned"
12225,"2023-11-19",712,1,103.62,"Churned"
12226,"2025-09-04",57,2,248.46,"At Risk"
12227,"2025-10-04",27,3,513.17,"Active"
12230,"2025-10-12",19,1,241.57,"Active"
12232,"2024-11-20",345,5,510.41,"Churned"
12233,"2024-11-24",341,1,183.24,"Churned"
12234,"2024-12-15",320,2,354.33,"Churned"
12235,"2020-11-20",1806,2,159.96,"Churned"
12236,"2025-07-03",120,1,195.70,"Churned"
12237,"2024-01-02",668,3,452.14,"Churned"
12238,"2023-07-04",850,1,31.28,"Churned"
12239,"2024-08-31",426,5,321.61,"Churned"
12240,"2023-12-09",692,1,318.61,"Churned"
12241,"2025-07-06",117,2,107.81,"Churned"
12242,"2024-04-18",561,3,391.43,"Churned"
12243,"2024-09-07",419,3,329.52,"Churned"
12245,"2024-11-08",357,2,231.34,"Churned"
12250,"2025-02-02",271,1,181.58,"Churned"
12251,"2025-10-17",14,1,117.42,"Active"
12253,"2025-08-30",62,1,12.80,"At Risk"
12254,"2024-06-09",509,3,188.84,"Churned"
12255,"2025-05-03",181,3,179.86,"Churned"
12256,"2023-05-09",906,3,530.76,"Churned"
12257,"2020-07-06",1943,2,147.69,"Churned"
12258,"2020-08-07",1911,1,57.20,"Churned"
12259,"2025-08-27",65,1,29.71,"At Risk"
12260,"2023-04-14",931,1,140.77,"Churned"
12261,"2021-01-26",1739,2,150.80,"Churned"
12262,"2025-07-21",102,1,77.26,"Churned"
12263,"2020-10-01",1856,1,181.51,"Churned"
12264,"2020-06-09",1970,1,39.25,"Churned"
12265,"2025-04-26",188,1,32.38,"Churned"
12266,"2025-01-26",278,3,159.71,"Churned"
12267,"2024-10-20",376,1,125.72,"Churned"
12269,"2025-07-12",111,4,168.95,"Churned"
12270,"2025-02-13",260,3,201.47,"Churned"
12272,"2021-04-28",1647,1,20.19,"Churned"
12275,"2025-01-29",275,2,197.82,"Churned"
12276,"2024-08-04",453,3,147.73,"Churned"
12277,"2025-01-02",302,4,215.98,"Churned"
12278,"2023-07-28",826,2,404.16,"Churned"
12279,"2023-07-16",838,1,94.90,"Churned"
12280,"2024-05-31",518,2,74.10,"Churned"
12282,"2024-05-06",543,1,20.73,"Churned"
12284,"2024-05-01",548,1,37.77,"Churned"
12285,"2023-03-13",963,4,699.96,"Churned"
12286,"2024-11-24",341,1,31.94,"Churned"
12287,"2023-12-06",695,3,505.23,"Churned"
12288,"2022-05-08",1272,2,185.96,"Churned"
12289,"2021-01-08",1757,1,108.86,"Churned"
12291,"2024-02-27",612,3,338.60,"Churned"
12292,"2023-09-27",765,1,8.35,"Churned"
12293,"2022-04-25",1285,1,57.52,"Churned"
12294,"2025-09-05",56,2,290.42,"At Risk"
12295,"2022-07-08",1211,3,281.96,"Churned"
12296,"2023-10-03",759,1,1000.74,"Churned"
12297,"2023-02-25",979,1,116.87,"Churned"
12298,"2024-10-06",390,3,393.02,"Churned"
12299,"2025-06-06",147,2,629.63,"Churned"
12300,"2025-01-17",287,5,355.20,"Churned"
12302,"2024-02-24",615,1,98.19,"Churned"
12303,"2025-09-18",43,3,612.93,"At Risk"
12304,"2021-04-07",1668,1,21.26,"Churned"
12305,"2025-03-10",235,2,270.51,"Churned"
12306,"2025-03-22",223,3,628.21,"Churned"
12307,"2025-06-22",131,2,191.45,"Churned"
12308,"2025-03-15",230,2,209.54,"Churned"
12310,"2023-05-15",900,4,565.69,"Churned"
12311,"2022-04-01",1309,2,66.42,"Churned"
12312,"2025-09-17",44,1,82.61,"At Risk"
12313,"2020-04-17",2023,1,1170.68,"Churned"
12317,"2023-12-05",696,3,381.90,"Churned"
12319,"2023-08-12",811,1,178.60,"Churned"
12320,"2020-09-30",1857,1,91.16,"Churned"
12323,"2024-10-06",390,2,115.93,"Churned"
12324,"2024-02-15",624,3,288.34,"Churned"
12325,"2025-06-19",134,3,464.75,"Churned"
12326,"2024-01-12",658,5,694.44,"Churned"
12327,"2023-09-30",762,2,171.55,"Churned"
12328,"2025-08-26",66,7,592.14,"At Risk"
12329,"2024-11-25",340,2,466.56,"Churned"
12330,"2022-04-16",1294,3,219.25,"Churned"
12332,"2024-12-31",304,1,274.13,"Churned"
12333,"2021-10-09",1483,1,55.98,"Churned"
12334,"2025-10-21",10,1,779.60,"Active"
12335,"2023-12-23",678,2,99.66,"Churned"
12337,"2023-08-24",799,1,77.58,"Churned"
12338,"2024-10-12",384,2,339.13,"Churned"
12339,"2024-03-28",582,2,110.28,"Churned"
12340,"2023-01-12",1023,2,406.92,"Churned"
12341,"2024-02-23",616,3,884.06,"Churned"
12342,"2025-09-19",42,3,199.95,"At Risk"
12343,"2023-06-20",864,2,190.16,"Churned"
12344,"2021-05-18",1627,2,128.18,"Churned"
12346,"2023-11-10",721,1,363.60,"Churned"
12347,"2023-12-30",671,2,186.40,"Churned"
12348,"2021-07-13",1571,2,163.33,"Churned"
12350,"2025-07-03",120,1,76.13,"Churned"
12351,"2025-04-24",190,1,171.24,"Churned"
12352,"2023-06-26",858,1,28.59,"Churned"
12353,"2024-09-24",402,3,429.32,"Churned"
12355,"2024-01-02",668,1,434.59,"Churned"
12356,"2024-11-12",353,2,222.92,"Churned"
12357,"2023-08-23",800,1,7.39,"Churned"
12358,"2025-06-18",135,5,657.63,"Churned"
12360,"2021-09-23",1499,3,619.23,"Churned"
12363,"2023-09-16",776,3,692.08,"Churned"
12364,"2023-04-16",929,3,607.10,"Churned"
12365,"2023-10-30",732,2,255.65,"Churned"
12366,"2024-04-08",571,1,311.85,"Churned"
12367,"2021-02-13",1721,1,82.00,"Churned"
12369,"2025-08-18",74,3,973.03,"At Risk"
12372,"2022-08-09",1179,1,250.01,"Churned"
12373,"2025-08-10",82,4,352.80,"At Risk"
12375,"2024-04-28",551,2,343.38,"Churned"
12377,"2024-05-03",546,2,193.95,"Churned"
12378,"2024-11-24",341,4,461.61,"Churned"
12379,"2021-07-26",1558,1,103.55,"Churned"
12380,"2025-06-29",124,4,395.92,"Churned"
12381,"2024-12-29",306,4,269.17,"Churned"
12382,"2024-06-08",510,3,376.14,"Churned"
12383,"2024-09-26",400,1,11.26,"Churned"
12384,"2023-04-07",938,2,195.24,"Churned"
12385,"2022-10-24",1103,1,161.60,"Churned"
12387,"2023-08-18",805,2,193.20,"Churned"
12389,"2025-08-12",80,1,114.20,"At Risk"
12390,"2021-07-30",1554,2,368.44,"Churned"
12392,"2025-07-26",97,5,1341.24,"Churned"
12393,"2023-10-16",746,2,214.55,"Churned"
12396,"2024-05-15",534,1,78.93,"Churned"
12397,"2023-04-02",943,1,27.14,"Churned"
12399,"2023-03-06",970,1,256.92,"Churned"
12400,"2025-08-28",64,5,222.36,"At Risk"
12401,"2025-05-07",177,3,273.60,"Churned"
12402,"2021-12-05",1426,2,1505.12,"Churned"
12403,"2021-11-25",1436,1,149.57,"Churned"
12405,"2025-09-04",57,3,194.55,"At Risk"
12406,"2023-09-06",786,2,435.83,"Churned"
12407,"2025-06-20",133,2,716.62,"Churned"
12408,"2021-03-01",1705,1,31.66,"Churned"
12409,"2024-02-13",626,2,269.07,"Churned"
12410,"2022-09-06",1151,1,139.81,"Churned"
12412,"2025-06-26",127,3,157.84,"Churned"
12413,"2021-06-08",1606,2,186.71,"Churned"
12414,"2025-04-13",201,3,381.88,"Churned"
12415,"2025-10-21",10,2,498.78,"Active"
12416,"2025-01-26",278,2,51.01,"Churned"
12419,"2025-02-13",260,4,741.52,"Churned"
12420,"2025-05-21",163,1,16.45,"Churned"
12422,"2025-06-20",133,3,83.72,"Churned"
12423,"2025-06-17",136,2,230.14,"Churned"
12424,"2025-09-04",57,4,509.07,"At Risk"
12425,"2020-09-18",1869,2,77.99,"Churned"
12426,"2024-03-08",602,1,7.90,"Churned"
12428,"2023-08-13",810,1,240.51,"Churned"
12430,"2024-05-12",537,1,188.93,"Churned"
12431,"2022-03-31",1310,2,370.40,"Churned"
12432,"2025-02-11",262,2,221.21,"Churned"
12433,"2022-07-11",1208,2,224.79,"Churned"
12434,"2024-04-12",567,2,245.71,"Churned"
12435,"2022-01-30",1370,1,50.84,"Churned"
12436,"2021-05-14",1631,1,9.01,"Churned"
12437,"2025-08-22",70,3,151.80,"At Risk"
12438,"2023-10-29",733,4,1540.79,"Churned"
12439,"2024-07-02",486,2,400.18,"Churned"
12440,"2023-08-16",807,3,114.74,"Churned"
12441,"2021-08-13",1540,1,257.77,"Churned"
12442,"2025-01-29",275,3,191.90,"Churned"
12443,"2023-12-18",683,3,309.70,"Churned"
12444,"2025-09-25",36,1,195.71,"At Risk"
12445,"2021-02-23",1711,1,232.46,"Churned"
12446,"2024-02-02",637,5,741.93,"Churned"
12447,"2020-08-24",1894,1,42.61,"Churned"
12448,"2020-11-02",1824,1,1066.11,"Churned"
12449,"2022-11-20",1076,2,99.38,"Churned"
12450,"2024-11-28",337,3,490.38,"Churned"
12451,"2024-04-09",570,3,308.57,"Churned"
12452,"2023-09-23",769,2,171.47,"Churned"
12453,"2021-12-02",1429,2,561.53,"Churned"
12456,"2023-03-25",951,1,51.43,"Churned"
12457,"2022-04-23",1287,3,226.17,"Churned"
12458,"2025-04-14",200,1,164.94,"Churned"
12459,"2022-08-17",1171,1,197.84,"Churned"
12460,"2025-10-04",27,1,58.09,"Active"
12461,"2022-11-03",1093,2,186.30,"Churned"
12462,"2024-12-26",309,2,272.88,"Churned"
12463,"2023-08-24",799,3,223.42,"Churned"
12464,"2023-08-10",813,2,356.08,"Churned"
12465,"2024-03-17",593,1,228.68,"Churned"
12466,"2023-06-03",881,1,233.62,"Churned"
12467,"2023-04-02",943,3,198.20,"Churned"
12468,"2023-06-10",874,1,60.73,"Churned"
12469,"2024-09-17",409,2,264.50,"Churned"
12470,"2022-05-06",1274,3,165.86,"Churned"
12472,"2025-09-04",57,3,253.24,"At Risk"
12474,"2024-04-18",561,1,35.76,"Churned"
12475,"2025-03-15",230,4,516.11,"Churned"
12476,"2024-03-26",584,1,12.64,"Churned"
12479,"2025-09-13",48,1,121.73,"At Risk"
12480,"2023-05-28",887,1,408.18,"Churned"
12481,"2025-09-07",54,2,145.16,"At Risk"
12482,"2025-04-30",184,1,112.54,"Churned"
12483,"2022-11-15",1081,2,118.37,"Churned"
12485,"2022-04-14",1296,2,124.38,"Churned"
12488,"2025-03-16",229,2,71.41,"Churned"
12489,"2025-04-07",207,4,375.10,"Churned"
12490,"2025-04-22",192,1,66.22,"Churned"
12491,"2024-09-23",403,4,852.90,"Churned"
12492,"2024-11-06",359,2,204.12,"Churned"
12493,"2025-01-30",274,3,401.73,"Churned"
12494,"2020-01-11",2120,1,8.15,"Churned"
12495,"2021-09-08",1514,2,383.93,"Churned"
12497,"2024-08-22",435,1,27.14,"Churned"
12498,"2022-01-19",1381,2,245.60,"Churned"
12502,"2025-03-25",220,2,2111.21,"Churned"
12504,"2023-09-11",781,1,104.63,"Churned"
12505,"2022-09-04",1153,2,312.47,"Churned"
12506,"2021-09-17",1505,1,106.51,"Churned"
12507,"2021-12-19",1412,1,6.13,"Churned"
12508,"2024-10-21",375,6,1258.10,"Churned"
12510,"2025-05-31",153,1,82.39,"Churned"
12511,"2025-02-07",266,7,823.86,"Churned"
12512,"2025-09-30",31,2,290.87,"At Risk"
12513,"2024-05-17",532,1,56.30,"Churned"
12514,"2021-05-07",1638,1,119.19,"Churned"
12515,"2023-07-27",827,2,34.69,"Churned"
12517,"2020-12-11",1785,2,394.41,"Churned"
12518,"2022-08-17",1171,2,73.49,"Churned"
12519,"2023-11-27",704,4,481.43,"Churned"
12520,"2021-09-15",1507,3,320.90,"Churned"
12521,"2024-07-02",486,2,721.35,"Churned"
12522,"2023-04-10",935,2,287.47,"Churned"
12524,"2020-06-06",1973,1,438.84,"Churned"
12526,"2024-05-25",524,1,41.36,"Churned"
12528,"2022-11-10",1086,2,1038.36,"Churned"
12529,"2023-10-30",732,1,30.61,"Churned"
12530,"2025-05-02",182,4,357.77,"Churned"
12531,"2024-07-29",459,3,202.03,"Churned"
12532,"2023-10-25",737,1,211.74,"Churned"
12533,"2022-06-02",1247,3,273.87,"Churned"
12534,"2024-06-06",512,2,243.90,"Churned"
12535,"2025-02-11",262,1,19.81,"Churned"
12536,"2025-06-28",125,1,156.07,"Churned"
12538,"2021-12-18",1413,1,153.06,"Churned"
12539,"2023-11-16",715,2,148.49,"Churned"
12540,"2022-02-28",1341,1,508.37,"Churned"
12541,"2024-03-12",598,1,50.70,"Churned"
12542,"2023-07-31",823,1,44.73,"Churned"
12543,"2021-04-11",1664,2,190.78,"Churned"
12544,"2022-03-02",1339,1,322.17,"Churned"
12545,"2022-07-05",1214,2,65.37,"Churned"
12546,"2023-10-06",756,2,226.81,"Churned"
12547,"2021-07-16",1568,1,47.19,"Churned"
12550,"2023-10-16",746,3,248.42,"Churned"
12551,"2023-11-20",711,1,79.45,"Churned"
12552,"2024-10-30",366,1,30.71,"Churned"
12553,"2020-12-05",1791,1,86.04,"Churned"
12554,"2024-07-09",479,3,387.35,"Churned"
12555,"2023-11-30",701,2,335.12,"Churned"
12556,"2025-07-16",107,2,62.48,"Churned"
12557,"2025-09-17",44,4,498.77,"At Risk"
12558,"2020-03-19",2052,1,40.96,"Churned"
12559,"2024-06-09",509,2,116.20,"Churned"
12560,"2021-12-14",1417,3,291.31,"Churned"
12561,"2025-04-21",193,4,332.20,"Churned"
12562,"2025-01-10",294,4,410.37,"Churned"
12565,"2025-01-31",273,5,1040.48,"Churned"
12567,"2021-06-26",1588,1,15.46,"Churned"
12568,"2023-06-15",869,2,207.42,"Churned"
12569,"2024-05-17",532,2,92.95,"Churned"
12571,"2023-11-11",720,3,804.63,"Churned"
12572,"2024-03-27",583,3,598.79,"Churned"
12573,"2024-12-29",306,1,39.30,"Churned"
12574,"2025-04-23",191,2,463.82,"Churned"
12575,"2024-04-15",564,3,324.59,"Churned"
12576,"2025-02-13",260,4,1732.86,"Churned"
12577,"2025-07-24",99,4,468.49,"Churned"
12578,"2021-03-11",1695,1,192.35,"Churned"
12579,"2022-12-13",1053,3,750.39,"Churned"
12581,"2025-04-12",202,4,395.84,"Churned"
12582,"2023-11-12",719,2,193.61,"Churned"
12584,"2023-10-26",736,1,218.32,"Churned"
12585,"2021-08-09",1544,1,122.50,"Churned"
12587,"2020-04-08",2032,2,382.69,"Churned"
12588,"2022-07-30",1189,2,537.67,"Churned"
12590,"2022-08-08",1180,2,99.66,"Churned"
12591,"2025-03-27",218,2,153.73,"Churned"
12592,"2025-03-02",243,3,232.30,"Churned"
12593,"2024-06-26",492,2,493.61,"Churned"
12594,"2025-09-10",51,2,34.82,"At Risk"
12596,"2025-05-13",171,3,465.18,"Churned"
12597,"2024-03-11",599,1,70.63,"Churned"
12598,"2021-10-03",1489,1,77.72,"Churned"
12599,"2024-07-21",467,2,437.19,"Churned"
12600,"2023-01-28",1007,2,121.67,"Churned"
12601,"2023-08-17",806,2,179.14,"Churned"
12602,"2025-10-05",26,1,49.44,"Active"
12603,"2022-12-15",1051,3,508.52,"Churned"
12605,"2023-12-17",684,1,40.69,"Churned"
12606,"2021-01-24",1741,1,18.56,"Churned"
12607,"2023-09-15",777,3,699.81,"Churned"
12610,"2024-01-24",646,2,88.56,"Churned"
12611,"2025-10-24",7,2,418.81,"Active"
12612,"2024-02-10",629,2,394.27,"Churned"
12613,"2023-03-11",965,4,714.98,"Churned"
12615,"2022-12-23",1043,2,423.11,"Churned"
12616,"2022-11-10",1086,1,229.00,"Churned"
12617,"2020-06-07",1972,1,90.36,"Churned"
12618,"2025-04-25",189,2,318.13,"Churned"
12619,"2022-02-21",1348,1,106.96,"Churned"
12620,"2023-12-31",670,1,47.44,"Churned"
12621,"2020-06-29",1950,1,269.50,"Churned"
12622,"2021-08-23",1530,2,268.34,"Churned"
12624,"2023-09-05",787,4,753.63,"Churned"
12625,"2025-01-05",299,1,195.53,"Churned"
12626,"2024-04-15",564,3,140.73,"Churned"
12627,"2025-07-04",119,2,126.16,"Churned"
12628,"2024-07-13",475,2,590.30,"Churned"
12629,"2025-04-28",186,4,237.66,"Churned"
12631,"2024-06-23",495,4,351.19,"Churned"
12632,"2022-03-15",1326,1,72.72,"Churned"
12633,"2021-09-02",1520,1,32.94,"Churned"
12634,"2024-06-16",502,1,259.09,"Churned"
12635,"2022-04-24",1286,1,140.38,"Churned"
12636,"2023-12-20",681,1,39.67,"Churned"
12637,"2025-06-28",125,5,439.30,"Churned"
12638,"2023-10-04",758,4,605.05,"Churned"
12639,"2025-02-19",254,3,235.07,"Churned"
12640,"2022-08-13",1175,1,52.38,"Churned"
12641,"2025-01-27",277,2,139.31,"Churned"
12643,"2022-06-02",1247,1,129.66,"Churned"
12645,"2025-06-10",143,2,662.31,"Churned"
12646,"2025-09-10",51,4,1436.19,"At Risk"
12647,"2025-10-29",2,5,898.74,"Active"
12648,"2023-03-10",966,1,416.61,"Churned"
12649,"2025-04-13",201,2,158.19,"Churned"
12652,"2022-12-25",1041,1,34.84,"Churned"
12653,"2020-08-21",1897,1,24.63,"Churned"
12654,"2025-10-02",29,5,538.59,"Active"
12655,"2023-08-12",811,2,117.20,"Churned"
12656,"2025-09-22",39,1,404.48,"At Risk"
12657,"2024-10-16",380,2,110.52,"Churned"
12659,"2024-11-20",345,4,254.61,"Churned"
12660,"2021-03-10",1696,2,403.12,"Churned"
12661,"2025-07-30",93,3,194.43,"Churned"
12662,"2024-12-22",313,3,142.26,"Churned"
12663,"2025-02-04",269,3,84.91,"Churned"
12664,"2022-12-01",1065,2,668.08,"Churned"
12665,"2021-03-13",1693,1,223.67,"Churned"
12666,"2025-04-30",184,4,571.08,"Churned"
12667,"2025-09-09",52,1,79.98,"At Risk"
12668,"2025-08-14",78,2,90.36,"At Risk"
12669,"2025-01-21",283,3,637.21,"Churned"
12670,"2023-11-08",723,2,168.53,"Churned"
12671,"2024-05-15",534,3,441.54,"Churned"
12672,"2023-07-20",834,2,472.33,"Churned"
12673,"2024-09-26",400,2,189.37,"Churned"
12675,"2025-03-19",226,1,361.33,"Churned"
12676,"2025-09-10",51,3,485.96,"At Risk"
12677,"2024-10-07",389,2,414.15,"Churned"
12678,"2024-12-31",304,1,415.67,"Churned"
12679,"2025-05-06",178,3,731.40,"Churned"
12683,"2020-08-10",1908,1,53.32,"Churned"
12684,"2025-04-24",190,2,210.74,"Churned"
12685,"2025-06-07",146,4,697.47,"Churned"
12686,"2024-04-03",576,3,217.23,"Churned"
12687,"2022-02-09",1360,2,208.09,"Churned"
12688,"2023-07-16",838,2,189.12,"Churned"
12689,"2022-11-15",1081,2,647.31,"Churned"
12691,"2025-01-16",288,2,105.22,"Churned"
12692,"2025-03-21",224,3,625.15,"Churned"
12693,"2022-04-04",1306,1,116.30,"Churned"
12696,"2024-12-02",333,2,141.73,"Churned"
12698,"2021-11-27",1434,1,15.33,"Churned"
12699,"2022-10-16",1111,3,129.70,"Churned"
12700,"2020-03-26",2045,1,383.96,"Churned"
12701,"2021-11-16",1445,1,42.86,"Churned"
12702,"2024-05-04",545,2,461.62,"Churned"
12703,"2020-09-29",1858,1,139.87,"Churned"
12704,"2023-08-30",793,1,75.21,"Churned"
12705,"2023-10-10",752,1,168.25,"Churned"
12706,"2021-04-17",1658,1,5.66,"Churned"
12707,"2022-03-10",1331,1,49.55,"Churned"
12708,"2021-03-06",1700,1,71.15,"Churned"
12709,"2023-11-03",728,2,103.07,"Churned"
12712,"2021-07-05",1579,2,104.63,"Churned"
12713,"2023-04-16",929,1,32.32,"Churned"
12714,"2024-09-12",414,1,147.72,"Churned"
12715,"2025-02-03",270,4,338.66,"Churned"
12716,"2023-05-22",893,2,484.73,"Churned"
12717,"2025-05-20",164,5,787.89,"Churned"
12718,"2025-02-13",260,3,183.84,"Churned"
12719,"2022-04-01",1309,1,67.53,"Churned"
12720,"2024-03-20",590,2,202.41,"Churned"
12721,"2024-07-13",475,2,118.63,"Churned"
12723,"2024-07-26",462,1,29.78,"Churned"
12724,"2022-07-05",1214,5,265.66,"Churned"
12725,"2024-02-22",617,4,645.57,"Churned"
12726,"2024-01-07",663,1,195.54,"Churned"
12727,"2020-06-13",1966,1,8.68,"Churned"
12730,"2024-09-22",404,2,171.64,"Churned"
12731,"2021-11-21",1440,2,75.37,"Churned"
12732,"2024-03-01",609,2,384.64,"Churned"
12735,"2024-03-09",601,2,53.41,"Churned"
12737,"2025-07-21",102,3,238.97,"Churned"
12738,"2022-05-09",1271,1,54.95,"Churned"
12739,"2023-08-07",816,2,264.45,"Churned"
12740,"2024-07-24",464,1,111.49,"Churned"
12741,"2020-07-04",1945,2,294.11,"Churned"
12742,"2025-03-09",236,2,210.59,"Churned"
12743,"2024-06-28",490,3,785.21,"Churned"
12744,"2024-12-05",330,2,116.74,"Churned"
12745,"2020-07-21",1928,2,107.67,"Churned"
12747,"2025-03-20",225,1,58.83,"Churned"
12748,"2023-11-01",730,2,353.71,"Churned"
12751,"2025-06-25",128,1,136.30,"Churned"
12752,"2025-04-18",196,3,79.70,"Churned"
12753,"2024-08-21",436,2,662.51,"Churned"
12754,"2020-03-15",2056,1,22.57,"Churned"
12755,"2025-04-20",194,3,312.47,"Churned"
12756,"2022-04-21",1289,1,112.23,"Churned"
12758,"2022-04-16",1294,1,85.85,"Churned"
12761,"2021-07-18",1566,1,4.30,"Churned"
12763,"2020-03-07",2064,1,7.47,"Churned"
12764,"2024-11-07",358,2,99.66,"Churned"
12765,"2025-10-22",9,2,268.90,"Active"
12766,"2024-10-09",387,3,427.74,"Churned"
12767,"2025-03-28",217,3,312.68,"Churned"
12768,"2021-09-16",1506,3,231.77,"Churned"
12769,"2025-02-14",259,3,232.06,"Churned"
12771,"2020-08-09",1909,1,94.56,"Churned"
12772,"2023-03-09",967,2,66.18,"Churned"
12773,"2025-04-02",212,3,99.30,"Churned"
12774,"2022-12-20",1046,1,19.52,"Churned"
12778,"2022-01-13",1387,3,691.16,"Churned"
12779,"2022-07-29",1190,1,175.49,"Churned"
12780,"2024-05-13",536,3,833.76,"Churned"
12781,"2020-01-17",2114,1,205.08,"Churned"
12782,"2023-07-20",834,2,112.96,"Churned"
12783,"2024-02-29",610,2,124.82,"Churned"
12784,"2020-03-12",2059,2,179.86,"Churned"
12785,"2025-07-30",93,3,168.67,"Churned"
12786,"2024-04-01",578,1,27.28,"Churned"
12787,"2021-12-07",1424,2,280.09,"Churned"
12788,"2023-08-24",799,4,804.82,"Churned"
12789,"2025-06-14",139,4,206.84,"Churned"
12790,"2024-08-25",432,2,227.09,"Churned"
12792,"2020-12-27",1769,2,259.42,"Churned"
12793,"2023-12-30",671,2,70.35,"Churned"
12794,"2023-09-25",767,2,222.47,"Churned"
12795,"2025-09-16",45,1,48.91,"At Risk"
12796,"2025-02-16",257,3,286.16,"Churned"
12798,"2020-08-04",1914,2,156.91,"Churned"
12800,"2021-12-09",1422,1,118.09,"Churned"
12801,"2025-01-15",289,3,427.56,"Churned"
12802,"2022-10-06",1121,4,537.32,"Churned"
12804,"2023-08-11",812,2,156.88,"Churned"
12805,"2021-06-29",1585,1,11.22,"Churned"
12806,"2025-05-07",177,3,178.29,"Churned"
12807,"2023-06-20",864,2,175.79,"Churned"
12808,"2025-07-01",122,2,270.51,"Churned"
12809,"2021-07-10",1574,1,179.06,"Churned"
12810,"2025-01-03",301,1,211.34,"Churned"
12811,"2023-12-31",670,1,56.88,"Churned"
12812,"2024-04-30",549,4,254.23,"Churned"
12813,"2024-05-11",538,2,426.91,"Churned"
12814,"2022-03-30",1311,2,117.20,"Churned"
12815,"2024-08-06",451,3,699.16,"Churned"
12816,"2025-09-24",37,5,219.12,"At Risk"
12817,"2025-03-08",237,2,292.92,"Churned"
12818,"2024-05-02",547,3,104.18,"Churned"
12819,"2024-03-24",586,4,572.92,"Churned"
12820,"2025-06-05",148,4,311.95,"Churned"
12821,"2024-06-17",501,2,467.06,"Churned"
12822,"2025-09-14",47,3,589.78,"At Risk"
12823,"2021-04-28",1647,1,85.79,"Churned"
12824,"2025-08-29",63,1,255.87,"At Risk"
12825,"2025-03-31",214,4,438.56,"Churned"
12826,"2021-03-19",1687,1,7.47,"Churned"
12827,"2025-05-06",178,3,723.67,"Churned"
12828,"2023-09-02",790,1,57.33,"Churned"
12829,"2022-01-28",1372,4,90.43,"Churned"
12831,"2024-02-06",633,2,20.53,"Churned"
12832,"2025-03-19",226,4,1623.27,"Churned"
12836,"2025-09-21",40,4,317.57,"At Risk"
12837,"2025-07-19",104,1,12.55,"Churned"
12838,"2021-04-12",1663,1,65.56,"Churned"
12839,"2023-09-14",778,1,1023.55,"Churned"
12840,"2023-03-20",956,3,440.17,"Churned"
12842,"2020-11-05",1821,1,208.87,"Churned"
12843,"2024-09-13",413,2,572.69,"Churned"
12844,"2025-03-25",220,4,650.88,"Churned"
12845,"2021-07-29",1555,2,258.42,"Churned"
12846,"2020-12-06",1790,1,54.43,"Churned"
12848,"2022-03-03",1338,1,19.50,"Churned"
12849,"2023-03-31",945,2,291.95,"Churned"
12850,"2025-06-07",146,1,58.31,"Churned"
12851,"2025-06-20",133,1,129.38,"Churned"
12854,"2025-02-08",265,3,948.82,"Churned"
12855,"2022-11-28",1068,2,379.38,"Churned"
12856,"2025-10-06",25,1,205.51,"Active"
12857,"2025-08-14",78,2,35.59,"At Risk"
12858,"2023-07-06",848,4,447.00,"Churned"
12859,"2022-12-30",1036,2,493.92,"Churned"
12860,"2020-04-08",2032,1,6.15,"Churned"
12861,"2020-04-07",2033,2,217.74,"Churned"
12862,"2024-07-21",467,3,995.11,"Churned"
12863,"2023-09-21",771,1,150.24,"Churned"
12864,"2024-06-20",498,2,88.17,"Churned"
12866,"2024-08-27",430,3,849.55,"Churned"
12867,"2025-02-14",259,4,190.97,"Churned"
12870,"2025-05-25",159,1,21.09,"Churned"
12871,"2025-10-12",19,2,70.77,"Active"
12872,"2024-03-09",601,1,242.64,"Churned"
12873,"2024-02-11",628,1,404.46,"Churned"
12874,"2024-10-10",386,1,618.93,"Churned"
12875,"2024-11-25",340,2,117.83,"Churned"
12876,"2023-11-27",704,6,939.89,"Churned"
12878,"2022-09-14",1143,3,202.65,"Churned"
12879,"2025-06-06",147,2,124.18,"Churned"
12880,"2021-06-25",1589,1,50.54,"Churned"
12881,"2024-06-20",498,5,606.93,"Churned"
12882,"2023-06-09",875,3,123.24,"Churned"
12883,"2024-08-11",446,2,352.05,"Churned"
12884,"2023-06-12",872,3,378.71,"Churned"
12885,"2023-03-16",960,1,275.40,"Churned"
12887,"2025-03-01",244,3,307.99,"Churned"
12888,"2023-10-09",753,2,517.46,"Churned"
12890,"2024-03-11",599,2,104.47,"Churned"
12891,"2022-07-22",1197,2,178.70,"Churned"
12893,"2022-09-25",1132,1,152.39,"Churned"
12894,"2025-09-08",53,4,573.68,"At Risk"
12895,"2024-04-26",553,2,60.53,"Churned"
12897,"2022-09-21",1136,1,200.57,"Churned"
12898,"2024-01-09",661,1,49.13,"Churned"
12899,"2024-02-08",631,3,612.31,"Churned"
12900,"2024-07-23",465,3,211.62,"Churned"
12901,"2021-05-03",1642,1,83.93,"Churned"
12902,"2022-11-27",1069,1,69.64,"Churned"
12903,"2023-01-20",1015,3,359.60,"Churned"
12904,"2025-01-11",293,4,698.31,"Churned"
12905,"2024-02-13",626,5,1250.53,"Churned"
12906,"2024-11-08",357,3,130.89,"Churned"
12907,"2024-10-13",383,5,256.45,"Churned"
12908,"2022-07-31",1188,1,247.72,"Churned"
12909,"2023-09-28",764,2,147.88,"Churned"
12910,"2024-10-06",390,3,127.26,"Churned"
12911,"2023-07-08",846,2,251.85,"Churned"
12912,"2024-12-27",308,3,1347.97,"Churned"
12913,"2021-05-02",1643,1,132.25,"Churned"
12914,"2025-03-04",241,3,216.35,"Churned"
12915,"2020-10-27",1830,2,212.28,"Churned"
12916,"2021-10-31",1461,1,79.61,"Churned"
12917,"2025-05-03",181,2,86.84,"Churned"
12918,"2025-08-24",68,2,372.08,"At Risk"
12919,"2022-04-22",1288,2,74.94,"Churned"
12920,"2020-03-14",2057,1,10.64,"Churned"
12921,"2024-12-22",313,2,110.96,"Churned"
12923,"2025-02-25",248,3,308.82,"Churned"
12925,"2022-10-21",1106,3,196.40,"Churned"
12926,"2023-04-12",933,1,135.15,"Churned"
12927,"2025-01-11",293,1,301.14,"Churned"
12928,"2022-04-18",1292,1,202.42,"Churned"
12929,"2023-03-11",965,2,148.00,"Churned"
12930,"2021-06-26",1588,4,1319.10,"Churned"
12931,"2024-02-25",614,1,286.83,"Churned"
12932,"2025-09-25",36,4,383.80,"At Risk"
12933,"2021-02-08",1726,2,425.43,"Churned"
12934,"2022-07-26",1193,1,119.89,"Churned"
12935,"2025-02-25",248,2,245.15,"Churned"
12936,"2022-09-14",1143,1,15.91,"Churned"
12937,"2025-03-06",239,2,305.07,"Churned"
12939,"2025-04-28",186,4,607.70,"Churned"
12940,"2024-02-04",635,2,117.10,"Churned"
12941,"2025-09-29",32,2,120.39,"At Risk"
12942,"2020-02-06",2094,1,18.24,"Churned"
12943,"2022-11-24",1072,1,53.78,"Churned"
12944,"2025-04-16",198,1,178.12,"Churned"
12945,"2023-09-11",781,3,253.56,"Churned"
12946,"2025-08-17",75,1,422.48,"At Risk"
12947,"2023-11-17",714,1,139.07,"Churned"
12948,"2025-06-28",125,2,408.50,"Churned"
12949,"2022-08-09",1179,1,186.00,"Churned"
12951,"2024-07-20",468,1,179.79,"Churned"
12952,"2025-10-23",8,3,262.95,"Active"
12953,"2023-10-15",747,2,155.95,"Churned"
12954,"2020-08-24",1894,1,36.68,"Churned"
12955,"2025-06-11",142,2,91.88,"Churned"
12956,"2025-09-21",40,3,716.99,"At Risk"
12957,"2024-07-21",467,2,109.00,"Churned"
12958,"2023-08-19",804,2,937.96,"Churned"
12959,"2022-09-13",1144,1,617.21,"Churned"
12962,"2024-08-08",449,2,78.89,"Churned"
12964,"2021-09-04",1518,3,144.03,"Churned"
12965,"2025-05-27",157,3,312.48,"Churned"
12966,"2024-06-10",508,1,136.39,"Churned"
12967,"2024-07-19",469,4,272.07,"Churned"
12968,"2025-06-26",127,2,160.30,"Churned"
12969,"2025-08-16",76,3,982.53,"At Risk"
12972,"2022-12-19",1047,1,68.92,"Churned"
12974,"2022-12-19",1047,5,1385.46,"Churned"
12975,"2020-05-23",1987,1,57.57,"Churned"
12977,"2022-12-06",1060,2,357.83,"Churned"
12978,"2020-07-28",1921,2,98.36,"Churned"
12980,"2025-09-23",38,4,200.97,"At Risk"
12981,"2023-04-29",916,1,116.04,"Churned"
12982,"2025-06-08",145,5,368.09,"Churned"
12983,"2021-09-08",1514,1,27.45,"Churned"
12984,"2024-04-25",554,2,161.72,"Churned"
12985,"2024-08-05",452,1,224.24,"Churned"
12986,"2021-02-04",1730,1,18.98,"Churned"
12988,"2022-03-17",1324,3,219.33,"Churned"
12989,"2025-06-17",136,2,440.41,"Churned"
12990,"2025-03-13",232,1,61.81,"Churned"
12991,"2022-03-08",1333,1,296.97,"Churned"
12992,"2023-04-19",926,1,581.51,"Churned"
12993,"2025-06-06",147,5,1372.65,"Churned"
12994,"2023-12-19",682,1,381.78,"Churned"
12995,"2024-07-11",477,2,70.81,"Churned"
12997,"2025-05-26",158,4,1672.49,"Churned"
12998,"2021-06-24",1590,3,456.97,"Churned"
12999,"2025-10-28",3,3,210.61,"Active"
13001,"2021-08-22",1531,1,81.26,"Churned"
13002,"2025-04-02",212,4,466.24,"Churned"
13003,"2023-06-26",858,2,400.42,"Churned"
13004,"2024-12-31",304,5,377.76,"Churned"
13005,"2025-07-28",95,2,180.66,"Churned"
13006,"2021-12-06",1425,1,130.24,"Churned"
13008,"2024-06-16",502,2,738.57,"Churned"
13009,"2024-01-20",650,4,587.27,"Churned"
13011,"2025-02-10",263,1,36.70,"Churned"
13012,"2022-05-17",1263,2,191.48,"Churned"
13014,"2024-03-31",579,4,933.81,"Churned"
13015,"2025-02-04",269,2,174.77,"Churned"
13016,"2022-10-09",1118,1,63.37,"Churned"
13017,"2023-09-23",769,1,199.63,"Churned"
13018,"2023-04-05",940,2,101.67,"Churned"
13019,"2024-12-18",317,1,191.15,"Churned"
13020,"2021-03-11",1695,1,840.49,"Churned"
13021,"2025-04-01",213,1,84.24,"Churned"
13022,"2023-06-16",868,1,46.90,"Churned"
13023,"2023-03-15",961,1,60.68,"Churned"
13025,"2022-04-23",1287,2,116.43,"Churned"
13026,"2025-02-07",266,4,214.56,"Churned"
13027,"2025-06-12",141,4,244.77,"Churned"
13028,"2023-10-22",740,3,117.94,"Churned"
13030,"2022-09-14",1143,2,296.50,"Churned"
13031,"2024-10-18",378,3,373.68,"Churned"
13032,"2025-05-25",159,4,494.79,"Churned"
13033,"2023-11-25",706,3,163.54,"Churned"
13036,"2025-06-27",126,3,580.91,"Churned"
13037,"2023-04-27",918,2,92.39,"Churned"
13038,"2025-08-05",87,1,28.96,"At Risk"
13039,"2025-06-09",144,5,630.13,"Churned"
13040,"2024-06-17",501,2,62.53,"Churned"
13041,"2024-06-04",514,1,51.20,"Churned"
13043,"2024-01-30",640,2,67.01,"Churned"
13046,"2024-11-09",356,5,553.61,"Churned"
13047,"2025-02-14",259,3,1268.65,"Churned"
13048,"2023-05-30",885,2,187.50,"Churned"
13049,"2021-06-27",1587,1,92.20,"Churned"
13050,"2024-10-21",375,3,930.92,"Churned"
13051,"2025-03-08",237,3,359.05,"Churned"
13052,"2024-07-28",460,2,165.80,"Churned"
13053,"2023-11-12",719,2,99.12,"Churned"
13054,"2021-07-10",1574,1,51.57,"Churned"
13055,"2022-12-10",1056,3,321.96,"Churned"
13056,"2025-06-26",127,1,10.63,"Churned"
13057,"2024-03-05",605,2,397.50,"Churned"
13058,"2024-05-22",527,2,215.19,"Churned"
13059,"2024-08-06",451,4,389.44,"Churned"
13061,"2024-06-19",499,1,149.28,"Churned"
13062,"2024-09-18",408,3,155.29,"Churned"
13063,"2024-04-03",576,1,117.07,"Churned"
13066,"2025-10-05",26,1,108.00,"Active"
13067,"2022-07-13",1206,1,667.24,"Churned"
13068,"2020-07-31",1918,1,32.05,"Churned"
13070,"2021-02-26",1708,1,152.32,"Churned"
13072,"2024-05-26",523,3,85.02,"Churned"
13074,"2025-03-20",225,1,39.08,"Churned"
13075,"2024-06-12",506,2,94.94,"Churned"
13076,"2022-08-29",1159,1,178.21,"Churned"
13077,"2024-12-24",311,1,161.17,"Churned"
13078,"2025-06-23",130,2,96.30,"Churned"
13079,"2023-03-25",951,1,47.32,"Churned"
13080,"2022-11-22",1074,2,602.42,"Churned"
13081,"2021-04-20",1655,2,110.69,"Churned"
13082,"2021-09-21",1501,1,6.33,"Churned"
13084,"2025-06-20",133,2,245.69,"Churned"
13085,"2022-06-07",1242,1,24.89,"Churned"
13086,"2025-03-06",239,5,414.71,"Churned"
13087,"2023-10-03",759,1,58.93,"Churned"
13089,"2025-01-23",281,1,78.14,"Churned"
13090,"2025-05-27",157,1,125.55,"Churned"
13091,"2024-11-24",341,1,378.50,"Churned"
13094,"2022-03-09",1332,2,84.96,"Churned"
13097,"2021-02-05",1729,2,751.71,"Churned"
13098,"2020-04-05",2035,1,659.63,"Churned"
13100,"2024-08-30",427,2,113.74,"Churned"
13102,"2020-10-04",1853,2,283.49,"Churned"
13103,"2025-01-13",291,2,107.09,"Churned"
13104,"2024-11-15",350,1,87.52,"Churned"
13105,"2020-09-13",1874,1,122.03,"Churned"
13106,"2022-01-02",1398,1,110.18,"Churned"
13107,"2024-01-03",667,2,104.55,"Churned"
13108,"2025-09-16",45,3,898.25,"At Risk"
13109,"2024-04-27",552,3,434.07,"Churned"
13110,"2020-09-01",1886,1,198.08,"Churned"
13112,"2024-12-03",332,1,213.94,"Churned"
13115,"2025-07-09",114,4,294.89,"Churned"
13116,"2023-01-01",1034,1,82.90,"Churned"
13117,"2024-06-26",492,1,68.32,"Churned"
13118,"2020-06-14",1965,1,39.07,"Churned"
13119,"2022-09-25",1132,1,103.04,"Churned"
13121,"2025-05-14",170,4,822.74,"Churned"
13122,"2022-09-16",1141,1,46.18,"Churned"
13123,"2025-10-16",15,1,265.06,"Active"
13124,"2025-04-18",196,2,1023.17,"Churned"
13125,"2023-10-17",745,1,105.09,"Churned"
13126,"2025-01-24",280,4,661.26,"Churned"
13127,"2023-11-24",707,1,161.11,"Churned"
13128,"2024-06-19",499,2,102.21,"Churned"
13129,"2024-01-24",646,2,56.95,"Churned"
13130,"2023-11-09",722,1,1220.75,"Churned"
13131,"2025-02-28",245,4,234.85,"Churned"
13132,"2023-11-01",730,2,40.35,"Churned"
13133,"2021-11-15",1446,1,50.03,"Churned"
13134,"2024-12-21",314,1,115.93,"Churned"
13136,"2020-10-31",1826,1,129.69,"Churned"
13137,"2021-07-10",1574,1,194.61,"Churned"
13138,"2024-06-24",494,1,54.63,"Churned"
13139,"2024-01-28",642,2,221.43,"Churned"
13140,"2024-01-27",643,2,67.16,"Churned"
13141,"2025-08-02",90,2,246.91,"At Risk"
13142,"2021-10-16",1476,1,65.07,"Churned"
13143,"2025-04-15",199,3,212.08,"Churned"
13145,"2021-07-23",1561,1,44.78,"Churned"
13146,"2024-11-30",335,4,151.86,"Churned"
13147,"2024-09-02",424,2,264.63,"Churned"
13149,"2022-08-03",1185,1,219.65,"Churned"
13151,"2024-01-07",663,1,244.24,"Churned"
13152,"2022-02-25",1344,1,199.53,"Churned"
13153,"2025-01-21",283,1,30.44,"Churned"
13154,"2025-10-17",14,3,558.89,"Active"
13155,"2022-03-13",1328,3,425.72,"Churned"
13156,"2022-12-04",1062,2,90.68,"Churned"
13157,"2023-05-19",896,2,658.34,"Churned"
13158,"2024-05-17",532,4,690.57,"Churned"
13159,"2020-09-30",1857,1,657.92,"Churned"
13160,"2023-10-13",749,2,290.32,"Churned"
13161,"2024-11-11",354,3,471.00,"Churned"
13162,"2025-01-11",293,5,453.46,"Churned"
13164,"2021-10-11",1481,1,3.74,"Churned"
13166,"2022-07-19",1200,1,192.72,"Churned"
13167,"2021-05-12",1633,2,237.80,"Churned"
13168,"2024-05-21",528,4,229.33,"Churned"
13169,"2025-02-12",261,4,115.96,"Churned"
13170,"2023-08-30",793,3,778.27,"Churned"
13171,"2025-01-05",299,2,424.23,"Churned"
13173,"2020-11-04",1822,1,213.50,"Churned"
13174,"2025-09-15",46,3,210.58,"At Risk"
13175,"2024-12-29",306,4,419.14,"Churned"
13176,"2023-02-08",996,3,1043.95,"Churned"
13177,"2022-11-12",1084,1,216.46,"Churned"
13178,"2023-02-09",995,2,143.49,"Churned"
13179,"2025-07-06",117,2,250.18,"Churned"
13180,"2023-09-16",776,1,142.26,"Churned"
13181,"2025-01-17",287,3,161.53,"Churned"
13182,"2022-11-25",1071,1,87.58,"Churned"
13183,"2022-11-09",1087,1,8.35,"Churned"
13184,"2024-08-19",438,3,155.91,"Churned"
13185,"2024-03-24",586,2,418.83,"Churned"
13186,"2023-12-13",688,1,43.27,"Churned"
13187,"2020-07-06",1943,1,348.45,"Churned"
13189,"2021-01-04",1761,1,27.53,"Churned"
13190,"2023-06-06",878,2,35.14,"Churned"
13191,"2023-05-19",896,1,141.12,"Churned"
13193,"2023-12-16",685,1,49.17,"Churned"
13194,"2024-06-08",510,1,62.27,"Churned"
13195,"2023-12-21",680,1,37.90,"Churned"
13196,"2025-08-20",72,2,313.48,"At Risk"
13198,"2023-09-20",772,2,85.30,"Churned"
13199,"2022-09-17",1140,2,718.78,"Churned"
13200,"2023-06-30",854,1,11.20,"Churned"
13201,"2022-04-05",1305,2,288.76,"Churned"
13203,"2022-07-14",1205,1,63.06,"Churned"
13204,"2020-01-26",2105,1,7.68,"Churned"
13205,"2024-10-16",380,3,358.82,"Churned"
13206,"2020-02-23",2077,1,30.12,"Churned"
13208,"2023-01-16",1019,4,631.59,"Churned"
13210,"2021-06-14",1600,1,971.75,"Churned"
13211,"2021-05-29",1616,1,94.41,"Churned"
13212,"2022-01-30",1370,1,60.72,"Churned"
13213,"2022-03-03",1338,2,200.59,"Churned"
13215,"2022-05-31",1249,2,525.44,"Churned"
13216,"2025-09-06",55,2,96.82,"At Risk"
13217,"2021-10-28",1464,2,146.08,"Churned"
13218,"2025-07-31",92,5,1009.32,"Churned"
13220,"2021-06-24",1590,1,232.24,"Churned"
13221,"2023-11-06",725,1,128.97,"Churned"
13222,"2024-02-29",610,2,891.38,"Churned"
13223,"2020-11-21",1805,1,60.96,"Churned"
13224,"2023-10-02",760,2,199.42,"Churned"
13225,"2021-05-19",1626,1,51.10,"Churned"
13226,"2023-01-04",1031,1,78.78,"Churned"
13227,"2023-03-03",973,1,105.58,"Churned"
13228,"2020-09-08",1879,1,150.27,"Churned"
13229,"2025-09-23",38,3,267.29,"At Risk"
13230,"2024-09-06",420,2,800.49,"Churned"
13232,"2024-09-18",408,3,383.06,"Churned"
13234,"2025-07-13",110,1,129.12,"Churned"
13235,"2024-08-02",455,2,378.30,"Churned"
13236,"2020-09-30",1857,3,110.98,"Churned"
13237,"2025-07-27",96,4,697.77,"Churned"
13238,"2024-05-24",525,1,64.77,"Churned"
13239,"2023-10-14",748,3,203.47,"Churned"
13240,"2023-09-24",768,1,24.49,"Churned"
13243,"2020-03-11",2060,1,73.78,"Churned"
13244,"2022-08-29",1159,2,511.99,"Churned"
13245,"2020-09-20",1867,1,58.07,"Churned"
13246,"2023-05-25",890,1,922.38,"Churned"
13247,"2023-12-12",689,1,144.15,"Churned"
13249,"2024-06-09",509,3,410.83,"Churned"
13250,"2025-03-29",216,1,653.02,"Churned"
13251,"2022-09-04",1153,3,190.32,"Churned"
13253,"2020-01-16",2115,1,221.16,"Churned"
13258,"2023-03-09",967,3,377.63,"Churned"
13259,"2022-04-19",1291,1,74.49,"Churned"
13260,"2025-10-08",23,3,493.20,"Active"
13261,"2025-05-25",159,4,429.45,"Churned"
13262,"2021-12-01",1430,1,53.91,"Churned"
13264,"2023-08-28",795,2,246.80,"Churned"
13265,"2025-06-04",149,1,10.97,"Churned"
13266,"2025-07-08",115,3,179.90,"Churned"
13267,"2024-03-03",607,1,79.68,"Churned"
13269,"2023-04-04",941,1,125.70,"Churned"
13270,"2022-08-03",1185,1,40.31,"Churned"
13272,"2024-09-30",396,1,187.07,"Churned"
13273,"2020-05-26",1984,1,59.00,"Churned"
13274,"2024-07-10",478,1,19.86,"Churned"
13275,"2025-05-06",178,1,221.49,"Churned"
13276,"2022-04-26",1284,3,131.84,"Churned"
13278,"2025-10-17",14,4,657.46,"Active"
13279,"2022-03-28",1313,1,33.63,"Churned"
13280,"2024-05-08",541,1,163.04,"Churned"
13281,"2024-01-07",663,1,44.18,"Churned"
13282,"2025-08-17",75,7,1697.11,"At Risk"
13283,"2025-02-22",251,2,690.77,"Churned"
13284,"2022-11-16",1080,1,63.20,"Churned"
13285,"2022-12-24",1042,2,117.13,"Churned"
13286,"2022-05-23",1257,1,98.78,"Churned"
13287,"2023-01-11",1024,1,14.08,"Churned"
13288,"2021-02-25",1709,2,517.93,"Churned"
13290,"2020-03-10",2061,1,118.71,"Churned"
13291,"2023-07-09",845,1,140.83,"Churned"
13292,"2025-01-01",303,6,592.75,"Churned"
13294,"2024-09-01",425,4,367.30,"Churned"
13295,"2022-06-26",1223,3,230.24,"Churned"
13296,"2020-10-06",1851,1,264.58,"Churned"
13297,"2022-04-18",1292,2,304.95,"Churned"
13298,"2020-06-09",1970,1,56.47,"Churned"
13299,"2021-08-13",1540,3,155.06,"Churned"
13300,"2024-07-19",469,5,626.00,"Churned"
13301,"2025-09-06",55,3,357.24,"At Risk"
13302,"2025-03-23",222,6,733.68,"Churned"
13303,"2025-09-10",51,3,633.40,"At Risk"
13305,"2023-03-20",956,3,523.51,"Churned"
13306,"2024-10-17",379,3,449.64,"Churned"
13307,"2025-10-27",4,4,511.95,"Active"
13308,"2024-04-20",559,4,272.54,"Churned"
13310,"2020-10-09",1848,2,290.48,"Churned"
13311,"2023-07-10",844,1,247.65,"Churned"
13312,"2023-05-21",894,2,206.05,"Churned"
13313,"2023-08-23",800,2,249.81,"Churned"
13314,"2024-07-03",485,3,1065.03,"Churned"
13315,"2024-12-26",309,1,154.62,"Churned"
13318,"2021-09-29",1493,2,135.00,"Churned"
13319,"2025-05-11",173,3,464.71,"Churned"
13320,"2025-06-16",137,2,294.99,"Churned"
13321,"2020-08-15",1903,1,12.26,"Churned"
13322,"2025-05-08",176,2,281.22,"Churned"
13323,"2025-07-12",111,3,214.46,"Churned"
13325,"2025-01-30",274,3,265.95,"Churned"
13326,"2025-07-07",116,1,5.63,"Churned"
13327,"2021-05-14",1631,2,152.55,"Churned"
13328,"2023-09-09",783,1,724.60,"Churned"
13329,"2024-06-17",501,3,407.68,"Churned"
13330,"2023-09-01",791,2,81.64,"Churned"
13332,"2025-02-13",260,2,179.64,"Churned"
13333,"2024-09-26",400,2,158.40,"Churned"
13334,"2024-02-06",633,2,345.58,"Churned"
13335,"2025-03-24",221,2,92.87,"Churned"
13336,"2020-02-23",2077,1,399.74,"Churned"
13337,"2020-08-31",1887,1,83.64,"Churned"
13339,"2023-12-28",673,1,95.10,"Churned"
13340,"2022-11-10",1086,1,94.20,"Churned"
13341,"2025-06-18",135,1,28.32,"Churned"
13343,"2024-04-11",568,2,517.64,"Churned"
13344,"2021-12-09",1422,2,187.04,"Churned"
13345,"2020-12-19",1777,2,1014.66,"Churned"
13346,"2024-06-15",503,2,598.60,"Churned"
13348,"2025-08-19",73,3,134.89,"At Risk"
13350,"2022-08-18",1170,2,979.48,"Churned"
13351,"2021-03-15",1691,1,180.97,"Churned"
13352,"2024-06-01",517,2,20.05,"Churned"
13353,"2024-12-25",310,1,141.13,"Churned"
13354,"2024-11-11",354,4,262.09,"Churned"
13356,"2025-07-30",93,2,812.97,"Churned"
13357,"2020-04-13",2027,1,13.67,"Churned"
13358,"2021-05-08",1637,1,14.40,"Churned"
13360,"2023-04-10",935,3,318.38,"Churned"
13361,"2025-08-06",86,3,500.75,"At Risk"
13363,"2023-10-21",741,2,284.72,"Churned"
13364,"2025-10-10",21,3,296.30,"Active"
13365,"2025-08-11",81,1,373.81,"At Risk"
13366,"2023-10-25",737,1,23.11,"Churned"
13367,"2021-08-12",1541,1,25.45,"Churned"
13368,"2024-06-02",516,5,735.36,"Churned"
13370,"2024-10-31",365,3,376.57,"Churned"
13371,"2024-09-21",405,3,516.13,"Churned"
13372,"2023-08-05",818,3,179.27,"Churned"
13373,"2024-10-12",384,1,30.12,"Churned"
13374,"2024-05-11",538,2,471.22,"Churned"
13375,"2023-09-08",784,1,39.84,"Churned"
13376,"2021-02-16",1718,1,115.11,"Churned"
13377,"2024-08-29",428,2,365.46,"Churned"
13379,"2022-01-19",1381,1,31.72,"Churned"
13380,"2025-08-30",62,1,27.05,"At Risk"
13382,"2023-08-31",792,3,437.14,"Churned"
13383,"2023-05-28",887,2,194.57,"Churned"
13384,"2024-05-12",537,1,82.42,"Churned"
13385,"2021-06-03",1611,1,133.24,"Churned"
13386,"2024-01-20",650,2,190.63,"Churned"
13387,"2023-08-09",814,3,177.03,"Churned"
13388,"2023-12-09",692,2,76.52,"Churned"
13389,"2021-11-24",1437,3,1549.21,"Churned"
13391,"2022-10-22",1105,3,359.03,"Churned"
13392,"2022-11-02",1094,2,250.67,"Churned"
13393,"2025-02-16",257,3,403.62,"Churned"
13394,"2022-02-07",1362,1,113.24,"Churned"
13396,"2023-04-21",924,1,702.00,"Churned"
13397,"2025-04-10",204,2,359.29,"Churned"
13398,"2023-03-12",964,2,32.43,"Churned"
13399,"2023-01-07",1028,1,111.27,"Churned"
13400,"2020-11-24",1802,1,35.59,"Churned"
13401,"2020-07-19",1930,1,170.61,"Churned"
13402,"2022-09-24",1133,3,496.49,"Churned"
13403,"2024-12-09",326,3,158.22,"Churned"
13404,"2021-09-27",1495,1,147.58,"Churned"
13405,"2024-04-10",569,3,254.76,"Churned"
13406,"2021-08-19",1534,2,364.11,"Churned"
13407,"2022-08-02",1186,2,132.15,"Churned"
13408,"2022-05-06",1274,1,60.53,"Churned"
13409,"2020-10-05",1852,1,66.63,"Churned"
13410,"2024-10-20",376,2,89.22,"Churned"
13411,"2022-11-11",1085,4,444.38,"Churned"
13412,"2025-06-27",126,2,408.89,"Churned"
13413,"2023-06-02",882,2,244.36,"Churned"
13414,"2025-07-11",112,3,136.11,"Churned"
13415,"2024-08-21",436,1,11.97,"Churned"
13417,"2025-03-28",217,3,244.03,"Churned"
13418,"2024-12-15",320,4,142.99,"Churned"
13419,"2024-04-13",566,3,241.74,"Churned"
13420,"2022-07-05",1214,2,173.83,"Churned"
13422,"2022-04-23",1287,1,288.56,"Churned"
13424,"2024-05-21",528,2,288.17,"Churned"
13425,"2020-06-22",1957,1,89.86,"Churned"
13426,"2023-05-11",904,1,186.12,"Churned"
13427,"2023-06-14",870,3,622.57,"Churned"
13428,"2020-11-13",1813,1,56.24,"Churned"
13430,"2022-02-23",1346,2,378.72,"Churned"
13431,"2025-10-07",24,4,275.21,"Active"
13432,"2021-12-04",1427,1,39.76,"Churned"
13433,"2025-03-20",225,1,581.11,"Churned"
13434,"2024-02-29",610,3,119.94,"Churned"
13435,"2024-12-14",321,2,447.14,"Churned"
13436,"2021-11-08",1453,1,374.44,"Churned"
13437,"2022-07-10",1209,2,1843.31,"Churned"
13438,"2025-01-20",284,1,55.05,"Churned"
13439,"2022-02-11",1358,3,146.72,"Churned"
13440,"2024-08-02",455,2,293.39,"Churned"
13442,"2023-02-09",995,1,139.12,"Churned"
13444,"2025-09-08",53,4,352.05,"At Risk"
13445,"2024-08-20",437,2,121.92,"Churned"
13447,"2024-09-19",407,1,191.15,"Churned"
13448,"2023-08-21",802,1,29.99,"Churned"
13450,"2024-01-31",639,3,85.48,"Churned"
13451,"2023-10-23",739,2,193.29,"Churned"
13453,"2023-06-22",862,2,245.40,"Churned"
13454,"2023-08-16",807,1,138.07,"Churned"
13455,"2022-10-07",1120,4,113.73,"Churned"
13457,"2022-08-25",1163,2,649.18,"Churned"
13458,"2025-09-28",33,2,85.76,"At Risk"
13461,"2025-08-21",71,2,199.97,"At Risk"
13462,"2024-12-18",317,3,337.32,"Churned"
13463,"2025-07-22",101,3,172.56,"Churned"
13464,"2024-01-10",660,1,14.24,"Churned"
13465,"2024-11-03",362,4,795.02,"Churned"
13466,"2021-11-07",1454,2,346.44,"Churned"
13467,"2024-12-29",306,3,278.13,"Churned"
13470,"2024-12-01",334,2,397.26,"Churned"
13471,"2024-01-10",660,1,41.26,"Churned"
13472,"2024-10-04",392,2,189.91,"Churned"
13473,"2023-01-23",1012,2,185.38,"Churned"
13474,"2025-01-20",284,2,391.76,"Churned"
13475,"2025-07-13",110,4,186.49,"Churned"
13476,"2025-08-29",63,4,531.53,"At Risk"
13477,"2025-08-07",85,1,58.23,"At Risk"
13478,"2023-05-19",896,2,90.34,"Churned"
13479,"2022-03-18",1323,2,161.92,"Churned"
13480,"2023-02-03",1001,2,174.90,"Churned"
13481,"2022-09-14",1143,2,70.39,"Churned"
13483,"2025-09-02",59,6,1140.29,"At Risk"
13484,"2020-01-19",2112,1,87.58,"Churned"
13486,"2025-07-24",99,2,116.47,"Churned"
13488,"2025-02-23",250,1,28.12,"Churned"
13490,"2025-09-09",52,3,547.15,"At Risk"
13491,"2023-03-15",961,2,123.03,"Churned"
13495,"2025-04-08",206,1,13.39,"Churned"
13496,"2021-08-22",1531,1,98.51,"Churned"
13497,"2025-06-02",151,2,479.23,"Churned"
13498,"2022-07-10",1209,2,98.68,"Churned"
13499,"2020-10-23",1834,1,107.61,"Churned"
13502,"2025-07-07",116,4,644.23,"Churned"
13503,"2025-05-10",174,3,579.31,"Churned"
13504,"2025-01-30",274,2,862.89,"Churned"
13505,"2022-10-31",1096,4,260.04,"Churned"
13506,"2025-04-17",197,3,75.45,"Churned"
13508,"2025-08-08",84,1,15.64,"At Risk"
13509,"2025-07-10",113,1,162.63,"Churned"
13510,"2024-01-13",657,2,99.49,"Churned"
13511,"2024-03-02",608,1,77.50,"Churned"
13512,"2021-03-16",1690,2,138.79,"Churned"
13513,"2025-10-30",1,6,1472.85,"Active"
13514,"2024-08-20",437,2,195.61,"Churned"
13515,"2020-03-21",2050,1,236.26,"Churned"
13516,"2022-03-13",1328,1,105.07,"Churned"
13517,"2023-01-01",1034,2,394.72,"Churned"
13518,"2024-04-06",573,2,228.52,"Churned"
13519,"2023-03-28",948,1,74.62,"Churned"
13520,"2022-11-25",1071,2,351.29,"Churned"
13522,"2023-04-23",922,4,467.94,"Churned"
13523,"2025-09-14",47,3,318.04,"At Risk"
13525,"2024-08-04",453,2,158.80,"Churned"
13526,"2020-11-07",1819,1,15.86,"Churned"
13527,"2021-10-05",1487,1,252.46,"Churned"
13528,"2021-05-04",1641,1,589.78,"Churned"
13529,"2025-10-27",4,3,385.72,"Active"
13530,"2025-03-18",227,1,140.74,"Churned"
13531,"2025-04-19",195,1,184.72,"Churned"
13533,"2024-04-07",572,2,270.40,"Churned"
13534,"2025-04-27",187,1,169.77,"Churned"
13535,"2020-05-14",1996,1,47.45,"Churned"
13536,"2021-09-05",1517,1,24.29,"Churned"
13537,"2023-09-22",770,1,136.74,"Churned"
13539,"2023-02-03",1001,3,169.86,"Churned"
13540,"2024-11-10",355,1,164.20,"Churned"
13541,"2025-08-11",81,1,21.85,"At Risk"
13543,"2023-08-29",794,1,167.41,"Churned"
13544,"2023-01-24",1011,3,586.69,"Churned"
13545,"2022-03-31",1310,1,111.74,"Churned"
13546,"2024-11-11",354,2,301.81,"Churned"
13547,"2025-05-01",183,3,387.59,"Churned"
13548,"2025-04-21",193,2,284.89,"Churned"
13549,"2022-12-11",1055,1,15.25,"Churned"
13550,"2022-02-23",1346,2,100.19,"Churned"
13551,"2021-02-19",1715,2,132.14,"Churned"
13552,"2025-10-21",10,3,556.38,"Active"
13553,"2023-01-24",1011,1,233.10,"Churned"
13555,"2021-08-25",1528,2,176.86,"Churned"
13556,"2020-08-01",1917,1,19.30,"Churned"
13557,"2020-01-08",2123,1,210.04,"Churned"
13558,"2020-10-27",1830,1,64.68,"Churned"
13559,"2024-11-08",357,3,103.12,"Churned"
13560,"2025-01-18",286,5,277.82,"Churned"
13561,"2021-10-02",1490,5,1130.65,"Churned"
13563,"2023-01-10",1025,2,443.52,"Churned"
13564,"2024-07-29",459,1,10.04,"Churned"
13565,"2022-06-29",1220,2,25.54,"Churned"
13566,"2022-05-29",1251,1,102.24,"Churned"
13568,"2025-07-10",113,4,468.94,"Churned"
13569,"2025-07-23",100,1,18.87,"Churned"
13570,"2025-05-10",174,3,206.35,"Churned"
13571,"2022-08-27",1161,1,63.38,"Churned"
13572,"2021-11-17",1444,1,87.67,"Churned"
13575,"2024-10-13",383,3,346.25,"Churned"
13577,"2020-07-28",1921,2,726.13,"Churned"
13579,"2025-01-19",285,2,73.73,"Churned"
13580,"2021-08-17",1536,1,156.80,"Churned"
13581,"2024-08-13",444,2,601.03,"Churned"
13583,"2025-05-06",178,3,430.67,"Churned"
13584,"2020-11-15",1811,1,176.92,"Churned"
13585,"2025-01-29",275,3,297.36,"Churned"
13586,"2022-02-11",1358,1,103.91,"Churned"
13587,"2023-01-27",1008,2,280.23,"Churned"
13588,"2025-08-02",90,2,623.06,"At Risk"
13589,"2025-03-23",222,5,389.11,"Churned"
13590,"2022-06-04",1245,2,84.07,"Churned"
13591,"2021-10-19",1473,3,314.01,"Churned"
13592,"2022-04-24",1286,2,541.03,"Churned"
13593,"2023-03-19",957,4,351.67,"Churned"
13594,"2020-04-01",2039,1,90.58,"Churned"
13595,"2022-06-10",1239,2,258.75,"Churned"
13596,"2023-07-29",825,1,56.42,"Churned"
13598,"2024-06-17",501,1,38.19,"Churned"
13600,"2023-11-20",711,1,47.82,"Churned"
13601,"2024-01-17",653,1,31.86,"Churned"
13602,"2024-06-27",491,3,822.05,"Churned"
13603,"2023-12-11",690,1,11.82,"Churned"
13605,"2023-02-17",987,2,94.10,"Churned"
13606,"2023-05-05",910,1,33.09,"Churned"
13607,"2025-07-26",97,1,10.57,"Churned"
13608,"2023-09-26",766,2,194.24,"Churned"
13609,"2023-06-11",873,1,100.53,"Churned"
13610,"2025-05-15",169,3,639.39,"Churned"
13611,"2025-07-08",115,1,335.74,"Churned"
13612,"2025-03-12",233,2,148.63,"Churned"
13613,"2023-11-15",716,3,259.43,"Churned"
13614,"2024-11-29",336,2,354.06,"Churned"
13615,"2022-01-07",1393,2,80.45,"Churned"
13618,"2022-09-06",1151,2,311.83,"Churned"
13619,"2025-06-02",151,2,108.71,"Churned"
13621,"2023-12-24",677,2,2487.41,"Churned"
13622,"2025-10-26",5,4,756.76,"Active"
13624,"2023-08-23",800,2,72.71,"Churned"
13625,"2024-11-29",336,2,68.82,"Churned"
13626,"2025-02-22",251,2,200.57,"Churned"
13627,"2022-04-12",1298,1,274.04,"Churned"
13628,"2022-03-30",1311,2,1506.79,"Churned"
13629,"2025-07-26",97,3,278.66,"Churned"
13631,"2020-03-26",2045,1,29.76,"Churned"
13632,"2024-07-10",478,4,1119.03,"Churned"
13633,"2025-07-31",92,1,27.72,"Churned"
13634,"2025-09-15",46,4,715.91,"At Risk"
13635,"2022-10-08",1119,1,118.91,"Churned"
13636,"2021-12-13",1418,1,44.18,"Churned"
13637,"2020-11-13",1813,1,51.60,"Churned"
13638,"2025-01-11",293,4,617.29,"Churned"
13639,"2022-10-12",1115,1,140.48,"Churned"
13640,"2022-09-02",1155,2,189.04,"Churned"
13641,"2022-02-15",1354,2,100.86,"Churned"
13642,"2024-02-24",615,5,675.13,"Churned"
13643,"2025-06-12",141,1,43.04,"Churned"
13644,"2024-09-17",409,3,508.00,"Churned"
13645,"2024-02-22",617,2,161.58,"Churned"
13646,"2022-05-14",1266,1,63.01,"Churned"
13647,"2023-08-20",803,2,97.83,"Churned"
13648,"2024-08-17",440,3,434.59,"Churned"
13650,"2023-07-14",840,2,203.48,"Churned"
13651,"2023-03-03",973,1,118.34,"Churned"
13653,"2022-05-10",1270,1,151.33,"Churned"
13654,"2021-07-17",1567,3,576.38,"Churned"
13655,"2023-07-20",834,1,276.20,"Churned"
13657,"2025-07-21",102,2,306.22,"Churned"
13658,"2020-09-29",1858,2,427.29,"Churned"
13659,"2025-01-07",297,2,165.06,"Churned"
13661,"2025-02-15",258,1,186.38,"Churned"
13663,"2022-02-22",1347,2,105.73,"Churned"
13664,"2021-12-25",1406,2,178.67,"Churned"
13665,"2022-02-21",1348,1,37.18,"Churned"
13666,"2022-04-26",1284,2,357.60,"Churned"
13667,"2020-12-13",1783,2,681.72,"Churned"
13668,"2022-11-05",1091,1,228.67,"Churned"
13669,"2023-07-05",849,1,40.31,"Churned"
13670,"2024-03-12",598,4,690.34,"Churned"
13671,"2022-06-12",1237,1,779.61,"Churned"
13672,"2023-11-17",714,2,201.93,"Churned"
13673,"2022-03-03",1338,1,61.46,"Churned"
13676,"2025-05-04",180,3,368.36,"Churned"
13677,"2021-07-11",1573,1,61.33,"Churned"
13678,"2024-03-03",607,4,326.20,"Churned"
13679,"2024-12-08",327,2,739.65,"Churned"
13681,"2022-05-24",1256,1,14.02,"Churned"
13682,"2024-03-17",593,1,241.64,"Churned"
13683,"2025-07-06",117,3,631.84,"Churned"
13684,"2020-08-17",1901,2,116.69,"Churned"
13685,"2021-04-29",1646,2,166.74,"Churned"
13687,"2021-10-26",1466,1,42.83,"Churned"
13688,"2022-09-27",1130,1,17.47,"Churned"
13691,"2023-03-13",963,1,133.31,"Churned"
13692,"2022-09-17",1140,1,153.65,"Churned"
13693,"2022-02-23",1346,2,568.31,"Churned"
13694,"2025-08-09",83,1,121.84,"At Risk"
13695,"2020-10-27",1830,1,68.74,"Churned"
13696,"2022-07-24",1195,2,207.32,"Churned"
13697,"2023-10-20",742,1,69.10,"Churned"
13698,"2020-03-19",2052,1,234.48,"Churned"
13699,"2025-06-20",133,1,97.91,"Churned"
13700,"2025-05-30",154,3,317.99,"Churned"
13701,"2023-11-02",729,4,1529.97,"Churned"
13702,"2025-10-29",2,2,276.38,"Active"
13703,"2025-03-21",224,1,266.10,"Churned"
13704,"2021-07-29",1555,1,59.96,"Churned"
13705,"2022-04-17",1293,1,91.74,"Churned"
13706,"2021-12-15",1416,1,104.42,"Churned"
13708,"2024-11-26",339,3,257.19,"Churned"
13709,"2020-03-12",2059,1,63.27,"Churned"
13710,"2020-08-28",1890,1,82.39,"Churned"
13711,"2022-12-16",1050,3,205.94,"Churned"
13712,"2023-11-24",707,2,40.45,"Churned"
13713,"2023-05-31",884,2,605.13,"Churned"
13716,"2024-02-28",611,3,1152.70,"Churned"
13717,"2022-07-01",1218,1,58.97,"Churned"
13718,"2025-07-20",103,3,375.28,"Churned"
13719,"2023-03-15",961,2,234.89,"Churned"
13720,"2023-04-24",921,2,215.57,"Churned"
13721,"2020-10-25",1832,1,150.32,"Churned"
13722,"2024-09-13",413,4,1010.38,"Churned"
13723,"2024-10-25",371,1,44.02,"Churned"
13725,"2023-12-05",696,1,1678.36,"Churned"
13727,"2022-05-14",1266,1,113.56,"Churned"
13728,"2024-08-28",429,1,44.22,"Churned"
13730,"2023-10-02",760,1,35.01,"Churned"
13731,"2024-03-05",605,4,1164.04,"Churned"
13732,"2020-02-26",2074,1,40.68,"Churned"
13733,"2022-04-26",1284,2,126.39,"Churned"
13734,"2021-08-08",1545,1,63.53,"Churned"
13736,"2025-01-09",295,2,121.29,"Churned"
13738,"2024-12-12",323,5,929.24,"Churned"
13739,"2021-06-14",1600,1,35.31,"Churned"
13740,"2024-12-24",311,3,189.81,"Churned"
13741,"2025-09-23",38,2,120.93,"At Risk"
13743,"2023-08-01",822,2,148.14,"Churned"
13744,"2020-07-01",1948,1,85.72,"Churned"
13745,"2021-11-27",1434,1,11.97,"Churned"
13746,"2020-12-27",1769,1,335.67,"Churned"
13747,"2024-01-31",639,4,947.43,"Churned"
13748,"2023-10-11",751,2,157.70,"Churned"
13751,"2025-07-14",109,7,870.11,"Churned"
13752,"2025-01-14",290,1,50.15,"Churned"
13753,"2023-03-28",948,3,615.85,"Churned"
13755,"2025-10-05",26,4,317.24,"Active"
13756,"2022-08-25",1163,1,26.64,"Churned"
13757,"2023-02-18",986,3,569.97,"Churned"
13758,"2023-08-19",804,1,20.11,"Churned"
13759,"2023-11-13",718,3,234.49,"Churned"
13760,"2024-12-31",304,2,158.57,"Churned"
13761,"2022-11-12",1084,1,110.33,"Churned"
13762,"2021-10-16",1476,2,193.42,"Churned"
13764,"2025-02-14",259,4,462.66,"Churned"
13765,"2022-03-11",1330,2,251.91,"Churned"
13766,"2024-11-15",350,2,323.79,"Churned"
13768,"2024-12-09",326,1,5.63,"Churned"
13769,"2022-12-12",1054,1,62.21,"Churned"
13770,"2023-03-07",969,3,349.85,"Churned"
13771,"2024-09-22",404,4,401.46,"Churned"
13772,"2024-03-12",598,2,65.94,"Churned"
13774,"2025-04-03",211,2,121.11,"Churned"
13776,"2024-03-16",594,1,389.18,"Churned"
13777,"2021-05-08",1637,1,47.42,"Churned"
13778,"2023-04-28",917,2,539.81,"Churned"
13779,"2025-10-19",12,2,300.50,"Active"
13780,"2023-05-23",892,2,774.30,"Churned"
13781,"2024-09-11",415,2,125.04,"Churned"
13783,"2021-06-25",1589,1,120.19,"Churned"
13784,"2025-09-12",49,3,339.54,"At Risk"
13785,"2022-06-21",1228,1,340.60,"Churned"
13786,"2020-04-19",2021,1,40.37,"Churned"
13787,"2024-02-16",623,2,32.28,"Churned"
13788,"2024-06-26",492,1,66.72,"Churned"
13789,"2024-08-09",448,3,116.61,"Churned"
13790,"2025-01-01",303,4,406.00,"Churned"
13791,"2024-09-29",397,2,58.34,"Churned"
13792,"2023-08-21",802,3,496.62,"Churned"
13793,"2025-04-17",197,2,226.14,"Churned"
13794,"2022-03-04",1337,1,319.51,"Churned"
13795,"2021-03-17",1689,1,7.06,"Churned"
13796,"2020-09-01",1886,1,32.90,"Churned"
13797,"2023-05-14",901,1,134.25,"Churned"
13798,"2023-07-08",846,2,96.42,"Churned"
13799,"2025-02-01",272,2,117.65,"Churned"
13800,"2023-04-14",931,1,169.60,"Churned"
13801,"2025-10-16",15,1,52.52,"Active"
13802,"2020-02-19",2081,1,24.10,"Churned"
13803,"2024-09-30",396,5,283.98,"Churned"
13804,"2022-11-01",1095,1,121.06,"Churned"
13805,"2022-05-27",1253,1,113.81,"Churned"
13806,"2024-02-19",620,1,74.40,"Churned"
13808,"2020-09-04",1883,1,55.11,"Churned"
13809,"2025-04-08",206,4,559.10,"Churned"
13810,"2025-05-20",164,3,215.41,"Churned"
13811,"2025-05-09",175,4,735.46,"Churned"
13812,"2024-02-10",629,1,5.22,"Churned"
13813,"2025-03-30",215,1,24.89,"Churned"
13815,"2021-05-16",1629,1,44.53,"Churned"
13816,"2022-09-13",1144,1,24.40,"Churned"
13817,"2023-03-30",946,2,274.35,"Churned"
13818,"2024-04-19",560,3,306.91,"Churned"
13819,"2023-01-22",1013,2,454.84,"Churned"
13821,"2025-07-11",112,4,588.59,"Churned"
13822,"2022-08-09",1179,3,388.06,"Churned"
13823,"2023-11-14",717,2,251.99,"Churned"
13825,"2025-05-17",167,3,377.41,"Churned"
13826,"2023-10-20",742,2,112.98,"Churned"
13827,"2023-03-22",954,1,83.03,"Churned"
13829,"2021-01-28",1737,1,166.10,"Churned"
13830,"2025-01-28",276,2,537.48,"Churned"
13831,"2020-02-13",2087,1,216.07,"Churned"
13832,"2025-10-28",3,1,461.18,"Active"
13833,"2023-07-18",836,3,350.92,"Churned"
13835,"2020-09-30",1857,2,725.24,"Churned"
13836,"2022-03-21",1320,2,178.45,"Churned"
13837,"2025-07-18",105,2,366.49,"Churned"
13838,"2023-10-12",750,2,282.08,"Churned"
13840,"2023-01-29",1006,1,129.09,"Churned"
13841,"2024-08-07",450,1,56.92,"Churned"
13842,"2025-03-27",218,2,869.08,"Churned"
13844,"2021-01-27",1738,1,133.66,"Churned"
13845,"2025-04-12",202,3,139.15,"Churned"
13846,"2025-04-30",184,2,203.33,"Churned"
13847,"2023-12-01",700,2,303.88,"Churned"
13848,"2022-12-19",1047,3,315.71,"Churned"
13849,"2023-11-18",713,2,71.04,"Churned"
13850,"2021-12-04",1427,2,269.20,"Churned"
13851,"2022-09-14",1143,2,102.68,"Churned"
13853,"2025-06-13",140,3,297.94,"Churned"
13854,"2021-11-25",1436,4,1183.01,"Churned"
13855,"2020-12-18",1778,1,333.71,"Churned"
13856,"2025-07-11",112,2,122.74,"Churned"
13857,"2020-01-29",2102,1,268.32,"Churned"
13858,"2022-06-27",1222,1,140.93,"Churned"
13859,"2020-12-15",1781,1,70.64,"Churned"
13860,"2022-03-02",1339,1,99.14,"Churned"
13862,"2024-11-14",351,2,50.63,"Churned"
13863,"2024-10-20",376,1,181.90,"Churned"
13865,"2024-10-11",385,3,530.90,"Churned"
13866,"2023-02-04",1000,2,242.24,"Churned"
13867,"2022-10-07",1120,1,545.18,"Churned"
13869,"2021-07-29",1555,1,340.35,"Churned"
13870,"2020-09-09",1878,1,150.10,"Churned"
13871,"2025-01-10",294,2,457.48,"Churned"
13873,"2024-10-17",379,3,517.15,"Churned"
13874,"2020-10-05",1852,1,174.86,"Churned"
13876,"2023-12-28",673,2,79.80,"Churned"
13879,"2025-10-31",0,3,399.83,"Active"
13880,"2025-05-03",181,2,605.29,"Churned"
13881,"2021-06-26",1588,1,406.20,"Churned"
13883,"2022-09-25",1132,2,52.83,"Churned"
13884,"2021-05-08",1637,1,117.78,"Churned"
13885,"2021-06-24",1590,1,47.97,"Churned"
13886,"2025-08-09",83,3,335.23,"At Risk"
13887,"2025-01-26",278,3,326.89,"Churned"
13888,"2024-10-08",388,1,131.00,"Churned"
13889,"2024-04-12",567,3,406.53,"Churned"
13890,"2025-09-06",55,4,405.69,"At Risk"
13891,"2020-11-06",1820,1,47.01,"Churned"
13893,"2020-06-13",1966,2,83.99,"Churned"
13894,"2025-08-30",62,5,2343.10,"At Risk"
13895,"2024-02-15",624,1,749.78,"Churned"
13896,"2023-11-30",701,1,68.76,"Churned"
13897,"2020-10-25",1832,1,390.53,"Churned"
13898,"2022-03-03",1338,1,132.74,"Churned"
13901,"2025-07-31",92,3,318.77,"Churned"
13902,"2022-12-06",1060,4,405.19,"Churned"
13903,"2022-12-23",1043,1,283.50,"Churned"
13905,"2025-03-12",233,1,45.47,"Churned"
13906,"2025-08-27",65,1,163.74,"At Risk"
13907,"2022-12-19",1047,2,170.82,"Churned"
13908,"2024-11-29",336,3,743.04,"Churned"
13909,"2020-09-04",1883,2,391.74,"Churned"
13910,"2023-04-12",933,1,9.39,"Churned"
13911,"2025-07-11",112,3,299.23,"Churned"
13912,"2022-12-29",1037,2,427.47,"Churned"
13913,"2024-11-17",348,1,302.72,"Churned"
13914,"2024-09-11",415,4,462.69,"Churned"
13915,"2022-04-16",1294,1,20.57,"Churned"
13916,"2022-01-04",1396,3,155.21,"Churned"
13917,"2025-01-31",273,1,85.72,"Churned"
13918,"2025-10-14",17,1,49.92,"Active"
13919,"2025-04-24",190,4,453.30,"Churned"
13920,"2020-12-01",1795,2,236.06,"Churned"
13921,"2024-06-03",515,3,282.39,"Churned"
13922,"2022-11-24",1072,2,183.33,"Churned"
13924,"2020-07-01",1948,1,213.22,"Churned"
13925,"2020-05-27",1983,1,68.67,"Churned"
13927,"2022-06-30",1219,2,71.37,"Churned"
13929,"2023-03-23",953,1,579.67,"Churned"
13931,"2025-08-25",67,1,94.78,"At Risk"
13932,"2022-10-07",1120,4,705.57,"Churned"
13933,"2024-04-09",570,2,722.07,"Churned"
13934,"2025-09-16",45,4,622.33,"At Risk"
13935,"2020-08-11",1907,1,76.99,"Churned"
13939,"2020-09-25",1862,2,87.26,"Churned"
13941,"2024-04-29",550,1,7.48,"Churned"
13944,"2024-05-03",546,3,248.10,"Churned"
13946,"2022-01-31",1369,3,277.55,"Churned"
13947,"2021-09-17",1505,1,189.96,"Churned"
13948,"2021-09-11",1511,1,351.03,"Churned"
13949,"2024-03-12",598,3,275.07,"Churned"
13950,"2023-10-05",757,2,145.77,"Churned"
13952,"2020-11-03",1823,2,431.48,"Churned"
13953,"2022-09-17",1140,3,640.55,"Churned"
13954,"2025-10-29",2,1,78.12,"Active"
13955,"2023-07-10",844,3,289.62,"Churned"
13956,"2021-01-18",1747,1,263.27,"Churned"
13957,"2023-07-07",847,1,49.75,"Churned"
13958,"2025-06-29",124,2,214.13,"Churned"
13959,"2023-06-18",866,2,254.10,"Churned"
13960,"2024-10-20",376,2,228.90,"Churned"
13961,"2024-12-11",324,2,113.20,"Churned"
13962,"2025-05-02",182,2,212.42,"Churned"
13963,"2024-10-20",376,1,103.90,"Churned"
13964,"2024-12-20",315,4,468.76,"Churned"
13965,"2025-09-11",50,2,792.46,"At Risk"
13968,"2024-12-04",331,5,1047.67,"Churned"
13970,"2022-12-21",1045,1,90.07,"Churned"
13971,"2024-03-31",579,1,51.16,"Churned"
13972,"2024-01-09",661,1,84.01,"Churned"
13973,"2021-10-30",1462,1,58.93,"Churned"
13974,"2025-05-09",175,3,403.05,"Churned"
13975,"2024-01-18",652,2,269.12,"Churned"
13976,"2024-05-12",537,4,509.07,"Churned"
13978,"2022-01-09",1391,1,43.89,"Churned"
13979,"2024-07-18",470,1,91.55,"Churned"
13980,"2021-12-26",1405,2,435.83,"Churned"
13981,"2022-08-29",1159,1,107.64,"Churned"
13982,"2022-10-13",1114,3,265.19,"Churned"
13983,"2025-09-24",37,2,239.23,"At Risk"
13984,"2020-12-25",1771,1,97.36,"Churned"
13986,"2022-10-19",1108,2,20.81,"Churned"
13987,"2024-05-01",548,5,892.21,"Churned"
13988,"2025-07-20",103,3,531.30,"Churned"
13989,"2023-12-01",700,3,575.12,"Churned"
13990,"2024-06-16",502,1,191.13,"Churned"
13991,"2024-06-25",493,1,40.69,"Churned"
13992,"2020-01-13",2118,1,49.29,"Churned"
13993,"2022-08-10",1178,2,324.73,"Churned"
13994,"2022-07-14",1205,2,120.19,"Churned"
13995,"2023-08-03",820,2,170.16,"Churned"
13996,"2023-02-22",982,2,465.75,"Churned"
13997,"2023-07-14",840,2,69.99,"Churned"
13998,"2025-06-12",141,3,321.96,"Churned"
13999,"2023-07-31",823,2,954.55,"Churned"
14000,"2023-06-01",883,1,293.06,"Churned"
14002,"2020-01-18",2113,1,321.23,"Churned"
14003,"2024-12-03",332,4,244.41,"Churned"
14004,"2023-10-03",759,1,44.94,"Churned"
14005,"2024-09-15",411,2,385.42,"Churned"
14007,"2024-04-24",555,2,436.57,"Churned"
14008,"2025-09-28",33,5,289.33,"At Risk"
14009,"2024-05-16",533,2,73.37,"Churned"
14010,"2025-08-10",82,3,262.57,"At Risk"
14011,"2024-10-31",365,2,403.07,"Churned"
14012,"2025-01-23",281,1,30.97,"Churned"
14015,"2024-12-21",314,1,170.96,"Churned"
14017,"2023-11-16",715,1,51.23,"Churned"
14018,"2022-09-18",1139,3,478.14,"Churned"
14019,"2022-06-28",1221,1,40.99,"Churned"
14020,"2025-08-26",66,2,592.47,"At Risk"
14021,"2025-03-22",223,2,274.15,"Churned"
14023,"2025-05-15",169,2,292.53,"Churned"
14024,"2025-07-18",105,3,410.83,"Churned"
14026,"2022-02-01",1368,1,99.40,"Churned"
14027,"2025-06-13",140,1,51.23,"Churned"
14029,"2022-01-07",1393,1,381.63,"Churned"
14030,"2024-10-02",394,1,4.54,"Churned"
14031,"2024-11-24",341,2,510.32,"Churned"
14032,"2025-05-02",182,1,325.59,"Churned"
14034,"2024-12-11",324,1,125.78,"Churned"
14035,"2024-05-12",537,2,161.70,"Churned"
14036,"2024-08-30",427,1,333.56,"Churned"
14037,"2025-06-22",131,3,576.06,"Churned"
14038,"2023-12-05",696,1,82.37,"Churned"
14039,"2025-01-24",280,3,482.25,"Churned"
14041,"2025-05-10",174,3,341.37,"Churned"
14042,"2021-03-14",1692,1,82.91,"Churned"
14043,"2024-11-12",353,4,880.01,"Churned"
14044,"2025-03-12",233,3,140.80,"Churned"
14045,"2024-02-07",632,2,42.56,"Churned"
14046,"2023-05-12",903,1,425.41,"Churned"
14047,"2025-06-14",139,3,586.09,"Churned"
14049,"2024-08-27",430,4,268.86,"Churned"
14050,"2025-09-15",46,2,234.66,"At Risk"
14051,"2024-03-21",589,4,235.30,"Churned"
14052,"2022-05-11",1269,1,21.77,"Churned"
14054,"2025-09-11",50,3,388.65,"At Risk"
14055,"2023-12-08",693,2,210.11,"Churned"
14056,"2023-06-20",864,1,145.09,"Churned"
14057,"2020-10-17",1840,1,52.30,"Churned"
14058,"2025-05-03",181,1,28.96,"Churned"
14059,"2020-01-15",2116,1,226.12,"Churned"
14061,"2024-02-26",613,1,158.99,"Churned"
14062,"2023-10-02",760,2,368.02,"Churned"
14063,"2024-10-28",368,3,529.72,"Churned"
14064,"2024-10-11",385,2,190.83,"Churned"
14065,"2023-08-15",808,2,488.28,"Churned"
14066,"2024-04-27",552,3,208.96,"Churned"
14067,"2021-03-27",1679,2,111.88,"Churned"
14069,"2024-08-31",426,1,56.09,"Churned"
14071,"2021-05-16",1629,2,383.75,"Churned"
14072,"2025-02-18",255,2,116.33,"Churned"
14073,"2020-04-10",2030,1,105.12,"Churned"
14074,"2023-04-23",922,2,116.76,"Churned"
14075,"2025-08-16",76,3,533.86,"At Risk"
14076,"2024-11-02",363,3,680.54,"Churned"
14077,"2025-09-07",54,1,43.60,"At Risk"
14078,"2025-02-06",267,2,291.97,"Churned"
14079,"2021-07-30",1554,1,107.43,"Churned"
14080,"2022-07-14",1205,3,550.62,"Churned"
14081,"2025-03-22",223,1,186.25,"Churned"
14082,"2024-08-30",427,2,378.25,"Churned"
14084,"2025-07-14",109,2,293.20,"Churned"
14085,"2021-11-03",1458,1,12.08,"Churned"
14086,"2025-04-30",184,2,206.73,"Churned"
14087,"2023-07-31",823,1,62.39,"Churned"
14088,"2024-03-24",586,6,1456.62,"Churned"
14089,"2024-01-19",651,1,507.67,"Churned"
14090,"2025-03-29",216,3,755.56,"Churned"
14092,"2022-11-26",1070,2,173.92,"Churned"
14093,"2024-11-22",343,2,209.54,"Churned"
14094,"2025-06-26",127,3,314.64,"Churned"
14095,"2022-12-12",1054,1,14.02,"Churned"
14096,"2021-12-22",1409,2,49.54,"Churned"
14097,"2025-01-13",291,2,123.96,"Churned"
14098,"2022-04-18",1292,1,133.03,"Churned"
14099,"2023-01-18",1017,2,185.54,"Churned"
14102,"2020-05-22",1988,1,33.76,"Churned"
14103,"2022-05-16",1264,2,306.57,"Churned"
14104,"2024-11-12",353,2,87.17,"Churned"
14105,"2024-06-28",490,4,304.19,"Churned"
14106,"2024-03-05",605,1,108.88,"Churned"
14107,"2024-12-10",325,3,768.35,"Churned"
14108,"2024-01-06",664,1,106.28,"Churned"
14109,"2023-09-22",770,1,389.07,"Churned"
14110,"2023-11-21",710,4,334.26,"Churned"
14111,"2025-02-18",255,2,320.41,"Churned"
14112,"2023-02-27",977,5,599.31,"Churned"
14113,"2021-02-13",1721,1,24.28,"Churned"
14114,"2025-03-22",223,1,282.91,"Churned"
14115,"2024-03-16",594,2,1004.48,"Churned"
14116,"2021-06-30",1584,1,241.07,"Churned"
14117,"2020-05-23",1987,1,134.53,"Churned"
14118,"2024-10-27",369,2,193.47,"Churned"
14119,"2024-03-15",595,2,96.23,"Churned"
14120,"2021-10-18",1474,2,133.28,"Churned"
14121,"2025-04-23",191,1,6.06,"Churned"
14123,"2025-01-21",283,3,312.80,"Churned"
14124,"2025-06-28",125,1,588.20,"Churned"
14125,"2023-10-23",739,1,267.49,"Churned"
14126,"2025-08-12",80,2,296.75,"At Risk"
14127,"2024-12-31",304,2,241.93,"Churned"
14128,"2025-04-04",210,2,121.48,"Churned"
14129,"2024-05-09",540,2,48.64,"Churned"
14130,"2021-03-20",1686,1,128.54,"Churned"
14131,"2025-02-14",259,5,1062.36,"Churned"
14132,"2023-05-31",884,3,309.28,"Churned"
14133,"2024-03-05",605,3,342.24,"Churned"
14134,"2022-03-16",1325,1,311.17,"Churned"
14135,"2023-10-26",736,3,2588.95,"Churned"
14136,"2022-07-19",1200,1,41.13,"Churned"
14137,"2023-10-08",754,3,628.92,"Churned"
14138,"2021-07-02",1582,1,35.75,"Churned"
14139,"2022-03-02",1339,1,151.12,"Churned"
14140,"2025-03-27",218,4,643.76,"Churned"
14141,"2025-02-27",246,3,355.55,"Churned"
14142,"2022-06-11",1238,1,28.96,"Churned"
14143,"2024-11-18",347,1,7.79,"Churned"
14144,"2021-08-16",1537,1,333.56,"Churned"
14145,"2024-07-20",468,4,789.96,"Churned"
14146,"2023-10-15",747,1,127.33,"Churned"
14147,"2023-08-24",799,2,486.58,"Churned"
14149,"2023-11-20",711,4,213.72,"Churned"
14150,"2025-04-24",190,5,416.78,"Churned"
14151,"2022-03-07",1334,1,121.13,"Churned"
14152,"2025-08-06",86,3,520.19,"At Risk"
14153,"2023-04-05",940,1,747.76,"Churned"
14154,"2024-05-25",524,2,162.23,"Churned"
14155,"2024-08-16",441,3,168.54,"Churned"
14156,"2023-01-17",1018,1,8.55,"Churned"
14157,"2024-11-22",343,2,171.46,"Churned"
14158,"2024-04-20",559,2,233.16,"Churned"
14160,"2023-11-25",706,2,95.46,"Churned"
14161,"2021-02-19",1715,2,175.81,"Churned"
14162,"2024-05-19",530,2,136.52,"Churned"
14166,"2024-10-01",395,2,360.37,"Churned"
14167,"2024-04-01",578,2,124.49,"Churned"
14168,"2024-10-28",368,4,1113.12,"Churned"
14169,"2022-09-17",1140,2,586.10,"Churned"
14170,"2023-05-01",914,2,181.41,"Churned"
14171,"2024-05-05",544,3,466.83,"Churned"
14172,"2021-01-08",1757,1,59.92,"Churned"
14174,"2024-10-04",392,2,95.12,"Churned"
14175,"2022-07-31",1188,1,40.61,"Churned"
14176,"2024-09-22",404,2,88.17,"Churned"
14177,"2022-06-15",1234,2,844.71,"Churned"
14178,"2022-03-19",1322,3,396.72,"Churned"
14180,"2024-11-29",336,2,278.57,"Churned"
14182,"2021-09-09",1513,1,137.16,"Churned"
14183,"2020-04-29",2011,2,249.58,"Churned"
14184,"2022-02-22",1347,2,141.06,"Churned"
14185,"2022-10-17",1110,2,166.74,"Churned"
14187,"2021-07-30",1554,1,6.00,"Churned"
14188,"2025-05-05",179,4,410.09,"Churned"
14189,"2025-10-22",9,2,35.97,"Active"
14190,"2025-07-24",99,1,148.54,"Churned"
14191,"2023-09-05",787,1,64.52,"Churned"
14192,"2025-07-20",103,3,328.40,"Churned"
14193,"2022-04-07",1303,2,58.71,"Churned"
14194,"2024-06-02",516,2,217.16,"Churned"
14195,"2023-09-21",771,3,1581.48,"Churned"
14196,"2023-05-29",886,2,265.45,"Churned"
14197,"2021-05-29",1616,1,169.28,"Churned"
14200,"2025-08-02",90,3,249.00,"At Risk"
14201,"2021-02-28",1706,1,39.23,"Churned"
14203,"2025-04-28",186,3,179.24,"Churned"
14204,"2024-10-14",382,2,73.39,"Churned"
14205,"2021-05-07",1638,2,127.85,"Churned"
14206,"2023-09-13",779,3,569.16,"Churned"
14207,"2025-02-13",260,2,72.64,"Churned"
14210,"2022-01-10",1390,2,563.83,"Churned"
14213,"2025-08-16",76,3,202.23,"At Risk"
14214,"2024-04-29",550,1,14.08,"Churned"
14215,"2022-12-31",1035,2,249.54,"Churned"
14216,"2023-12-26",675,1,138.92,"Churned"
14219,"2023-08-04",819,3,629.39,"Churned"
14221,"2024-11-18",347,2,728.68,"Churned"
14222,"2024-04-13",566,2,97.02,"Churned"
14224,"2023-09-06",786,5,651.58,"Churned"
14225,"2025-01-19",285,1,339.16,"Churned"
14226,"2024-08-02",455,3,75.64,"Churned"
14227,"2025-04-01",213,3,1003.87,"Churned"
14228,"2025-09-09",52,6,680.51,"At Risk"
14229,"2023-09-29",763,1,43.70,"Churned"
14230,"2024-01-08",662,2,285.31,"Churned"
14231,"2025-03-07",238,2,482.64,"Churned"
14232,"2023-08-02",821,4,493.08,"Churned"
14233,"2023-02-23",981,1,246.74,"Churned"
14235,"2024-07-10",478,1,55.45,"Churned"
14236,"2022-03-22",1319,2,153.31,"Churned"
14237,"2024-10-29",367,1,83.52,"Churned"
14238,"2025-08-12",80,2,229.88,"At Risk"
14239,"2022-06-09",1240,1,16.43,"Churned"
14240,"2024-08-14",443,3,441.07,"Churned"
14241,"2024-04-26",553,3,418.50,"Churned"
14242,"2022-05-06",1274,2,94.46,"Churned"
14244,"2024-07-08",480,2,356.94,"Churned"
14245,"2023-12-07",694,2,35.27,"Churned"
14246,"2021-08-10",1543,1,27.69,"Churned"
14247,"2021-06-17",1597,1,224.97,"Churned"
14248,"2022-02-17",1352,2,374.79,"Churned"
14249,"2025-03-28",217,3,130.15,"Churned"
14250,"2025-09-16",45,1,159.77,"At Risk"
14251,"2023-05-01",914,2,25.69,"Churned"
14253,"2024-12-25",310,2,610.80,"Churned"
14254,"2024-09-18",408,1,188.28,"Churned"
14255,"2024-12-12",323,2,62.84,"Churned"
14256,"2024-09-27",399,2,71.59,"Churned"
14257,"2024-07-26",462,4,438.14,"Churned"
14258,"2023-10-21",741,1,32.22,"Churned"
14259,"2021-08-12",1541,1,118.56,"Churned"
14260,"2025-04-08",206,1,182.10,"Churned"
14261,"2021-09-05",1517,1,48.38,"Churned"
14262,"2025-07-29",94,4,204.40,"Churned"
14263,"2025-05-21",163,3,670.70,"Churned"
14264,"2021-03-10",1696,1,104.46,"Churned"
14265,"2025-01-03",301,3,356.51,"Churned"
14266,"2022-12-06",1060,2,368.24,"Churned"
14267,"2020-04-06",2034,1,129.65,"Churned"
14269,"2022-06-14",1235,2,758.48,"Churned"
14270,"2023-10-01",761,2,223.72,"Churned"
14271,"2021-02-12",1722,1,816.43,"Churned"
14272,"2021-07-15",1569,1,4.86,"Churned"
14274,"2022-12-03",1063,1,128.09,"Churned"
14278,"2025-07-19",104,3,76.89,"Churned"
14279,"2024-10-05",391,4,1045.20,"Churned"
14280,"2022-09-05",1152,2,134.52,"Churned"
14281,"2021-10-28",1464,1,41.74,"Churned"
14283,"2025-10-21",10,4,975.86,"Active"
14289,"2024-06-03",515,3,82.71,"Churned"
14290,"2021-02-25",1709,1,56.23,"Churned"
14291,"2021-10-28",1464,2,376.51,"Churned"
14292,"2021-12-28",1403,1,347.63,"Churned"
14293,"2024-10-04",392,4,579.14,"Churned"
14294,"2021-10-02",1490,1,40.23,"Churned"
14295,"2024-09-08",418,2,178.55,"Churned"
14296,"2020-10-06",1851,1,158.96,"Churned"
14297,"2024-08-15",442,1,20.11,"Churned"
14298,"2022-06-08",1241,3,335.04,"Churned"
14299,"2024-08-08",449,4,747.96,"Churned"
14301,"2025-08-16",76,3,932.16,"At Risk"
14304,"2023-04-29",916,3,190.30,"Churned"
14305,"2023-11-11",720,2,229.20,"Churned"
14306,"2025-09-04",57,1,28.32,"At Risk"
14308,"2022-12-09",1057,2,430.66,"Churned"
14309,"2022-03-20",1321,1,72.59,"Churned"
14311,"2021-10-26",1466,2,612.21,"Churned"
14312,"2024-09-02",424,2,58.70,"Churned"
14313,"2020-03-29",2042,1,89.84,"Churned"
14315,"2025-01-13",291,6,799.60,"Churned"
14317,"2022-05-13",1267,1,196.60,"Churned"
14318,"2025-09-26",35,3,371.75,"At Risk"
14319,"2025-08-20",72,2,154.71,"At Risk"
14320,"2024-09-06",420,4,132.10,"Churned"
14321,"2025-02-27",246,2,243.62,"Churned"
14322,"2025-07-27",96,2,256.32,"Churned"
14323,"2024-07-12",476,4,526.40,"Churned"
14324,"2023-02-22",982,3,709.22,"Churned"
14325,"2024-01-09",661,3,171.74,"Churned"
14326,"2024-05-17",532,3,841.59,"Churned"
14327,"2022-04-21",1289,1,5.47,"Churned"
14328,"2020-10-27",1830,1,561.16,"Churned"
14329,"2024-08-08",449,1,111.28,"Churned"
14330,"2022-12-15",1051,1,21.35,"Churned"
14331,"2023-08-18",805,1,23.63,"Churned"
14332,"2024-12-11",324,2,211.45,"Churned"
14333,"2023-11-13",718,3,168.93,"Churned"
14334,"2023-01-08",1027,1,99.76,"Churned"
14335,"2021-01-03",1762,1,104.36,"Churned"
14336,"2020-02-04",2096,1,413.39,"Churned"
14337,"2025-08-05",87,4,172.45,"At Risk"
14338,"2020-05-24",1986,1,116.25,"Churned"
14339,"2022-08-11",1177,2,241.02,"Churned"
14340,"2024-03-01",609,3,322.07,"Churned"
14341,"2024-06-04",514,4,258.68,"Churned"
14342,"2021-01-20",1745,1,25.98,"Churned"
14343,"2025-08-16",76,3,170.62,"At Risk"
14344,"2022-05-15",1265,1,669.98,"Churned"
14345,"2025-01-11",293,3,172.97,"Churned"
14347,"2025-08-15",77,2,278.79,"At Risk"
14348,"2025-06-13",140,4,609.76,"Churned"
14349,"2020-01-24",2107,1,94.68,"Churned"
14350,"2022-11-30",1066,1,623.17,"Churned"
14351,"2025-04-11",203,2,63.84,"Churned"
14352,"2021-03-18",1688,2,187.24,"Churned"
14353,"2024-03-18",592,1,529.97,"Churned"
14354,"2024-11-20",345,3,729.58,"Churned"
14356,"2023-04-03",942,2,469.93,"Churned"
14357,"2025-08-12",80,2,425.80,"At Risk"
14358,"2025-08-17",75,3,189.94,"At Risk"
14359,"2024-03-15",595,3,396.10,"Churned"
14360,"2025-06-19",134,1,264.00,"Churned"
14361,"2021-09-01",1521,1,41.61,"Churned"
14362,"2023-06-11",873,1,34.57,"Churned"
14363,"2024-06-14",504,5,529.68,"Churned"
14364,"2020-05-19",1991,1,5.73,"Churned"
14365,"2023-06-14",870,4,495.10,"Churned"
14366,"2023-05-11",904,3,296.48,"Churned"
14367,"2025-03-06",239,1,105.32,"Churned"
14368,"2022-08-26",1162,2,236.46,"Churned"
14369,"2024-05-31",518,1,4.95,"Churned"
14370,"2022-05-31",1249,1,38.13,"Churned"
14371,"2025-07-24",99,2,429.27,"Churned"
14372,"2024-07-31",457,2,212.52,"Churned"
14374,"2022-10-15",1112,2,187.59,"Churned"
14375,"2025-08-19",73,2,284.16,"At Risk"
14376,"2025-07-18",105,4,830.75,"Churned"
14377,"2024-07-06",482,2,316.77,"Churned"
14378,"2024-11-02",363,3,160.28,"Churned"
14379,"2025-04-07",207,4,343.32,"Churned"
14380,"2025-06-23",130,2,307.69,"Churned"
14381,"2022-07-23",1196,1,54.63,"Churned"
14382,"2025-09-28",33,4,703.67,"At Risk"
14383,"2025-05-17",167,3,874.26,"Churned"
14384,"2020-11-03",1823,1,70.00,"Churned"
14385,"2024-01-08",662,3,442.15,"Churned"
14387,"2021-02-06",1728,1,91.50,"Churned"
14388,"2025-01-20",284,2,262.46,"Churned"
14391,"2024-06-21",497,2,217.69,"Churned"
14392,"2021-05-10",1635,1,81.58,"Churned"
14393,"2024-07-16",472,1,80.47,"Churned"
14394,"2023-07-18",836,1,72.44,"Churned"
14395,"2023-12-12",689,2,236.91,"Churned"
14396,"2023-10-24",738,1,128.97,"Churned"
14397,"2025-01-15",289,3,137.17,"Churned"
14398,"2022-08-10",1178,1,70.45,"Churned"
14399,"2022-12-02",1064,1,394.69,"Churned"
14400,"2024-04-15",564,2,965.06,"Churned"
14401,"2023-11-08",723,1,19.48,"Churned"
14402,"2023-05-18",897,1,225.30,"Churned"
14403,"2020-03-11",2060,1,70.45,"Churned"
14404,"2022-07-17",1202,2,128.15,"Churned"
14405,"2025-06-07",146,1,142.41,"Churned"
14406,"2025-04-02",212,1,89.22,"Churned"
14407,"2023-06-12",872,3,346.98,"Churned"
14408,"2024-10-24",372,4,273.54,"Churned"
14409,"2022-06-16",1233,2,276.82,"Churned"
14410,"2023-06-30",854,1,30.52,"Churned"
14411,"2023-09-17",775,1,384.44,"Churned"
14412,"2024-06-05",513,4,729.45,"Churned"
14413,"2022-01-06",1394,1,80.20,"Churned"
14414,"2023-09-02",790,2,133.51,"Churned"
14415,"2025-06-06",147,1,64.56,"Churned"
14416,"2025-02-21",252,2,144.76,"Churned"
14417,"2024-11-12",353,2,160.63,"Churned"
14418,"2025-08-21",71,3,73.17,"At Risk"
14419,"2025-05-15",169,2,263.66,"Churned"
14420,"2024-10-10",386,1,39.44,"Churned"
14421,"2023-09-22",770,3,796.04,"Churned"
14422,"2022-10-08",1119,1,421.75,"Churned"
14424,"2025-06-22",131,3,453.69,"Churned"
14425,"2023-06-10",874,2,314.38,"Churned"
14426,"2023-02-28",976,1,84.40,"Churned"
14427,"2024-05-26",523,2,62.05,"Churned"
14429,"2024-09-24",402,1,8.79,"Churned"
14431,"2025-04-22",192,3,319.24,"Churned"
14432,"2024-06-07",511,2,118.78,"Churned"
14433,"2025-03-21",224,2,296.87,"Churned"
14434,"2022-10-04",1123,1,55.94,"Churned"
14435,"2022-11-22",1074,2,98.26,"Churned"
14436,"2024-12-31",304,3,288.65,"Churned"
14437,"2025-01-27",277,3,528.75,"Churned"
14438,"2024-09-13",413,3,594.71,"Churned"
14439,"2025-10-06",25,4,1004.07,"Active"
14440,"2024-05-25",524,4,1139.53,"Churned"
14441,"2020-03-29",2042,3,298.83,"Churned"
14442,"2021-11-27",1434,1,120.63,"Churned"
14444,"2023-04-06",939,1,44.44,"Churned"
14445,"2022-09-30",1127,2,152.29,"Churned"
14447,"2025-08-26",66,2,233.32,"At Risk"
14448,"2022-04-07",1303,2,55.34,"Churned"
14449,"2023-07-05",849,1,13.71,"Churned"
14451,"2025-09-26",35,1,79.45,"At Risk"
14452,"2020-08-06",1912,1,462.34,"Churned"
14453,"2020-02-26",2074,1,44.46,"Churned"
14455,"2021-05-07",1638,2,261.00,"Churned"
14456,"2023-03-23",953,3,365.74,"Churned"
14457,"2021-12-14",1417,1,11.30,"Churned"
14458,"2022-10-15",1112,1,10.97,"Churned"
14459,"2025-09-10",51,3,210.44,"At Risk"
14461,"2021-03-28",1678,1,6.72,"Churned"
14462,"2023-02-03",1001,1,39.95,"Churned"
14464,"2024-07-16",472,3,626.02,"Churned"
14465,"2021-09-25",1497,1,87.84,"Churned"
14466,"2023-02-10",994,2,333.28,"Churned"
14469,"2022-06-13",1236,1,74.58,"Churned"
14470,"2025-04-03",211,4,557.05,"Churned"
14472,"2020-06-25",1954,1,84.43,"Churned"
14473,"2020-08-29",1889,2,295.94,"Churned"
14474,"2021-06-02",1612,2,280.22,"Churned"
14477,"2025-04-06",208,1,10.17,"Churned"
14478,"2025-07-21",102,6,445.18,"Churned"
14479,"2023-03-08",968,1,127.31,"Churned"
14481,"2023-06-29",855,2,272.88,"Churned"
14482,"2023-02-09",995,2,77.84,"Churned"
14483,"2023-08-16",807,2,86.55,"Churned"
14484,"2025-08-23",69,2,340.63,"At Risk"
14485,"2025-06-01",152,4,167.77,"Churned"
14486,"2024-03-05",605,3,113.77,"Churned"
14489,"2023-08-29",794,2,428.82,"Churned"
14490,"2025-02-18",255,3,192.34,"Churned"
14491,"2020-06-07",1972,1,335.98,"Churned"
14492,"2025-03-01",244,1,232.67,"Churned"
14493,"2023-07-26",828,1,391.14,"Churned"
14494,"2024-06-15",503,3,216.58,"Churned"
14495,"2025-01-10",294,1,1924.76,"Churned"
14498,"2023-09-18",774,2,290.37,"Churned"
14499,"2020-08-12",1906,2,167.10,"Churned"
14500,"2025-04-17",197,2,156.47,"Churned"
14501,"2024-04-06",573,3,306.64,"Churned"
14502,"2022-11-04",1092,3,219.25,"Churned"
14503,"2023-10-27",735,2,137.07,"Churned"
14504,"2021-05-11",1634,1,7.12,"Churned"
14507,"2020-11-13",1813,1,183.26,"Churned"
14508,"2024-09-25",401,1,58.50,"Churned"
14509,"2023-06-07",877,2,723.58,"Churned"
14512,"2025-04-16",198,2,137.38,"Churned"
14513,"2021-06-23",1591,1,144.60,"Churned"
14515,"2021-12-25",1406,1,61.13,"Churned"
14516,"2020-09-03",1884,1,17.37,"Churned"
14517,"2022-08-13",1175,2,148.37,"Churned"
14518,"2023-04-12",933,2,93.28,"Churned"
14519,"2024-11-02",363,1,23.56,"Churned"
14520,"2024-11-07",358,2,125.17,"Churned"
14521,"2020-04-03",2037,1,53.79,"Churned"
14522,"2021-04-10",1665,1,270.26,"Churned"
14524,"2025-09-22",39,1,61.33,"At Risk"
14525,"2023-12-06",695,3,162.13,"Churned"
14526,"2025-10-18",13,2,172.13,"Active"
14527,"2023-05-08",907,2,104.12,"Churned"
14528,"2025-08-17",75,3,298.67,"At Risk"
14529,"2023-07-10",844,1,202.98,"Churned"
14530,"2025-05-27",157,2,681.36,"Churned"
14532,"2022-01-18",1382,1,54.94,"Churned"
14533,"2022-05-01",1279,2,329.92,"Churned"
14535,"2021-09-02",1520,1,275.74,"Churned"
14536,"2022-04-18",1292,1,8.25,"Churned"
14537,"2024-09-18",408,1,103.79,"Churned"
14538,"2023-10-13",749,2,69.26,"Churned"
14539,"2023-04-15",930,3,612.78,"Churned"
14540,"2025-10-03",28,6,1426.96,"Active"
14541,"2024-05-30",519,4,240.02,"Churned"
14542,"2024-02-21",618,3,276.14,"Churned"
14544,"2024-02-21",618,3,453.00,"Churned"
14545,"2024-12-20",315,2,136.51,"Churned"
14547,"2023-11-05",726,3,283.74,"Churned"
14549,"2024-04-13",566,4,787.99,"Churned"
14550,"2022-05-04",1276,2,308.71,"Churned"
14551,"2020-07-01",1948,1,48.47,"Churned"
14552,"2022-11-07",1089,2,360.84,"Churned"
14553,"2021-05-12",1633,3,378.15,"Churned"
14554,"2021-08-10",1543,2,349.96,"Churned"
14555,"2025-06-11",142,2,311.20,"Churned"
14556,"2024-09-27",399,2,181.51,"Churned"
14557,"2022-12-16",1050,1,37.53,"Churned"
14558,"2022-10-29",1098,2,93.92,"Churned"
14559,"2024-10-19",377,3,636.61,"Churned"
14561,"2020-11-12",1814,2,118.77,"Churned"
14562,"2025-07-30",93,5,450.21,"Churned"
14563,"2025-10-28",3,2,139.87,"Active"
14564,"2020-07-16",1933,1,19.65,"Churned"
14565,"2024-06-18",500,3,618.53,"Churned"
14566,"2025-04-08",206,1,77.63,"Churned"
14568,"2023-01-31",1004,2,168.94,"Churned"
14569,"2023-01-21",1014,1,186.63,"Churned"
14570,"2021-05-30",1615,2,127.18,"Churned"
14571,"2024-12-27",308,1,49.21,"Churned"
14572,"2022-02-11",1358,3,337.32,"Churned"
14573,"2024-11-12",353,4,363.01,"Churned"
14574,"2022-04-23",1287,1,30.50,"Churned"
14575,"2025-02-06",267,2,392.73,"Churned"
14576,"2023-06-19",865,1,58.66,"Churned"
14577,"2025-04-03",211,1,110.79,"Churned"
14578,"2025-07-16",107,2,426.67,"Churned"
14579,"2020-06-25",1954,1,134.06,"Churned"
14580,"2024-07-17",471,2,91.90,"Churned"
14585,"2020-11-05",1821,1,90.38,"Churned"
14586,"2022-01-12",1388,1,112.38,"Churned"
14587,"2022-02-15",1354,2,123.50,"Churned"
14589,"2020-04-27",2013,1,81.88,"Churned"
14590,"2023-03-13",963,1,78.14,"Churned"
14591,"2024-05-29",520,3,849.65,"Churned"
14592,"2023-06-26",858,2,310.75,"Churned"
14594,"2025-10-22",9,2,258.20,"Active"
14595,"2025-08-25",67,1,119.58,"At Risk"
14596,"2024-10-30",366,2,207.97,"Churned"
14597,"2021-02-18",1716,1,253.72,"Churned"
14598,"2023-07-25",829,2,308.85,"Churned"
14599,"2025-01-31",273,2,207.18,"Churned"
14600,"2024-08-15",442,4,649.80,"Churned"
14601,"2022-08-01",1187,1,209.55,"Churned"
14602,"2021-03-02",1704,1,58.84,"Churned"
14603,"2025-06-04",149,1,77.30,"Churned"
14604,"2024-05-08",541,3,722.19,"Churned"
14606,"2024-08-22",435,2,165.11,"Churned"
14607,"2024-01-02",668,1,83.38,"Churned"
14608,"2022-10-31",1096,2,533.31,"Churned"
14609,"2025-02-19",254,2,435.79,"Churned"
14610,"2023-09-24",768,3,196.86,"Churned"
14611,"2020-07-24",1925,1,75.36,"Churned"
14612,"2024-12-29",306,2,50.98,"Churned"
14613,"2022-06-23",1226,3,169.41,"Churned"
14614,"2023-02-10",994,2,289.08,"Churned"
14615,"2025-09-04",57,5,683.47,"At Risk"
14616,"2025-06-19",134,7,1046.24,"Churned"
14617,"2024-11-08",357,2,273.49,"Churned"
14618,"2024-11-06",359,3,287.52,"Churned"
14620,"2021-07-23",1561,3,564.33,"Churned"
14622,"2024-09-03",423,3,153.25,"Churned"
14623,"2024-08-28",429,2,388.47,"Churned"
14624,"2023-05-30",885,2,109.83,"Churned"
14625,"2025-01-28",276,2,386.13,"Churned"
14626,"2023-11-02",729,1,199.87,"Churned"
14627,"2025-08-29",63,4,411.62,"At Risk"
14628,"2023-01-25",1010,2,63.61,"Churned"
14630,"2025-03-18",227,5,278.77,"Churned"
14631,"2023-01-21",1014,1,224.73,"Churned"
14632,"2025-09-25",36,3,386.36,"At Risk"
14633,"2021-10-15",1477,2,391.71,"Churned"
14634,"2023-01-05",1030,3,845.52,"Churned"
14635,"2025-03-31",214,3,140.67,"Churned"
14636,"2024-10-29",367,2,82.65,"Churned"
14637,"2024-12-05",330,2,191.66,"Churned"
14638,"2022-09-04",1153,1,1497.18,"Churned"
14639,"2024-11-10",355,3,75.06,"Churned"
14640,"2024-12-24",311,3,463.76,"Churned"
14641,"2024-05-22",527,2,69.06,"Churned"
14642,"2024-06-28",490,4,572.31,"Churned"
14644,"2022-05-21",1259,1,91.23,"Churned"
14646,"2021-10-01",1491,1,54.95,"Churned"
14647,"2022-03-10",1331,3,386.78,"Churned"
14648,"2025-06-09",144,2,140.71,"Churned"
14650,"2024-09-14",412,3,313.61,"Churned"
14651,"2020-08-15",1903,1,105.52,"Churned"
14652,"2023-05-17",898,2,187.78,"Churned"
14653,"2022-03-25",1316,1,432.43,"Churned"
14654,"2022-09-09",1148,2,448.39,"Churned"
14655,"2021-02-17",1717,1,147.22,"Churned"
14656,"2024-01-16",654,2,434.16,"Churned"
14657,"2023-02-14",990,2,1450.64,"Churned"
14658,"2022-04-07",1303,1,196.22,"Churned"
14659,"2024-09-29",397,3,740.76,"Churned"
14660,"2025-04-12",202,3,714.23,"Churned"
14661,"2023-07-27",827,2,94.62,"Churned"
14662,"2024-08-05",452,3,847.66,"Churned"
14663,"2025-02-27",246,3,498.13,"Churned"
14664,"2025-07-22",101,2,337.61,"Churned"
14665,"2025-07-14",109,4,999.53,"Churned"
14667,"2023-10-28",734,1,14.56,"Churned"
14668,"2025-06-22",131,3,282.56,"Churned"
14669,"2023-04-09",936,1,291.33,"Churned"
14672,"2025-02-11",262,3,1316.47,"Churned"
14673,"2024-06-01",517,2,76.09,"Churned"
14675,"2024-12-26",309,3,354.52,"Churned"
14676,"2021-01-28",1737,1,48.40,"Churned"
14679,"2024-04-11",568,3,316.36,"Churned"
14680,"2025-08-21",71,1,165.42,"At Risk"
14681,"2025-04-23",191,3,390.87,"Churned"
14683,"2024-09-19",407,1,39.14,"Churned"
14684,"2021-12-28",1403,1,138.51,"Churned"
14685,"2021-03-15",1691,1,36.70,"Churned"
14686,"2025-05-12",172,1,15.24,"Churned"
14687,"2025-09-09",52,4,412.81,"At Risk"
14688,"2025-04-20",194,3,114.31,"Churned"
14689,"2024-03-31",579,5,633.58,"Churned"
14690,"2021-04-14",1661,2,281.70,"Churned"
14691,"2024-09-02",424,1,27.27,"Churned"
14692,"2025-02-24",249,2,205.93,"Churned"
14693,"2022-09-13",1144,3,235.63,"Churned"
14694,"2023-07-15",839,1,118.16,"Churned"
14696,"2024-02-19",620,2,204.35,"Churned"
14698,"2024-12-04",331,3,914.54,"Churned"
14699,"2025-08-06",86,3,572.37,"At Risk"
14701,"2023-03-02",974,1,43.27,"Churned"
14702,"2025-01-21",283,3,598.50,"Churned"
14703,"2025-08-24",68,2,76.04,"At Risk"
14705,"2021-12-07",1424,1,20.94,"Churned"
14706,"2023-06-03",881,1,40.43,"Churned"
14707,"2021-06-13",1601,1,87.99,"Churned"
14709,"2025-02-22",251,1,114.80,"Churned"
14710,"2022-09-05",1152,2,142.43,"Churned"
14712,"2025-07-13",110,2,276.60,"Churned"
14713,"2025-09-22",39,4,193.92,"At Risk"
14714,"2025-09-02",59,2,368.16,"At Risk"
14715,"2024-09-21",405,4,563.24,"Churned"
14716,"2025-08-13",79,4,444.65,"At Risk"
14717,"2025-05-10",174,1,14.55,"Churned"
14718,"2025-09-21",40,4,430.46,"At Risk"
14719,"2024-12-12",323,2,61.58,"Churned"
14720,"2023-07-19",835,3,103.06,"Churned"
14721,"2025-10-06",25,4,672.45,"Active"
14722,"2022-02-22",1347,3,649.89,"Churned"
14723,"2020-05-01",2009,1,155.68,"Churned"
14724,"2021-02-13",1721,1,167.70,"Churned"
14726,"2021-05-06",1639,1,230.88,"Churned"
14728,"2022-11-27",1069,2,145.91,"Churned"
14729,"2022-10-28",1099,1,34.18,"Churned"
14730,"2024-08-13",444,2,126.64,"Churned"
14731,"2025-09-17",44,3,258.77,"At Risk"
14732,"2025-06-22",131,4,804.49,"Churned"
14734,"2024-01-23",647,2,69.62,"Churned"
14735,"2023-03-22",954,2,139.77,"Churned"
14736,"2022-03-19",1322,1,194.13,"Churned"
14737,"2024-10-26",370,3,272.99,"Churned"
14738,"2020-03-24",2047,1,4.96,"Churned"
14739,"2022-12-30",1036,2,277.82,"Churned"
14740,"2024-07-11",477,3,566.91,"Churned"
14743,"2023-10-10",752,1,82.08,"Churned"
14744,"2022-11-25",1071,2,77.37,"Churned"
14745,"2025-09-22",39,3,267.58,"At Risk"
14746,"2024-09-20",406,1,97.93,"Churned"
14747,"2023-10-12",750,2,951.60,"Churned"
14748,"2025-01-27",277,4,280.57,"Churned"
14749,"2024-12-02",333,2,196.38,"Churned"
14750,"2021-11-16",1445,1,215.23,"Churned"
14752,"2025-09-18",43,6,737.66,"At Risk"
14753,"2023-08-18",805,2,88.67,"Churned"
14754,"2025-10-19",12,1,64.73,"Active"
14755,"2025-10-23",8,2,114.89,"Active"
14756,"2024-12-08",327,3,689.04,"Churned"
14759,"2025-02-03",270,1,31.08,"Churned"
14760,"2024-12-13",322,3,164.94,"Churned"
14761,"2024-12-09",326,2,161.63,"Churned"
14763,"2023-09-01",791,2,202.40,"Churned"
14764,"2023-04-11",934,3,353.25,"Churned"
14765,"2021-08-14",1539,3,413.03,"Churned"
14766,"2025-08-05",87,4,409.12,"At Risk"
14767,"2025-09-03",58,1,145.99,"At Risk"
14768,"2025-05-19",165,1,40.15,"Churned"
14769,"2025-08-12",80,1,162.40,"At Risk"
14771,"2022-12-17",1049,2,249.79,"Churned"
14772,"2021-10-07",1485,3,297.73,"Churned"
14773,"2025-07-29",94,1,147.81,"Churned"
14775,"2025-08-25",67,1,130.34,"At Risk"
14776,"2023-12-29",672,1,606.39,"Churned"
14777,"2023-09-01",791,2,76.86,"Churned"
14778,"2025-05-07",177,1,290.67,"Churned"
14779,"2022-03-06",1335,2,264.88,"Churned"
14781,"2024-09-08",418,1,156.54,"Churned"
14782,"2020-04-11",2029,1,140.73,"Churned"
14783,"2024-12-02",333,3,824.33,"Churned"
14784,"2024-02-26",613,1,199.73,"Churned"
14785,"2024-12-05",330,4,299.51,"Churned"
14786,"2024-06-04",514,2,42.04,"Churned"
14787,"2025-05-10",174,2,58.64,"Churned"
14790,"2025-10-03",28,1,232.65,"Active"
14791,"2025-01-05",299,2,91.77,"Churned"
14793,"2025-01-07",297,1,127.26,"Churned"
14794,"2024-10-17",379,1,75.19,"Churned"
14796,"2024-06-19",499,2,252.82,"Churned"
14797,"2024-02-27",612,2,515.11,"Churned"
14798,"2025-10-15",16,4,651.55,"Active"
14799,"2024-05-06",543,2,508.45,"Churned"
14800,"2024-05-03",546,2,241.00,"Churned"
14801,"2025-04-06",208,1,549.53,"Churned"
14802,"2023-10-02",760,1,168.66,"Churned"
14803,"2024-11-05",360,2,287.31,"Churned"
14805,"2025-05-25",159,2,496.82,"Churned"
14806,"2025-01-24",280,2,134.75,"Churned"
14807,"2025-05-25",159,1,28.23,"Churned"
14808,"2021-05-16",1629,1,37.65,"Churned"
14810,"2021-10-29",1463,1,145.60,"Churned"
14811,"2024-08-23",434,6,337.37,"Churned"
14812,"2022-03-29",1312,3,536.91,"Churned"
14813,"2024-05-09",540,1,60.48,"Churned"
14815,"2024-07-07",481,1,337.38,"Churned"
14816,"2025-10-06",25,6,646.18,"Active"
14817,"2022-10-02",1125,3,559.46,"Churned"
14818,"2021-10-29",1463,1,90.34,"Churned"
14819,"2024-02-23",616,5,1727.58,"Churned"
14821,"2025-06-20",133,1,101.07,"Churned"
14822,"2024-11-20",345,2,124.70,"Churned"
14823,"2023-10-08",754,2,511.63,"Churned"
14824,"2023-08-22",801,1,69.75,"Churned"
14825,"2021-07-08",1576,1,7.48,"Churned"
14826,"2025-06-20",133,4,465.48,"Churned"
14829,"2025-01-14",290,1,50.76,"Churned"
14830,"2024-05-20",529,1,90.02,"Churned"
14831,"2022-10-03",1124,2,83.43,"Churned"
14832,"2023-07-22",832,3,106.07,"Churned"
14833,"2025-03-06",239,5,457.89,"Churned"
14834,"2025-01-10",294,2,173.85,"Churned"
14836,"2023-04-17",928,4,489.79,"Churned"
14837,"2025-01-01",303,3,478.36,"Churned"
14838,"2023-07-21",833,1,65.98,"Churned"
14839,"2021-02-08",1726,2,260.68,"Churned"
14840,"2025-08-30",62,1,61.85,"At Risk"
14841,"2024-07-12",476,2,174.44,"Churned"
14842,"2025-09-18",43,2,140.28,"At Risk"
14843,"2024-08-31",426,1,29.08,"Churned"
14844,"2020-08-22",1896,1,101.14,"Churned"
14845,"2023-06-18",866,2,178.49,"Churned"
14847,"2025-01-28",276,3,877.72,"Churned"
14848,"2024-12-08",327,1,123.53,"Churned"
14849,"2024-08-16",441,6,335.97,"Churned"
14850,"2024-06-15",503,1,6.26,"Churned"
14851,"2020-10-11",1846,1,33.60,"Churned"
14852,"2023-07-18",836,3,286.58,"Churned"
14854,"2024-02-10",629,2,180.31,"Churned"
14855,"2025-06-03",150,2,40.53,"Churned"
14856,"2023-09-18",774,4,960.32,"Churned"
14857,"2022-07-07",1212,1,234.16,"Churned"
14858,"2023-07-07",847,1,9.84,"Churned"
14859,"2025-07-04",119,1,39.35,"Churned"
14860,"2022-09-09",1148,1,243.20,"Churned"
14861,"2023-01-01",1034,2,346.64,"Churned"
14862,"2024-10-09",387,2,108.24,"Churned"
14863,"2021-07-28",1556,1,44.27,"Churned"
14867,"2024-07-17",471,2,228.35,"Churned"
14868,"2020-12-09",1787,1,439.64,"Churned"
14869,"2024-01-07",663,3,851.60,"Churned"
14873,"2022-02-24",1345,3,242.47,"Churned"
14874,"2024-09-23",403,3,835.11,"Churned"
14875,"2024-05-26",523,3,159.80,"Churned"
14876,"2021-08-01",1552,2,114.68,"Churned"
14877,"2020-12-15",1781,2,304.69,"Churned"
14879,"2025-03-18",227,3,258.31,"Churned"
14880,"2022-08-09",1179,3,760.44,"Churned"
14881,"2024-11-26",339,1,138.20,"Churned"
14882,"2021-04-20",1655,1,42.18,"Churned"
14883,"2023-03-15",961,4,307.31,"Churned"
14884,"2024-09-03",423,4,616.73,"Churned"
14886,"2023-11-09",722,2,412.83,"Churned"
14888,"2025-08-24",68,2,130.14,"At Risk"
14889,"2023-03-27",949,1,96.29,"Churned"
14891,"2025-02-22",251,4,339.61,"Churned"
14892,"2021-03-03",1703,1,8.85,"Churned"
14893,"2023-07-23",831,3,868.14,"Churned"
14894,"2022-03-28",1313,2,87.82,"Churned"
14895,"2025-10-19",12,2,93.05,"Active"
14896,"2023-08-22",801,2,167.32,"Churned"
14897,"2024-06-27",491,2,262.34,"Churned"
14898,"2024-01-17",653,4,1237.55,"Churned"
14899,"2021-06-11",1603,1,352.14,"Churned"
14900,"2025-01-04",300,4,246.27,"Churned"
14902,"2021-08-26",1527,1,199.95,"Churned"
14903,"2022-09-03",1154,3,593.65,"Churned"
14904,"2022-08-19",1169,3,405.52,"Churned"
14906,"2025-02-25",248,2,267.15,"Churned"
14907,"2025-01-31",273,4,382.86,"Churned"
14908,"2024-07-01",487,4,274.37,"Churned"
14909,"2023-07-13",841,2,55.55,"Churned"
14911,"2025-06-04",149,4,976.24,"Churned"
14912,"2021-12-17",1414,1,218.63,"Churned"
14913,"2024-01-19",651,2,275.49,"Churned"
14914,"2021-01-19",1746,1,138.88,"Churned"
14915,"2022-03-31",1310,2,313.17,"Churned"
14917,"2023-01-31",1004,4,894.40,"Churned"
14918,"2023-07-11",843,2,225.33,"Churned"
14919,"2022-08-22",1166,2,284.44,"Churned"
14920,"2025-09-08",53,1,23.94,"At Risk"
14922,"2025-05-23",161,4,286.76,"Churned"
14923,"2023-01-07",1028,3,173.72,"Churned"
14924,"2025-03-30",215,1,27.05,"Churned"
14927,"2024-03-09",601,1,77.25,"Churned"
14928,"2021-04-28",1647,2,184.34,"Churned"
14929,"2025-08-17",75,2,145.35,"At Risk"
14930,"2021-12-04",1427,1,222.28,"Churned"
14932,"2025-02-04",269,2,52.33,"Churned"
14934,"2024-08-30",427,2,360.94,"Churned"
14935,"2020-12-19",1777,1,6.18,"Churned"
14936,"2020-08-23",1895,1,38.74,"Churned"
14937,"2025-01-22",282,1,313.77,"Churned"
14938,"2020-09-23",1864,1,27.91,"Churned"
14939,"2025-10-04",27,1,133.02,"Active"
14942,"2025-08-20",72,3,299.20,"At Risk"
14943,"2024-02-20",619,2,231.28,"Churned"
14944,"2023-11-24",707,2,173.78,"Churned"
14945,"2025-09-18",43,1,43.70,"At Risk"
14948,"2025-02-10",263,1,131.66,"Churned"
14951,"2025-04-02",212,1,55.72,"Churned"
14953,"2022-08-12",1176,4,256.94,"Churned"
14954,"2025-10-20",11,2,243.68,"Active"
14955,"2024-08-23",434,3,422.40,"Churned"
14956,"2025-04-18",196,3,300.93,"Churned"
14960,"2025-03-11",234,6,855.10,"Churned"
14961,"2025-08-24",68,3,209.69,"At Risk"
14962,"2025-01-08",296,2,828.20,"Churned"
14963,"2025-02-05",268,2,190.35,"Churned"
14964,"2024-03-21",589,3,159.42,"Churned"
14965,"2024-08-11",446,3,373.14,"Churned"
14967,"2022-12-09",1057,1,135.97,"Churned"
14968,"2024-08-07",450,1,195.22,"Churned"
14970,"2021-09-29",1493,1,89.33,"Churned"
14972,"2025-02-16",257,2,113.77,"Churned"
14973,"2021-07-07",1577,2,102.30,"Churned"
14974,"2022-08-20",1168,1,180.33,"Churned"
14975,"2022-07-03",1216,1,302.74,"Churned"
14976,"2022-03-07",1334,1,202.11,"Churned"
14977,"2023-09-05",787,2,188.89,"Churned"
14979,"2020-10-30",1827,2,203.51,"Churned"
14980,"2025-10-13",18,2,72.45,"Active"
14981,"2025-05-14",170,1,91.99,"Churned"
14982,"2023-11-12",719,2,164.35,"Churned"
14983,"2022-01-26",1374,3,318.56,"Churned"
14984,"2022-09-17",1140,3,570.96,"Churned"
14985,"2025-08-14",78,1,43.72,"At Risk"
14986,"2020-09-22",1865,1,239.48,"Churned"
14988,"2023-12-16",685,1,537.24,"Churned"
14989,"2023-09-18",774,2,168.35,"Churned"
14990,"2022-06-15",1234,2,137.88,"Churned"
14991,"2024-11-28",337,3,397.70,"Churned"
14992,"2021-10-27",1465,1,70.21,"Churned"
14993,"2020-03-21",2050,1,68.78,"Churned"
14994,"2024-04-25",554,3,371.03,"Churned"
14995,"2023-02-07",997,2,129.66,"Churned"
14996,"2024-08-14",443,1,213.44,"Churned"
14997,"2024-11-09",356,3,273.18,"Churned"
14998,"2024-10-05",391,2,167.39,"Churned"
14999,"2022-04-10",1300,1,123.11,"Churned"
15001,"2021-12-19",1412,1,57.45,"Churned"
15002,"2025-08-08",84,3,440.99,"At Risk"
15003,"2025-05-14",170,3,76.82,"Churned"
15005,"2022-11-28",1068,2,235.44,"Churned"
15008,"2021-05-22",1623,1,52.78,"Churned"
15010,"2024-08-17",440,1,106.98,"Churned"
15011,"2022-01-02",1398,2,56.84,"Churned"
15012,"2025-03-06",239,2,198.76,"Churned"
15013,"2021-12-27",1404,1,136.92,"Churned"
15014,"2024-11-23",342,1,9.79,"Churned"
15015,"2023-07-12",842,3,108.55,"Churned"
15016,"2024-10-28",368,3,450.10,"Churned"
15017,"2024-08-07",450,1,67.19,"Churned"
15018,"2025-08-02",90,4,557.30,"At Risk"
15019,"2024-03-13",597,5,347.92,"Churned"
15020,"2021-02-09",1725,1,115.51,"Churned"
15021,"2025-08-02",90,1,82.58,"At Risk"
15022,"2025-10-13",18,2,625.91,"Active"
15023,"2022-07-07",1212,2,67.78,"Churned"
15024,"2025-09-01",60,1,50.87,"At Risk"
15025,"2021-07-19",1565,1,69.64,"Churned"
15026,"2023-08-10",813,1,55.73,"Churned"
15027,"2025-10-24",7,2,197.35,"Active"
15028,"2024-08-05",452,1,165.97,"Churned"
15029,"2024-08-24",433,4,1156.34,"Churned"
15030,"2021-09-27",1495,1,21.83,"Churned"
15031,"2022-02-16",1353,1,81.90,"Churned"
15032,"2025-07-09",114,1,36.72,"Churned"
15033,"2024-12-27",308,2,35.35,"Churned"
15035,"2025-06-05",148,1,7.16,"Churned"
15036,"2025-08-30",62,3,302.35,"At Risk"
15037,"2022-03-26",1315,1,67.86,"Churned"
15038,"2021-02-02",1732,2,140.39,"Churned"
15039,"2023-07-16",838,2,1020.90,"Churned"
15040,"2024-06-16",502,2,119.31,"Churned"
15042,"2025-06-17",136,1,28.92,"Churned"
15043,"2025-02-15",258,2,215.79,"Churned"
15045,"2020-10-24",1833,1,53.09,"Churned"
15046,"2024-11-18",347,3,381.71,"Churned"
15047,"2023-12-02",699,2,119.96,"Churned"
15048,"2020-10-05",1852,1,144.96,"Churned"
15049,"2022-05-09",1271,2,148.43,"Churned"
15050,"2022-10-30",1097,1,646.32,"Churned"
15051,"2021-09-13",1509,1,508.23,"Churned"
15052,"2025-09-11",50,2,223.89,"At Risk"
15053,"2022-10-07",1120,1,12.37,"Churned"
15054,"2024-01-26",644,1,55.66,"Churned"
15055,"2023-09-30",762,1,82.02,"Churned"
15056,"2024-08-29",428,2,421.64,"Churned"
15057,"2022-10-22",1105,2,448.94,"Churned"
15058,"2025-08-16",76,4,274.63,"At Risk"
15059,"2024-06-15",503,3,960.72,"Churned"
15060,"2023-03-11",965,2,899.67,"Churned"
15061,"2024-07-02",486,4,372.21,"Churned"
15062,"2022-11-11",1085,2,188.40,"Churned"
15065,"2025-05-03",181,1,13.83,"Churned"
15067,"2022-12-18",1048,2,19.25,"Churned"
15069,"2021-07-01",1583,2,296.76,"Churned"
15070,"2024-01-04",666,1,44.44,"Churned"
15071,"2024-12-26",309,2,82.91,"Churned"
15072,"2021-09-04",1518,2,346.60,"Churned"
15073,"2024-03-22",588,1,454.09,"Churned"
15076,"2025-06-06",147,3,21.03,"Churned"
15077,"2024-10-06",390,2,56.21,"Churned"
15078,"2025-10-06",25,2,45.53,"Active"
15079,"2024-12-03",332,2,284.43,"Churned"
15080,"2023-09-01",791,3,338.86,"Churned"
15081,"2021-05-26",1619,2,364.00,"Churned"
15082,"2020-04-02",2038,1,79.83,"Churned"
15084,"2024-09-15",411,2,368.04,"Churned"
15085,"2022-09-14",1143,1,249.79,"Churned"
15086,"2024-08-06",451,4,493.76,"Churned"
15087,"2023-08-06",817,3,576.04,"Churned"
15088,"2023-10-18",744,2,902.92,"Churned"
15090,"2023-04-14",931,4,434.64,"Churned"
15091,"2022-06-03",1246,2,106.07,"Churned"
15093,"2025-10-23",8,4,395.20,"Active"
15094,"2022-09-16",1141,2,35.38,"Churned"
15095,"2023-12-03",698,3,336.49,"Churned"
15096,"2021-06-13",1601,1,100.42,"Churned"
15097,"2024-12-08",327,1,133.69,"Churned"
15098,"2022-03-17",1324,1,46.71,"Churned"
15099,"2025-02-21",252,3,396.12,"Churned"
15100,"2025-07-22",101,3,267.60,"Churned"
15101,"2023-05-04",911,2,136.25,"Churned"
15102,"2020-04-10",2030,1,39.84,"Churned"
15103,"2020-09-13",1874,1,53.96,"Churned"
15104,"2024-06-20",498,2,256.52,"Churned"
15106,"2025-08-02",90,4,854.54,"At Risk"
15107,"2021-04-17",1658,1,16.87,"Churned"
15108,"2024-10-03",393,5,1409.51,"Churned"
15109,"2020-01-22",2109,1,7.40,"Churned"
15110,"2024-01-11",659,3,275.34,"Churned"
15111,"2024-05-22",527,1,92.11,"Churned"
15112,"2025-06-16",137,3,182.10,"Churned"
15113,"2021-12-02",1429,1,25.08,"Churned"
15116,"2023-12-18",683,3,582.92,"Churned"
15117,"2025-09-08",53,3,777.46,"At Risk"
15118,"2023-12-04",697,1,74.86,"Churned"
15119,"2022-09-01",1156,1,41.81,"Churned"
15120,"2024-05-15",534,2,136.24,"Churned"
15122,"2022-06-16",1233,3,190.59,"Churned"
15123,"2021-06-01",1613,1,53.41,"Churned"
15124,"2022-04-01",1309,3,607.10,"Churned"
15125,"2023-08-07",816,1,63.22,"Churned"
15126,"2021-11-25",1436,5,248.48,"Churned"
15127,"2021-09-04",1518,1,28.08,"Churned"
15128,"2025-08-26",66,4,893.22,"At Risk"
15129,"2025-06-27",126,2,270.64,"Churned"
15130,"2023-11-12",719,4,1166.56,"Churned"
15131,"2024-03-29",581,2,34.83,"Churned"
15133,"2020-09-25",1862,1,121.30,"Churned"
15136,"2023-11-19",712,5,609.58,"Churned"
15137,"2025-06-08",145,4,526.21,"Churned"
15139,"2022-12-29",1037,2,175.16,"Churned"
15140,"2025-07-10",113,1,29.12,"Churned"
15142,"2025-03-14",231,4,740.87,"Churned"
15143,"2022-07-01",1218,1,51.90,"Churned"
15144,"2024-09-30",396,3,167.44,"Churned"
15145,"2024-08-16",441,2,265.99,"Churned"
15146,"2022-03-11",1330,1,48.35,"Churned"
15147,"2020-08-03",1915,1,46.64,"Churned"
15148,"2022-12-23",1043,1,23.14,"Churned"
15149,"2022-11-01",1095,1,95.23,"Churned"
15151,"2020-05-17",1993,1,329.88,"Churned"
15153,"2021-04-30",1645,2,539.53,"Churned"
15156,"2024-05-19",530,1,82.68,"Churned"
15157,"2022-04-01",1309,2,244.30,"Churned"
15158,"2024-01-09",661,1,25.06,"Churned"
15159,"2021-01-29",1736,1,99.09,"Churned"
15160,"2024-09-06",420,4,567.09,"Churned"
15161,"2020-12-20",1776,1,364.67,"Churned"
15162,"2022-01-08",1392,2,127.29,"Churned"
15163,"2025-04-27",187,1,101.02,"Churned"
15166,"2024-10-04",392,2,65.27,"Churned"
15167,"2020-11-06",1820,1,191.88,"Churned"
15168,"2024-02-08",631,3,227.87,"Churned"
15169,"2022-10-11",1116,1,324.31,"Churned"
15170,"2023-06-23",861,3,386.21,"Churned"
15171,"2021-03-07",1699,1,167.88,"Churned"
15172,"2025-04-25",189,1,225.14,"Churned"
15173,"2025-06-01",152,3,206.45,"Churned"
15174,"2025-04-17",197,2,223.30,"Churned"
15175,"2023-04-13",932,1,288.15,"Churned"
15176,"2023-08-03",820,2,270.13,"Churned"
15177,"2022-09-03",1154,3,312.86,"Churned"
15178,"2022-12-18",1048,1,57.33,"Churned"
15179,"2025-08-17",75,2,123.07,"At Risk"
15180,"2024-12-27",308,1,590.97,"Churned"
15181,"2020-07-25",1924,1,102.12,"Churned"
15182,"2024-06-19",499,1,29.93,"Churned"
15183,"2023-11-11",720,1,102.05,"Churned"
15184,"2021-09-26",1496,1,121.74,"Churned"
15185,"2025-09-24",37,2,478.93,"At Risk"
15186,"2020-01-23",2108,1,109.48,"Churned"
15187,"2022-09-19",1138,2,278.16,"Churned"
15189,"2021-04-22",1653,1,331.45,"Churned"
15191,"2020-10-29",1828,2,190.77,"Churned"
15192,"2025-03-29",216,2,114.42,"Churned"
15193,"2022-08-03",1185,1,195.71,"Churned"
15194,"2025-03-21",224,4,343.25,"Churned"
15195,"2020-11-08",1818,2,1132.71,"Churned"
15196,"2024-03-28",582,4,514.34,"Churned"
15197,"2025-10-18",13,2,61.05,"Active"
15198,"2021-09-22",1500,2,544.19,"Churned"
15199,"2021-08-05",1548,1,49.17,"Churned"
15200,"2023-05-31",884,1,78.77,"Churned"
15201,"2021-01-05",1760,2,446.52,"Churned"
15202,"2024-10-15",381,3,382.43,"Churned"
15203,"2024-07-20",468,1,107.58,"Churned"
15204,"2020-08-20",1898,1,83.98,"Churned"
15205,"2025-03-02",243,1,397.10,"Churned"
15206,"2021-10-25",1467,1,245.62,"Churned"
15207,"2023-02-09",995,2,222.93,"Churned"
15208,"2024-01-12",658,2,260.69,"Churned"
15211,"2022-01-23",1377,1,51.19,"Churned"
15212,"2024-12-10",325,1,5.76,"Churned"
15213,"2024-11-25",340,5,404.05,"Churned"
15214,"2020-02-23",2077,1,1002.36,"Churned"
15215,"2024-08-07",450,6,687.30,"Churned"
15216,"2025-08-13",79,2,175.70,"At Risk"
15217,"2024-08-12",445,1,504.28,"Churned"
15219,"2024-01-26",644,1,145.78,"Churned"
15220,"2025-10-12",19,2,396.54,"Active"
15221,"2022-10-25",1102,1,139.80,"Churned"
15225,"2023-08-19",804,1,236.03,"Churned"
15226,"2022-07-26",1193,1,51.57,"Churned"
15227,"2023-04-28",917,2,58.09,"Churned"
15228,"2023-11-17",714,1,317.60,"Churned"
15230,"2023-05-24",891,1,85.45,"Churned"
15231,"2023-02-11",993,2,40.96,"Churned"
15232,"2021-06-27",1587,2,402.42,"Churned"
15233,"2020-12-09",1787,1,161.60,"Churned"
15234,"2022-06-02",1247,2,246.01,"Churned"
15237,"2022-10-15",1112,1,70.15,"Churned"
15238,"2024-05-23",526,3,170.48,"Churned"
15239,"2025-08-14",78,4,368.35,"At Risk"
15240,"2023-05-27",888,1,20.73,"Churned"
15241,"2022-02-06",1363,1,42.92,"Churned"
15242,"2025-04-01",213,1,125.53,"Churned"
15243,"2023-11-22",709,2,215.00,"Churned"
15244,"2025-07-09",114,2,335.02,"Churned"
15245,"2025-04-30",184,3,1189.56,"Churned"
15246,"2025-02-14",259,1,14.56,"Churned"
15248,"2021-01-31",1734,2,347.02,"Churned"
15249,"2021-04-30",1645,1,125.26,"Churned"
15250,"2025-10-23",8,1,131.11,"Active"
15251,"2023-06-23",861,2,118.47,"Churned"
15252,"2023-01-22",1013,2,92.17,"Churned"
15253,"2022-12-25",1041,1,282.79,"Churned"
15255,"2021-04-20",1655,1,280.94,"Churned"
15256,"2020-12-12",1784,1,150.16,"Churned"
15257,"2021-11-20",1441,1,286.82,"Churned"
15258,"2022-11-04",1092,1,150.71,"Churned"
15259,"2025-06-14",139,3,700.84,"Churned"
15260,"2022-10-18",1109,2,214.89,"Churned"
15261,"2022-09-15",1142,1,102.78,"Churned"
15262,"2025-07-27",96,3,439.64,"Churned"
15263,"2022-10-07",1120,1,56.15,"Churned"
15265,"2024-05-17",532,1,144.43,"Churned"
15267,"2021-09-01",1521,3,580.31,"Churned"
15269,"2025-05-20",164,3,342.66,"Churned"
15270,"2020-07-23",1926,1,55.02,"Churned"
15271,"2025-01-31",273,2,135.66,"Churned"
15272,"2023-03-24",952,1,24.33,"Churned"
15273,"2024-11-25",340,3,498.97,"Churned"
15274,"2021-10-03",1489,2,406.14,"Churned"
15275,"2020-04-20",2020,1,139.13,"Churned"
15276,"2025-09-24",37,3,113.69,"At Risk"
15277,"2021-06-15",1599,1,144.97,"Churned"
15278,"2024-06-05",513,1,50.47,"Churned"
15279,"2023-10-31",731,2,403.28,"Churned"
15280,"2023-04-30",915,1,35.78,"Churned"
15281,"2024-06-21",497,3,410.61,"Churned"
15283,"2023-08-30",793,2,403.75,"Churned"
15284,"2022-12-04",1062,1,237.58,"Churned"
15286,"2024-11-15",350,2,291.93,"Churned"
15287,"2020-06-30",1949,1,45.78,"Churned"
15288,"2021-02-11",1723,1,49.52,"Churned"
15290,"2022-12-17",1049,2,194.97,"Churned"
15291,"2025-10-15",16,5,573.87,"Active"
15292,"2022-02-06",1363,3,267.72,"Churned"
15293,"2020-01-26",2105,1,45.20,"Churned"
15294,"2025-01-05",299,3,677.82,"Churned"
15295,"2022-06-20",1229,1,5.70,"Churned"
15297,"2024-06-06",512,1,39.09,"Churned"
15298,"2021-05-28",1617,1,426.31,"Churned"
15299,"2021-08-18",1535,2,147.72,"Churned"
15300,"2021-06-02",1612,2,514.16,"Churned"
15301,"2024-05-14",535,2,81.64,"Churned"
15302,"2023-07-30",824,1,72.45,"Churned"
15303,"2022-02-24",1345,1,166.38,"Churned"
15304,"2025-08-09",83,2,658.21,"At Risk"
15305,"2021-10-17",1475,2,424.73,"Churned"
15307,"2024-09-10",416,2,155.59,"Churned"
15308,"2020-08-21",1897,1,96.80,"Churned"
15309,"2025-08-24",68,1,155.10,"At Risk"
15310,"2021-10-30",1462,4,559.82,"Churned"
15311,"2020-01-20",2111,1,247.37,"Churned"
15312,"2024-01-04",666,1,118.14,"Churned"
15315,"2025-09-29",32,1,426.85,"At Risk"
15316,"2024-11-05",360,2,954.14,"Churned"
15317,"2024-10-23",373,3,277.70,"Churned"
15319,"2020-06-16",1963,2,523.32,"Churned"
15320,"2020-02-25",2075,1,17.19,"Churned"
15322,"2025-02-03",270,3,320.77,"Churned"
15324,"2021-05-08",1637,1,67.70,"Churned"
15325,"2020-06-01",1978,1,234.33,"Churned"
15326,"2025-08-26",66,1,244.82,"At Risk"
15327,"2022-12-02",1064,1,38.70,"Churned"
15329,"2021-11-04",1457,1,216.97,"Churned"
15330,"2022-06-09",1240,1,159.59,"Churned"
15332,"2024-09-04",422,3,227.06,"Churned"
15333,"2021-12-05",1426,3,745.06,"Churned"
15334,"2025-10-09",22,2,602.74,"Active"
15335,"2025-03-03",242,3,773.37,"Churned"
15336,"2020-10-29",1828,1,106.41,"Churned"
15337,"2024-09-20",406,1,73.75,"Churned"
15338,"2025-06-21",132,3,234.31,"Churned"
15339,"2025-07-29",94,1,28.55,"Churned"
15340,"2022-08-18",1170,2,343.04,"Churned"
15341,"2023-04-09",936,2,354.05,"Churned"
15342,"2021-08-01",1552,1,119.96,"Churned"
15344,"2024-07-16",472,3,642.46,"Churned"
15346,"2024-09-09",417,2,78.90,"Churned"
15347,"2024-06-24",494,2,166.05,"Churned"
15349,"2022-10-22",1105,4,974.36,"Churned"
15350,"2022-02-28",1341,3,273.16,"Churned"
15352,"2024-11-26",339,1,92.16,"Churned"
15353,"2024-09-10",416,2,168.79,"Churned"
15354,"2025-10-04",27,2,88.34,"Active"
15355,"2020-12-25",1771,1,427.28,"Churned"
15356,"2024-02-06",633,3,202.19,"Churned"
15357,"2023-08-18",805,2,332.82,"Churned"
15358,"2023-10-08",754,1,171.77,"Churned"
15359,"2023-03-12",964,1,400.56,"Churned"
15360,"2025-08-05",87,3,643.09,"At Risk"
15361,"2021-12-18",1413,1,239.45,"Churned"
15364,"2020-09-10",1877,1,49.85,"Churned"
15365,"2022-02-04",1365,1,71.48,"Churned"
15366,"2022-08-11",1177,1,45.62,"Churned"
15367,"2020-11-07",1819,1,135.04,"Churned"
15368,"2025-08-26",66,2,335.85,"At Risk"
15369,"2022-07-03",1216,2,78.15,"Churned"
15370,"2022-07-28",1191,2,110.66,"Churned"
15371,"2025-10-14",17,3,709.94,"Active"
15372,"2025-05-01",183,4,178.45,"Churned"
15373,"2025-06-12",141,1,129.74,"Churned"
15374,"2025-01-15",289,4,327.75,"Churned"
15375,"2025-10-14",17,3,173.97,"Active"
15376,"2023-06-09",875,3,165.81,"Churned"
15377,"2024-06-19",499,4,499.20,"Churned"
15378,"2024-05-08",541,2,248.46,"Churned"
15379,"2023-06-06",878,1,234.00,"Churned"
15380,"2024-04-07",572,1,89.62,"Churned"
15381,"2025-01-17",287,3,137.45,"Churned"
15382,"2024-11-14",351,2,53.57,"Churned"
15384,"2024-08-28",429,2,280.88,"Churned"
15385,"2025-03-17",228,2,136.05,"Churned"
15387,"2024-05-17",532,3,405.77,"Churned"
15389,"2020-05-09",2001,1,21.61,"Churned"
15391,"2023-05-04",911,1,29.96,"Churned"
15392,"2020-12-14",1782,1,101.21,"Churned"
15393,"2025-04-02",212,2,52.38,"Churned"
15394,"2024-08-04",453,2,173.35,"Churned"
15395,"2021-06-25",1589,1,364.13,"Churned"
15396,"2023-10-06",756,2,462.59,"Churned"
15397,"2021-03-27",1679,1,56.86,"Churned"
15398,"2022-08-10",1178,1,42.60,"Churned"
15399,"2024-07-08",480,1,13.80,"Churned"
15400,"2020-11-16",1810,1,61.64,"Churned"
15401,"2023-05-20",895,3,740.12,"Churned"
15402,"2025-05-31",153,2,439.68,"Churned"
15403,"2024-07-16",472,2,277.06,"Churned"
15404,"2024-06-04",514,2,209.34,"Churned"
15405,"2024-08-09",448,2,94.69,"Churned"
15406,"2025-09-23",38,3,151.70,"At Risk"
15408,"2023-05-17",898,1,271.57,"Churned"
15410,"2024-05-21",528,5,371.07,"Churned"
15411,"2021-10-16",1476,1,219.73,"Churned"
15412,"2024-07-10",478,1,58.49,"Churned"
15413,"2025-04-01",213,1,38.75,"Churned"
15414,"2023-05-23",892,5,779.71,"Churned"
15415,"2023-05-28",887,2,64.80,"Churned"
15416,"2024-11-18",347,3,372.63,"Churned"
15417,"2023-08-21",802,2,272.02,"Churned"
15419,"2021-02-26",1708,2,506.78,"Churned"
15420,"2022-05-11",1269,1,35.03,"Churned"
15422,"2021-07-13",1571,2,216.84,"Churned"
15423,"2025-07-04",119,4,492.49,"Churned"
15424,"2024-11-14",351,1,6.98,"Churned"
15425,"2025-08-27",65,4,461.59,"At Risk"
15426,"2022-12-25",1041,1,469.68,"Churned"
15427,"2023-10-13",749,3,245.92,"Churned"
15429,"2024-07-29",459,4,305.38,"Churned"
15430,"2025-08-02",90,1,59.96,"At Risk"
15431,"2021-02-18",1716,1,242.45,"Churned"
15432,"2024-09-15",411,1,74.98,"Churned"
15433,"2024-10-01",395,1,248.94,"Churned"
15435,"2025-09-29",32,5,1636.67,"At Risk"
15436,"2024-03-17",593,1,110.69,"Churned"
15437,"2022-01-15",1385,3,526.77,"Churned"
15438,"2023-10-04",758,1,134.91,"Churned"
15439,"2024-03-04",606,1,90.91,"Churned"
15440,"2022-03-04",1337,2,316.93,"Churned"
15441,"2023-01-23",1012,3,186.22,"Churned"
15443,"2023-10-11",751,1,9.39,"Churned"
15444,"2023-09-19",773,4,790.73,"Churned"
15445,"2022-09-03",1154,1,89.68,"Churned"
15446,"2025-03-10",235,6,833.60,"Churned"
15448,"2022-12-12",1054,2,332.34,"Churned"
15449,"2022-03-19",1322,2,243.73,"Churned"
15451,"2024-04-13",566,3,115.36,"Churned"
15452,"2024-01-29",641,2,311.56,"Churned"
15453,"2021-05-14",1631,2,499.88,"Churned"
15454,"2023-10-01",761,3,204.93,"Churned"
15455,"2022-08-17",1171,1,81.98,"Churned"
15456,"2022-06-27",1222,1,55.73,"Churned"
15457,"2021-09-04",1518,1,479.93,"Churned"
15459,"2024-06-05",513,2,153.30,"Churned"
15460,"2025-05-24",160,4,391.26,"Churned"
15461,"2024-11-30",335,2,312.15,"Churned"
15462,"2025-10-10",21,1,149.98,"Active"
15464,"2025-07-28",95,2,52.93,"Churned"
15465,"2024-11-22",343,2,57.83,"Churned"
15466,"2020-01-30",2101,1,44.15,"Churned"
15468,"2021-12-25",1406,2,300.59,"Churned"
15469,"2022-10-11",1116,4,152.28,"Churned"
15470,"2023-12-04",697,1,222.84,"Churned"
15471,"2025-04-14",200,1,236.20,"Churned"
15472,"2021-05-17",1628,2,676.68,"Churned"
15473,"2025-08-10",82,2,591.24,"At Risk"
15474,"2024-09-09",417,2,110.21,"Churned"
15475,"2024-09-10",416,6,1221.25,"Churned"
15476,"2021-07-08",1576,1,127.84,"Churned"
15477,"2025-02-27",246,4,429.49,"Churned"
15478,"2025-03-26",219,2,295.29,"Churned"
15479,"2020-06-11",1968,1,29.99,"Churned"
15480,"2025-05-19",165,3,422.91,"Churned"
15481,"2021-12-17",1414,3,466.80,"Churned"
15482,"2023-10-24",738,1,50.82,"Churned"
15483,"2024-09-17",409,1,193.86,"Churned"
15484,"2024-02-29",610,3,516.48,"Churned"
15487,"2025-07-15",108,1,56.50,"Churned"
15489,"2025-10-23",8,2,206.85,"Active"
15490,"2024-03-26",584,4,510.39,"Churned"
15491,"2023-03-28",948,1,81.76,"Churned"
15492,"2025-05-25",159,4,639.09,"Churned"
15493,"2021-09-14",1508,1,870.81,"Churned"
15494,"2022-10-05",1122,1,226.25,"Churned"
15496,"2023-12-30",671,1,76.94,"Churned"
15497,"2022-12-17",1049,1,105.49,"Churned"
15498,"2021-08-09",1544,1,39.74,"Churned"
15500,"2022-07-04",1215,1,32.13,"Churned"
15501,"2023-03-28",948,2,223.81,"Churned"
15502,"2023-08-02",821,5,863.74,"Churned"
15504,"2025-06-19",134,2,115.64,"Churned"
15505,"2022-07-09",1210,2,561.51,"Churned"
15506,"2025-10-11",20,3,105.98,"Active"
15507,"2022-12-02",1064,3,558.93,"Churned"
15508,"2024-04-19",560,3,387.10,"Churned"
15509,"2025-02-21",252,2,404.58,"Churned"
15510,"2023-02-10",994,3,480.01,"Churned"
15511,"2025-08-09",83,4,327.73,"At Risk"
15512,"2024-11-22",343,2,342.99,"Churned"
15513,"2024-06-23",495,1,47.18,"Churned"
15514,"2023-12-19",682,1,94.04,"Churned"
15515,"2021-05-01",1644,1,163.74,"Churned"
15516,"2025-06-15",138,3,165.30,"Churned"
15517,"2024-06-14",504,2,1017.80,"Churned"
15518,"2025-07-02",121,3,364.64,"Churned"
15519,"2021-03-18",1688,3,495.72,"Churned"
15521,"2021-02-10",1724,1,106.94,"Churned"
15522,"2024-07-04",484,5,1379.00,"Churned"
15523,"2021-06-08",1606,2,219.76,"Churned"
15524,"2024-11-03",362,1,16.16,"Churned"
15525,"2023-02-02",1002,1,8.33,"Churned"
15526,"2023-12-04",697,3,271.02,"Churned"
15528,"2023-04-29",916,1,342.60,"Churned"
15529,"2022-06-28",1221,1,163.10,"Churned"
15531,"2020-06-04",1975,2,193.11,"Churned"
15532,"2023-11-11",720,3,404.97,"Churned"
15533,"2023-03-30",946,2,147.09,"Churned"
15536,"2025-07-07",116,5,313.26,"Churned"
15538,"2025-08-15",77,2,598.99,"At Risk"
15539,"2021-11-30",1431,2,75.34,"Churned"
15540,"2025-02-22",251,2,210.73,"Churned"
15541,"2023-04-24",921,1,17.88,"Churned"
15542,"2022-12-17",1049,2,120.02,"Churned"
15543,"2025-08-02",90,3,198.13,"At Risk"
15544,"2025-01-05",299,2,383.12,"Churned"
15545,"2023-12-26",675,3,146.31,"Churned"
15547,"2022-07-02",1217,3,460.42,"Churned"
15548,"2024-01-23",647,3,309.52,"Churned"
15550,"2025-01-14",290,2,199.06,"Churned"
15551,"2020-10-20",1837,1,60.55,"Churned"
15554,"2022-06-14",1235,2,45.90,"Churned"
15556,"2024-11-01",364,2,143.40,"Churned"
15557,"2023-05-24",891,1,123.10,"Churned"
15558,"2023-09-22",770,2,575.17,"Churned"
15560,"2025-02-06",267,1,55.68,"Churned"
15561,"2025-02-13",260,4,258.87,"Churned"
15562,"2022-05-08",1272,2,541.31,"Churned"
15563,"2024-11-26",339,3,231.24,"Churned"
15564,"2022-02-24",1345,1,311.99,"Churned"
15565,"2021-01-17",1748,1,16.82,"Churned"
15566,"2021-07-28",1556,1,17.88,"Churned"
15569,"2025-03-31",214,1,8.03,"Churned"
15570,"2023-04-19",926,3,513.23,"Churned"
15571,"2024-10-04",392,4,793.73,"Churned"
15572,"2024-07-04",484,3,355.85,"Churned"
15574,"2024-04-19",560,2,289.20,"Churned"
15575,"2025-04-21",193,2,157.76,"Churned"
15576,"2024-09-26",400,4,487.86,"Churned"
15577,"2023-02-15",989,1,112.43,"Churned"
15578,"2022-10-02",1125,1,64.40,"Churned"
15579,"2024-09-02",424,3,164.56,"Churned"
15580,"2025-08-18",74,4,404.28,"At Risk"
15581,"2023-03-02",974,1,40.19,"Churned"
15582,"2024-11-21",344,2,271.09,"Churned"
15584,"2024-03-03",607,3,275.39,"Churned"
15585,"2024-12-20",315,4,664.81,"Churned"
15586,"2024-09-04",422,3,543.94,"Churned"
15587,"2024-09-06",420,1,102.08,"Churned"
15588,"2025-04-19",195,3,306.93,"Churned"
15589,"2024-09-16",410,2,46.57,"Churned"
15590,"2024-10-04",392,3,353.76,"Churned"
15591,"2021-04-30",1645,2,297.83,"Churned"
15592,"2022-09-06",1151,2,81.15,"Churned"
15594,"2023-09-21",771,1,70.10,"Churned"
15595,"2025-02-17",256,3,212.28,"Churned"
15596,"2024-01-12",658,2,335.40,"Churned"
15597,"2023-06-17",867,2,854.59,"Churned"
15598,"2025-01-12",292,1,188.73,"Churned"
15599,"2023-05-08",907,1,16.16,"Churned"
15600,"2024-04-21",558,2,190.81,"Churned"
15601,"2021-09-22",1500,1,155.55,"Churned"
15602,"2025-08-08",84,1,51.57,"At Risk"
15603,"2024-09-11",415,2,253.85,"Churned"
15605,"2023-10-09",753,3,386.73,"Churned"
15606,"2024-01-06",664,2,230.76,"Churned"
15608,"2025-06-05",148,2,197.63,"Churned"
15609,"2025-05-14",170,1,19.56,"Churned"
15610,"2024-03-12",598,2,173.37,"Churned"
15611,"2021-01-03",1762,1,61.55,"Churned"
15612,"2023-06-06",878,3,371.19,"Churned"
15613,"2025-08-23",69,2,447.36,"At Risk"
15614,"2023-02-16",988,2,210.61,"Churned"
15617,"2023-01-21",1014,1,162.98,"Churned"
15618,"2023-10-31",731,3,512.78,"Churned"
15619,"2024-04-18",561,1,45.19,"Churned"
15620,"2024-03-16",594,1,151.44,"Churned"
15621,"2025-10-15",16,2,352.11,"Active"
15622,"2024-06-11",507,3,678.78,"Churned"
15624,"2020-01-11",2120,1,29.44,"Churned"
15625,"2023-05-18",897,1,27.68,"Churned"
15626,"2021-05-23",1622,1,110.34,"Churned"
15627,"2023-08-20",803,1,36.06,"Churned"
15629,"2022-04-28",1282,1,301.66,"Churned"
15630,"2020-05-02",2008,1,356.62,"Churned"
15631,"2024-06-07",511,3,292.84,"Churned"
15632,"2023-10-22",740,3,423.21,"Churned"
15633,"2024-03-10",600,3,77.30,"Churned"
15634,"2024-01-29",641,3,189.40,"Churned"
15635,"2025-06-09",144,1,142.24,"Churned"
15637,"2025-02-22",251,2,84.71,"Churned"
15638,"2025-07-01",122,3,452.28,"Churned"
15639,"2023-08-20",803,3,266.48,"Churned"
15641,"2023-08-19",804,2,122.51,"Churned"
15642,"2025-06-15",138,4,263.58,"Churned"
15644,"2023-08-31",792,2,272.91,"Churned"
15645,"2023-02-06",998,2,151.31,"Churned"
15646,"2024-11-25",340,3,207.24,"Churned"
15647,"2022-11-18",1078,4,1307.94,"Churned"
15648,"2025-03-31",214,1,6.80,"Churned"
15649,"2025-01-31",273,2,223.92,"Churned"
15650,"2023-10-23",739,3,165.32,"Churned"
15651,"2020-02-20",2080,1,11.63,"Churned"
15652,"2021-07-22",1562,1,35.74,"Churned"
15653,"2025-10-21",10,2,143.82,"Active"
15654,"2022-02-18",1351,1,59.06,"Churned"
15655,"2023-03-28",948,2,112.92,"Churned"
15656,"2024-02-20",619,2,413.36,"Churned"
15657,"2024-03-27",583,4,492.17,"Churned"
15658,"2022-08-30",1158,2,201.57,"Churned"
15659,"2025-02-18",255,3,502.87,"Churned"
15660,"2025-10-30",1,1,509.67,"Active"
15662,"2025-07-30",93,3,143.63,"Churned"
15663,"2025-09-30",31,4,403.11,"At Risk"
15664,"2025-03-24",221,4,360.18,"Churned"
15665,"2025-09-16",45,1,376.75,"At Risk"
15666,"2025-01-14",290,2,357.17,"Churned"
15667,"2023-04-09",936,2,230.63,"Churned"
15668,"2021-11-01",1460,3,515.63,"Churned"
15669,"2024-07-09",479,1,52.69,"Churned"
15670,"2025-09-13",48,1,4.50,"At Risk"
15671,"2023-03-19",957,1,35.49,"Churned"
15672,"2021-02-01",1733,1,9.69,"Churned"
15673,"2025-08-15",77,4,333.69,"At Risk"
15674,"2024-02-14",625,1,191.67,"Churned"
15675,"2022-01-01",1399,1,100.37,"Churned"
15676,"2024-07-08",480,1,125.44,"Churned"
15677,"2023-07-08",846,2,995.27,"Churned"
15678,"2025-08-09",83,1,468.80,"At Risk"
15680,"2020-09-27",1860,2,164.08,"Churned"
15681,"2025-10-17",14,3,588.75,"Active"
15682,"2023-08-14",809,1,321.63,"Churned"
15683,"2024-07-13",475,2,267.24,"Churned"
15685,"2025-03-26",219,1,83.73,"Churned"
15686,"2025-10-07",24,1,425.69,"Active"
15688,"2024-03-24",586,1,238.80,"Churned"
15689,"2021-03-03",1703,1,21.32,"Churned"
15690,"2025-07-12",111,1,361.70,"Churned"
15691,"2024-06-04",514,2,101.60,"Churned"
15692,"2025-09-22",39,2,230.68,"At Risk"
15693,"2020-10-29",1828,1,549.85,"Churned"
15694,"2023-06-25",859,1,129.85,"Churned"
15696,"2022-01-17",1383,1,27.18,"Churned"
15697,"2024-04-02",577,5,420.73,"Churned"
15698,"2021-09-02",1520,1,33.60,"Churned"
15699,"2023-04-02",943,2,82.81,"Churned"
15701,"2024-03-01",609,3,437.65,"Churned"
15702,"2025-09-14",47,1,56.40,"At Risk"
15703,"2022-05-15",1265,2,457.91,"Churned"
15704,"2022-01-12",1388,1,318.71,"Churned"
15706,"2024-07-27",461,3,400.10,"Churned"
15707,"2025-04-28",186,3,220.79,"Churned"
15710,"2022-06-29",1220,1,23.23,"Churned"
15711,"2021-11-23",1438,1,35.60,"Churned"
15713,"2023-05-06",909,3,358.09,"Churned"
15714,"2025-04-24",190,3,242.49,"Churned"
15715,"2023-10-12",750,2,165.96,"Churned"
15716,"2023-04-18",927,3,74.36,"Churned"
15717,"2024-06-15",503,5,425.94,"Churned"
15718,"2023-04-03",942,3,229.33,"Churned"
15719,"2021-10-30",1462,1,22.80,"Churned"
15720,"2021-08-09",1544,2,108.75,"Churned"
15721,"2022-04-12",1298,2,228.15,"Churned"
15722,"2024-07-17",471,3,159.41,"Churned"
15723,"2024-11-02",363,1,226.32,"Churned"
15724,"2025-09-09",52,2,211.39,"At Risk"
15726,"2023-01-06",1029,1,96.90,"Churned"
15728,"2024-01-15",655,5,702.73,"Churned"
15729,"2024-05-19",530,6,1068.46,"Churned"
15731,"2025-05-02",182,2,865.12,"Churned"
15733,"2025-09-19",42,3,606.87,"At Risk"
15734,"2024-08-08",449,2,224.23,"Churned"
15735,"2022-11-21",1075,1,106.99,"Churned"
15736,"2023-07-07",847,1,320.82,"Churned"
15738,"2024-02-29",610,2,137.90,"Churned"
15739,"2023-09-06",786,1,476.99,"Churned"
15741,"2025-06-14",139,2,436.33,"Churned"
15742,"2023-09-04",788,2,66.97,"Churned"
15744,"2025-05-16",168,4,376.41,"Churned"
15745,"2024-05-23",526,4,471.80,"Churned"
15746,"2025-08-02",90,2,296.66,"At Risk"
15747,"2025-07-10",113,3,225.67,"Churned"
15748,"2022-01-23",1377,2,97.68,"Churned"
15749,"2024-03-14",596,1,152.98,"Churned"
15750,"2021-08-05",1548,3,785.08,"Churned"
15751,"2025-04-21",193,3,192.29,"Churned"
15752,"2020-03-10",2061,1,94.49,"Churned"
15753,"2024-07-28",460,2,186.75,"Churned"
15754,"2025-08-27",65,2,185.96,"At Risk"
15755,"2025-08-15",77,2,95.62,"At Risk"
15756,"2025-08-30",62,6,815.20,"At Risk"
15757,"2022-06-04",1245,3,934.11,"Churned"
15759,"2025-07-21",102,3,452.85,"Churned"
15760,"2022-08-13",1175,1,305.71,"Churned"
15761,"2024-06-23",495,1,10.21,"Churned"
15762,"2024-08-31",426,2,315.76,"Churned"
15763,"2021-01-28",1737,1,44.88,"Churned"
15764,"2021-06-29",1585,2,48.24,"Churned"
15765,"2021-03-26",1680,1,39.71,"Churned"
15766,"2023-03-16",960,4,505.92,"Churned"
15768,"2023-06-21",863,1,116.37,"Churned"
15769,"2025-10-18",13,1,71.20,"Active"
15770,"2023-12-21",680,2,501.42,"Churned"
15771,"2024-09-29",397,2,212.70,"Churned"
15772,"2022-11-23",1073,2,89.57,"Churned"
15773,"2023-11-05",726,1,476.33,"Churned"
15774,"2023-05-17",898,1,168.29,"Churned"
15775,"2021-03-28",1678,1,107.00,"Churned"
15776,"2024-11-10",355,2,581.20,"Churned"
15778,"2021-02-11",1723,1,219.14,"Churned"
15780,"2024-03-21",589,2,72.29,"Churned"
15781,"2024-12-17",318,4,311.50,"Churned"
15782,"2022-05-10",1270,1,276.57,"Churned"
15783,"2025-05-10",174,3,246.11,"Churned"
15784,"2023-07-21",833,4,888.21,"Churned"
15785,"2024-07-09",479,2,179.53,"Churned"
15786,"2024-07-25",463,3,180.47,"Churned"
15788,"2023-09-01",791,3,235.78,"Churned"
15790,"2020-01-04",2127,1,107.98,"Churned"
15791,"2023-03-06",970,2,395.24,"Churned"
15793,"2021-01-08",1757,1,279.83,"Churned"
15794,"2020-07-07",1942,2,255.08,"Churned"
15795,"2024-08-11",446,2,860.77,"Churned"
15796,"2023-08-14",809,2,251.93,"Churned"
15797,"2025-04-18",196,1,210.04,"Churned"
15799,"2023-12-12",689,2,255.60,"Churned"
15800,"2024-06-26",492,1,132.43,"Churned"
15801,"2021-08-10",1543,3,197.97,"Churned"
15802,"2020-07-18",1931,1,95.17,"Churned"
15803,"2020-08-21",1897,1,25.85,"Churned"
15804,"2021-03-28",1678,3,380.82,"Churned"
15805,"2022-02-03",1366,1,121.53,"Churned"
15806,"2025-07-25",98,3,353.38,"Churned"
15808,"2025-05-21",163,3,126.18,"Churned"
15809,"2021-12-01",1430,2,220.81,"Churned"
15810,"2022-06-06",1243,2,282.85,"Churned"
15811,"2024-07-10",478,2,194.21,"Churned"
15812,"2023-09-08",784,3,336.49,"Churned"
15813,"2022-01-04",1396,1,11.72,"Churned"
15814,"2024-06-30",488,3,411.61,"Churned"
15815,"2025-02-23",250,3,204.88,"Churned"
15816,"2022-12-12",1054,1,45.42,"Churned"
15817,"2020-11-18",1808,1,104.40,"Churned"
15818,"2022-04-30",1280,1,132.27,"Churned"
15819,"2023-02-25",979,1,202.00,"Churned"
15820,"2022-05-25",1255,1,11.82,"Churned"
15821,"2025-01-15",289,3,181.64,"Churned"
15822,"2025-08-05",87,1,121.64,"At Risk"
15824,"2024-03-26",584,3,362.22,"Churned"
15825,"2023-05-23",892,4,613.68,"Churned"
15826,"2020-09-16",1871,1,127.70,"Churned"
15827,"2021-09-05",1517,1,27.60,"Churned"
15829,"2022-02-24",1345,1,59.13,"Churned"
15830,"2025-08-26",66,2,313.43,"At Risk"
15833,"2025-10-21",10,3,951.09,"Active"
15834,"2022-11-25",1071,3,260.60,"Churned"
15835,"2023-11-22",709,4,710.57,"Churned"
15836,"2025-05-04",180,4,296.05,"Churned"
15838,"2024-10-06",390,2,75.73,"Churned"
15839,"2024-04-28",551,1,255.55,"Churned"
15840,"2024-07-02",486,5,325.65,"Churned"
15841,"2021-05-04",1641,1,30.26,"Churned"
15842,"2024-07-01",487,2,355.22,"Churned"
15843,"2024-01-30",640,2,857.46,"Churned"
15844,"2024-10-02",394,4,293.61,"Churned"
15845,"2024-12-22",313,3,657.00,"Churned"
15846,"2025-02-13",260,4,397.20,"Churned"
15847,"2024-03-03",607,2,121.16,"Churned"
15848,"2024-01-20",650,3,375.81,"Churned"
15849,"2024-10-08",388,4,1041.41,"Churned"
15850,"2024-11-22",343,1,47.12,"Churned"
15851,"2023-07-24",830,1,6.28,"Churned"
15852,"2020-05-11",1999,1,104.47,"Churned"
15854,"2023-05-09",906,2,322.36,"Churned"
15857,"2025-01-15",289,2,58.26,"Churned"
15858,"2025-02-19",254,3,1852.26,"Churned"
15859,"2025-09-21",40,1,35.60,"At Risk"
15860,"2021-09-29",1493,1,162.22,"Churned"
15862,"2021-11-18",1443,2,386.93,"Churned"
15863,"2024-01-16",654,3,406.57,"Churned"
15864,"2025-05-24",160,2,136.00,"Churned"
15865,"2024-01-23",647,1,77.53,"Churned"
15866,"2025-09-12",49,2,172.06,"At Risk"
15867,"2024-03-22",588,2,278.57,"Churned"
15868,"2021-06-14",1600,1,168.16,"Churned"
15869,"2022-11-24",1072,2,30.81,"Churned"
15870,"2023-09-10",782,1,163.70,"Churned"
15872,"2024-07-14",474,3,235.46,"Churned"
15873,"2023-02-04",1000,2,246.68,"Churned"
15875,"2023-10-13",749,2,40.20,"Churned"
15876,"2022-05-19",1261,2,91.08,"Churned"
15877,"2024-04-30",549,2,173.61,"Churned"
15878,"2022-01-01",1399,3,368.70,"Churned"
15880,"2023-03-05",971,2,276.32,"Churned"
15884,"2025-03-29",216,3,508.04,"Churned"
15885,"2021-09-06",1516,3,283.82,"Churned"
15886,"2024-01-25",645,3,84.65,"Churned"
15889,"2025-03-21",224,3,275.12,"Churned"
15890,"2023-09-04",788,4,352.57,"Churned"
15891,"2024-06-19",499,2,157.13,"Churned"
15895,"2022-07-02",1217,4,942.48,"Churned"
15896,"2021-08-01",1552,1,345.03,"Churned"
15897,"2023-11-07",724,3,645.12,"Churned"
15898,"2025-02-05",268,3,738.85,"Churned"
15899,"2023-01-04",1031,2,321.36,"Churned"
15900,"2025-07-04",119,3,143.29,"Churned"
15902,"2025-03-07",238,1,10.25,"Churned"
15903,"2025-01-05",299,2,381.25,"Churned"
15904,"2024-06-22",496,2,32.76,"Churned"
15905,"2025-07-25",98,1,9.97,"Churned"
15906,"2025-09-14",47,2,190.34,"At Risk"
15908,"2025-04-07",207,3,191.45,"Churned"
15910,"2020-07-03",1946,1,10.23,"Churned"
15911,"2025-05-04",180,3,318.79,"Churned"
15912,"2022-02-05",1364,3,400.92,"Churned"
15913,"2024-05-18",531,2,414.50,"Churned"
15914,"2024-03-26",584,3,647.78,"Churned"
15915,"2025-06-11",142,1,179.40,"Churned"
15916,"2022-07-17",1202,2,70.11,"Churned"
15918,"2020-06-04",1975,1,153.52,"Churned"
15919,"2024-12-25",310,2,201.91,"Churned"
15920,"2023-07-15",839,2,273.95,"Churned"
15921,"2025-10-18",13,5,692.61,"Active"
15922,"2025-07-13",110,3,349.98,"Churned"
15923,"2021-06-30",1584,1,17.10,"Churned"
15924,"2024-03-11",599,1,80.15,"Churned"
15925,"2024-10-30",366,1,130.80,"Churned"
15926,"2025-06-20",133,2,128.90,"Churned"
15927,"2023-03-22",954,2,395.60,"Churned"
15928,"2024-01-31",639,2,274.80,"Churned"
15929,"2023-05-09",906,1,207.65,"Churned"
15930,"2022-07-08",1211,1,79.01,"Churned"
15931,"2021-07-06",1578,1,16.46,"Churned"
15934,"2023-04-22",923,2,294.05,"Churned"
15936,"2023-08-07",816,3,137.38,"Churned"
15937,"2025-10-09",22,2,540.31,"Active"
15938,"2025-06-19",134,3,402.75,"Churned"
15940,"2025-03-24",221,7,973.64,"Churned"
15941,"2023-11-19",712,3,581.39,"Churned"
15942,"2024-02-14",625,2,505.95,"Churned"
15943,"2024-07-01",487,3,358.19,"Churned"
15944,"2023-01-17",1018,4,333.03,"Churned"
15946,"2021-08-26",1527,1,26.73,"Churned"
15947,"2020-04-25",2015,2,374.47,"Churned"
15948,"2023-01-01",1034,1,65.42,"Churned"
15949,"2024-06-19",499,2,214.38,"Churned"
15950,"2022-08-04",1184,1,26.02,"Churned"
15951,"2024-04-20",559,2,804.27,"Churned"
15952,"2020-04-30",2010,2,238.82,"Churned"
15953,"2022-10-22",1105,2,335.79,"Churned"
15954,"2024-10-09",387,1,179.24,"Churned"
15955,"2024-08-16",441,2,57.04,"Churned"
15956,"2025-05-27",157,4,665.55,"Churned"
15957,"2024-09-16",410,1,64.09,"Churned"
15958,"2022-05-07",1273,2,125.64,"Churned"
15961,"2024-03-28",582,2,169.00,"Churned"
15962,"2022-09-09",1148,2,229.91,"Churned"
15963,"2025-08-17",75,3,199.00,"At Risk"
15965,"2024-06-03",515,2,50.37,"Churned"
15966,"2024-08-07",450,1,108.17,"Churned"
15967,"2025-09-30",31,1,75.78,"At Risk"
15968,"2025-01-12",292,1,143.56,"Churned"
15970,"2022-03-21",1320,1,74.14,"Churned"
15971,"2025-10-23",8,3,104.68,"Active"
15973,"2025-01-17",287,4,179.53,"Churned"
15974,"2022-11-13",1083,2,307.87,"Churned"
15975,"2024-07-05",483,2,66.95,"Churned"
15976,"2024-08-25",432,1,28.89,"Churned"
15977,"2025-03-18",227,4,954.67,"Churned"
15979,"2022-02-01",1368,3,232.48,"Churned"
15980,"2025-03-19",226,1,358.80,"Churned"
15981,"2023-05-06",909,2,392.50,"Churned"
15982,"2024-03-03",607,2,576.22,"Churned"
15983,"2022-05-03",1277,3,115.11,"Churned"
15984,"2022-06-13",1236,2,76.37,"Churned"
15985,"2022-12-08",1058,1,23.31,"Churned"
15986,"2024-11-12",353,2,269.15,"Churned"
15987,"2024-11-13",352,3,507.04,"Churned"
15988,"2024-10-05",391,3,581.71,"Churned"
15989,"2022-12-11",1055,1,34.53,"Churned"
15990,"2024-01-14",656,2,150.75,"Churned"
15991,"2020-01-06",2125,1,6.65,"Churned"
15992,"2022-05-08",1272,2,446.09,"Churned"
15993,"2024-10-16",380,3,743.91,"Churned"
15994,"2020-06-24",1955,1,55.39,"Churned"
15995,"2024-11-07",358,3,498.95,"Churned"
15996,"2023-10-17",745,2,146.10,"Churned"
15997,"2024-09-24",402,1,189.19,"Churned"
15998,"2022-12-22",1044,1,155.88,"Churned"
15999,"2024-08-08",449,2,231.52,"Churned"
16001,"2024-05-19",530,2,224.80,"Churned"
16002,"2022-05-23",1257,2,145.41,"Churned"
16003,"2023-01-17",1018,1,16.82,"Churned"
16004,"2025-01-05",299,2,197.27,"Churned"
16005,"2023-12-13",688,4,543.91,"Churned"
16007,"2024-01-09",661,2,272.27,"Churned"
16008,"2025-10-21",10,4,444.85,"Active"
16009,"2025-05-09",175,1,287.90,"Churned"
16010,"2024-08-18",439,2,460.14,"Churned"
16012,"2022-05-03",1277,2,153.83,"Churned"
16014,"2025-05-15",169,1,85.28,"Churned"
16015,"2020-10-05",1852,1,100.30,"Churned"
16016,"2025-09-10",51,2,102.20,"At Risk"
16017,"2021-01-20",1745,1,279.47,"Churned"
16018,"2025-03-28",217,3,280.59,"Churned"
16020,"2020-10-17",1840,3,197.09,"Churned"
16021,"2024-10-11",385,1,135.48,"Churned"
16023,"2025-01-07",297,4,292.29,"Churned"
16024,"2024-07-23",465,4,320.96,"Churned"
16025,"2023-10-19",743,2,285.15,"Churned"
16028,"2021-03-03",1703,1,38.75,"Churned"
16029,"2023-06-16",868,3,357.91,"Churned"
16032,"2024-10-17",379,1,33.01,"Churned"
16033,"2023-12-10",691,1,176.45,"Churned"
16034,"2023-05-18",897,1,26.98,"Churned"
16035,"2024-11-28",337,3,98.47,"Churned"
16036,"2022-02-07",1362,1,159.91,"Churned"
16037,"2025-03-24",221,1,48.76,"Churned"
16038,"2023-04-27",918,1,262.59,"Churned"
16039,"2020-09-27",1860,1,94.14,"Churned"
16040,"2025-04-17",197,2,277.99,"Churned"
16042,"2025-05-14",170,1,34.74,"Churned"
16043,"2025-07-13",110,1,222.78,"Churned"
16044,"2021-08-03",1550,1,12.73,"Churned"
16045,"2022-03-24",1317,1,51.02,"Churned"
16046,"2024-11-11",354,2,602.48,"Churned"
16047,"2024-03-27",583,2,1033.15,"Churned"
16048,"2020-05-09",2001,1,264.40,"Churned"
16049,"2024-08-07",450,4,383.78,"Churned"
16051,"2023-11-20",711,2,179.02,"Churned"
16053,"2024-08-21",436,6,620.63,"Churned"
16054,"2022-05-14",1266,2,310.75,"Churned"
16055,"2023-07-17",837,3,121.51,"Churned"
16056,"2023-02-02",1002,2,103.30,"Churned"
16059,"2023-12-05",696,2,142.13,"Churned"
16062,"2022-03-05",1336,2,278.54,"Churned"
16063,"2024-12-13",322,1,115.35,"Churned"
16064,"2022-02-21",1348,1,12.49,"Churned"
16065,"2024-12-16",319,1,98.59,"Churned"
16066,"2023-11-17",714,2,102.03,"Churned"
16067,"2021-01-03",1762,2,260.07,"Churned"
16068,"2020-07-31",1918,1,11.64,"Churned"
16069,"2025-04-28",186,4,800.42,"Churned"
16070,"2021-06-21",1593,1,184.20,"Churned"
16073,"2022-05-27",1253,4,186.44,"Churned"
16074,"2025-03-10",235,3,474.89,"Churned"
16075,"2025-04-18",196,2,176.91,"Churned"
16077,"2023-02-18",986,1,65.11,"Churned"
16078,"2025-03-30",215,3,173.95,"Churned"
16079,"2023-01-05",1030,1,118.86,"Churned"
16080,"2022-07-06",1213,2,293.49,"Churned"
16081,"2024-12-25",310,2,387.53,"Churned"
16082,"2020-09-08",1879,1,127.26,"Churned"
16083,"2025-07-10",113,3,413.88,"Churned"
16084,"2022-07-29",1190,3,307.21,"Churned"
16085,"2020-12-17",1779,1,193.22,"Churned"
16086,"2023-08-27",796,6,406.50,"Churned"
16087,"2023-01-06",1029,2,419.69,"Churned"
16088,"2025-01-04",300,3,397.05,"Churned"
16089,"2025-08-03",89,3,198.15,"At Risk"
16090,"2025-10-22",9,3,257.83,"Active"
16091,"2020-08-27",1891,1,35.49,"Churned"
16092,"2025-06-17",136,3,695.83,"Churned"
16093,"2024-04-03",576,2,140.04,"Churned"
16095,"2024-07-24",464,4,1090.55,"Churned"
16097,"2022-03-19",1322,2,276.10,"Churned"
16098,"2024-04-03",576,2,381.32,"Churned"
16099,"2020-10-08",1849,2,101.48,"Churned"
16101,"2025-05-09",175,1,43.24,"Churned"
16102,"2025-08-04",88,3,325.69,"At Risk"
16103,"2021-05-28",1617,2,185.49,"Churned"
16106,"2023-11-26",705,2,87.92,"Churned"
16107,"2025-04-17",197,3,424.79,"Churned"
16108,"2021-10-09",1483,2,559.44,"Churned"
16109,"2025-09-11",50,3,377.01,"At Risk"
16110,"2021-05-28",1617,1,59.07,"Churned"
16111,"2025-02-24",249,2,368.79,"Churned"
16112,"2021-02-13",1721,1,111.30,"Churned"
16113,"2022-03-05",1336,1,38.13,"Churned"
16114,"2025-10-12",19,6,926.92,"Active"
16116,"2023-08-23",800,2,925.46,"Churned"
16117,"2021-08-04",1549,2,470.32,"Churned"
16118,"2020-10-18",1839,1,168.36,"Churned"
16119,"2023-02-19",985,2,392.19,"Churned"
16121,"2023-03-29",947,2,161.74,"Churned"
16123,"2023-06-18",866,1,223.16,"Churned"
16125,"2021-01-04",1761,1,91.43,"Churned"
16126,"2025-03-14",231,4,1004.70,"Churned"
16127,"2025-06-26",127,2,576.58,"Churned"
16128,"2025-06-07",146,1,35.00,"Churned"
16129,"2025-06-19",134,1,399.42,"Churned"
16130,"2025-09-17",44,2,90.89,"At Risk"
16131,"2024-03-08",602,3,153.05,"Churned"
16132,"2025-07-03",120,3,415.37,"Churned"
16133,"2023-06-24",860,1,286.60,"Churned"
16134,"2023-12-31",670,1,189.40,"Churned"
16135,"2024-12-29",306,2,200.72,"Churned"
16136,"2020-10-06",1851,2,68.99,"Churned"
16137,"2025-08-10",82,2,168.27,"At Risk"
16138,"2024-07-10",478,4,1236.63,"Churned"
16139,"2024-09-25",401,2,653.15,"Churned"
16140,"2020-01-28",2103,1,100.93,"Churned"
16142,"2024-12-20",315,4,328.21,"Churned"
16144,"2021-04-01",1674,1,61.95,"Churned"
16146,"2022-03-04",1337,1,169.07,"Churned"
16147,"2024-09-23",403,2,106.74,"Churned"
16148,"2022-12-29",1037,3,1923.92,"Churned"
16149,"2025-02-05",268,3,122.97,"Churned"
16150,"2025-09-04",57,3,366.46,"At Risk"
16151,"2025-01-17",287,2,211.68,"Churned"
16152,"2024-11-30",335,1,587.75,"Churned"
16154,"2023-06-29",855,2,134.53,"Churned"
16155,"2025-07-11",112,1,10.25,"Churned"
16156,"2023-04-08",937,2,269.10,"Churned"
16157,"2020-09-12",1875,1,15.10,"Churned"
16158,"2021-11-26",1435,1,212.43,"Churned"
16159,"2025-08-11",81,6,1183.12,"At Risk"
16160,"2024-02-23",616,2,965.73,"Churned"
16161,"2022-07-08",1211,1,217.90,"Churned"
16162,"2024-10-30",366,2,320.77,"Churned"
16163,"2025-09-26",35,2,53.33,"At Risk"
16164,"2023-04-03",942,2,211.14,"Churned"
16165,"2025-04-15",199,4,460.89,"Churned"
16166,"2024-10-21",375,1,60.43,"Churned"
16168,"2024-12-11",324,3,339.85,"Churned"
16170,"2023-11-13",718,2,223.59,"Churned"
16171,"2025-05-17",167,3,346.09,"Churned"
16172,"2021-06-07",1607,1,259.72,"Churned"
16173,"2025-02-25",248,2,437.62,"Churned"
16174,"2025-04-22",192,4,840.89,"Churned"
16175,"2023-06-16",868,3,234.03,"Churned"
16177,"2022-11-25",1071,1,527.93,"Churned"
16178,"2023-01-16",1019,1,61.13,"Churned"
16181,"2020-04-15",2025,1,92.02,"Churned"
16183,"2022-01-02",1398,1,233.77,"Churned"
16184,"2025-02-18",255,2,862.92,"Churned"
16186,"2023-09-08",784,1,7.06,"Churned"
16187,"2025-08-26",66,3,288.53,"At Risk"
16189,"2023-10-12",750,2,461.84,"Churned"
16190,"2022-11-02",1094,2,88.35,"Churned"
16193,"2023-02-06",998,2,136.44,"Churned"
16194,"2024-07-14",474,3,54.77,"Churned"
16195,"2022-11-21",1075,1,185.59,"Churned"
16197,"2025-08-22",70,4,389.88,"At Risk"
16198,"2025-01-09",295,2,279.05,"Churned"
16199,"2025-09-29",32,2,163.61,"At Risk"
16200,"2024-09-04",422,1,9.03,"Churned"
16201,"2021-11-30",1431,1,28.53,"Churned"
16204,"2025-09-12",49,4,478.41,"At Risk"
16205,"2023-07-12",842,1,76.45,"Churned"
16206,"2024-12-18",317,2,245.32,"Churned"
16207,"2023-07-19",835,2,267.36,"Churned"
16208,"2023-04-22",923,4,558.63,"Churned"
16209,"2023-06-27",857,2,152.20,"Churned"
16211,"2023-06-15",869,1,48.65,"Churned"
16212,"2023-06-09",875,2,168.64,"Churned"
16213,"2021-10-31",1461,1,38.32,"Churned"
16214,"2023-04-12",933,2,461.05,"Churned"
16215,"2023-03-08",968,1,97.95,"Churned"
16216,"2024-09-07",419,1,86.54,"Churned"
16217,"2024-12-26",309,2,88.04,"Churned"
16219,"2024-05-27",522,2,279.40,"Churned"
16221,"2025-07-07",116,3,347.17,"Churned"
16222,"2025-01-04",300,2,683.36,"Churned"
16223,"2022-11-20",1076,1,15.89,"Churned"
16225,"2020-09-05",1882,2,92.51,"Churned"
16226,"2023-02-09",995,2,225.88,"Churned"
16229,"2020-09-02",1885,1,105.17,"Churned"
16230,"2024-05-11",538,4,418.25,"Churned"
16232,"2025-07-06",117,6,1980.98,"Churned"
16233,"2025-01-13",291,1,233.31,"Churned"
16236,"2021-09-03",1519,2,119.58,"Churned"
16237,"2025-08-11",81,5,628.56,"At Risk"
16238,"2023-08-28",795,3,592.36,"Churned"
16239,"2025-02-22",251,4,756.38,"Churned"
16240,"2023-06-22",862,2,734.02,"Churned"
16241,"2025-06-04",149,6,1545.94,"Churned"
16242,"2025-07-26",97,1,326.50,"Churned"
16243,"2020-06-10",1969,1,97.35,"Churned"
16244,"2022-06-09",1240,1,215.09,"Churned"
16245,"2025-04-12",202,4,388.20,"Churned"
16246,"2025-06-22",131,4,960.71,"Churned"
16247,"2022-02-19",1350,2,204.70,"Churned"
16248,"2025-05-12",172,2,80.24,"Churned"
16250,"2025-04-19",195,4,262.44,"Churned"
16252,"2021-02-05",1729,1,209.44,"Churned"
16253,"2025-03-30",215,2,218.79,"Churned"
16254,"2023-02-26",978,1,49.52,"Churned"
16255,"2020-03-10",2061,1,52.06,"Churned"
16256,"2022-10-27",1100,1,56.24,"Churned"
16258,"2020-04-10",2030,1,188.28,"Churned"
16259,"2020-03-17",2054,1,11.57,"Churned"
16260,"2024-07-23",465,4,428.41,"Churned"
16261,"2025-08-26",66,3,199.22,"At Risk"
16262,"2023-09-24",768,5,776.86,"Churned"
16264,"2023-05-20",895,2,467.72,"Churned"
16266,"2025-04-13",201,3,284.24,"Churned"
16267,"2024-08-08",449,2,229.11,"Churned"
16268,"2024-07-13",475,2,376.55,"Churned"
16269,"2024-11-26",339,3,364.33,"Churned"
16270,"2025-05-29",155,1,119.89,"Churned"
16271,"2024-08-22",435,2,403.79,"Churned"
16272,"2025-03-05",240,5,417.39,"Churned"
16273,"2020-01-17",2114,1,42.91,"Churned"
16274,"2024-02-16",623,3,1036.24,"Churned"
16275,"2025-03-19",226,3,127.39,"Churned"
16277,"2021-08-25",1528,1,11.75,"Churned"
16278,"2022-11-18",1078,3,331.24,"Churned"
16279,"2020-05-10",2000,1,23.43,"Churned"
16280,"2024-04-16",563,1,121.25,"Churned"
16281,"2024-08-28",429,2,231.45,"Churned"
16282,"2025-08-29",63,2,167.29,"At Risk"
16283,"2024-09-08",418,2,200.73,"Churned"
16284,"2024-05-31",518,2,237.23,"Churned"
16286,"2023-11-26",705,3,974.57,"Churned"
16287,"2024-05-16",533,3,275.77,"Churned"
16288,"2025-04-28",186,1,241.56,"Churned"
16290,"2021-07-21",1563,1,72.83,"Churned"
16291,"2021-10-12",1480,1,7.35,"Churned"
16292,"2024-06-04",514,3,161.60,"Churned"
16293,"2023-05-12",903,2,143.84,"Churned"
16294,"2024-06-19",499,1,103.94,"Churned"
16295,"2022-12-28",1038,1,171.40,"Churned"
16296,"2024-03-30",580,1,90.58,"Churned"
16297,"2020-02-18",2082,2,276.55,"Churned"
16299,"2025-10-04",27,4,695.61,"Active"
16302,"2021-04-13",1662,1,17.42,"Churned"
16303,"2025-04-22",192,2,190.36,"Churned"
16304,"2024-02-08",631,2,112.01,"Churned"
16305,"2021-07-08",1576,1,27.47,"Churned"
16306,"2021-06-25",1589,1,49.52,"Churned"
16307,"2023-10-23",739,1,21.08,"Churned"
16308,"2024-04-06",573,3,241.03,"Churned"
16309,"2023-12-29",672,4,134.73,"Churned"
16310,"2023-07-18",836,3,811.57,"Churned"
16311,"2025-03-09",236,1,159.10,"Churned"
16313,"2023-06-30",854,3,317.14,"Churned"
16314,"2024-04-16",563,3,287.73,"Churned"
16315,"2023-06-09",875,1,15.89,"Churned"
16316,"2021-06-11",1603,1,386.99,"Churned"
16318,"2024-03-18",592,3,320.39,"Churned"
16319,"2022-07-31",1188,2,416.30,"Churned"
16320,"2025-02-06",267,2,244.78,"Churned"
16322,"2021-01-22",1743,1,44.91,"Churned"
16324,"2023-04-19",926,1,54.65,"Churned"
16325,"2024-12-27",308,2,445.87,"Churned"
16326,"2024-08-09",448,3,286.39,"Churned"
16327,"2022-04-23",1287,1,242.89,"Churned"
16328,"2024-06-04",514,3,216.15,"Churned"
16329,"2024-12-13",322,3,383.02,"Churned"
16331,"2022-12-03",1063,1,40.09,"Churned"
16332,"2021-07-30",1554,1,127.52,"Churned"
16333,"2025-09-05",56,2,109.52,"At Risk"
16334,"2023-11-03",728,2,504.73,"Churned"
16335,"2024-10-24",372,5,761.90,"Churned"
16336,"2025-02-18",255,2,234.33,"Churned"
16337,"2024-10-19",377,1,151.01,"Churned"
16338,"2021-07-26",1558,1,211.44,"Churned"
16339,"2025-10-25",6,5,518.30,"Active"
16340,"2023-10-18",744,1,12.05,"Churned"
16341,"2023-03-31",945,4,651.26,"Churned"
16342,"2022-11-02",1094,1,255.94,"Churned"
16343,"2024-04-24",555,2,444.38,"Churned"
16344,"2021-06-20",1594,1,110.08,"Churned"
16345,"2022-04-05",1305,1,96.00,"Churned"
16346,"2023-04-09",936,2,193.17,"Churned"
16348,"2024-08-31",426,2,265.98,"Churned"
16349,"2023-11-05",726,2,143.61,"Churned"
16350,"2022-04-26",1284,2,151.64,"Churned"
16351,"2022-07-11",1208,3,500.83,"Churned"
16352,"2020-07-23",1926,1,30.71,"Churned"
16353,"2020-08-15",1903,1,334.43,"Churned"
16354,"2024-08-22",435,3,140.00,"Churned"
16358,"2025-08-25",67,1,332.84,"At Risk"
16359,"2020-02-25",2075,1,27.68,"Churned"
16360,"2024-06-16",502,2,448.29,"Churned"
16361,"2024-07-19",469,4,182.79,"Churned"
16362,"2024-07-04",484,1,18.54,"Churned"
16363,"2023-05-11",904,1,100.30,"Churned"
16365,"2021-03-31",1675,1,136.98,"Churned"
16366,"2025-10-19",12,4,472.42,"Active"
16367,"2021-04-21",1654,3,215.76,"Churned"
16369,"2022-06-08",1241,2,826.15,"Churned"
16370,"2024-01-05",665,2,482.25,"Churned"
16371,"2024-11-01",364,3,197.00,"Churned"
16372,"2022-03-11",1330,1,46.71,"Churned"
16373,"2021-03-12",1694,1,85.16,"Churned"
16374,"2025-10-23",8,3,204.17,"Active"
16375,"2024-09-07",419,3,88.77,"Churned"
16376,"2025-06-21",132,4,99.27,"Churned"
16377,"2025-02-10",263,4,727.27,"Churned"
16378,"2025-01-30",274,1,157.95,"Churned"
16379,"2024-03-11",599,2,74.03,"Churned"
16380,"2022-12-05",1061,1,22.86,"Churned"
16381,"2024-02-21",618,2,159.20,"Churned"
16383,"2024-09-26",400,3,99.13,"Churned"
16384,"2024-12-26",309,3,322.45,"Churned"
16387,"2024-04-22",557,4,253.34,"Churned"
16388,"2025-02-06",267,1,662.61,"Churned"
16389,"2025-03-30",215,1,223.18,"Churned"
16390,"2022-11-24",1072,1,83.86,"Churned"
16391,"2025-08-05",87,3,621.83,"At Risk"
16392,"2024-02-23",616,1,87.89,"Churned"
16393,"2024-11-10",355,4,391.88,"Churned"
16394,"2025-08-30",62,3,430.11,"At Risk"
16396,"2025-09-14",47,3,302.56,"At Risk"
16397,"2023-06-02",882,1,59.05,"Churned"
16398,"2024-11-25",340,5,811.37,"Churned"
16399,"2023-10-17",745,2,250.03,"Churned"
16400,"2023-07-17",837,2,82.22,"Churned"
16401,"2024-04-24",555,2,678.53,"Churned"
16402,"2025-06-18",135,1,40.78,"Churned"
16404,"2023-01-23",1012,1,178.48,"Churned"
16405,"2023-07-22",832,1,38.74,"Churned"
16406,"2025-03-11",234,1,118.63,"Churned"
16407,"2024-03-12",598,2,372.29,"Churned"
16408,"2023-02-18",986,2,95.47,"Churned"
16409,"2021-12-05",1426,1,64.51,"Churned"
16410,"2024-10-17",379,1,180.32,"Churned"
16412,"2025-01-26",278,3,228.67,"Churned"
16413,"2023-03-11",965,1,640.31,"Churned"
16414,"2023-06-10",874,2,216.68,"Churned"
16415,"2025-07-14",109,1,56.86,"Churned"
16416,"2022-09-20",1137,3,548.95,"Churned"
16417,"2025-05-18",166,2,165.78,"Churned"
16418,"2024-12-12",323,1,7.41,"Churned"
16419,"2021-04-23",1652,1,119.43,"Churned"
16420,"2025-04-08",206,2,716.56,"Churned"
16421,"2024-05-17",532,3,892.12,"Churned"
16422,"2024-11-07",358,1,69.77,"Churned"
16423,"2023-11-01",730,2,309.32,"Churned"
16424,"2021-06-17",1597,2,68.07,"Churned"
16427,"2022-08-05",1183,1,47.02,"Churned"
16428,"2024-02-21",618,1,258.56,"Churned"
16429,"2023-05-04",911,2,41.00,"Churned"
16430,"2025-02-14",259,3,299.23,"Churned"
16431,"2020-03-08",2063,1,258.01,"Churned"
16432,"2025-08-08",84,3,1211.46,"At Risk"
16433,"2024-11-28",337,3,196.86,"Churned"
16434,"2024-03-18",592,3,352.65,"Churned"
16435,"2025-08-20",72,2,200.02,"At Risk"
16436,"2020-02-18",2082,1,68.39,"Churned"
16437,"2020-08-01",1917,1,108.64,"Churned"
16438,"2024-08-05",452,3,307.82,"Churned"
16440,"2024-06-20",498,3,326.12,"Churned"
16441,"2024-03-07",603,1,835.69,"Churned"
16442,"2021-07-24",1560,1,454.29,"Churned"
16443,"2023-03-21",955,1,99.70,"Churned"
16445,"2020-08-29",1889,1,88.59,"Churned"
16447,"2021-06-30",1584,1,42.57,"Churned"
16448,"2024-12-12",323,3,778.72,"Churned"
16449,"2021-04-27",1648,1,260.46,"Churned"
16450,"2022-06-06",1243,3,162.20,"Churned"
16451,"2022-05-15",1265,1,160.28,"Churned"
16452,"2021-09-20",1502,1,55.63,"Churned"
16453,"2025-01-14",290,3,310.76,"Churned"
16454,"2022-07-23",1196,2,264.58,"Churned"
16455,"2023-02-22",982,1,33.75,"Churned"
16456,"2023-04-05",940,1,143.00,"Churned"
16459,"2020-05-20",1990,1,467.67,"Churned"
16460,"2025-07-30",93,3,402.57,"Churned"
16461,"2025-06-30",123,3,133.17,"Churned"
16462,"2021-12-06",1425,2,46.01,"Churned"
16463,"2022-08-11",1177,4,542.84,"Churned"
16464,"2025-03-15",230,4,849.97,"Churned"
16466,"2020-09-17",1870,2,360.81,"Churned"
16467,"2024-03-17",593,3,1039.81,"Churned"
16468,"2023-05-11",904,1,39.50,"Churned"
16469,"2022-11-30",1066,5,1119.76,"Churned"
16470,"2023-05-19",896,2,37.78,"Churned"
16472,"2025-04-09",205,4,285.46,"Churned"
16473,"2021-12-23",1408,1,419.23,"Churned"
16475,"2025-03-30",215,2,132.66,"Churned"
16476,"2020-05-09",2001,1,18.03,"Churned"
16477,"2020-11-12",1814,1,69.52,"Churned"
16478,"2025-09-27",34,1,18.40,"At Risk"
16480,"2024-09-22",404,2,379.19,"Churned"
16481,"2025-09-13",48,3,467.75,"At Risk"
16482,"2021-10-24",1468,1,103.73,"Churned"
16483,"2024-11-25",340,1,113.45,"Churned"
16484,"2022-07-21",1198,1,106.08,"Churned"
16485,"2023-11-26",705,2,184.41,"Churned"
16486,"2024-02-11",628,2,353.08,"Churned"
16487,"2023-06-10",874,4,1030.49,"Churned"
16488,"2023-07-01",853,2,176.03,"Churned"
16489,"2021-08-25",1528,1,106.16,"Churned"
16490,"2021-06-11",1603,1,317.09,"Churned"
16492,"2023-08-25",798,2,289.05,"Churned"
16493,"2025-05-04",180,3,518.84,"Churned"
16494,"2022-12-05",1061,2,498.98,"Churned"
16495,"2025-04-14",200,2,275.69,"Churned"
16496,"2020-10-04",1853,1,77.58,"Churned"
16497,"2023-12-14",687,1,148.54,"Churned"
16498,"2024-03-27",583,4,329.15,"Churned"
16499,"2025-07-30",93,4,420.60,"Churned"
16501,"2024-01-23",647,3,676.55,"Churned"
16502,"2023-09-28",764,3,180.59,"Churned"
16503,"2023-01-04",1031,2,96.91,"Churned"
16504,"2024-02-17",622,3,438.17,"Churned"
16505,"2020-11-04",1822,1,752.46,"Churned"
16506,"2020-02-04",2096,1,4.59,"Churned"
16508,"2024-02-29",610,3,255.48,"Churned"
16509,"2023-11-28",703,1,27.53,"Churned"
16510,"2024-04-13",566,1,96.30,"Churned"
16511,"2024-10-29",367,3,508.14,"Churned"
16512,"2025-10-11",20,3,453.68,"Active"
16513,"2020-03-05",2066,1,104.40,"Churned"
16515,"2023-06-26",858,1,39.58,"Churned"
16516,"2025-05-07",177,2,157.23,"Churned"
16517,"2025-08-07",85,3,466.13,"At Risk"
16519,"2025-10-19",12,2,102.94,"Active"
16520,"2024-10-05",391,2,262.30,"Churned"
16521,"2023-06-01",883,1,92.13,"Churned"
16522,"2024-03-25",585,4,620.12,"Churned"
16523,"2020-07-24",1925,1,45.87,"Churned"
16524,"2022-02-13",1356,2,1300.20,"Churned"
16525,"2022-01-01",1399,2,223.05,"Churned"
16526,"2025-08-03",89,3,96.47,"At Risk"
16530,"2021-01-23",1742,1,64.57,"Churned"
16531,"2024-05-27",522,3,258.82,"Churned"
16532,"2024-11-26",339,2,329.01,"Churned"
16534,"2024-11-05",360,3,176.54,"Churned"
16535,"2021-08-22",1531,1,16.04,"Churned"
16537,"2024-08-08",449,1,125.59,"Churned"
16538,"2025-03-08",237,2,346.83,"Churned"
16539,"2023-11-11",720,3,174.55,"Churned"
16540,"2022-11-17",1079,1,16.32,"Churned"
16541,"2023-08-02",821,1,265.91,"Churned"
16542,"2021-06-30",1584,1,109.44,"Churned"
16543,"2020-10-20",1837,1,578.56,"Churned"
16544,"2024-07-15",473,1,116.66,"Churned"
16545,"2025-06-08",145,2,105.11,"Churned"
16546,"2023-05-19",896,1,35.56,"Churned"
16547,"2025-02-27",246,3,317.17,"Churned"
16548,"2024-08-31",426,2,269.83,"Churned"
16549,"2023-11-12",719,1,28.92,"Churned"
16552,"2022-12-18",1048,1,35.12,"Churned"
16553,"2025-06-05",148,3,813.20,"Churned"
16554,"2024-09-03",423,6,536.17,"Churned"
16555,"2021-11-18",1443,3,128.55,"Churned"
16557,"2023-03-09",967,1,93.85,"Churned"
16558,"2023-06-23",861,4,763.38,"Churned"
16559,"2021-11-16",1445,2,88.58,"Churned"
16560,"2023-10-23",739,2,631.47,"Churned"
16562,"2024-10-02",394,2,449.51,"Churned"
16563,"2024-09-06",420,2,674.93,"Churned"
16564,"2021-10-17",1475,1,44.14,"Churned"
16565,"2024-10-28",368,4,1976.53,"Churned"
16567,"2020-10-10",1847,1,44.09,"Churned"
16568,"2025-10-09",22,4,493.86,"Active"
16569,"2021-07-13",1571,1,81.14,"Churned"
16570,"2022-11-28",1068,3,641.86,"Churned"
16571,"2025-09-15",46,4,279.88,"At Risk"
16572,"2022-10-10",1117,2,239.26,"Churned"
16573,"2020-05-31",1979,1,120.00,"Churned"
16574,"2021-06-26",1588,2,173.03,"Churned"
16576,"2022-06-26",1223,2,525.36,"Churned"
16578,"2020-10-28",1829,1,36.28,"Churned"
16579,"2024-03-14",596,2,131.29,"Churned"
16581,"2023-05-14",901,2,698.79,"Churned"
16582,"2023-04-18",927,1,492.26,"Churned"
16583,"2022-04-20",1290,1,270.55,"Churned"
16584,"2022-11-29",1067,3,76.13,"Churned"
16585,"2023-06-27",857,1,112.00,"Churned"
16586,"2021-03-21",1685,1,88.32,"Churned"
16587,"2025-07-06",117,2,98.44,"Churned"
16588,"2023-08-22",801,4,692.48,"Churned"
16589,"2022-09-17",1140,2,313.62,"Churned"
16590,"2020-05-16",1994,1,84.83,"Churned"
16592,"2023-08-18",805,1,39.84,"Churned"
16593,"2021-10-05",1487,1,66.53,"Churned"
16594,"2025-06-28",125,2,206.88,"Churned"
16595,"2022-08-08",1180,3,541.77,"Churned"
16598,"2025-05-22",162,3,777.09,"Churned"
16600,"2022-01-19",1381,2,50.39,"Churned"
16601,"2024-10-12",384,1,78.04,"Churned"
16602,"2024-05-11",538,2,86.04,"Churned"
16603,"2024-03-10",600,3,787.09,"Churned"
16604,"2025-03-21",224,3,558.40,"Churned"
16605,"2025-10-02",29,4,622.13,"Active"
16606,"2025-01-19",285,2,554.74,"Churned"
16607,"2023-10-20",742,2,406.90,"Churned"
16608,"2020-08-06",1912,1,290.27,"Churned"
16609,"2022-10-15",1112,2,203.78,"Churned"
16610,"2023-03-04",972,1,33.97,"Churned"
16612,"2021-12-09",1422,1,5.37,"Churned"
16613,"2025-08-02",90,2,333.47,"At Risk"
16614,"2024-01-03",667,2,151.71,"Churned"
16616,"2024-02-10",629,1,108.78,"Churned"
16617,"2022-12-04",1062,2,58.82,"Churned"
16618,"2024-10-31",365,3,466.43,"Churned"
16619,"2023-02-16",988,2,116.27,"Churned"
16620,"2024-05-02",547,4,434.41,"Churned"
16622,"2022-12-23",1043,1,227.38,"Churned"
16623,"2023-04-04",941,3,162.29,"Churned"
16624,"2025-03-02",243,6,660.76,"Churned"
16626,"2023-06-15",869,1,15.86,"Churned"
16627,"2022-06-12",1237,2,138.63,"Churned"
16628,"2024-10-11",385,1,43.79,"Churned"
16630,"2025-09-28",33,2,34.73,"At Risk"
16631,"2025-06-02",151,3,61.48,"Churned"
16632,"2024-10-15",381,2,656.59,"Churned"
16633,"2023-02-10",994,3,789.93,"Churned"
16634,"2024-02-06",633,1,49.51,"Churned"
16635,"2023-12-29",672,4,1062.93,"Churned"
16636,"2020-05-31",1979,1,149.59,"Churned"
16637,"2023-02-02",1002,1,13.81,"Churned"
16639,"2024-12-22",313,2,59.24,"Churned"
16640,"2024-03-04",606,1,52.87,"Churned"
16642,"2020-10-16",1841,1,200.84,"Churned"
16643,"2025-09-03",58,1,25.48,"At Risk"
16644,"2020-02-02",2098,1,209.66,"Churned"
16645,"2020-06-23",1956,1,17.58,"Churned"
16647,"2020-04-20",2020,1,36.00,"Churned"
16648,"2025-03-07",238,4,509.71,"Churned"
16649,"2024-08-13",444,1,56.47,"Churned"
16651,"2024-03-02",608,3,395.44,"Churned"
16653,"2025-06-14",139,2,187.14,"Churned"
16654,"2021-11-28",1433,2,129.73,"Churned"
16655,"2022-07-08",1211,1,34.38,"Churned"
16656,"2023-07-31",823,4,260.95,"Churned"
16657,"2025-09-07",54,1,213.56,"At Risk"
16658,"2025-05-29",155,3,426.37,"Churned"
16659,"2023-10-18",744,2,112.13,"Churned"
16661,"2023-06-29",855,2,258.77,"Churned"
16662,"2023-01-09",1026,1,5.69,"Churned"
16663,"2025-07-03",120,3,611.66,"Churned"
16664,"2022-10-15",1112,3,248.91,"Churned"
16665,"2022-11-08",1088,4,504.80,"Churned"
16666,"2024-07-05",483,1,333.99,"Churned"
16668,"2022-11-25",1071,1,192.99,"Churned"
16669,"2020-04-04",2036,1,141.92,"Churned"
16671,"2023-07-23",831,1,74.13,"Churned"
16672,"2023-07-17",837,2,345.57,"Churned"
16675,"2024-10-03",393,4,486.89,"Churned"
16677,"2025-10-17",14,3,242.47,"Active"
16678,"2025-05-18",166,2,219.71,"Churned"
16679,"2022-08-11",1177,1,422.66,"Churned"
16681,"2025-08-31",61,2,48.50,"At Risk"
16682,"2024-11-23",342,2,320.00,"Churned"
16683,"2024-02-22",617,1,142.92,"Churned"
16684,"2020-07-11",1938,1,209.99,"Churned"
16685,"2024-07-28",460,2,361.49,"Churned"
16686,"2023-05-26",889,2,67.58,"Churned"
16687,"2024-10-27",369,3,178.38,"Churned"
16689,"2024-12-31",304,2,516.90,"Churned"
16690,"2024-06-11",507,1,306.90,"Churned"
16691,"2023-04-17",928,1,173.00,"Churned"
16693,"2021-06-30",1584,3,200.27,"Churned"
16694,"2023-11-06",725,2,394.61,"Churned"
16695,"2023-03-15",961,1,135.81,"Churned"
16696,"2022-08-29",1159,2,220.10,"Churned"
16697,"2023-06-27",857,3,1110.07,"Churned"
16698,"2024-09-01",425,3,313.47,"Churned"
16699,"2023-01-16",1019,5,735.99,"Churned"
16700,"2025-04-13",201,2,500.42,"Churned"
16702,"2021-01-12",1753,1,4.30,"Churned"
16703,"2023-09-09",783,2,118.97,"Churned"
16704,"2020-01-29",2102,1,73.61,"Churned"
16705,"2022-01-09",1391,1,219.91,"Churned"
16706,"2025-07-22",101,5,517.45,"Churned"
16707,"2021-10-31",1461,1,46.39,"Churned"
16708,"2024-03-24",586,3,491.87,"Churned"
16709,"2025-06-03",150,3,273.65,"Churned"
16711,"2024-03-24",586,2,229.56,"Churned"
16712,"2023-01-20",1015,2,170.34,"Churned"
16714,"2025-01-27",277,1,39.27,"Churned"
16715,"2024-11-08",357,3,89.09,"Churned"
16716,"2025-06-24",129,3,487.45,"Churned"
16717,"2025-08-04",88,2,161.20,"At Risk"
16718,"2023-06-29",855,3,403.12,"Churned"
16719,"2023-02-15",989,2,182.25,"Churned"
16720,"2025-01-23",281,6,436.80,"Churned"
16721,"2021-07-04",1580,3,294.58,"Churned"
16722,"2025-10-07",24,2,27.57,"Active"
16723,"2022-08-26",1162,2,118.32,"Churned"
16724,"2025-01-21",283,3,523.18,"Churned"
16725,"2025-05-17",167,2,415.43,"Churned"
16727,"2025-09-13",48,1,66.22,"At Risk"
16728,"2025-01-06",298,3,271.76,"Churned"
16729,"2023-09-04",788,3,124.68,"Churned"
16730,"2023-07-18",836,2,96.33,"Churned"
16731,"2023-07-03",851,1,39.94,"Churned"
16732,"2020-01-03",2128,1,211.86,"Churned"
16733,"2020-11-06",1820,2,233.02,"Churned"
16734,"2021-11-11",1450,1,310.15,"Churned"
16735,"2025-02-22",251,3,227.69,"Churned"
16736,"2022-08-17",1171,1,33.06,"Churned"
16737,"2025-03-25",220,2,325.07,"Churned"
16738,"2025-09-17",44,1,8.35,"At Risk"
16740,"2023-11-23",708,3,390.48,"Churned"
16741,"2022-08-31",1157,2,194.97,"Churned"
16742,"2020-12-04",1792,1,67.36,"Churned"
16743,"2025-04-14",200,1,294.05,"Churned"
16744,"2024-01-24",646,2,259.20,"Churned"
16746,"2021-04-25",1650,1,41.61,"Churned"
16748,"2025-10-14",17,1,301.69,"Active"
16749,"2024-03-20",590,5,660.70,"Churned"
16750,"2024-02-03",636,1,11.37,"Churned"
16751,"2020-09-06",1881,2,355.53,"Churned"
16752,"2020-09-01",1886,1,9.27,"Churned"
16753,"2024-09-21",405,2,52.67,"Churned"
16754,"2024-03-09",601,2,239.33,"Churned"
16755,"2021-05-10",1635,1,376.88,"Churned"
16757,"2021-07-08",1576,1,39.60,"Churned"
16758,"2024-11-13",352,2,259.17,"Churned"
16759,"2024-02-22",617,2,78.42,"Churned"
16760,"2024-06-04",514,3,592.98,"Churned"
16762,"2024-05-12",537,3,495.12,"Churned"
16763,"2024-06-02",516,4,414.63,"Churned"
16764,"2022-01-05",1395,1,65.50,"Churned"
16765,"2022-07-23",1196,1,408.53,"Churned"
16768,"2025-08-27",65,7,663.03,"At Risk"
16769,"2023-02-04",1000,1,53.49,"Churned"
16770,"2023-08-20",803,1,248.82,"Churned"
16772,"2025-06-29",124,3,906.11,"Churned"
16773,"2025-10-09",22,6,440.84,"Active"
16775,"2024-06-24",494,1,75.95,"Churned"
16776,"2023-06-18",866,2,157.25,"Churned"
16777,"2024-05-25",524,2,490.50,"Churned"
16778,"2020-07-06",1943,2,217.41,"Churned"
16779,"2024-10-14",382,2,124.97,"Churned"
16782,"2025-07-26",97,4,727.84,"Churned"
16783,"2022-03-22",1319,1,10.91,"Churned"
16785,"2025-01-04",300,2,657.26,"Churned"
16786,"2025-10-02",29,5,567.34,"Active"
16787,"2020-07-22",1927,1,230.31,"Churned"
16789,"2022-09-24",1133,1,103.94,"Churned"
16790,"2023-03-29",947,1,317.64,"Churned"
16791,"2022-04-26",1284,1,14.08,"Churned"
16792,"2023-10-02",760,1,188.82,"Churned"
16793,"2024-05-10",539,2,212.10,"Churned"
16795,"2023-12-06",695,1,153.96,"Churned"
16796,"2020-05-05",2005,2,205.81,"Churned"
16797,"2024-10-13",383,6,1541.08,"Churned"
16798,"2025-09-24",37,2,89.05,"At Risk"
16799,"2022-03-07",1334,2,117.17,"Churned"
16800,"2023-03-15",961,1,577.91,"Churned"
16801,"2023-12-16",685,1,208.24,"Churned"
16802,"2022-06-02",1247,4,456.63,"Churned"
16803,"2020-08-30",1888,1,748.10,"Churned"
16804,"2022-11-22",1074,3,120.59,"Churned"
16805,"2025-08-24",68,3,332.06,"At Risk"
16806,"2021-01-21",1744,1,480.35,"Churned"
16807,"2023-12-14",687,2,128.24,"Churned"
16809,"2025-09-12",49,5,807.68,"At Risk"
16812,"2025-01-23",281,1,73.70,"Churned"
16814,"2021-05-16",1629,2,105.08,"Churned"
16815,"2021-04-01",1674,1,29.62,"Churned"
16816,"2024-04-22",557,1,62.20,"Churned"
16817,"2024-12-04",331,2,81.42,"Churned"
16818,"2021-09-30",1492,1,165.75,"Churned"
16820,"2022-04-04",1306,2,175.22,"Churned"
16822,"2024-05-12",537,3,454.55,"Churned"
16825,"2023-04-21",924,1,234.24,"Churned"
16826,"2023-07-05",849,1,36.17,"Churned"
16827,"2025-09-18",43,2,393.11,"At Risk"
16828,"2025-08-08",84,2,124.11,"At Risk"
16829,"2025-04-17",197,2,50.15,"Churned"
16830,"2021-12-21",1410,2,361.66,"Churned"
16831,"2020-10-15",1842,1,79.04,"Churned"
16832,"2020-02-03",2097,1,30.17,"Churned"
16834,"2024-06-14",504,3,52.41,"Churned"
16836,"2024-05-06",543,3,401.34,"Churned"
16837,"2023-01-25",1010,2,317.93,"Churned"
16838,"2023-06-24",860,1,55.45,"Churned"
16839,"2023-08-17",806,1,122.99,"Churned"
16840,"2025-05-16",168,3,165.24,"Churned"
16842,"2020-10-17",1840,2,309.91,"Churned"
16843,"2025-10-08",23,2,371.87,"Active"
16845,"2024-10-11",385,2,931.79,"Churned"
16846,"2025-02-02",271,2,346.51,"Churned"
16847,"2021-07-05",1579,1,197.27,"Churned"
16848,"2025-02-01",272,3,196.03,"Churned"
16849,"2023-06-23",861,2,58.26,"Churned"
16850,"2020-10-19",1838,1,39.88,"Churned"
16851,"2024-01-06",664,3,387.59,"Churned"
16852,"2024-02-01",638,3,526.44,"Churned"
16853,"2024-12-10",325,2,125.50,"Churned"
16854,"2024-11-26",339,2,246.31,"Churned"
16855,"2023-03-19",957,3,626.08,"Churned"
16856,"2023-12-27",674,4,469.93,"Churned"
16857,"2022-02-18",1351,1,102.96,"Churned"
16858,"2024-05-09",540,3,528.48,"Churned"
16859,"2023-12-04",697,1,48.32,"Churned"
16860,"2023-08-17",806,1,84.54,"Churned"
16861,"2021-02-22",1712,1,69.69,"Churned"
16862,"2021-06-28",1586,1,669.67,"Churned"
16863,"2024-08-11",446,4,742.54,"Churned"
16865,"2023-01-21",1014,1,281.65,"Churned"
16866,"2025-06-17",136,3,305.23,"Churned"
16867,"2025-10-03",28,5,487.82,"Active"
16868,"2023-07-24",830,2,619.22,"Churned"
16869,"2021-12-14",1417,1,32.60,"Churned"
16872,"2024-11-13",352,2,100.13,"Churned"
16873,"2021-01-01",1764,1,81.16,"Churned"
16875,"2025-06-05",148,4,288.63,"Churned"
16876,"2021-02-25",1709,1,133.12,"Churned"
16877,"2025-08-15",77,4,672.61,"At Risk"
16878,"2020-06-08",1971,2,126.57,"Churned"
16879,"2020-11-06",1820,2,222.97,"Churned"
16880,"2024-12-03",332,3,738.11,"Churned"
16881,"2025-01-24",280,1,96.79,"Churned"
16882,"2024-11-18",347,1,554.64,"Churned"
16883,"2023-09-12",780,3,306.69,"Churned"
16884,"2022-03-16",1325,2,22.00,"Churned"
16886,"2023-05-10",905,1,234.70,"Churned"
16887,"2022-02-14",1355,2,515.88,"Churned"
16888,"2025-06-30",123,3,303.86,"Churned"
16889,"2023-02-06",998,2,115.75,"Churned"
16891,"2024-07-01",487,4,330.40,"Churned"
16892,"2023-09-30",762,3,235.85,"Churned"
16893,"2025-09-04",57,4,254.43,"At Risk"
16894,"2025-10-30",1,1,71.84,"Active"
16895,"2021-03-17",1689,2,453.18,"Churned"
16896,"2023-03-16",960,1,251.10,"Churned"
16897,"2025-07-29",94,4,477.75,"Churned"
16898,"2024-12-03",332,2,103.14,"Churned"
16899,"2023-09-10",782,3,308.44,"Churned"
16900,"2021-05-08",1637,1,7.24,"Churned"
16901,"2024-12-14",321,2,257.12,"Churned"
16902,"2023-12-24",677,1,47.76,"Churned"
16905,"2024-05-18",531,2,506.29,"Churned"
16907,"2022-12-11",1055,2,139.61,"Churned"
16908,"2025-10-23",8,2,98.97,"Active"
16909,"2024-10-15",381,2,651.69,"Churned"
16910,"2021-08-19",1534,1,156.62,"Churned"
16911,"2025-03-04",241,2,209.47,"Churned"
16912,"2025-08-23",69,3,375.83,"At Risk"
16913,"2020-12-20",1776,2,430.77,"Churned"
16914,"2025-06-03",150,2,367.15,"Churned"
16916,"2022-04-25",1285,1,110.75,"Churned"
16919,"2022-11-29",1067,4,251.01,"Churned"
16920,"2021-05-21",1624,1,77.31,"Churned"
16921,"2025-03-10",235,2,351.62,"Churned"
16922,"2025-07-28",95,1,121.66,"Churned"
16923,"2024-06-05",513,2,420.67,"Churned"
16924,"2021-04-23",1652,1,467.17,"Churned"
16925,"2020-09-07",1880,1,171.62,"Churned"
16926,"2024-04-03",576,2,100.00,"Churned"
16927,"2022-04-02",1308,2,106.60,"Churned"
16928,"2025-09-07",54,2,466.98,"At Risk"
16929,"2021-01-27",1738,1,138.12,"Churned"
16930,"2024-05-27",522,2,153.07,"Churned"
16931,"2025-09-25",36,4,443.56,"At Risk"
16932,"2023-04-14",931,4,191.09,"Churned"
16933,"2020-03-28",2043,2,107.61,"Churned"
16934,"2020-07-17",1932,1,12.44,"Churned"
16935,"2023-12-15",686,2,175.02,"Churned"
16936,"2023-05-17",898,1,50.72,"Churned"
16937,"2025-04-05",209,3,95.33,"Churned"
16939,"2025-05-02",182,4,359.88,"Churned"
16940,"2025-03-23",222,6,1070.17,"Churned"
16942,"2021-01-09",1756,1,215.12,"Churned"
16943,"2025-10-15",16,4,476.72,"Active"
16945,"2025-03-31",214,2,180.41,"Churned"
16946,"2025-05-02",182,2,952.35,"Churned"
16947,"2023-07-12",842,1,72.33,"Churned"
16948,"2024-08-12",445,4,210.11,"Churned"
16949,"2025-02-15",258,4,909.25,"Churned"
16950,"2024-06-09",509,2,159.20,"Churned"
16951,"2023-09-06",786,3,332.96,"Churned"
16952,"2025-03-10",235,3,178.59,"Churned"
16954,"2023-04-17",928,2,163.79,"Churned"
16955,"2024-10-15",381,1,54.29,"Churned"
16958,"2024-10-31",365,4,589.36,"Churned"
16959,"2025-09-10",51,2,509.88,"At Risk"
16960,"2021-03-18",1688,2,261.17,"Churned"
16961,"2021-05-12",1633,1,155.48,"Churned"
16962,"2021-11-26",1435,1,541.00,"Churned"
16963,"2024-09-06",420,3,535.83,"Churned"
16965,"2023-02-05",999,1,51.57,"Churned"
16967,"2024-12-16",319,4,862.83,"Churned"
16968,"2024-03-22",588,3,886.28,"Churned"
16969,"2022-01-08",1392,1,231.28,"Churned"
16971,"2024-03-05",605,3,307.67,"Churned"
16973,"2021-09-14",1508,1,242.02,"Churned"
16974,"2024-02-04",635,2,154.87,"Churned"
16976,"2025-08-17",75,2,46.38,"At Risk"
16977,"2025-03-13",232,4,640.84,"Churned"
16978,"2025-06-28",125,2,336.19,"Churned"
16980,"2022-04-24",1286,2,605.84,"Churned"
16981,"2021-12-30",1401,2,345.76,"Churned"
16982,"2024-05-18",531,4,572.76,"Churned"
16983,"2023-10-05",757,1,80.25,"Churned"
16984,"2025-08-10",82,1,48.99,"At Risk"
16985,"2024-03-06",604,3,933.52,"Churned"
16986,"2021-05-12",1633,1,34.03,"Churned"
16987,"2020-11-14",1812,2,200.01,"Churned"
16988,"2025-02-07",266,1,36.13,"Churned"
16989,"2023-11-07",724,3,486.42,"Churned"
16990,"2023-05-02",913,2,59.33,"Churned"
16991,"2021-10-30",1462,1,223.55,"Churned"
16992,"2020-01-29",2102,1,105.85,"Churned"
16993,"2025-02-15",258,3,484.23,"Churned"
16994,"2022-04-13",1297,2,490.83,"Churned"
16995,"2020-04-05",2035,2,157.53,"Churned"
16996,"2022-10-06",1121,3,690.85,"Churned"
16997,"2024-08-09",448,2,306.99,"Churned"
16998,"2025-09-07",54,2,426.99,"At Risk"
16999,"2023-12-18",683,2,53.17,"Churned"
17001,"2025-01-27",277,4,273.37,"Churned"
17002,"2022-07-13",1206,3,263.14,"Churned"
17004,"2025-02-02",271,4,650.03,"Churned"
17005,"2022-04-07",1303,1,1046.68,"Churned"
17006,"2020-08-27",1891,1,188.01,"Churned"
17008,"2025-09-23",38,4,593.80,"At Risk"
17009,"2024-01-21",649,2,188.80,"Churned"
17010,"2022-08-04",1184,3,280.09,"Churned"
17012,"2022-11-01",1095,1,17.47,"Churned"
17014,"2023-12-03",698,2,258.89,"Churned"
17015,"2025-04-23",191,3,316.26,"Churned"
17016,"2025-09-26",35,5,2101.50,"At Risk"
17017,"2025-03-21",224,1,12.37,"Churned"
17019,"2023-04-19",926,2,170.75,"Churned"
17020,"2024-12-15",320,3,377.97,"Churned"
17022,"2025-08-24",68,4,316.57,"At Risk"
17024,"2021-04-29",1646,1,227.17,"Churned"
17025,"2020-09-04",1883,1,34.02,"Churned"
17026,"2024-12-16",319,3,762.34,"Churned"
17027,"2025-02-11",262,2,219.05,"Churned"
17028,"2022-10-19",1108,1,39.68,"Churned"
17029,"2024-04-13",566,3,248.00,"Churned"
17030,"2024-09-28",398,2,112.38,"Churned"
17031,"2021-01-23",1742,2,176.51,"Churned"
17033,"2024-05-09",540,2,299.90,"Churned"
17034,"2025-07-16",107,1,146.89,"Churned"
17035,"2023-04-20",925,1,65.98,"Churned"
17036,"2023-07-12",842,2,212.31,"Churned"
17037,"2022-10-26",1101,2,851.61,"Churned"
17038,"2021-03-14",1692,1,56.76,"Churned"
17039,"2023-07-21",833,2,544.78,"Churned"
17040,"2025-01-16",288,3,532.85,"Churned"
17042,"2025-06-11",142,6,1329.62,"Churned"
17043,"2025-04-30",184,2,349.84,"Churned"
17044,"2023-07-16",838,1,17.66,"Churned"
17045,"2025-07-06",117,2,430.71,"Churned"
17046,"2025-03-30",215,2,145.83,"Churned"
17047,"2024-05-30",519,2,417.53,"Churned"
17048,"2025-02-28",245,3,126.41,"Churned"
17049,"2022-12-25",1041,3,33.51,"Churned"
17050,"2025-09-28",33,3,314.72,"At Risk"
17052,"2024-12-20",315,6,778.38,"Churned"
17053,"2022-07-30",1189,1,350.59,"Churned"
17054,"2023-08-12",811,2,329.89,"Churned"
17055,"2024-11-12",353,5,871.93,"Churned"
17058,"2023-09-08",784,3,342.49,"Churned"
17059,"2025-02-12",261,4,419.71,"Churned"
17061,"2023-11-19",712,3,108.06,"Churned"
17063,"2024-10-30",366,2,170.84,"Churned"
17064,"2023-01-04",1031,3,365.95,"Churned"
17065,"2025-02-28",245,2,158.13,"Churned"
17066,"2021-06-29",1585,2,81.82,"Churned"
17067,"2021-08-25",1528,1,14.54,"Churned"
17068,"2024-05-02",547,5,913.30,"Churned"
17069,"2024-06-21",497,2,557.03,"Churned"
17070,"2022-08-11",1177,3,329.23,"Churned"
17071,"2025-06-19",134,3,460.85,"Churned"
17072,"2023-08-16",807,1,128.97,"Churned"
17073,"2024-11-02",363,1,358.66,"Churned"
17074,"2024-12-30",305,2,537.23,"Churned"
17077,"2025-03-09",236,4,403.34,"Churned"
17078,"2022-04-21",1289,1,235.50,"Churned"
17079,"2023-05-08",907,1,44.57,"Churned"
17081,"2020-03-21",2050,1,90.62,"Churned"
17083,"2025-08-02",90,6,966.02,"At Risk"
17084,"2022-08-20",1168,2,851.00,"Churned"
17085,"2022-05-07",1273,2,187.44,"Churned"
17086,"2022-11-30",1066,2,101.53,"Churned"
17087,"2023-06-15",869,1,4.86,"Churned"
17089,"2023-03-04",972,2,295.61,"Churned"
17090,"2024-11-13",352,3,118.83,"Churned"
17091,"2020-10-29",1828,1,263.30,"Churned"
17092,"2025-08-19",73,4,723.94,"At Risk"
17094,"2021-04-22",1653,1,8.79,"Churned"
17095,"2022-02-14",1355,1,225.07,"Churned"
17097,"2025-09-22",39,5,833.62,"At Risk"
17098,"2025-05-25",159,2,116.12,"Churned"
17099,"2022-10-15",1112,2,210.20,"Churned"
17100,"2023-09-08",784,2,103.47,"Churned"
17102,"2025-09-03",58,2,79.54,"At Risk"
17103,"2024-07-31",457,3,623.70,"Churned"
17104,"2025-01-27",277,2,245.85,"Churned"
17105,"2022-07-11",1208,1,93.33,"Churned"
17106,"2023-11-09",722,2,212.67,"Churned"
17107,"2022-09-08",1149,2,170.57,"Churned"
17108,"2025-01-15",289,4,242.07,"Churned"
17110,"2025-05-12",172,3,104.71,"Churned"
17112,"2024-11-25",340,2,122.73,"Churned"
17113,"2022-02-19",1350,2,251.27,"Churned"
17114,"2025-10-13",18,1,349.35,"Active"
17115,"2022-10-28",1099,1,103.53,"Churned"
17116,"2021-10-31",1461,1,89.56,"Churned"
17117,"2023-09-08",784,3,870.88,"Churned"
17118,"2023-11-30",701,3,186.00,"Churned"
17119,"2020-12-10",1786,1,9.54,"Churned"
17120,"2021-12-15",1416,2,151.15,"Churned"
17121,"2024-08-30",427,2,248.75,"Churned"
17122,"2021-10-02",1490,1,17.82,"Churned"
17123,"2021-10-08",1484,2,444.97,"Churned"
17125,"2024-07-23",465,2,367.42,"Churned"
17126,"2025-08-09",83,1,57.53,"At Risk"
17127,"2025-07-06",117,3,590.38,"Churned"
17128,"2024-01-20",650,2,164.41,"Churned"
17130,"2020-03-29",2042,1,116.90,"Churned"
17132,"2024-11-04",361,2,55.65,"Churned"
17133,"2025-10-21",10,2,233.90,"Active"
17134,"2023-10-16",746,1,47.19,"Churned"
17135,"2020-08-27",1891,1,35.03,"Churned"
17136,"2023-02-05",999,3,202.51,"Churned"
17137,"2025-04-12",202,2,146.46,"Churned"
17138,"2023-10-31",731,3,246.59,"Churned"
17139,"2024-11-15",350,1,108.60,"Churned"
17140,"2024-11-11",354,1,352.25,"Churned"
17141,"2024-11-22",343,5,861.60,"Churned"
17143,"2021-11-12",1449,1,597.70,"Churned"
17145,"2023-03-31",945,2,227.51,"Churned"
17146,"2024-02-18",621,1,41.16,"Churned"
17147,"2024-06-09",509,3,227.46,"Churned"
17148,"2025-07-08",115,3,394.56,"Churned"
17149,"2025-10-17",14,2,167.85,"Active"
17151,"2021-08-28",1525,4,1368.05,"Churned"
17153,"2020-12-26",1770,2,233.37,"Churned"
17154,"2023-03-21",955,1,39.13,"Churned"
17155,"2021-08-12",1541,1,71.16,"Churned"
17156,"2021-09-23",1499,1,64.23,"Churned"
17157,"2024-05-23",526,1,243.82,"Churned"
17158,"2023-02-18",986,3,297.53,"Churned"
17159,"2024-07-20",468,4,259.67,"Churned"
17160,"2023-07-17",837,2,170.97,"Churned"
17161,"2021-04-15",1660,1,54.63,"Churned"
17163,"2025-05-07",177,1,22.08,"Churned"
17164,"2024-08-09",448,4,693.02,"Churned"
17165,"2022-07-29",1190,2,58.29,"Churned"
17166,"2022-08-04",1184,1,103.68,"Churned"
17167,"2025-03-11",234,2,113.97,"Churned"
17169,"2025-02-19",254,2,78.51,"Churned"
17170,"2024-02-06",633,2,52.00,"Churned"
17171,"2024-08-27",430,1,199.24,"Churned"
17172,"2023-11-16",715,2,215.26,"Churned"
17174,"2021-10-27",1465,2,184.81,"Churned"
17175,"2024-08-11",446,1,88.29,"Churned"
17176,"2023-05-19",896,2,414.15,"Churned"
17177,"2023-01-12",1023,1,238.65,"Churned"
17178,"2023-05-20",895,2,136.12,"Churned"
17179,"2022-09-05",1152,1,233.34,"Churned"
17180,"2025-06-23",130,2,265.04,"Churned"
17181,"2025-07-18",105,3,493.68,"Churned"
17182,"2025-04-03",211,1,118.30,"Churned"
17183,"2023-08-30",793,3,200.75,"Churned"
17186,"2021-03-01",1705,1,47.99,"Churned"
17187,"2021-10-18",1474,2,213.06,"Churned"
17188,"2021-08-23",1530,1,81.22,"Churned"
17189,"2023-01-19",1016,3,554.89,"Churned"
17191,"2025-05-04",180,2,228.26,"Churned"
17192,"2022-02-03",1366,2,566.89,"Churned"
17193,"2023-10-31",731,2,825.21,"Churned"
17195,"2025-08-23",69,2,86.05,"At Risk"
17197,"2025-01-08",296,1,37.54,"Churned"
17198,"2025-08-23",69,4,424.53,"At Risk"
17199,"2024-04-13",566,2,493.54,"Churned"
17200,"2023-10-04",758,3,540.21,"Churned"
17201,"2020-12-27",1769,1,190.25,"Churned"
17202,"2025-08-05",87,1,272.75,"At Risk"
17203,"2021-06-12",1602,2,116.70,"Churned"
17204,"2025-09-18",43,3,641.87,"At Risk"
17205,"2024-01-14",656,1,55.05,"Churned"
17206,"2021-11-01",1460,3,407.19,"Churned"
17207,"2025-02-22",251,3,470.65,"Churned"
17209,"2024-06-05",513,5,782.01,"Churned"
17211,"2023-08-07",816,1,58.31,"Churned"
17212,"2022-03-14",1327,1,330.80,"Churned"
17213,"2024-01-04",666,1,164.01,"Churned"
17214,"2022-06-10",1239,2,207.71,"Churned"
17215,"2024-07-20",468,1,24.76,"Churned"
17217,"2023-03-27",949,2,308.89,"Churned"
17218,"2023-05-12",903,2,184.01,"Churned"
17219,"2024-12-01",334,2,73.38,"Churned"
17220,"2021-10-03",1489,1,192.01,"Churned"
17221,"2020-06-24",1955,1,122.04,"Churned"
17222,"2025-10-27",4,4,870.77,"Active"
17223,"2023-11-23",708,4,318.71,"Churned"
17224,"2021-06-03",1611,3,649.69,"Churned"
17225,"2025-01-03",301,3,262.57,"Churned"
17226,"2021-05-12",1633,2,328.66,"Churned"
17228,"2025-08-04",88,2,92.40,"At Risk"
17230,"2021-07-06",1578,1,30.13,"Churned"
17231,"2023-10-13",749,2,149.42,"Churned"
17232,"2021-04-28",1647,2,114.65,"Churned"
17233,"2025-10-02",29,5,725.70,"Active"
17234,"2021-12-17",1414,1,144.15,"Churned"
17235,"2022-04-11",1299,2,251.00,"Churned"
17237,"2020-02-05",2095,1,90.06,"Churned"
17238,"2024-08-01",456,2,33.36,"Churned"
17240,"2025-06-22",131,3,326.45,"Churned"
17241,"2025-02-01",272,3,142.19,"Churned"
17242,"2025-06-30",123,3,857.98,"Churned"
17243,"2024-10-10",386,3,1128.73,"Churned"
17244,"2024-04-28",551,1,62.56,"Churned"
17245,"2023-05-19",896,1,85.81,"Churned"
17246,"2025-08-12",80,5,1534.55,"At Risk"
17248,"2020-07-05",1944,1,133.70,"Churned"
17249,"2025-01-03",301,2,273.41,"Churned"
17250,"2025-03-14",231,2,407.36,"Churned"
17252,"2021-07-08",1576,1,550.04,"Churned"
17253,"2025-03-20",225,2,429.53,"Churned"
17254,"2024-10-25",371,5,1237.21,"Churned"
17256,"2023-11-20",711,2,124.81,"Churned"
17257,"2023-11-16",715,2,278.34,"Churned"
17258,"2025-04-22",192,2,186.74,"Churned"
17263,"2025-01-06",298,2,336.68,"Churned"
17264,"2024-03-04",606,3,606.56,"Churned"
17265,"2021-12-21",1410,1,35.13,"Churned"
17266,"2023-08-11",812,2,134.71,"Churned"
17268,"2023-05-28",887,1,7.89,"Churned"
17269,"2024-02-06",633,2,299.79,"Churned"
17270,"2021-11-30",1431,1,9.95,"Churned"
17271,"2023-08-27",796,1,285.94,"Churned"
17272,"2024-06-04",514,2,100.01,"Churned"
17274,"2024-04-03",576,3,185.01,"Churned"
17275,"2023-07-05",849,3,281.72,"Churned"
17276,"2024-09-12",414,5,490.71,"Churned"
17277,"2021-07-15",1569,1,10.18,"Churned"
17278,"2023-11-29",702,5,859.47,"Churned"
17279,"2025-02-10",263,1,271.95,"Churned"
17280,"2020-07-23",1926,1,56.04,"Churned"
17281,"2024-02-03",636,4,1222.14,"Churned"
17282,"2025-07-28",95,2,167.63,"Churned"
17283,"2025-03-28",217,3,731.38,"Churned"
17284,"2020-08-29",1889,1,175.87,"Churned"
17285,"2021-10-05",1487,2,64.20,"Churned"
17286,"2024-05-05",544,3,711.80,"Churned"
17287,"2022-02-03",1366,1,4.78,"Churned"
17288,"2025-02-20",253,2,42.27,"Churned"
17289,"2025-06-28",125,3,1142.55,"Churned"
17290,"2023-06-30",854,1,62.36,"Churned"
17291,"2024-08-31",426,1,153.23,"Churned"
17293,"2022-05-18",1262,2,513.33,"Churned"
17294,"2025-09-09",52,2,113.72,"At Risk"
17295,"2025-09-10",51,2,52.28,"At Risk"
17297,"2023-03-24",952,1,81.23,"Churned"
17298,"2025-03-25",220,3,353.93,"Churned"
17299,"2022-10-30",1097,2,493.37,"Churned"
17300,"2025-01-08",296,3,213.21,"Churned"
17301,"2025-05-20",164,1,217.76,"Churned"
17302,"2025-08-27",65,3,188.58,"At Risk"
17303,"2022-11-17",1079,1,7.54,"Churned"
17304,"2024-01-14",656,4,830.67,"Churned"
17305,"2025-07-06",117,2,359.76,"Churned"
17306,"2022-07-12",1207,1,33.64,"Churned"
17308,"2024-08-06",451,3,280.43,"Churned"
17309,"2022-11-05",1091,1,36.92,"Churned"
17310,"2024-05-18",531,2,209.70,"Churned"
17311,"2024-03-19",591,1,30.45,"Churned"
17312,"2022-07-02",1217,1,26.51,"Churned"
17313,"2024-08-26",431,2,502.56,"Churned"
17314,"2021-01-25",1740,1,56.60,"Churned"
17316,"2025-04-19",195,2,113.17,"Churned"
17319,"2024-11-22",343,3,122.83,"Churned"
17320,"2021-12-09",1422,2,247.91,"Churned"
17321,"2024-07-19",469,2,56.69,"Churned"
17322,"2025-09-16",45,1,31.63,"At Risk"
17323,"2024-09-18",408,3,591.44,"Churned"
17324,"2025-09-09",52,2,86.15,"At Risk"
17325,"2025-04-18",196,1,15.18,"Churned"
17329,"2025-03-16",229,2,271.86,"Churned"
17330,"2025-10-18",13,3,384.19,"Active"
17331,"2023-10-30",732,1,223.87,"Churned"
17332,"2023-06-27",857,1,203.10,"Churned"
17333,"2021-06-28",1586,2,411.56,"Churned"
17334,"2025-08-02",90,3,259.23,"At Risk"
17335,"2022-11-30",1066,2,259.28,"Churned"
17336,"2024-09-17",409,3,277.31,"Churned"
17337,"2025-09-13",48,2,151.16,"At Risk"
17338,"2025-08-03",89,2,361.51,"At Risk"
17339,"2024-10-03",393,3,121.21,"Churned"
17340,"2022-12-14",1052,1,83.53,"Churned"
17341,"2020-12-07",1789,1,32.45,"Churned"
17345,"2024-09-11",415,2,136.38,"Churned"
17346,"2023-04-11",934,1,34.32,"Churned"
17347,"2025-06-10",143,3,1102.20,"Churned"
17348,"2025-02-15",258,3,268.09,"Churned"
17349,"2024-03-16",594,2,78.92,"Churned"
17350,"2023-08-17",806,2,113.05,"Churned"
17351,"2025-01-17",287,3,214.02,"Churned"
17353,"2024-10-26",370,2,255.98,"Churned"
17355,"2024-08-21",436,1,216.08,"Churned"
17356,"2020-08-07",1911,1,133.38,"Churned"
17358,"2023-03-15",961,3,445.33,"Churned"
17362,"2022-04-25",1285,1,84.68,"Churned"
17363,"2025-05-10",174,3,521.51,"Churned"
17364,"2021-01-10",1755,3,467.83,"Churned"
17365,"2024-08-04",453,1,8.39,"Churned"
17366,"2025-10-09",22,1,48.40,"Active"
17367,"2025-10-01",30,4,623.18,"Active"
17368,"2025-09-09",52,2,562.17,"At Risk"
17369,"2025-10-11",20,2,38.85,"Active"
17370,"2021-10-28",1464,1,92.60,"Churned"
17371,"2025-01-08",296,2,235.20,"Churned"
17372,"2024-02-03",636,2,188.29,"Churned"
17373,"2025-06-20",133,2,615.56,"Churned"
17374,"2025-05-09",175,1,160.43,"Churned"
17375,"2025-02-18",255,2,761.89,"Churned"
17376,"2021-04-22",1653,1,54.23,"Churned"
17377,"2022-12-26",1040,1,68.05,"Churned"
17379,"2025-03-25",220,4,495.41,"Churned"
17380,"2021-08-23",1530,2,471.98,"Churned"
17381,"2021-02-10",1724,2,978.35,"Churned"
17382,"2023-11-15",716,2,104.45,"Churned"
17383,"2024-11-14",351,3,242.54,"Churned"
17384,"2021-10-19",1473,2,1135.53,"Churned"
17386,"2024-03-14",596,2,61.16,"Churned"
17387,"2023-12-27",674,4,509.07,"Churned"
17388,"2023-06-08",876,1,90.33,"Churned"
17389,"2024-09-17",409,1,47.66,"Churned"
17390,"2022-08-11",1177,3,557.18,"Churned"
17391,"2023-01-12",1023,1,242.56,"Churned"
17392,"2021-03-29",1677,1,268.95,"Churned"
17393,"2025-05-13",171,2,527.61,"Churned"
17394,"2024-10-03",393,1,11.72,"Churned"
17397,"2025-07-10",113,1,5.37,"Churned"
17399,"2023-04-22",923,2,132.58,"Churned"
17400,"2025-03-16",229,2,201.86,"Churned"
17402,"2023-09-18",774,1,321.96,"Churned"
17403,"2025-10-12",19,1,24.78,"Active"
17404,"2024-12-02",333,2,164.26,"Churned"
17405,"2023-06-09",875,2,515.56,"Churned"
17406,"2025-03-27",218,3,329.75,"Churned"
17407,"2022-07-11",1208,1,32.05,"Churned"
17408,"2024-02-21",618,3,800.80,"Churned"
17409,"2025-04-12",202,2,146.07,"Churned"
17410,"2024-12-27",308,4,472.56,"Churned"
17411,"2023-01-06",1029,1,150.53,"Churned"
17412,"2024-10-09",387,2,159.10,"Churned"
17414,"2024-11-07",358,3,294.83,"Churned"
17415,"2025-08-21",71,2,173.99,"At Risk"
17416,"2024-12-28",307,3,82.33,"Churned"
17417,"2024-07-21",467,2,17.92,"Churned"
17418,"2025-06-21",132,2,315.08,"Churned"
17419,"2022-08-31",1157,1,224.99,"Churned"
17420,"2023-06-26",858,1,98.99,"Churned"
17421,"2024-10-05",391,3,236.79,"Churned"
17422,"2025-10-20",11,2,256.66,"Active"
17423,"2025-10-24",7,5,269.06,"Active"
17424,"2023-01-09",1026,1,198.45,"Churned"
17425,"2025-09-29",32,2,588.97,"At Risk"
17426,"2024-06-20",498,2,215.04,"Churned"
17427,"2024-04-19",560,1,242.28,"Churned"
17428,"2021-12-18",1413,2,146.24,"Churned"
17429,"2025-08-28",64,2,141.35,"At Risk"
17430,"2021-03-21",1685,1,73.39,"Churned"
17431,"2021-04-19",1656,1,122.20,"Churned"
17432,"2022-02-23",1346,1,271.34,"Churned"
17433,"2025-08-22",70,4,548.68,"At Risk"
17434,"2024-10-01",395,2,455.98,"Churned"
17435,"2025-06-26",127,5,675.66,"Churned"
17436,"2023-04-18",927,2,151.72,"Churned"
17437,"2024-04-28",551,2,29.23,"Churned"
17438,"2022-04-06",1304,2,97.46,"Churned"
17439,"2023-11-06",725,2,94.38,"Churned"
17440,"2025-10-23",8,1,43.89,"Active"
17441,"2025-05-10",174,2,88.88,"Churned"
17442,"2025-05-20",164,3,665.71,"Churned"
17443,"2024-11-23",342,2,170.92,"Churned"
17444,"2023-12-27",674,1,185.34,"Churned"
17445,"2023-03-08",968,3,466.05,"Churned"
17447,"2021-09-23",1499,3,273.44,"Churned"
17448,"2025-10-26",5,3,297.11,"Active"
17449,"2024-01-10",660,3,365.83,"Churned"
17450,"2024-10-19",377,2,447.16,"Churned"
17451,"2025-05-18",166,2,240.40,"Churned"
17453,"2023-03-02",974,1,381.08,"Churned"
17454,"2023-03-04",972,3,152.55,"Churned"
17455,"2022-07-23",1196,1,74.17,"Churned"
17456,"2025-04-27",187,5,568.30,"Churned"
17457,"2021-02-24",1710,1,33.47,"Churned"
17458,"2021-02-22",1712,2,279.69,"Churned"
17459,"2024-04-09",570,3,175.02,"Churned"
17460,"2020-10-08",1849,1,168.30,"Churned"
17462,"2025-06-23",130,2,406.63,"Churned"
17463,"2024-01-01",669,2,128.86,"Churned"
17464,"2024-10-31",365,3,196.92,"Churned"
17465,"2023-08-14",809,2,109.60,"Churned"
17466,"2022-12-06",1060,1,48.07,"Churned"
17467,"2022-03-25",1316,3,384.59,"Churned"
17468,"2023-11-11",720,2,234.16,"Churned"
17469,"2025-09-03",58,5,700.52,"At Risk"
17470,"2020-07-12",1937,1,36.81,"Churned"
17471,"2021-03-27",1679,2,88.26,"Churned"
17472,"2025-04-26",188,2,484.73,"Churned"
17473,"2023-07-15",839,4,617.73,"Churned"
17474,"2025-08-31",61,2,80.10,"At Risk"
17475,"2023-12-14",687,1,79.14,"Churned"
17476,"2022-03-23",1318,1,279.78,"Churned"
17477,"2025-09-11",50,1,112.25,"At Risk"
17478,"2025-10-08",23,3,303.34,"Active"
17479,"2025-05-01",183,3,59.73,"Churned"
17480,"2020-07-03",1946,2,315.57,"Churned"
17483,"2024-03-23",587,2,138.22,"Churned"
17484,"2024-09-08",418,5,571.74,"Churned"
17485,"2024-09-22",404,3,508.79,"Churned"
17486,"2023-05-16",899,1,32.53,"Churned"
17487,"2023-08-30",793,2,585.91,"Churned"
17488,"2021-11-09",1452,1,110.84,"Churned"
17490,"2023-12-26",675,1,121.23,"Churned"
17491,"2025-07-12",111,2,164.09,"Churned"
17492,"2025-01-15",289,3,834.33,"Churned"
17493,"2023-08-11",812,3,295.46,"Churned"
17494,"2022-05-08",1272,1,489.74,"Churned"
17495,"2025-10-17",14,1,58.77,"Active"
17497,"2022-10-14",1113,1,168.73,"Churned"
17499,"2022-12-25",1041,1,155.19,"Churned"
17500,"2022-02-24",1345,1,78.50,"Churned"
17501,"2023-06-11",873,1,43.62,"Churned"
17502,"2024-06-03",515,1,415.64,"Churned"
17503,"2023-12-03",698,2,173.40,"Churned"
17505,"2022-05-18",1262,3,475.10,"Churned"
17507,"2025-01-16",288,1,116.13,"Churned"
17509,"2025-05-07",177,4,302.32,"Churned"
17510,"2022-08-11",1177,2,119.97,"Churned"
17513,"2020-05-27",1983,1,51.71,"Churned"
17514,"2024-10-24",372,1,151.04,"Churned"
17515,"2021-02-01",1733,2,275.35,"Churned"
17517,"2021-12-14",1417,2,210.86,"Churned"
17518,"2020-07-18",1931,2,735.56,"Churned"
17519,"2024-03-19",591,2,231.56,"Churned"
17522,"2021-03-11",1695,1,68.67,"Churned"
17523,"2025-10-17",14,2,45.96,"Active"
17524,"2024-06-26",492,3,300.56,"Churned"
17526,"2020-04-04",2036,1,55.07,"Churned"
17527,"2023-01-11",1024,2,1422.90,"Churned"
17528,"2025-08-16",76,2,90.27,"At Risk"
17529,"2022-01-19",1381,2,266.87,"Churned"
17530,"2022-10-03",1124,2,111.86,"Churned"
17532,"2020-10-17",1840,2,422.23,"Churned"
17533,"2025-03-27",218,2,136.54,"Churned"
17534,"2023-03-26",950,1,399.30,"Churned"
17535,"2025-07-01",122,3,726.04,"Churned"
17536,"2025-01-21",283,4,675.12,"Churned"
17537,"2025-05-21",163,1,7.42,"Churned"
17538,"2023-12-31",670,3,237.51,"Churned"
17539,"2024-09-20",406,3,368.58,"Churned"
17541,"2024-05-22",527,2,239.95,"Churned"
17542,"2024-08-19",438,1,155.85,"Churned"
17543,"2024-04-02",577,2,275.30,"Churned"
17544,"2025-03-05",240,2,466.37,"Churned"
17545,"2021-08-26",1527,2,23.21,"Churned"
17547,"2025-04-16",198,1,2680.64,"Churned"
17548,"2021-01-09",1756,1,308.97,"Churned"
17550,"2025-09-09",52,2,216.61,"At Risk"
17551,"2024-06-06",512,4,754.09,"Churned"
17553,"2025-07-15",108,4,226.37,"Churned"
17555,"2024-08-28",429,2,88.29,"Churned"
17556,"2024-12-31",304,4,273.29,"Churned"
17557,"2023-12-27",674,1,93.17,"Churned"
17558,"2024-11-24",341,3,203.45,"Churned"
17560,"2024-03-07",603,2,125.55,"Churned"
17561,"2023-08-28",795,5,320.18,"Churned"
17562,"2024-08-14",443,1,104.63,"Churned"
17563,"2025-03-11",234,3,234.69,"Churned"
17565,"2025-01-05",299,2,559.71,"Churned"
17566,"2023-11-13",718,3,206.08,"Churned"
17568,"2024-01-17",653,2,132.24,"Churned"
17569,"2025-09-20",41,3,172.03,"At Risk"
17570,"2021-08-23",1530,1,69.36,"Churned"
17571,"2023-03-19",957,2,58.22,"Churned"
17572,"2024-11-19",346,3,841.49,"Churned"
17573,"2024-09-07",419,1,112.30,"Churned"
17574,"2024-02-13",626,2,373.74,"Churned"
17575,"2025-01-12",292,3,126.95,"Churned"
17577,"2025-10-02",29,2,167.76,"Active"
17578,"2022-06-26",1223,1,308.58,"Churned"
17579,"2020-04-15",2025,1,55.10,"Churned"
17580,"2022-11-04",1092,1,7.91,"Churned"
17581,"2023-09-28",764,1,136.01,"Churned"
17583,"2023-05-23",892,1,558.57,"Churned"
17585,"2025-08-29",63,2,115.05,"At Risk"
17586,"2024-02-16",623,2,102.99,"Churned"
17587,"2024-06-28",490,3,471.15,"Churned"
17588,"2025-06-11",142,4,814.51,"Churned"
17589,"2024-12-19",316,2,291.75,"Churned"
17590,"2025-03-22",223,3,189.46,"Churned"
17591,"2024-11-14",351,2,174.73,"Churned"
17592,"2023-11-18",713,2,3026.42,"Churned"
17593,"2022-12-07",1059,3,741.38,"Churned"
17594,"2024-12-19",316,1,85.11,"Churned"
17596,"2024-03-16",594,2,129.14,"Churned"
17598,"2024-12-13",322,3,134.64,"Churned"
17599,"2024-12-26",309,2,127.85,"Churned"
17600,"2024-02-27",612,2,105.50,"Churned"
17601,"2025-10-10",21,4,222.42,"Active"
17604,"2024-11-08",357,2,387.71,"Churned"
17605,"2025-06-17",136,1,39.76,"Churned"
17606,"2025-09-26",35,3,312.38,"At Risk"
17608,"2024-02-22",617,2,63.42,"Churned"
17609,"2024-05-07",542,1,202.82,"Churned"
17611,"2023-07-03",851,4,216.34,"Churned"
17612,"2024-07-02",486,3,767.94,"Churned"
17613,"2024-04-13",566,2,125.87,"Churned"
17614,"2021-10-20",1472,1,62.80,"Churned"
17615,"2024-10-12",384,4,898.31,"Churned"
17616,"2023-03-25",951,1,154.82,"Churned"
17617,"2024-01-23",647,1,102.26,"Churned"
17618,"2023-09-04",788,3,222.10,"Churned"
17619,"2024-05-21",528,2,172.94,"Churned"
17620,"2024-05-21",528,2,285.05,"Churned"
17621,"2024-06-23",495,2,289.24,"Churned"
17622,"2024-07-24",464,1,221.75,"Churned"
17623,"2022-07-06",1213,1,93.57,"Churned"
17624,"2024-03-08",602,3,122.54,"Churned"
17626,"2024-12-24",311,2,147.21,"Churned"
17627,"2022-08-08",1180,1,76.66,"Churned"
17628,"2023-03-05",971,4,756.40,"Churned"
17629,"2021-04-15",1660,1,28.60,"Churned"
17630,"2021-12-19",1412,1,166.11,"Churned"
17631,"2024-08-16",441,3,788.88,"Churned"
17633,"2022-04-17",1293,1,51.02,"Churned"
17634,"2024-08-28",429,2,441.44,"Churned"
17635,"2024-12-01",334,2,41.07,"Churned"
17636,"2025-08-24",68,2,499.49,"At Risk"
17637,"2022-05-12",1268,3,334.05,"Churned"
17638,"2022-10-20",1107,1,29.05,"Churned"
17639,"2024-01-10",660,3,829.88,"Churned"
17640,"2025-03-02",243,2,266.45,"Churned"
17641,"2024-03-31",579,1,167.76,"Churned"
17642,"2024-07-24",464,2,201.75,"Churned"
17643,"2022-05-26",1254,1,6.26,"Churned"
17644,"2022-04-07",1303,2,214.24,"Churned"
17645,"2021-04-27",1648,1,21.48,"Churned"
17646,"2024-04-10",569,2,68.19,"Churned"
17647,"2021-12-22",1409,3,363.22,"Churned"
17648,"2021-08-27",1526,3,413.74,"Churned"
17649,"2020-10-27",1830,1,79.31,"Churned"
17650,"2022-05-31",1249,2,447.78,"Churned"
17651,"2024-06-02",516,4,304.82,"Churned"
17653,"2025-08-03",89,5,457.77,"At Risk"
17654,"2021-07-17",1567,1,126.34,"Churned"
17655,"2025-08-19",73,2,184.34,"At Risk"
17656,"2025-05-28",156,2,345.08,"Churned"
17657,"2024-11-02",363,2,81.27,"Churned"
17658,"2025-04-08",206,1,44.73,"Churned"
17659,"2022-06-23",1226,4,499.29,"Churned"
17660,"2024-06-09",509,2,27.61,"Churned"
17661,"2023-11-24",707,1,164.83,"Churned"
17663,"2024-05-05",544,2,371.29,"Churned"
17665,"2024-10-06",390,4,337.37,"Churned"
17667,"2025-03-14",231,2,47.24,"Churned"
17668,"2020-01-28",2103,1,88.37,"Churned"
17669,"2024-02-12",627,4,413.54,"Churned"
17670,"2023-09-15",777,1,125.39,"Churned"
17671,"2024-03-01",609,1,30.71,"Churned"
17672,"2021-09-26",1496,1,16.16,"Churned"
17673,"2021-12-20",1411,2,131.23,"Churned"
17674,"2024-01-23",647,1,39.84,"Churned"
17676,"2024-05-11",538,1,41.97,"Churned"
17677,"2024-06-26",492,1,179.61,"Churned"
17678,"2025-05-20",164,1,330.30,"Churned"
17679,"2023-03-05",971,1,67.75,"Churned"
17680,"2021-11-14",1447,2,37.16,"Churned"
17681,"2022-04-04",1306,1,326.70,"Churned"
17683,"2023-09-07",785,1,105.25,"Churned"
17684,"2023-03-16",960,2,392.98,"Churned"
17685,"2020-01-31",2100,1,60.21,"Churned"
17686,"2024-05-02",547,1,263.50,"Churned"
17688,"2024-10-10",386,1,87.51,"Churned"
17689,"2022-09-20",1137,2,415.48,"Churned"
17690,"2024-06-30",488,3,326.79,"Churned"
17692,"2025-03-31",214,1,1293.76,"Churned"
17694,"2023-01-11",1024,1,35.25,"Churned"
17695,"2023-12-10",691,2,90.52,"Churned"
17696,"2025-04-15",199,3,906.69,"Churned"
17697,"2023-03-01",975,1,25.73,"Churned"
17698,"2023-01-16",1019,3,271.95,"Churned"
17699,"2022-10-05",1122,1,39.11,"Churned"
17701,"2025-03-30",215,3,249.28,"Churned"
17702,"2023-04-07",938,1,277.68,"Churned"
17703,"2025-06-18",135,4,447.15,"Churned"
17704,"2020-07-23",1926,1,227.06,"Churned"
17705,"2024-11-22",343,5,781.33,"Churned"
17707,"2024-11-04",361,2,93.84,"Churned"
17708,"2020-02-10",2090,2,87.38,"Churned"
17709,"2024-05-16",533,2,398.74,"Churned"
17710,"2024-02-06",633,2,48.66,"Churned"
17711,"2025-03-25",220,1,264.26,"Churned"
17713,"2025-07-16",107,2,64.45,"Churned"
17715,"2025-07-14",109,2,151.74,"Churned"
17716,"2024-11-17",348,1,85.71,"Churned"
17717,"2022-11-22",1074,2,342.15,"Churned"
17718,"2025-10-29",2,1,116.15,"Active"
17719,"2024-02-17",622,1,9.82,"Churned"
17720,"2025-08-11",81,2,277.14,"At Risk"
17721,"2023-12-05",696,2,135.83,"Churned"
17723,"2024-08-13",444,3,238.71,"Churned"
17725,"2025-08-13",79,3,219.82,"At Risk"
17726,"2021-05-16",1629,1,45.01,"Churned"
17727,"2025-02-02",271,3,590.25,"Churned"
17728,"2024-04-17",562,4,820.62,"Churned"
17729,"2025-05-08",176,2,143.86,"Churned"
17730,"2023-06-23",861,5,455.25,"Churned"
17732,"2025-03-01",244,2,267.48,"Churned"
17733,"2025-07-29",94,2,486.42,"Churned"
17734,"2023-07-17",837,3,633.32,"Churned"
17736,"2023-08-20",803,2,164.16,"Churned"
17737,"2023-05-07",908,2,211.70,"Churned"
17738,"2022-12-16",1050,1,102.53,"Churned"
17740,"2025-09-24",37,2,206.02,"At Risk"
17742,"2023-12-29",672,2,280.19,"Churned"
17745,"2023-02-21",983,3,326.73,"Churned"
17746,"2022-08-30",1158,2,421.69,"Churned"
17747,"2021-03-19",1687,1,10.92,"Churned"
17748,"2025-06-25",128,2,480.47,"Churned"
17749,"2020-01-01",2130,1,142.10,"Churned"
17750,"2023-12-15",686,2,563.84,"Churned"
17752,"2024-05-28",521,1,256.47,"Churned"
17753,"2025-01-21",283,2,351.25,"Churned"
17754,"2022-08-10",1178,1,366.49,"Churned"
17755,"2023-06-10",874,1,20.73,"Churned"
17756,"2023-12-13",688,1,70.60,"Churned"
17757,"2021-12-21",1410,1,16.45,"Churned"
17758,"2025-03-12",233,3,148.27,"Churned"
17759,"2024-05-23",526,3,814.34,"Churned"
17761,"2022-09-24",1133,1,281.96,"Churned"
17762,"2022-08-24",1164,2,94.69,"Churned"
17763,"2020-01-18",2113,2,192.72,"Churned"
17764,"2024-06-12",506,1,55.67,"Churned"
17766,"2020-03-05",2066,1,5.63,"Churned"
17767,"2024-12-03",332,2,154.47,"Churned"
17768,"2025-07-06",117,3,362.32,"Churned"
17770,"2023-10-12",750,3,155.24,"Churned"
17771,"2025-02-14",259,2,34.18,"Churned"
17772,"2025-06-08",145,1,71.77,"Churned"
17773,"2022-01-25",1375,2,242.95,"Churned"
17774,"2023-11-26",705,2,177.48,"Churned"
17775,"2023-05-24",891,4,653.56,"Churned"
17776,"2025-06-15",138,2,200.54,"Churned"
17777,"2020-09-11",1876,1,247.99,"Churned"
17778,"2025-08-04",88,2,206.19,"At Risk"
17779,"2025-06-06",147,1,26.40,"Churned"
17780,"2021-08-11",1542,2,193.89,"Churned"
17781,"2025-06-11",142,2,189.58,"Churned"
17782,"2025-09-19",42,1,65.58,"At Risk"
17783,"2025-10-10",21,3,232.77,"Active"
17784,"2023-10-16",746,1,516.38,"Churned"
17785,"2021-06-24",1590,1,30.82,"Churned"
17786,"2022-05-11",1269,2,706.30,"Churned"
17787,"2022-07-24",1195,2,93.06,"Churned"
17788,"2024-05-23",526,3,340.40,"Churned"
17789,"2024-12-30",305,3,365.52,"Churned"
17790,"2024-02-11",628,4,757.17,"Churned"
17791,"2022-11-13",1083,3,423.72,"Churned"
17792,"2025-06-04",149,3,105.54,"Churned"
17793,"2025-07-30",93,2,644.06,"Churned"
17794,"2024-04-23",556,1,201.27,"Churned"
17795,"2023-01-21",1014,3,518.52,"Churned"
17796,"2022-10-19",1108,3,549.18,"Churned"
17797,"2024-02-29",610,1,88.28,"Churned"
17798,"2023-01-28",1007,3,768.63,"Churned"
17799,"2023-12-26",675,1,69.49,"Churned"
17800,"2024-07-03",485,3,494.22,"Churned"
17801,"2024-09-01",425,3,209.30,"Churned"
17802,"2024-10-02",394,2,470.60,"Churned"
17803,"2022-01-23",1377,1,136.01,"Churned"
17806,"2024-03-13",597,3,205.59,"Churned"
17807,"2020-03-07",2064,1,102.24,"Churned"
17808,"2024-03-01",609,2,231.47,"Churned"
17809,"2025-07-20",103,5,581.88,"Churned"
17810,"2024-03-13",597,3,544.00,"Churned"
17814,"2023-12-09",692,2,199.40,"Churned"
17815,"2025-06-24",129,2,181.16,"Churned"
17817,"2025-02-20",253,1,423.54,"Churned"
17819,"2025-06-08",145,2,127.12,"Churned"
17822,"2024-06-05",513,3,221.73,"Churned"
17823,"2023-09-24",768,1,24.77,"Churned"
17824,"2023-05-10",905,2,315.92,"Churned"
17826,"2022-03-16",1325,3,328.86,"Churned"
17829,"2024-06-18",500,5,1016.56,"Churned"
17830,"2021-07-17",1567,1,10.81,"Churned"
17831,"2020-06-22",1957,1,290.65,"Churned"
17832,"2024-12-08",327,4,800.51,"Churned"
17833,"2025-09-15",46,2,363.88,"At Risk"
17834,"2024-10-03",393,3,252.44,"Churned"
17836,"2022-10-04",1123,2,139.32,"Churned"
17837,"2024-04-26",553,1,147.17,"Churned"
17838,"2021-06-06",1608,1,35.34,"Churned"
17839,"2025-02-03",270,2,259.02,"Churned"
17840,"2021-03-28",1678,1,427.90,"Churned"
17841,"2024-11-28",337,3,457.47,"Churned"
17843,"2025-07-31",92,1,37.10,"Churned"
17844,"2023-07-12",842,2,128.49,"Churned"
17845,"2023-11-20",711,4,790.82,"Churned"
17846,"2024-06-28",490,1,54.20,"Churned"
17847,"2023-07-13",841,3,313.18,"Churned"
17848,"2021-12-08",1423,2,34.26,"Churned"
17849,"2025-01-12",292,1,28.44,"Churned"
17850,"2020-06-20",1959,1,15.33,"Churned"
17852,"2021-10-05",1487,2,218.83,"Churned"
17853,"2025-03-28",217,1,168.65,"Churned"
17854,"2024-03-02",608,1,92.74,"Churned"
17855,"2023-04-02",943,2,86.31,"Churned"
17856,"2022-11-17",1079,2,355.73,"Churned"
17857,"2024-07-30",458,3,306.85,"Churned"
17858,"2024-10-26",370,2,106.73,"Churned"
17860,"2025-10-07",24,2,122.60,"Active"
17861,"2024-11-04",361,3,283.99,"Churned"
17863,"2025-09-26",35,2,278.35,"At Risk"
17865,"2025-07-09",114,2,327.48,"Churned"
17866,"2025-06-12",141,3,409.71,"Churned"
17867,"2024-04-19",560,2,233.42,"Churned"
17868,"2023-09-21",771,2,394.54,"Churned"
17869,"2024-09-20",406,3,448.03,"Churned"
17870,"2024-02-15",624,2,102.68,"Churned"
17871,"2024-01-17",653,2,119.17,"Churned"
17872,"2023-06-23",861,2,338.61,"Churned"
17873,"2021-12-21",1410,1,83.01,"Churned"
17874,"2022-11-29",1067,2,173.46,"Churned"
17875,"2025-03-02",243,1,130.26,"Churned"
17876,"2024-06-05",513,2,535.49,"Churned"
17877,"2021-06-17",1597,1,96.48,"Churned"
17878,"2021-05-02",1643,2,272.75,"Churned"
17879,"2025-01-09",295,2,368.67,"Churned"
17880,"2021-12-19",1412,1,56.44,"Churned"
17881,"2023-09-21",771,2,169.43,"Churned"
17882,"2025-02-20",253,2,147.18,"Churned"
17883,"2022-09-01",1156,1,135.81,"Churned"
17884,"2024-07-30",458,1,207.81,"Churned"
17885,"2020-11-28",1798,1,57.52,"Churned"
17886,"2023-08-10",813,1,112.40,"Churned"
17887,"2024-07-30",458,2,54.21,"Churned"
17888,"2025-05-18",166,1,302.51,"Churned"
17890,"2025-08-23",69,2,307.10,"At Risk"
17891,"2025-09-07",54,3,342.37,"At Risk"
17892,"2023-02-10",994,1,12.90,"Churned"
17893,"2024-10-14",382,2,123.17,"Churned"
17894,"2021-03-05",1701,1,77.09,"Churned"
17895,"2021-02-05",1729,2,199.83,"Churned"
17896,"2024-07-08",480,3,94.23,"Churned"
17898,"2023-11-07",724,1,55.31,"Churned"
17899,"2024-01-25",645,1,129.81,"Churned"
17900,"2024-03-10",600,1,163.89,"Churned"
17901,"2023-11-04",727,4,425.49,"Churned"
17903,"2024-06-29",489,2,724.79,"Churned"
17904,"2025-07-24",99,3,614.34,"Churned"
17905,"2020-06-21",1958,1,39.18,"Churned"
17906,"2024-08-03",454,1,215.81,"Churned"
17907,"2021-06-04",1610,2,233.49,"Churned"
17908,"2024-04-23",556,3,359.04,"Churned"
17909,"2023-08-08",815,3,248.53,"Churned"
17910,"2024-02-24",615,5,343.24,"Churned"
17912,"2024-03-21",589,3,287.50,"Churned"
17913,"2021-10-19",1473,1,96.57,"Churned"
17915,"2022-10-17",1110,1,174.27,"Churned"
17916,"2022-11-30",1066,3,149.18,"Churned"
17917,"2022-01-30",1370,1,42.52,"Churned"
17918,"2022-06-28",1221,2,305.44,"Churned"
17919,"2025-01-04",300,2,37.85,"Churned"
17920,"2024-02-12",627,3,467.43,"Churned"
17921,"2024-12-07",328,2,130.63,"Churned"
17922,"2022-04-19",1291,3,151.31,"Churned"
17923,"2024-01-20",650,3,663.27,"Churned"
17924,"2024-12-11",324,3,179.54,"Churned"
17925,"2021-11-26",1435,2,331.50,"Churned"
17926,"2022-11-12",1084,3,573.42,"Churned"
17927,"2024-07-26",462,3,429.03,"Churned"
17928,"2024-01-02",668,2,42.38,"Churned"
17929,"2023-05-23",892,1,858.70,"Churned"
17930,"2023-10-13",749,3,554.77,"Churned"
17931,"2025-04-12",202,2,144.11,"Churned"
17932,"2025-09-17",44,4,741.27,"At Risk"
17933,"2021-08-10",1543,1,176.81,"Churned"
17935,"2021-11-04",1457,2,70.29,"Churned"
17936,"2020-01-04",2127,1,190.01,"Churned"
17938,"2024-08-07",450,2,211.58,"Churned"
17939,"2024-04-12",567,2,99.86,"Churned"
17940,"2022-02-15",1354,1,7.90,"Churned"
17941,"2021-04-26",1649,1,208.35,"Churned"
17942,"2022-01-26",1374,3,472.11,"Churned"
17943,"2025-04-06",208,3,491.46,"Churned"
17944,"2023-06-13",871,2,84.99,"Churned"
17945,"2024-04-16",563,4,484.98,"Churned"
17946,"2023-01-13",1022,1,48.73,"Churned"
17947,"2020-10-20",1837,1,156.84,"Churned"
17948,"2024-09-28",398,3,932.68,"Churned"
17949,"2024-07-29",459,4,155.56,"Churned"
17950,"2021-12-01",1430,1,48.21,"Churned"
17951,"2020-02-22",2078,1,250.91,"Churned"
17952,"2025-10-06",25,4,484.56,"Active"
17953,"2025-08-02",90,2,223.28,"At Risk"
17954,"2023-06-17",867,4,644.49,"Churned"
17955,"2021-08-09",1544,1,15.19,"Churned"
17956,"2023-11-24",707,3,125.84,"Churned"
17957,"2023-02-10",994,1,24.77,"Churned"
17960,"2020-04-24",2016,2,147.19,"Churned"
17965,"2025-10-17",14,7,675.31,"Active"
17967,"2025-03-30",215,1,177.23,"Churned"
17968,"2024-12-07",328,1,55.57,"Churned"
17969,"2023-03-17",959,1,13.62,"Churned"
17971,"2023-01-13",1022,2,201.71,"Churned"
17973,"2024-06-07",511,2,350.93,"Churned"
17974,"2023-10-12",750,2,163.58,"Churned"
17975,"2022-01-10",1390,1,12.63,"Churned"
17976,"2025-03-07",238,3,241.34,"Churned"
17978,"2022-06-21",1228,3,870.04,"Churned"
17979,"2024-08-14",443,3,1047.22,"Churned"
17980,"2024-04-14",565,1,138.09,"Churned"
17981,"2024-10-06",390,1,43.82,"Churned"
17984,"2024-02-27",612,1,38.86,"Churned"
17985,"2021-03-06",1700,2,436.60,"Churned"
17986,"2025-09-13",48,3,162.42,"At Risk"
17988,"2020-12-28",1768,1,3.32,"Churned"
17989,"2023-12-13",688,2,258.62,"Churned"
17990,"2020-05-11",1999,1,109.89,"Churned"
17992,"2025-01-09",295,2,701.98,"Churned"
17993,"2021-11-29",1432,1,22.86,"Churned"
17994,"2024-09-24",402,2,162.21,"Churned"
17995,"2024-07-12",476,2,187.03,"Churned"
17996,"2021-11-04",1457,2,219.42,"Churned"
17997,"2023-04-22",923,1,231.93,"Churned"
17998,"2023-10-22",740,1,28.48,"Churned"
18000,"2022-06-14",1235,1,31.82,"Churned"
18001,"2025-02-06",267,1,85.89,"Churned"
18002,"2024-09-29",397,3,325.67,"Churned"
18005,"2025-02-05",268,3,250.97,"Churned"
18006,"2020-11-22",1804,1,105.39,"Churned"
18008,"2021-10-02",1490,1,26.06,"Churned"
18010,"2020-07-24",1925,1,91.54,"Churned"
18011,"2021-02-11",1723,1,249.84,"Churned"
18012,"2024-03-18",592,2,833.81,"Churned"
18013,"2022-04-16",1294,1,23.14,"Churned"
18014,"2025-08-23",69,3,227.91,"At Risk"
18015,"2023-11-21",710,1,18.26,"Churned"
18016,"2022-12-12",1054,2,314.98,"Churned"
18018,"2021-02-10",1724,1,248.72,"Churned"
18019,"2023-08-04",819,2,191.78,"Churned"
18020,"2022-02-08",1361,2,133.03,"Churned"
18021,"2023-11-05",726,2,501.70,"Churned"
18022,"2024-09-19",407,6,733.12,"Churned"
18023,"2023-07-25",829,3,357.17,"Churned"
18024,"2021-05-20",1625,1,10.82,"Churned"
18025,"2022-05-23",1257,1,217.95,"Churned"
18026,"2023-03-16",960,1,62.27,"Churned"
18027,"2023-05-16",899,3,664.39,"Churned"
18028,"2021-08-22",1531,1,10.21,"Churned"
18029,"2024-10-18",378,4,202.16,"Churned"
18031,"2023-12-23",678,1,225.05,"Churned"
18032,"2020-02-28",2072,1,255.52,"Churned"
18033,"2025-09-21",40,3,493.74,"At Risk"
18034,"2022-09-01",1156,1,128.48,"Churned"
18035,"2025-07-08",115,4,496.14,"Churned"
18036,"2025-02-19",254,2,200.33,"Churned"
18037,"2022-08-11",1177,1,61.81,"Churned"
18038,"2025-08-15",77,1,13.60,"At Risk"
18039,"2025-01-30",274,1,282.77,"Churned"
18040,"2025-08-07",85,1,282.50,"At Risk"
18041,"2022-06-03",1246,1,9.40,"Churned"
18042,"2025-07-11",112,3,55.81,"Churned"
18043,"2023-07-24",830,2,111.31,"Churned"
18044,"2025-03-30",215,2,63.65,"Churned"
18045,"2024-08-21",436,2,162.25,"Churned"
18046,"2022-01-05",1395,1,160.01,"Churned"
18047,"2024-07-12",476,3,433.23,"Churned"
18048,"2022-03-04",1337,1,87.35,"Churned"
18049,"2025-03-04",241,4,351.32,"Churned"
18050,"2025-07-25",98,2,295.71,"Churned"
18051,"2025-02-08",265,4,477.81,"Churned"
18054,"2021-08-24",1529,1,205.52,"Churned"
18057,"2022-08-05",1183,1,102.66,"Churned"
18059,"2022-08-22",1166,4,579.78,"Churned"
18060,"2023-06-25",859,1,276.30,"Churned"
18061,"2020-04-04",2036,1,36.62,"Churned"
18062,"2020-09-30",1857,1,210.19,"Churned"
18063,"2025-06-10",143,3,335.64,"Churned"
18064,"2023-02-25",979,2,237.79,"Churned"
18065,"2021-05-29",1616,2,263.72,"Churned"
18066,"2024-10-12",384,3,268.55,"Churned"
18067,"2021-08-17",1536,1,6.21,"Churned"
18068,"2022-05-08",1272,1,62.10,"Churned"
18069,"2025-09-11",50,4,670.85,"At Risk"
18071,"2024-09-08",418,2,386.91,"Churned"
18072,"2025-07-29",94,4,472.94,"Churned"
18073,"2024-09-27",399,3,420.93,"Churned"
18074,"2023-07-17",837,2,181.91,"Churned"
18075,"2022-01-31",1369,1,18.98,"Churned"
18076,"2023-03-03",973,1,28.12,"Churned"
18078,"2022-11-03",1093,3,332.14,"Churned"
18079,"2021-12-16",1415,1,73.40,"Churned"
18080,"2023-07-05",849,1,307.25,"Churned"
18081,"2024-01-24",646,2,203.61,"Churned"
18082,"2022-11-11",1085,4,266.82,"Churned"
18083,"2025-04-07",207,4,329.82,"Churned"
18084,"2021-03-17",1689,2,124.81,"Churned"
18085,"2023-09-25",767,4,365.38,"Churned"
18086,"2024-01-01",669,1,178.14,"Churned"
18087,"2022-11-12",1084,2,240.72,"Churned"
18088,"2024-02-15",624,1,60.74,"Churned"
18089,"2024-10-25",371,2,150.02,"Churned"
18090,"2021-07-30",1554,2,66.64,"Churned"
18091,"2025-02-18",255,2,358.64,"Churned"
18092,"2025-09-01",60,3,1257.03,"At Risk"
18093,"2021-01-15",1750,2,669.14,"Churned"
18094,"2025-10-07",24,6,364.86,"Active"
18095,"2021-02-13",1721,1,3.82,"Churned"
18096,"2020-10-30",1827,1,47.14,"Churned"
18097,"2025-09-16",45,3,401.09,"At Risk"
18098,"2023-07-10",844,2,508.95,"Churned"
18099,"2024-04-11",568,3,143.10,"Churned"
18100,"2024-10-01",395,1,241.92,"Churned"
18103,"2021-09-19",1503,1,161.97,"Churned"
18104,"2021-11-28",1433,4,260.97,"Churned"
18106,"2022-01-13",1387,3,257.70,"Churned"
18107,"2024-01-07",663,3,753.97,"Churned"
18108,"2022-02-16",1353,1,44.94,"Churned"
18110,"2025-05-11",173,2,236.61,"Churned"
18111,"2024-12-15",320,3,104.19,"Churned"
18112,"2022-11-05",1091,3,200.35,"Churned"
18113,"2023-08-23",800,1,19.05,"Churned"
18114,"2025-05-11",173,2,237.70,"Churned"
18115,"2025-08-25",67,3,251.36,"At Risk"
18116,"2025-06-08",145,2,179.65,"Churned"
18118,"2021-06-07",1607,2,361.68,"Churned"
18119,"2024-08-10",447,2,194.86,"Churned"
18120,"2022-10-20",1107,3,755.87,"Churned"
18121,"2025-09-08",53,2,355.25,"At Risk"
18122,"2024-05-28",521,2,154.34,"Churned"
18123,"2022-03-05",1336,2,113.32,"Churned"
18124,"2023-11-14",717,2,295.81,"Churned"
18125,"2025-02-19",254,4,578.69,"Churned"
18126,"2025-09-19",42,2,107.39,"At Risk"
18128,"2024-06-07",511,1,312.05,"Churned"
18129,"2024-10-14",382,6,792.13,"Churned"
18132,"2023-11-10",721,2,380.14,"Churned"
18133,"2025-07-21",102,4,224.41,"Churned"
18134,"2022-06-09",1240,2,678.58,"Churned"
18135,"2025-05-12",172,1,326.99,"Churned"
18136,"2025-07-31",92,4,619.15,"Churned"
18137,"2020-10-30",1827,1,87.17,"Churned"
18138,"2024-06-21",497,5,827.13,"Churned"
18140,"2024-06-09",509,1,210.65,"Churned"
18141,"2024-12-11",324,1,53.62,"Churned"
18142,"2023-12-18",683,2,199.77,"Churned"
18143,"2025-10-09",22,3,238.79,"Active"
18144,"2025-07-29",94,3,596.17,"Churned"
18145,"2024-08-09",448,2,63.51,"Churned"
18146,"2023-08-25",798,1,43.28,"Churned"
18147,"2025-09-05",56,5,741.12,"At Risk"
18148,"2021-11-12",1449,1,159.05,"Churned"
18149,"2024-08-02",455,2,150.70,"Churned"
18150,"2024-10-12",384,2,520.21,"Churned"
18151,"2020-09-07",1880,1,172.10,"Churned"
18152,"2021-02-12",1722,1,46.70,"Churned"
18153,"2024-03-13",597,1,96.51,"Churned"
18154,"2025-10-04",27,3,337.97,"Active"
18155,"2024-07-14",474,3,580.88,"Churned"
18156,"2025-03-23",222,3,807.93,"Churned"
18157,"2023-04-09",936,1,429.55,"Churned"
18158,"2023-06-03",881,2,616.35,"Churned"
18160,"2024-12-03",332,1,85.99,"Churned"
18161,"2023-02-22",982,2,187.92,"Churned"
18163,"2024-05-25",524,3,274.99,"Churned"
18165,"2020-03-29",2042,1,324.24,"Churned"
18167,"2025-06-16",137,1,58.36,"Churned"
18168,"2023-03-24",952,3,632.05,"Churned"
18169,"2021-05-11",1634,2,280.02,"Churned"
18170,"2025-06-17",136,1,58.69,"Churned"
18172,"2025-02-23",250,1,108.06,"Churned"
18174,"2021-07-04",1580,1,12.41,"Churned"
18176,"2021-11-18",1443,1,10.55,"Churned"
18177,"2022-07-28",1191,1,101.81,"Churned"
18178,"2025-05-24",160,3,527.66,"Churned"
18179,"2024-04-26",553,2,284.76,"Churned"
18180,"2025-01-31",273,5,894.00,"Churned"
18181,"2024-05-24",525,2,38.76,"Churned"
18182,"2021-12-26",1405,2,173.13,"Churned"
18184,"2023-03-10",966,1,10.03,"Churned"
18185,"2023-05-06",909,3,306.50,"Churned"
18186,"2025-04-13",201,2,41.05,"Churned"
18188,"2025-05-27",157,4,619.72,"Churned"
18189,"2025-08-18",74,2,397.37,"At Risk"
18192,"2021-07-04",1580,2,218.02,"Churned"
18193,"2022-04-03",1307,1,126.26,"Churned"
18194,"2025-05-21",163,5,718.06,"Churned"
18195,"2025-01-24",280,2,674.47,"Churned"
18197,"2025-07-20",103,2,259.91,"Churned"
18199,"2021-07-23",1561,2,229.77,"Churned"
18200,"2025-10-04",27,3,239.56,"Active"
18201,"2025-07-17",106,5,520.99,"Churned"
18202,"2025-04-13",201,2,191.59,"Churned"
18203,"2025-05-24",160,3,100.47,"Churned"
18204,"2023-11-10",721,1,28.79,"Churned"
18205,"2025-07-03",120,3,232.82,"Churned"
18206,"2025-06-05",148,1,40.61,"Churned"
18207,"2024-08-28",429,2,19.76,"Churned"
18208,"2021-02-18",1716,1,37.23,"Churned"
18211,"2024-07-02",486,1,321.09,"Churned"
18212,"2024-06-30",488,3,310.34,"Churned"
18213,"2023-02-21",983,1,27.66,"Churned"
18214,"2020-09-15",1872,1,13.90,"Churned"
18216,"2023-12-24",677,3,388.21,"Churned"
18217,"2025-02-13",260,2,241.41,"Churned"
18218,"2022-12-29",1037,1,33.02,"Churned"
18219,"2022-05-09",1271,1,91.08,"Churned"
18220,"2023-11-19",712,2,428.46,"Churned"
18221,"2020-03-27",2044,1,205.48,"Churned"
18222,"2021-07-23",1561,1,44.26,"Churned"
18223,"2025-09-03",58,3,381.76,"At Risk"
18224,"2022-12-20",1046,2,68.05,"Churned"
18225,"2022-08-06",1182,1,30.90,"Churned"
18226,"2024-01-30",640,1,111.44,"Churned"
18227,"2023-04-06",939,2,73.79,"Churned"
18229,"2021-04-04",1671,1,38.20,"Churned"
18230,"2024-11-30",335,2,181.72,"Churned"
18231,"2020-10-03",1854,1,260.73,"Churned"
18232,"2023-12-24",677,3,413.26,"Churned"
18233,"2023-05-24",891,1,58.02,"Churned"
18234,"2020-04-28",2012,1,201.67,"Churned"
18235,"2020-11-13",1813,1,303.14,"Churned"
18236,"2020-08-21",1897,1,53.49,"Churned"
18237,"2024-08-03",454,5,478.73,"Churned"
18238,"2020-12-03",1793,1,53.95,"Churned"
18239,"2025-04-02",212,1,35.10,"Churned"
18240,"2023-12-08",693,2,364.87,"Churned"
18241,"2020-10-18",1839,1,42.34,"Churned"
18242,"2024-10-21",375,2,297.70,"Churned"
18244,"2021-12-17",1414,2,219.24,"Churned"
18245,"2025-06-25",128,3,441.47,"Churned"
18246,"2020-12-11",1785,1,116.25,"Churned"
18247,"2024-10-28",368,2,181.10,"Churned"
18248,"2023-06-29",855,4,629.75,"Churned"
18249,"2024-09-27",399,3,236.62,"Churned"
18250,"2025-03-16",229,2,269.63,"Churned"
18252,"2022-04-29",1281,1,11.57,"Churned"
18253,"2020-05-14",1996,2,225.78,"Churned"
18254,"2024-10-10",386,4,167.53,"Churned"
18255,"2024-09-07",419,3,268.81,"Churned"
18256,"2025-06-07",146,3,295.40,"Churned"
18257,"2022-06-17",1232,2,1078.26,"Churned"
18258,"2025-07-11",112,3,89.86,"Churned"
18259,"2023-03-16",960,1,143.89,"Churned"
18260,"2024-08-20",437,4,210.55,"Churned"
18261,"2020-03-06",2065,1,128.62,"Churned"
18262,"2021-08-17",1536,2,265.63,"Churned"
18263,"2020-04-27",2013,1,49.13,"Churned"
18265,"2025-07-23",100,1,643.65,"Churned"
18268,"2021-03-02",1704,2,553.74,"Churned"
18269,"2021-11-20",1441,2,100.07,"Churned"
18270,"2022-06-10",1239,2,313.89,"Churned"
18271,"2024-12-06",329,2,113.56,"Churned"
18272,"2025-10-18",13,2,238.48,"Active"
18273,"2022-03-02",1339,2,213.82,"Churned"
18274,"2024-05-23",526,1,121.57,"Churned"
18276,"2023-05-16",899,2,215.85,"Churned"
18277,"2020-10-19",1838,1,17.48,"Churned"
18278,"2021-02-06",1728,1,156.79,"Churned"
18279,"2023-03-08",968,1,59.96,"Churned"
18280,"2025-09-27",34,2,124.78,"At Risk"
18284,"2021-11-14",1447,1,173.28,"Churned"
18285,"2020-04-20",2020,1,5.93,"Churned"
18287,"2021-08-11",1542,2,576.92,"Churned"
18288,"2024-12-07",328,3,636.74,"Churned"
18290,"2023-09-04",788,2,424.39,"Churned"
18291,"2021-10-23",1469,1,176.71,"Churned"
18292,"2021-08-13",1540,1,42.24,"Churned"
18293,"2025-03-13",232,2,433.50,"Churned"
18294,"2024-07-12",476,5,244.63,"Churned"
18295,"2023-10-04",758,1,4.95,"Churned"
18296,"2024-09-18",408,2,63.25,"Churned"
18297,"2025-05-06",178,3,151.29,"Churned"
18299,"2024-03-23",587,3,85.10,"Churned"
18301,"2025-07-21",102,2,283.84,"Churned"
18302,"2023-07-21",833,1,16.94,"Churned"
18304,"2024-07-25",463,2,329.72,"Churned"
18305,"2023-01-21",1014,1,50.72,"Churned"
18306,"2025-10-19",12,3,221.19,"Active"
18307,"2023-06-29",855,3,243.06,"Churned"
18308,"2022-06-12",1237,1,88.74,"Churned"
18309,"2022-12-03",1063,1,83.81,"Churned"
18311,"2024-07-27",461,1,111.93,"Churned"
18312,"2021-06-18",1596,1,240.33,"Churned"
18313,"2023-11-22",709,3,485.10,"Churned"
18314,"2023-09-14",778,1,38.28,"Churned"
18315,"2021-05-26",1619,3,147.29,"Churned"
18316,"2024-12-14",321,3,168.24,"Churned"
18317,"2020-11-01",1825,1,204.44,"Churned"
18318,"2025-05-30",154,2,251.04,"Churned"
18319,"2024-01-10",660,2,327.63,"Churned"
18320,"2023-09-08",784,2,270.33,"Churned"
18321,"2021-05-20",1625,2,179.06,"Churned"
18322,"2022-05-02",1278,3,207.26,"Churned"
18323,"2024-05-08",541,2,102.66,"Churned"
18325,"2024-12-23",312,2,824.68,"Churned"
18326,"2025-01-09",295,3,249.58,"Churned"
18327,"2022-05-17",1263,2,280.25,"Churned"
18328,"2021-09-07",1515,2,142.46,"Churned"
18331,"2025-10-29",2,2,452.68,"Active"
18332,"2020-03-23",2048,1,628.12,"Churned"
18334,"2025-05-09",175,3,806.99,"Churned"
18335,"2025-04-18",196,4,1373.38,"Churned"
18336,"2024-08-13",444,1,263.65,"Churned"
18338,"2024-02-25",614,1,298.49,"Churned"
18339,"2022-04-15",1295,4,227.67,"Churned"
18341,"2025-10-23",8,4,226.14,"Active"
18342,"2020-04-30",2010,1,12.17,"Churned"
18343,"2025-02-19",254,7,526.51,"Churned"
18344,"2024-11-01",364,2,41.67,"Churned"
18345,"2024-07-27",461,4,407.21,"Churned"
18346,"2020-10-17",1840,1,130.82,"Churned"
18347,"2022-08-02",1186,1,80.59,"Churned"
18348,"2021-05-22",1623,1,21.32,"Churned"
18349,"2023-09-05",787,2,150.18,"Churned"
18350,"2025-04-07",207,3,124.32,"Churned"
18351,"2022-02-09",1360,1,35.22,"Churned"
18352,"2023-05-17",898,2,283.19,"Churned"
18353,"2025-10-01",30,3,148.78,"Active"
18354,"2024-01-07",663,2,219.79,"Churned"
18355,"2025-02-06",267,3,708.15,"Churned"
18356,"2025-04-29",185,4,505.27,"Churned"
18357,"2025-03-19",226,5,611.86,"Churned"
18358,"2025-07-03",120,4,423.97,"Churned"
18359,"2020-10-16",1841,1,40.19,"Churned"
18360,"2025-06-30",123,1,150.32,"Churned"
18361,"2024-09-07",419,4,635.21,"Churned"
18362,"2021-05-11",1634,1,81.84,"Churned"
18363,"2023-02-01",1003,1,53.71,"Churned"
18364,"2023-04-10",935,3,304.00,"Churned"
18365,"2025-09-14",47,2,293.41,"At Risk"
18367,"2024-07-01",487,2,184.18,"Churned"
18368,"2023-03-01",975,2,35.13,"Churned"
18369,"2025-04-09",205,2,80.89,"Churned"
18370,"2024-10-17",379,1,22.22,"Churned"
18372,"2025-09-21",40,4,931.92,"At Risk"
18373,"2024-10-13",383,1,35.36,"Churned"
18374,"2022-08-12",1176,2,120.37,"Churned"
18375,"2024-05-18",531,3,457.92,"Churned"
18376,"2024-10-05",391,1,28.67,"Churned"
18377,"2024-07-30",458,2,158.27,"Churned"
18378,"2024-11-22",343,1,73.24,"Churned"
18380,"2022-10-22",1105,2,788.55,"Churned"
18381,"2022-07-22",1197,2,473.37,"Churned"
18382,"2025-04-27",187,5,958.05,"Churned"
18383,"2023-12-01",700,2,255.07,"Churned"
18384,"2020-12-30",1766,1,61.82,"Churned"
18385,"2023-07-27",827,1,916.12,"Churned"
18386,"2025-04-08",206,2,174.51,"Churned"
18387,"2023-09-02",790,2,148.02,"Churned"
18389,"2022-02-16",1353,2,231.33,"Churned"
18390,"2023-07-15",839,1,40.96,"Churned"
18391,"2025-03-20",225,1,94.67,"Churned"
18392,"2025-03-31",214,3,771.36,"Churned"
18393,"2025-06-14",139,5,571.56,"Churned"
18394,"2021-10-24",1468,1,44.57,"Churned"
18395,"2021-11-19",1442,2,360.60,"Churned"
18396,"2025-05-19",165,4,538.61,"Churned"
18398,"2025-01-18",286,1,7.51,"Churned"
18399,"2023-02-22",982,2,819.27,"Churned"
18400,"2024-11-27",338,1,41.70,"Churned"
18401,"2020-11-26",1800,1,30.75,"Churned"
18403,"2024-09-22",404,1,53.09,"Churned"
18405,"2023-11-02",729,2,128.87,"Churned"
18406,"2024-02-09",630,1,75.05,"Churned"
18408,"2024-03-30",580,2,274.07,"Churned"
18409,"2022-06-27",1222,2,153.56,"Churned"
18410,"2023-08-23",800,2,299.57,"Churned"
18411,"2020-09-18",1869,2,430.50,"Churned"
18412,"2025-10-17",14,3,180.95,"Active"
18413,"2025-05-06",178,2,138.38,"Churned"
18414,"2023-04-21",924,1,208.98,"Churned"
18415,"2023-08-12",811,1,76.21,"Churned"
18416,"2020-01-30",2101,1,32.41,"Churned"
18417,"2022-09-01",1156,1,77.07,"Churned"
18418,"2024-11-19",346,2,276.15,"Churned"
18419,"2024-10-05",391,1,164.32,"Churned"
18421,"2024-04-01",578,5,824.70,"Churned"
18423,"2024-01-01",669,2,224.68,"Churned"
18424,"2025-07-09",114,4,646.28,"Churned"
18425,"2022-06-10",1239,1,193.67,"Churned"
18426,"2024-11-01",364,2,1833.68,"Churned"
18427,"2021-09-18",1504,1,28.12,"Churned"
18428,"2024-08-29",428,2,324.72,"Churned"
18429,"2022-07-18",1201,1,68.47,"Churned"
18430,"2023-02-11",993,2,337.56,"Churned"
18431,"2021-06-05",1609,3,324.65,"Churned"
18432,"2020-09-19",1868,1,95.82,"Churned"
18433,"2025-03-09",236,2,437.47,"Churned"
18434,"2022-04-09",1301,1,68.50,"Churned"
18435,"2025-06-25",128,3,193.80,"Churned"
18436,"2021-11-10",1451,5,1148.82,"Churned"
18437,"2020-07-28",1921,1,217.66,"Churned"
18438,"2022-05-15",1265,1,37.45,"Churned"
18439,"2023-12-23",678,1,171.50,"Churned"
18440,"2022-03-21",1320,2,353.74,"Churned"
18441,"2020-10-19",1838,2,193.95,"Churned"
18442,"2024-03-06",604,1,133.72,"Churned"
18443,"2025-05-16",168,3,231.82,"Churned"
18445,"2021-03-05",1701,2,79.59,"Churned"
18446,"2025-09-18",43,2,565.17,"At Risk"
18447,"2022-08-13",1175,1,65.93,"Churned"
18448,"2023-03-08",968,5,885.07,"Churned"
18450,"2025-07-19",104,1,67.74,"Churned"
18452,"2025-09-02",59,4,388.73,"At Risk"
18453,"2024-12-01",334,4,494.91,"Churned"
18456,"2025-02-08",265,2,94.33,"Churned"
18457,"2024-11-17",348,3,254.15,"Churned"
18459,"2021-10-16",1476,1,81.13,"Churned"
18460,"2021-09-18",1504,1,62.85,"Churned"
18461,"2023-08-14",809,2,136.16,"Churned"
18462,"2023-09-05",787,2,95.52,"Churned"
18463,"2025-07-23",100,1,13.13,"Churned"
18464,"2022-07-27",1192,1,70.03,"Churned"
18466,"2020-01-30",2101,1,19.69,"Churned"
18467,"2022-10-18",1109,3,473.00,"Churned"
18468,"2025-01-17",287,4,141.61,"Churned"
18469,"2022-03-06",1335,2,168.00,"Churned"
18471,"2023-12-16",685,3,821.12,"Churned"
18472,"2025-06-12",141,1,28.23,"Churned"
18473,"2022-10-01",1126,1,157.15,"Churned"
18474,"2025-01-28",276,2,94.07,"Churned"
18475,"2023-05-30",885,1,304.49,"Churned"
18477,"2020-05-13",1997,1,764.73,"Churned"
18478,"2023-11-27",704,2,166.99,"Churned"
18479,"2024-01-01",669,2,364.37,"Churned"
18482,"2025-01-13",291,5,217.60,"Churned"
18483,"2025-06-28",125,3,189.78,"Churned"
18484,"2020-01-23",2108,1,69.62,"Churned"
18485,"2022-04-05",1305,1,32.27,"Churned"
18487,"2024-08-13",444,3,212.41,"Churned"
18488,"2024-04-27",552,2,685.90,"Churned"
18490,"2022-02-17",1352,1,21.90,"Churned"
18491,"2024-09-17",409,1,159.07,"Churned"
18492,"2024-10-24",372,2,231.16,"Churned"
18493,"2022-07-13",1206,1,111.16,"Churned"
18494,"2024-10-12",384,5,601.83,"Churned"
18496,"2022-04-17",1293,1,83.82,"Churned"
18498,"2022-06-15",1234,1,49.69,"Churned"
18499,"2021-04-07",1668,2,107.49,"Churned"
18500,"2024-07-17",471,1,328.32,"Churned"
18501,"2023-12-21",680,1,9.58,"Churned"
18502,"2021-11-13",1448,1,97.05,"Churned"
18503,"2020-10-30",1827,1,75.86,"Churned"
18504,"2025-08-20",72,5,633.28,"At Risk"
18506,"2023-01-15",1020,2,291.80,"Churned"
18508,"2025-01-05",299,1,93.13,"Churned"
18509,"2022-08-16",1172,1,30.12,"Churned"
18510,"2023-12-24",677,1,36.74,"Churned"
18511,"2025-06-20",133,5,253.05,"Churned"
18512,"2023-06-26",858,2,311.15,"Churned"
18513,"2023-12-17",684,2,106.79,"Churned"
18514,"2023-02-04",1000,1,118.83,"Churned"
18515,"2025-06-05",148,4,1019.74,"Churned"
18518,"2023-08-14",809,2,126.16,"Churned"
18520,"2024-12-17",318,1,46.88,"Churned"
18521,"2023-04-30",915,1,223.69,"Churned"
18522,"2024-12-09",326,2,138.59,"Churned"
18523,"2024-04-30",549,2,105.43,"Churned"
18524,"2025-10-28",3,4,1230.86,"Active"
18526,"2024-10-23",373,2,59.86,"Churned"
18528,"2025-02-25",248,3,328.29,"Churned"
18530,"2021-03-13",1693,1,59.34,"Churned"
18531,"2022-03-30",1311,2,638.09,"Churned"
18532,"2023-09-17",775,2,105.37,"Churned"
18533,"2022-04-29",1281,1,35.60,"Churned"
18535,"2023-10-17",745,2,664.22,"Churned"
18536,"2024-01-18",652,2,80.35,"Churned"
18537,"2023-04-10",935,1,259.86,"Churned"
18538,"2022-11-10",1086,2,164.12,"Churned"
18539,"2025-04-15",199,5,1193.89,"Churned"
18540,"2021-07-21",1563,1,71.48,"Churned"
18541,"2022-04-01",1309,2,282.35,"Churned"
18542,"2024-10-18",378,2,171.89,"Churned"
18543,"2022-07-22",1197,1,229.88,"Churned"
18546,"2024-12-20",315,1,60.38,"Churned"
18547,"2024-07-30",458,2,162.45,"Churned"
18548,"2024-03-01",609,3,276.40,"Churned"
18549,"2025-10-11",20,5,554.79,"Active"
18550,"2025-10-28",3,3,398.99,"Active"
18551,"2024-03-09",601,3,1316.80,"Churned"
18552,"2025-06-03",150,3,90.34,"Churned"
18553,"2021-06-18",1596,1,63.27,"Churned"
18555,"2025-05-24",160,3,605.02,"Churned"
18557,"2024-12-05",330,1,113.27,"Churned"
18558,"2024-08-21",436,2,356.90,"Churned"
18559,"2021-02-26",1708,1,101.89,"Churned"
18560,"2024-04-03",576,2,399.45,"Churned"
18561,"2022-10-05",1122,5,673.75,"Churned"
18562,"2025-08-23",69,7,1657.85,"At Risk"
18563,"2020-10-27",1830,1,528.76,"Churned"
18564,"2024-03-21",589,1,28.57,"Churned"
18566,"2025-06-06",147,3,121.02,"Churned"
18567,"2021-12-28",1403,1,25.47,"Churned"
18568,"2025-03-24",221,2,277.02,"Churned"
18569,"2024-09-06",420,3,338.00,"Churned"
18571,"2024-03-28",582,1,6.54,"Churned"
18572,"2024-12-02",333,1,237.95,"Churned"
18573,"2024-11-14",351,3,833.36,"Churned"
18574,"2024-11-11",354,3,155.37,"Churned"
18575,"2024-05-20",529,2,132.26,"Churned"
18576,"2023-01-02",1033,2,280.69,"Churned"
18578,"2025-01-29",275,1,31.48,"Churned"
18579,"2022-03-04",1337,2,61.17,"Churned"
18581,"2024-07-23",465,1,733.56,"Churned"
18582,"2025-04-12",202,3,454.14,"Churned"
18583,"2021-10-21",1471,1,576.68,"Churned"
18584,"2024-04-04",575,3,166.65,"Churned"
18587,"2023-05-10",905,1,33.60,"Churned"
18588,"2024-04-27",552,3,147.55,"Churned"
18589,"2023-12-13",688,2,251.11,"Churned"
18591,"2022-06-01",1248,2,346.44,"Churned"
18592,"2025-07-04",119,4,187.42,"Churned"
18593,"2022-05-01",1279,4,259.29,"Churned"
18594,"2023-07-30",824,3,401.66,"Churned"
18595,"2023-03-24",952,1,161.62,"Churned"
18596,"2025-03-12",233,1,147.77,"Churned"
18597,"2025-04-28",186,3,197.82,"Churned"
18598,"2025-05-16",168,2,72.06,"Churned"
18599,"2024-01-24",646,3,260.91,"Churned"
18600,"2025-02-16",257,5,649.55,"Churned"
18601,"2021-09-12",1510,2,89.80,"Churned"
18602,"2025-09-18",43,2,149.32,"At Risk"
18603,"2024-04-28",551,1,333.41,"Churned"
18604,"2025-01-10",294,1,27.35,"Churned"
18605,"2024-07-04",484,2,252.79,"Churned"
18606,"2024-02-29",610,3,459.62,"Churned"
18607,"2023-09-15",777,3,258.14,"Churned"
18608,"2025-09-15",46,5,425.83,"At Risk"
18610,"2020-08-05",1913,2,834.34,"Churned"
18612,"2024-07-10",478,1,145.83,"Churned"
18614,"2024-03-01",609,3,454.36,"Churned"
18615,"2024-11-06",359,4,241.23,"Churned"
18616,"2022-07-28",1191,2,288.58,"Churned"
18617,"2023-08-01",822,1,28.73,"Churned"
18618,"2022-10-31",1096,1,22.97,"Churned"
18619,"2024-10-26",370,3,263.69,"Churned"
18620,"2025-09-21",40,4,396.96,"At Risk"
18621,"2022-07-27",1192,2,489.33,"Churned"
18622,"2024-11-08",357,3,108.61,"Churned"
18623,"2023-08-06",817,1,9.25,"Churned"
18624,"2024-01-20",650,3,471.02,"Churned"
18625,"2024-08-10",447,1,179.36,"Churned"
18626,"2024-03-03",607,2,754.48,"Churned"
18628,"2022-06-06",1243,1,12.64,"Churned"
18631,"2024-08-21",436,3,344.07,"Churned"
18632,"2025-08-14",78,4,765.51,"At Risk"
18635,"2022-10-18",1109,1,69.95,"Churned"
18636,"2022-08-18",1170,3,424.98,"Churned"
18637,"2021-12-28",1403,1,308.70,"Churned"
18639,"2021-09-05",1517,4,351.25,"Churned"
18640,"2022-08-17",1171,1,41.50,"Churned"
18642,"2025-08-18",74,3,345.58,"At Risk"
18644,"2024-11-22",343,4,205.14,"Churned"
18645,"2023-08-28",795,2,420.92,"Churned"
18646,"2021-04-21",1654,3,1525.23,"Churned"
18647,"2020-07-31",1918,1,424.36,"Churned"
18648,"2023-08-29",794,2,269.84,"Churned"
18649,"2023-09-03",789,2,154.90,"Churned"
18650,"2022-09-15",1142,2,245.19,"Churned"
18651,"2025-10-22",9,2,329.65,"Active"
18653,"2025-05-16",168,1,36.00,"Churned"
18654,"2023-07-18",836,3,364.38,"Churned"
18655,"2023-11-28",703,2,103.12,"Churned"
18656,"2024-02-06",633,2,108.91,"Churned"
18657,"2023-06-20",864,1,38.86,"Churned"
18658,"2024-11-24",341,1,244.80,"Churned"
18659,"2025-09-14",47,2,209.76,"At Risk"
18660,"2020-10-24",1833,1,135.80,"Churned"
18662,"2024-12-01",334,3,328.13,"Churned"
18663,"2023-08-24",799,1,287.37,"Churned"
18664,"2025-07-25",98,3,1061.46,"Churned"
18665,"2025-07-04",119,3,328.15,"Churned"
18666,"2024-05-09",540,5,320.79,"Churned"
18667,"2023-08-30",793,1,198.26,"Churned"
18668,"2022-10-11",1116,1,247.10,"Churned"
18669,"2023-11-14",717,2,138.55,"Churned"
18670,"2025-03-25",220,1,47.14,"Churned"
18671,"2024-01-30",640,1,108.25,"Churned"
18673,"2024-02-16",623,2,52.98,"Churned"
18675,"2025-07-11",112,3,126.59,"Churned"
18676,"2022-12-11",1055,3,540.91,"Churned"
18677,"2025-06-01",152,3,314.64,"Churned"
18678,"2022-11-23",1073,3,590.41,"Churned"
18680,"2025-06-01",152,2,207.96,"Churned"
18681,"2025-03-15",230,2,148.85,"Churned"
18682,"2020-08-12",1906,1,208.61,"Churned"
18686,"2023-06-14",870,1,174.39,"Churned"
18688,"2023-10-02",760,2,274.60,"Churned"
18689,"2023-12-15",686,2,61.66,"Churned"
18690,"2020-10-13",1844,1,78.43,"Churned"
18691,"2024-10-31",365,3,397.67,"Churned"
18692,"2024-07-17",471,3,570.03,"Churned"
18693,"2020-04-26",2014,1,86.96,"Churned"
18695,"2022-01-21",1379,2,594.71,"Churned"
18696,"2024-10-24",372,6,1470.09,"Churned"
18697,"2021-12-08",1423,1,70.43,"Churned"
18698,"2021-12-14",1417,1,21.64,"Churned"
18700,"2023-02-21",983,1,157.96,"Churned"
18701,"2025-03-29",216,3,189.08,"Churned"
18702,"2024-12-08",327,2,91.72,"Churned"
18703,"2022-07-26",1193,1,32.49,"Churned"
18705,"2023-09-30",762,2,117.90,"Churned"
18706,"2025-10-15",16,1,200.87,"Active"
18707,"2021-07-14",1570,1,117.37,"Churned"
18708,"2022-03-20",1321,1,84.76,"Churned"
18709,"2024-02-10",629,2,208.48,"Churned"
18710,"2023-04-28",917,3,538.40,"Churned"
18711,"2024-12-03",332,2,241.99,"Churned"
18712,"2025-09-09",52,3,628.85,"At Risk"
18713,"2021-02-16",1718,1,60.64,"Churned"
18714,"2025-03-16",229,2,331.02,"Churned"
18715,"2021-10-05",1487,2,94.23,"Churned"
18717,"2023-09-30",762,3,722.39,"Churned"
18718,"2021-06-25",1589,1,143.40,"Churned"
18719,"2024-11-23",342,1,50.15,"Churned"
18720,"2023-07-27",827,2,257.41,"Churned"
18721,"2022-03-27",1314,2,73.73,"Churned"
18722,"2021-02-13",1721,1,58.07,"Churned"
18724,"2024-09-25",401,2,87.05,"Churned"
18725,"2022-07-10",1209,1,104.23,"Churned"
18726,"2021-05-29",1616,1,156.03,"Churned"
18727,"2021-09-17",1505,1,1149.72,"Churned"
18728,"2021-12-05",1426,2,103.66,"Churned"
18729,"2025-06-13",140,2,489.72,"Churned"
18730,"2024-12-20",315,4,406.52,"Churned"
18731,"2025-02-05",268,3,302.42,"Churned"
18732,"2023-11-24",707,2,334.16,"Churned"
18733,"2024-01-28",642,1,282.36,"Churned"
18734,"2024-10-31",365,1,12.73,"Churned"
18735,"2025-03-20",225,3,737.06,"Churned"
18736,"2020-11-04",1822,1,113.46,"Churned"
18737,"2025-01-18",286,2,300.13,"Churned"
18738,"2025-04-11",203,1,104.75,"Churned"
18739,"2021-04-05",1670,1,391.93,"Churned"
18740,"2023-10-13",749,3,244.43,"Churned"
18741,"2024-07-29",459,7,836.63,"Churned"
18742,"2023-12-19",682,4,458.82,"Churned"
18743,"2024-05-29",520,4,566.12,"Churned"
18745,"2025-08-01",91,1,137.94,"Churned"
18747,"2020-05-01",2009,1,119.82,"Churned"
18748,"2023-08-23",800,1,22.97,"Churned"
18749,"2024-08-12",445,2,62.62,"Churned"
18750,"2023-04-22",923,1,18.59,"Churned"
18751,"2025-08-22",70,3,524.29,"At Risk"
18752,"2020-03-22",2049,1,79.83,"Churned"
18754,"2023-12-26",675,4,533.57,"Churned"
18756,"2025-09-20",41,1,64.46,"At Risk"
18757,"2023-05-21",894,1,88.62,"Churned"
18758,"2025-05-12",172,1,131.66,"Churned"
18759,"2025-02-05",268,1,170.38,"Churned"
18760,"2023-01-03",1032,4,392.04,"Churned"
18763,"2025-05-11",173,2,164.29,"Churned"
18765,"2024-08-28",429,5,563.37,"Churned"
18767,"2021-04-11",1664,1,243.51,"Churned"
18768,"2025-04-04",210,2,324.02,"Churned"
18769,"2024-12-12",323,4,534.83,"Churned"
18770,"2021-11-04",1457,1,29.40,"Churned"
18771,"2023-09-01",791,1,128.61,"Churned"
18772,"2021-06-06",1608,1,131.87,"Churned"
18773,"2025-06-03",150,2,168.10,"Churned"
18775,"2023-02-03",1001,2,168.36,"Churned"
18776,"2025-02-28",245,2,115.10,"Churned"
18777,"2022-11-01",1095,2,281.27,"Churned"
18778,"2025-10-23",8,2,287.68,"Active"
18779,"2024-08-08",449,1,61.07,"Churned"
18780,"2025-04-03",211,2,246.82,"Churned"
18781,"2022-11-10",1086,2,238.50,"Churned"
18782,"2024-07-18",470,2,350.42,"Churned"
18783,"2025-08-15",77,5,1098.12,"At Risk"
18784,"2023-03-10",966,2,327.28,"Churned"
18785,"2025-09-10",51,1,190.03,"At Risk"
18786,"2025-06-05",148,2,429.34,"Churned"
18787,"2023-08-31",792,2,260.39,"Churned"
18788,"2023-08-22",801,3,204.26,"Churned"
18789,"2024-10-10",386,4,623.65,"Churned"
18790,"2021-05-04",1641,2,68.30,"Churned"
18791,"2021-10-02",1490,2,270.99,"Churned"
18793,"2023-07-26",828,2,59.40,"Churned"
18794,"2025-01-12",292,2,749.30,"Churned"
18795,"2021-12-30",1401,2,385.82,"Churned"
18796,"2024-12-28",307,1,56.82,"Churned"
18797,"2024-08-29",428,2,99.30,"Churned"
18798,"2020-02-06",2094,1,14.42,"Churned"
18799,"2024-11-22",343,4,626.63,"Churned"
18800,"2023-09-23",769,3,359.11,"Churned"
18801,"2025-06-15",138,4,496.28,"Churned"
18802,"2024-05-13",536,2,67.87,"Churned"
18803,"2024-11-07",358,2,362.97,"Churned"
18804,"2022-05-16",1264,2,95.52,"Churned"
18805,"2023-10-18",744,4,1253.16,"Churned"
18806,"2021-03-03",1703,1,103.50,"Churned"
18807,"2023-01-12",1023,2,39.83,"Churned"
18808,"2024-06-26",492,3,130.24,"Churned"
18809,"2023-03-07",969,1,141.33,"Churned"
18810,"2024-02-16",623,4,467.96,"Churned"
18811,"2024-11-02",363,3,210.17,"Churned"
18813,"2023-05-29",886,3,723.55,"Churned"
18814,"2021-02-11",1723,1,63.55,"Churned"
18815,"2025-01-30",274,5,631.46,"Churned"
18816,"2020-07-16",1933,1,18.37,"Churned"
18817,"2025-06-16",137,2,304.16,"Churned"
18818,"2024-10-30",366,5,894.84,"Churned"
18820,"2024-09-10",416,1,240.07,"Churned"
18822,"2022-12-06",1060,2,238.28,"Churned"
18823,"2024-09-09",417,2,723.85,"Churned"
18824,"2025-04-20",194,1,5.92,"Churned"
18825,"2021-10-03",1489,1,77.21,"Churned"
18826,"2021-08-24",1529,1,19.58,"Churned"
18827,"2025-10-12",19,5,291.11,"Active"
18828,"2024-01-09",661,1,65.82,"Churned"
18829,"2021-10-31",1461,3,706.35,"Churned"
18830,"2025-09-23",38,1,220.71,"At Risk"
18831,"2020-11-07",1819,1,332.88,"Churned"
18832,"2022-05-19",1261,3,600.71,"Churned"
18835,"2025-09-17",44,1,63.69,"At Risk"
18836,"2024-01-05",665,2,406.39,"Churned"
18837,"2025-02-22",251,3,203.31,"Churned"
18838,"2023-05-29",886,2,74.24,"Churned"
18840,"2021-01-10",1755,1,119.71,"Churned"
18841,"2023-09-22",770,2,333.80,"Churned"
18842,"2022-07-27",1192,1,17.60,"Churned"
18843,"2024-07-16",472,2,102.46,"Churned"
18844,"2025-07-25",98,3,339.81,"Churned"
18845,"2023-07-29",825,1,412.34,"Churned"
18846,"2025-05-12",172,2,234.46,"Churned"
18847,"2025-07-18",105,1,242.75,"Churned"
18848,"2021-06-25",1589,1,162.30,"Churned"
18849,"2022-01-16",1384,1,172.46,"Churned"
18850,"2025-01-20",284,2,712.02,"Churned"
18851,"2023-07-05",849,3,252.22,"Churned"
18852,"2025-01-15",289,4,597.02,"Churned"
18853,"2025-03-12",233,3,516.64,"Churned"
18854,"2022-04-01",1309,3,384.05,"Churned"
18855,"2021-04-15",1660,1,138.27,"Churned"
18856,"2024-06-24",494,2,169.97,"Churned"
18857,"2022-09-08",1149,1,24.10,"Churned"
18858,"2023-08-21",802,2,260.37,"Churned"
18860,"2025-10-22",9,1,279.92,"Active"
18861,"2024-11-19",346,4,175.63,"Churned"
18862,"2024-06-27",491,2,269.25,"Churned"
18864,"2024-11-28",337,3,824.70,"Churned"
18868,"2024-05-21",528,1,8.55,"Churned"
18869,"2021-09-23",1499,1,39.52,"Churned"
18870,"2025-06-14",139,4,388.81,"Churned"
18871,"2024-08-26",431,1,459.51,"Churned"
18873,"2023-02-10",994,3,367.41,"Churned"
18874,"2024-12-04",331,1,189.77,"Churned"
18875,"2025-03-01",244,1,193.24,"Churned"
18876,"2022-09-09",1148,1,1049.68,"Churned"
18877,"2024-01-26",644,1,82.90,"Churned"
18878,"2024-11-07",358,1,24.77,"Churned"
18880,"2021-12-26",1405,2,1403.68,"Churned"
18881,"2024-03-03",607,2,1553.03,"Churned"
18882,"2025-01-07",297,3,593.42,"Churned"
18883,"2022-10-10",1117,2,79.17,"Churned"
18884,"2022-02-21",1348,1,44.26,"Churned"
18886,"2020-04-07",2033,1,8.32,"Churned"
18887,"2022-10-01",1126,1,66.01,"Churned"
18888,"2025-02-12",261,3,127.13,"Churned"
18889,"2025-05-08",176,3,263.10,"Churned"
18890,"2023-06-11",873,2,332.93,"Churned"
18891,"2023-02-23",981,1,92.51,"Churned"
18892,"2023-01-11",1024,1,11.57,"Churned"
18893,"2023-12-12",689,2,221.17,"Churned"
18894,"2023-04-12",933,2,125.44,"Churned"
18895,"2024-04-25",554,2,76.63,"Churned"
18897,"2023-08-14",809,2,99.25,"Churned"
18898,"2024-05-22",527,3,202.07,"Churned"
18899,"2025-02-15",258,2,139.16,"Churned"
18900,"2021-03-29",1677,1,52.06,"Churned"
18901,"2025-06-18",135,2,407.80,"Churned"
18902,"2023-12-22",679,6,283.73,"Churned"
18903,"2023-08-26",797,2,209.26,"Churned"
18905,"2023-09-24",768,2,402.02,"Churned"
18907,"2024-05-03",546,2,131.02,"Churned"
18908,"2023-10-03",759,2,209.23,"Churned"
18910,"2023-05-21",894,2,150.23,"Churned"
18911,"2024-04-30",549,2,23.56,"Churned"
18912,"2023-01-14",1021,1,4.69,"Churned"
18913,"2024-05-21",528,1,89.01,"Churned"
18914,"2021-10-09",1483,2,133.15,"Churned"
18915,"2025-04-08",206,3,223.72,"Churned"
18916,"2021-04-26",1649,1,432.87,"Churned"
18917,"2024-01-09",661,3,666.02,"Churned"
18918,"2023-08-26",797,2,170.09,"Churned"
18919,"2025-06-10",143,5,1110.71,"Churned"
18920,"2025-10-05",26,1,192.17,"Active"
18921,"2024-10-03",393,3,172.22,"Churned"
18922,"2025-04-08",206,2,110.02,"Churned"
18923,"2025-10-26",5,3,761.60,"Active"
18924,"2024-10-02",394,1,17.48,"Churned"
18925,"2025-10-19",12,1,190.01,"Active"
18926,"2025-10-17",14,3,493.36,"Active"
18928,"2024-09-09",417,3,460.79,"Churned"
18929,"2021-11-27",1434,1,5.35,"Churned"
18930,"2023-10-29",733,2,140.87,"Churned"
18931,"2025-07-09",114,1,43.43,"Churned"
18932,"2020-06-24",1955,1,140.41,"Churned"
18933,"2025-02-20",253,5,803.58,"Churned"
18934,"2023-01-22",1013,1,212.09,"Churned"
18935,"2023-11-23",708,2,197.62,"Churned"
18936,"2025-03-08",237,3,449.81,"Churned"
18937,"2025-04-08",206,1,105.15,"Churned"
18938,"2024-10-01",395,2,706.57,"Churned"
18939,"2025-08-29",63,3,294.46,"At Risk"
18940,"2023-07-18",836,4,739.71,"Churned"
18941,"2025-10-24",7,2,267.07,"Active"
18942,"2022-03-12",1329,1,52.34,"Churned"
18943,"2022-11-30",1066,4,447.47,"Churned"
18945,"2025-03-16",229,3,267.34,"Churned"
18946,"2021-12-09",1422,1,258.41,"Churned"
18947,"2024-09-26",400,2,480.43,"Churned"
18948,"2022-04-21",1289,1,86.99,"Churned"
18949,"2023-05-14",901,2,56.16,"Churned"
18950,"2023-08-16",807,3,248.44,"Churned"
18951,"2024-11-02",363,2,387.08,"Churned"
18952,"2023-10-26",736,1,624.10,"Churned"
18953,"2024-10-08",388,2,128.84,"Churned"
18954,"2021-12-15",1416,1,124.96,"Churned"
18955,"2024-09-04",422,3,391.86,"Churned"
18956,"2024-05-27",522,1,127.53,"Churned"
18957,"2023-03-19",957,3,881.74,"Churned"
18958,"2025-01-17",287,3,715.03,"Churned"
18959,"2022-10-10",1117,1,108.17,"Churned"
18960,"2025-05-14",170,5,678.93,"Churned"
18963,"2021-02-24",1710,1,6.03,"Churned"
18964,"2022-01-13",1387,2,155.50,"Churned"
18965,"2025-09-11",50,6,1015.69,"At Risk"
18966,"2025-10-24",7,1,70.43,"Active"
18967,"2025-06-16",137,3,107.60,"Churned"
18968,"2024-07-08",480,3,462.98,"Churned"
18969,"2025-08-31",61,3,494.81,"At Risk"
18970,"2020-07-20",1929,1,150.28,"Churned"
18971,"2024-04-21",558,2,57.22,"Churned"
18973,"2025-10-22",9,4,286.97,"Active"
18975,"2021-04-05",1670,1,66.01,"Churned"
18976,"2025-09-02",59,3,341.04,"At Risk"
18977,"2022-04-17",1293,2,88.93,"Churned"
18978,"2024-03-18",592,2,258.58,"Churned"
18979,"2024-04-30",549,4,403.30,"Churned"
18980,"2023-01-16",1019,1,133.87,"Churned"
18981,"2025-07-15",108,4,133.89,"Churned"
18982,"2022-08-07",1181,4,138.38,"Churned"
18983,"2025-09-01",60,6,678.68,"At Risk"
18984,"2025-01-29",275,3,100.03,"Churned"
18985,"2022-05-02",1278,2,363.98,"Churned"
18987,"2025-05-28",156,3,151.21,"Churned"
18989,"2025-07-21",102,1,109.71,"Churned"
18990,"2025-04-11",203,1,267.57,"Churned"
18991,"2024-06-03",515,3,274.70,"Churned"
18992,"2025-04-12",202,3,129.83,"Churned"
18993,"2023-07-09",845,2,237.00,"Churned"
18995,"2025-01-27",277,2,623.45,"Churned"
18996,"2025-07-16",107,2,34.57,"Churned"
18997,"2022-09-25",1132,2,151.18,"Churned"
18998,"2025-01-17",287,1,103.42,"Churned"
18999,"2025-07-11",112,3,517.47,"Churned"
19000,"2023-12-03",698,1,194.54,"Churned"
19001,"2024-10-08",388,1,169.11,"Churned"
19002,"2024-10-23",373,2,129.85,"Churned"
19003,"2023-05-22",893,2,254.39,"Churned"
19004,"2022-08-05",1183,1,142.26,"Churned"
19005,"2024-09-27",399,2,163.09,"Churned"
19006,"2024-09-27",399,3,396.00,"Churned"
19008,"2025-09-24",37,3,293.90,"At Risk"
19009,"2024-04-04",575,3,295.68,"Churned"
19011,"2021-12-03",1428,1,38.89,"Churned"
19012,"2024-05-13",536,1,5.37,"Churned"
19013,"2022-08-27",1161,4,299.94,"Churned"
19014,"2024-08-04",453,3,408.46,"Churned"
19016,"2020-08-04",1914,1,185.21,"Churned"
19017,"2022-08-30",1158,3,107.65,"Churned"
19018,"2025-09-24",37,1,69.59,"At Risk"
19019,"2022-02-03",1366,1,55.74,"Churned"
19021,"2024-11-22",343,4,522.15,"Churned"
19022,"2022-11-22",1074,1,61.38,"Churned"
19023,"2023-02-09",995,2,202.85,"Churned"
19024,"2025-01-28",276,1,32.51,"Churned"
19025,"2022-03-18",1323,3,474.42,"Churned"
19026,"2022-06-01",1248,2,665.29,"Churned"
19029,"2024-07-18",470,4,426.88,"Churned"
19030,"2025-04-07",207,4,356.90,"Churned"
19031,"2020-01-17",2114,1,98.46,"Churned"
19033,"2025-06-19",134,2,108.59,"Churned"
19034,"2022-06-10",1239,2,172.31,"Churned"
19036,"2024-05-14",535,2,107.99,"Churned"
19037,"2024-10-05",391,1,323.61,"Churned"
19038,"2022-03-20",1321,1,46.40,"Churned"
19039,"2023-12-31",670,2,266.91,"Churned"
19040,"2023-01-21",1014,1,115.57,"Churned"
19041,"2025-06-06",147,3,167.03,"Churned"
19042,"2022-08-30",1158,1,395.49,"Churned"
19043,"2024-05-19",530,2,647.07,"Churned"
19045,"2021-12-15",1416,1,17.02,"Churned"
19047,"2024-09-12",414,2,215.95,"Churned"
19048,"2024-12-07",328,2,63.05,"Churned"
19049,"2024-09-17",409,3,672.29,"Churned"
19050,"2023-03-01",975,2,245.47,"Churned"
19051,"2020-07-25",1924,1,64.37,"Churned"
19053,"2024-02-21",618,1,50.87,"Churned"
19054,"2024-08-08",449,2,245.22,"Churned"
19055,"2020-04-24",2016,1,30.02,"Churned"
19056,"2025-02-26",247,4,549.12,"Churned"
19058,"2025-08-18",74,2,98.99,"At Risk"
19059,"2022-01-30",1370,2,183.05,"Churned"
19060,"2025-01-25",279,1,135.34,"Churned"
19062,"2023-01-06",1029,1,165.64,"Churned"
19063,"2025-07-03",120,3,193.15,"Churned"
19064,"2024-04-03",576,3,378.32,"Churned"
19065,"2025-07-24",99,2,94.32,"Churned"
19066,"2022-01-16",1384,2,242.45,"Churned"
19067,"2020-03-05",2066,1,192.15,"Churned"
19068,"2021-05-09",1636,1,235.31,"Churned"
19069,"2021-09-14",1508,1,471.00,"Churned"
19070,"2025-03-24",221,1,28.73,"Churned"
19071,"2024-03-23",587,4,365.29,"Churned"
19072,"2023-01-08",1027,1,133.17,"Churned"
19074,"2022-07-04",1215,1,307.89,"Churned"
19075,"2022-09-30",1127,2,387.70,"Churned"
19076,"2024-11-18",347,3,386.93,"Churned"
19077,"2024-04-16",563,3,632.83,"Churned"
19079,"2025-08-10",82,2,204.18,"At Risk"
19080,"2024-01-10",660,1,27.47,"Churned"
19081,"2024-12-17",318,4,299.33,"Churned"
19082,"2022-03-17",1324,1,8.56,"Churned"
19083,"2020-01-04",2127,1,76.08,"Churned"
19085,"2025-01-07",297,2,423.37,"Churned"
19087,"2023-08-04",819,3,63.96,"Churned"
19088,"2021-12-12",1419,1,197.37,"Churned"
19089,"2022-03-18",1323,1,152.05,"Churned"
19091,"2022-08-31",1157,3,248.57,"Churned"
19092,"2025-06-10",143,2,485.77,"Churned"
19093,"2025-03-08",237,3,331.15,"Churned"
19094,"2023-09-02",790,1,27.91,"Churned"
19095,"2022-12-06",1060,1,338.51,"Churned"
19096,"2025-08-19",73,3,705.86,"At Risk"
19097,"2025-10-05",26,3,616.12,"Active"
19098,"2024-08-28",429,3,253.11,"Churned"
19100,"2023-05-24",891,3,1011.19,"Churned"
19102,"2025-08-26",66,2,146.21,"At Risk"
19103,"2022-10-25",1102,2,299.15,"Churned"
19104,"2024-06-28",490,2,306.75,"Churned"
19105,"2024-03-15",595,1,202.07,"Churned"
19106,"2025-09-15",46,1,26.85,"At Risk"
19107,"2024-08-18",439,2,46.75,"Churned"
19108,"2025-03-09",236,2,165.41,"Churned"
19109,"2021-03-17",1689,2,316.04,"Churned"
19110,"2025-01-25",279,2,90.84,"Churned"
19111,"2023-09-14",778,4,1046.10,"Churned"
19112,"2023-08-17",806,1,46.44,"Churned"
19113,"2020-12-25",1771,1,632.35,"Churned"
19116,"2025-06-14",139,1,34.29,"Churned"
19117,"2021-04-07",1668,2,384.63,"Churned"
19118,"2021-07-10",1574,1,728.08,"Churned"
19119,"2025-08-04",88,3,245.30,"At Risk"
19121,"2024-07-20",468,2,253.11,"Churned"
19122,"2025-02-21",252,2,395.90,"Churned"
19123,"2021-03-01",1705,2,218.51,"Churned"
19125,"2025-10-24",7,4,187.00,"Active"
19126,"2023-12-18",683,2,269.43,"Churned"
19127,"2020-06-24",1955,2,669.31,"Churned"
19130,"2022-05-23",1257,1,61.85,"Churned"
19131,"2023-05-22",893,1,233.05,"Churned"
19132,"2025-08-15",77,3,115.43,"At Risk"
19133,"2025-02-21",252,2,198.94,"Churned"
19135,"2024-06-10",508,2,484.68,"Churned"
19136,"2023-11-24",707,1,101.80,"Churned"
19137,"2024-03-27",583,1,29.99,"Churned"
19138,"2022-10-28",1099,2,140.35,"Churned"
19139,"2021-06-16",1598,1,133.95,"Churned"
19141,"2024-09-17",409,2,127.42,"Churned"
19142,"2024-04-03",576,2,274.68,"Churned"
19143,"2022-07-05",1214,2,363.10,"Churned"
19144,"2023-09-11",781,1,467.17,"Churned"
19145,"2022-07-18",1201,1,5.50,"Churned"
19146,"2023-10-12",750,1,17.33,"Churned"
19147,"2024-06-23",495,2,177.90,"Churned"
19148,"2024-10-27",369,2,282.50,"Churned"
19149,"2023-04-17",928,1,50.46,"Churned"
19150,"2025-10-22",9,3,671.10,"Active"
19151,"2025-01-01",303,4,830.53,"Churned"
19152,"2023-07-03",851,3,680.69,"Churned"
19153,"2022-04-08",1302,4,372.62,"Churned"
19156,"2020-02-23",2077,1,31.64,"Churned"
19157,"2025-09-23",38,2,409.81,"At Risk"
19158,"2025-05-25",159,2,156.67,"Churned"
19159,"2024-09-07",419,2,477.72,"Churned"
19160,"2023-07-31",823,4,970.32,"Churned"
19161,"2025-04-05",209,1,5.25,"Churned"
19162,"2025-09-23",38,1,682.02,"At Risk"
19163,"2021-02-06",1728,1,200.00,"Churned"
19164,"2023-12-27",674,4,371.00,"Churned"
19166,"2022-04-22",1288,1,94.97,"Churned"
19167,"2020-09-01",1886,1,60.49,"Churned"
19168,"2024-09-12",414,4,395.10,"Churned"
19169,"2021-10-01",1491,2,53.71,"Churned"
19170,"2025-04-30",184,1,139.25,"Churned"
19171,"2025-08-05",87,4,147.58,"At Risk"
19172,"2023-03-20",956,3,225.23,"Churned"
19174,"2024-03-24",586,1,97.41,"Churned"
19175,"2025-06-06",147,2,227.17,"Churned"
19176,"2023-10-20",742,2,350.36,"Churned"
19177,"2022-11-25",1071,2,48.02,"Churned"
19178,"2025-03-10",235,3,258.50,"Churned"
19179,"2021-02-28",1706,1,161.43,"Churned"
19180,"2023-04-10",935,2,152.58,"Churned"
19182,"2023-09-20",772,2,406.82,"Churned"
19183,"2025-01-15",289,1,80.61,"Churned"
19184,"2024-09-30",396,2,425.68,"Churned"
19185,"2024-10-09",387,5,444.67,"Churned"
19186,"2025-09-10",51,3,102.51,"At Risk"
19188,"2024-08-07",450,2,380.05,"Churned"
19190,"2024-05-06",543,1,396.14,"Churned"
19191,"2022-05-30",1250,2,199.37,"Churned"
19192,"2021-11-07",1454,3,204.42,"Churned"
19193,"2022-09-12",1145,1,189.96,"Churned"
19194,"2024-01-08",662,1,421.70,"Churned"
19195,"2024-12-11",324,2,502.23,"Churned"
19196,"2022-08-16",1172,2,257.19,"Churned"
19197,"2025-08-28",64,4,513.47,"At Risk"
19199,"2020-08-26",1892,1,224.91,"Churned"
19200,"2024-12-23",312,1,36.68,"Churned"
19201,"2024-05-17",532,2,133.45,"Churned"
19202,"2024-07-24",464,1,238.01,"Churned"
19203,"2024-06-08",510,2,401.25,"Churned"
19204,"2025-08-20",72,4,559.25,"At Risk"
19205,"2024-01-11",659,1,79.06,"Churned"
19206,"2025-01-22",282,2,147.71,"Churned"
19207,"2024-01-10",660,2,218.26,"Churned"
19208,"2025-01-12",292,1,187.52,"Churned"
19209,"2021-05-15",1630,2,340.66,"Churned"
19210,"2023-04-26",919,2,132.35,"Churned"
19211,"2021-04-09",1666,1,104.98,"Churned"
19212,"2021-02-13",1721,2,508.66,"Churned"
19214,"2023-05-04",911,1,417.88,"Churned"
19215,"2023-08-29",794,4,657.06,"Churned"
19216,"2025-05-31",153,1,92.94,"Churned"
19218,"2022-05-30",1250,1,10.55,"Churned"
19219,"2022-12-28",1038,3,725.38,"Churned"
19221,"2025-03-26",219,1,85.09,"Churned"
19222,"2025-04-07",207,3,1038.38,"Churned"
19223,"2024-10-27",369,4,537.51,"Churned"
19224,"2023-09-27",765,2,351.82,"Churned"
19225,"2024-11-11",354,2,103.95,"Churned"
19226,"2021-07-15",1569,1,36.78,"Churned"
19227,"2022-01-17",1383,1,75.93,"Churned"
19228,"2023-09-05",787,2,555.86,"Churned"
19229,"2024-08-01",456,3,310.44,"Churned"
19230,"2023-07-07",847,2,98.80,"Churned"
19231,"2022-02-20",1349,1,88.79,"Churned"
19232,"2024-02-04",635,4,340.82,"Churned"
19233,"2025-02-21",252,3,82.24,"Churned"
19235,"2024-03-03",607,2,245.04,"Churned"
19236,"2023-01-15",1020,1,117.89,"Churned"
19237,"2024-11-09",356,3,399.28,"Churned"
19238,"2025-05-11",173,1,164.83,"Churned"
19239,"2021-09-11",1511,1,272.09,"Churned"
19240,"2023-12-03",698,2,447.76,"Churned"
19241,"2022-08-24",1164,2,599.65,"Churned"
19242,"2024-11-10",355,2,157.08,"Churned"
19243,"2022-09-25",1132,1,816.48,"Churned"
19244,"2024-08-29",428,2,335.59,"Churned"
19245,"2025-07-03",120,1,152.59,"Churned"
19246,"2025-08-20",72,1,181.53,"At Risk"
19247,"2025-09-20",41,3,296.34,"At Risk"
19248,"2025-01-16",288,1,388.79,"Churned"
19249,"2025-10-07",24,2,660.31,"Active"
19250,"2025-03-11",234,1,55.59,"Churned"
19251,"2024-02-25",614,1,164.16,"Churned"
19252,"2020-10-22",1835,1,143.27,"Churned"
19253,"2024-07-21",467,2,306.94,"Churned"
19254,"2025-02-20",253,2,122.39,"Churned"
19255,"2021-05-01",1644,1,310.94,"Churned"
19256,"2022-02-13",1356,3,45.34,"Churned"
19258,"2023-04-14",931,2,435.11,"Churned"
19259,"2023-08-16",807,3,479.53,"Churned"
19260,"2025-09-16",45,1,4.86,"At Risk"
19262,"2023-06-03",881,2,176.23,"Churned"
19263,"2025-05-04",180,1,214.50,"Churned"
19264,"2024-04-25",554,2,239.04,"Churned"
19265,"2025-09-16",45,1,12.34,"At Risk"
19267,"2025-10-29",2,3,245.83,"Active"
19268,"2022-03-29",1312,1,73.70,"Churned"
19269,"2022-05-29",1251,1,108.98,"Churned"
19270,"2025-01-23",281,2,234.08,"Churned"
19271,"2022-10-25",1102,2,169.30,"Churned"
19272,"2022-10-27",1100,3,527.30,"Churned"
19273,"2025-04-18",196,1,116.09,"Churned"
19275,"2025-09-10",51,7,1202.36,"At Risk"
19276,"2020-05-23",1987,1,211.50,"Churned"
19277,"2024-04-14",565,4,296.60,"Churned"
19278,"2025-03-06",239,3,399.43,"Churned"
19280,"2021-11-29",1432,1,233.31,"Churned"
19282,"2025-01-29",275,2,287.85,"Churned"
19284,"2021-01-12",1753,1,87.97,"Churned"
19288,"2022-10-26",1101,2,156.90,"Churned"
19289,"2021-01-04",1761,1,609.85,"Churned"
19291,"2024-10-06",390,2,83.12,"Churned"
19292,"2023-10-04",758,1,16.87,"Churned"
19293,"2023-11-19",712,3,703.16,"Churned"
19294,"2024-10-14",382,2,32.91,"Churned"
19295,"2025-01-30",274,2,159.67,"Churned"
19296,"2021-07-21",1563,1,50.79,"Churned"
19298,"2025-04-14",200,3,586.86,"Churned"
19300,"2022-03-12",1329,1,15.62,"Churned"
19301,"2025-08-05",87,2,178.68,"At Risk"
19302,"2022-11-24",1072,1,35.76,"Churned"
19303,"2023-04-07",938,1,353.31,"Churned"
19304,"2022-11-12",1084,1,87.33,"Churned"
19309,"2025-06-05",148,1,9.99,"Churned"
19311,"2024-02-07",632,4,930.16,"Churned"
19313,"2024-06-24",494,1,53.49,"Churned"
19314,"2025-05-07",177,1,42.52,"Churned"
19316,"2024-01-12",658,3,105.71,"Churned"
19319,"2022-07-06",1213,3,392.36,"Churned"
19321,"2023-11-08",723,2,413.61,"Churned"
19322,"2021-03-03",1703,1,130.68,"Churned"
19323,"2025-04-13",201,2,249.36,"Churned"
19324,"2020-02-05",2095,1,68.61,"Churned"
19325,"2023-10-23",739,1,33.34,"Churned"
19326,"2024-06-29",489,1,16.02,"Churned"
19327,"2022-12-26",1040,1,92.92,"Churned"
19328,"2022-11-26",1070,2,21.55,"Churned"
19329,"2025-02-12",261,1,257.93,"Churned"
19330,"2023-03-16",960,1,96.59,"Churned"
19332,"2025-03-01",244,2,301.14,"Churned"
19334,"2025-01-07",297,2,198.16,"Churned"
19335,"2023-03-30",946,2,231.45,"Churned"
19336,"2024-08-09",448,2,429.99,"Churned"
19337,"2023-07-15",839,6,728.08,"Churned"
19338,"2021-07-02",1582,1,94.68,"Churned"
19339,"2020-01-26",2105,1,64.53,"Churned"
19341,"2025-06-25",128,5,836.66,"Churned"
19343,"2025-02-20",253,2,382.57,"Churned"
19344,"2025-09-09",52,1,132.44,"At Risk"
19345,"2022-07-23",1196,2,105.11,"Churned"
19346,"2024-05-01",548,6,374.70,"Churned"
19347,"2021-12-23",1408,2,464.45,"Churned"
19348,"2023-08-12",811,3,653.00,"Churned"
19349,"2022-01-16",1384,2,228.94,"Churned"
19350,"2022-04-27",1283,1,59.42,"Churned"
19351,"2021-02-10",1724,1,15.98,"Churned"
19352,"2020-09-15",1872,2,134.51,"Churned"
19353,"2025-10-17",14,1,38.32,"Active"
19354,"2025-09-18",43,1,75.87,"At Risk"
19355,"2025-01-31",273,2,602.27,"Churned"
19356,"2022-09-08",1149,2,181.71,"Churned"
19357,"2025-09-25",36,1,50.23,"At Risk"
19358,"2024-05-24",525,2,51.18,"Churned"
19359,"2025-03-02",243,3,164.05,"Churned"
19360,"2024-12-24",311,2,142.14,"Churned"
19362,"2023-01-11",1024,5,343.85,"Churned"
19363,"2025-05-23",161,3,538.33,"Churned"
19364,"2025-08-31",61,3,1086.18,"At Risk"
19365,"2020-10-24",1833,2,319.12,"Churned"
19366,"2020-07-10",1939,1,131.16,"Churned"
19368,"2025-04-25",189,3,270.33,"Churned"
19369,"2022-10-01",1126,2,229.40,"Churned"
19370,"2020-11-07",1819,1,50.33,"Churned"
19372,"2023-04-20",925,4,630.33,"Churned"
19373,"2025-05-20",164,3,240.66,"Churned"
19374,"2024-01-05",665,1,402.71,"Churned"
19375,"2022-05-31",1249,2,368.06,"Churned"
19376,"2021-02-25",1709,1,107.40,"Churned"
19378,"2025-02-09",264,3,209.21,"Churned"
19379,"2023-02-04",1000,4,313.36,"Churned"
19380,"2023-06-09",875,2,109.65,"Churned"
19381,"2020-07-25",1924,1,14.69,"Churned"
19382,"2021-04-10",1665,1,72.65,"Churned"
19383,"2023-08-08",815,2,236.98,"Churned"
19385,"2024-05-04",545,1,27.13,"Churned"
19387,"2025-06-13",140,2,245.08,"Churned"
19388,"2022-02-26",1343,3,380.16,"Churned"
19389,"2022-07-22",1197,1,208.78,"Churned"
19390,"2022-09-23",1134,1,478.50,"Churned"
19393,"2025-05-09",175,1,9.26,"Churned"
19394,"2023-04-09",936,3,381.96,"Churned"
19395,"2025-08-28",64,2,233.91,"At Risk"
19396,"2025-08-17",75,4,556.48,"At Risk"
19397,"2022-08-10",1178,1,146.65,"Churned"
19398,"2023-06-22",862,3,966.37,"Churned"
19399,"2024-08-01",456,3,393.59,"Churned"
19401,"2020-11-14",1812,2,759.84,"Churned"
19403,"2024-06-11",507,1,169.45,"Churned"
19405,"2022-12-29",1037,1,98.44,"Churned"
19407,"2025-02-08",265,2,205.34,"Churned"
19408,"2023-05-17",898,2,136.67,"Churned"
19409,"2024-01-05",665,3,138.33,"Churned"
19412,"2021-07-11",1573,1,312.54,"Churned"
19413,"2020-09-02",1885,2,556.24,"Churned"
19414,"2025-09-09",52,1,177.76,"At Risk"
19415,"2025-04-04",210,4,918.19,"Churned"
19416,"2025-02-05",268,2,409.73,"Churned"
19417,"2020-07-17",1932,1,161.75,"Churned"
19418,"2020-02-09",2091,1,422.94,"Churned"
19419,"2025-02-20",253,2,606.43,"Churned"
19420,"2020-10-21",1836,1,77.30,"Churned"
19422,"2024-11-07",358,1,30.27,"Churned"
19423,"2025-01-21",283,3,294.45,"Churned"
19424,"2025-01-17",287,1,148.49,"Churned"
19425,"2025-08-31",61,3,619.83,"At Risk"
19426,"2020-03-10",2061,1,154.14,"Churned"
19427,"2024-10-01",395,6,968.18,"Churned"
19428,"2023-01-10",1025,3,249.11,"Churned"
19429,"2025-08-27",65,3,147.65,"At Risk"
19430,"2023-11-01",730,1,199.64,"Churned"
19431,"2025-03-04",241,1,26.21,"Churned"
19432,"2023-09-10",782,1,105.41,"Churned"
19433,"2024-10-09",387,3,339.41,"Churned"
19434,"2025-04-18",196,3,295.23,"Churned"
19435,"2024-02-22",617,3,325.07,"Churned"
19436,"2023-02-05",999,1,579.72,"Churned"
19437,"2023-01-07",1028,1,20.11,"Churned"
19444,"2024-05-01",548,2,226.09,"Churned"
19445,"2025-07-29",94,4,440.86,"Churned"
19446,"2024-10-24",372,3,192.42,"Churned"
19447,"2020-05-06",2004,1,175.56,"Churned"
19449,"2025-08-02",90,2,83.01,"At Risk"
19450,"2021-12-27",1404,1,899.26,"Churned"
19452,"2025-06-18",135,1,70.18,"Churned"
19453,"2023-02-08",996,1,82.92,"Churned"
19454,"2024-12-05",330,1,63.87,"Churned"
19458,"2024-04-29",550,3,129.31,"Churned"
19459,"2024-06-11",507,2,124.26,"Churned"
19460,"2021-09-16",1506,2,56.66,"Churned"
19461,"2023-12-24",677,1,8.85,"Churned"
19462,"2024-12-09",326,1,316.72,"Churned"
19463,"2024-10-07",389,1,65.88,"Churned"
19464,"2020-03-28",2043,1,16.28,"Churned"
19466,"2024-07-16",472,1,72.80,"Churned"
19467,"2025-08-13",79,2,184.61,"At Risk"
19468,"2022-01-13",1387,2,213.87,"Churned"
19469,"2025-07-21",102,3,316.64,"Churned"
19470,"2025-03-15",230,1,18.52,"Churned"
19471,"2023-04-21",924,1,221.55,"Churned"
19472,"2023-02-02",1002,1,41.79,"Churned"
19474,"2021-01-08",1757,2,119.79,"Churned"
19475,"2023-12-10",691,2,538.62,"Churned"
19477,"2025-02-07",266,1,142.60,"Churned"
19478,"2023-05-22",893,3,570.44,"Churned"
19480,"2025-04-27",187,2,117.91,"Churned"
19481,"2025-03-17",228,2,190.51,"Churned"
19482,"2024-09-06",420,1,71.53,"Churned"
19483,"2022-12-16",1050,2,204.89,"Churned"
19484,"2025-09-09",52,4,309.49,"At Risk"
19486,"2024-09-08",418,1,48.07,"Churned"
19487,"2023-02-17",987,2,829.27,"Churned"
19489,"2024-08-18",439,1,489.98,"Churned"
19491,"2022-07-07",1212,2,156.22,"Churned"
19492,"2025-10-17",14,4,516.65,"Active"
19493,"2023-12-29",672,1,184.00,"Churned"
19494,"2024-03-05",605,7,1298.52,"Churned"
19495,"2024-12-31",304,3,329.65,"Churned"
19496,"2025-05-19",165,3,244.32,"Churned"
19497,"2024-07-15",473,1,463.94,"Churned"
19498,"2020-12-21",1775,1,24.47,"Churned"
19499,"2020-02-20",2080,1,59.29,"Churned"
19500,"2023-11-16",715,2,148.71,"Churned"
19501,"2021-06-30",1584,1,13.55,"Churned"
19503,"2023-01-27",1008,3,134.87,"Churned"
19504,"2023-05-09",906,2,98.49,"Churned"
19505,"2021-12-04",1427,1,119.38,"Churned"
19507,"2023-08-29",794,3,369.38,"Churned"
19508,"2023-08-02",821,2,151.24,"Churned"
19509,"2022-11-26",1070,2,42.68,"Churned"
19511,"2020-05-06",2004,1,56.57,"Churned"
19512,"2025-03-11",234,4,633.50,"Churned"
19514,"2024-02-04",635,3,166.78,"Churned"
19515,"2024-09-29",397,2,115.06,"Churned"
19516,"2025-04-27",187,3,167.38,"Churned"
19517,"2021-01-20",1745,2,241.33,"Churned"
19518,"2024-11-25",340,1,29.12,"Churned"
19519,"2020-10-02",1855,1,272.14,"Churned"
19520,"2023-12-18",683,2,127.17,"Churned"
19521,"2025-04-13",201,1,86.41,"Churned"
19523,"2024-06-01",517,2,134.65,"Churned"
19524,"2020-11-21",1805,1,53.96,"Churned"
19525,"2022-11-22",1074,2,13.65,"Churned"
19526,"2022-04-01",1309,2,553.45,"Churned"
19527,"2025-07-21",102,4,406.79,"Churned"
19528,"2025-10-28",3,4,435.64,"Active"
19529,"2022-05-09",1271,2,365.95,"Churned"
19530,"2025-09-04",57,2,217.74,"At Risk"
19531,"2024-05-02",547,3,141.93,"Churned"
19532,"2025-04-15",199,3,316.68,"Churned"
19533,"2023-12-17",684,2,61.91,"Churned"
19534,"2024-12-18",317,3,691.09,"Churned"
19535,"2022-10-17",1110,4,851.56,"Churned"
19536,"2023-10-28",734,1,17.48,"Churned"
19537,"2020-07-26",1923,1,94.37,"Churned"
19538,"2024-05-04",545,4,267.97,"Churned"
19539,"2025-02-23",250,2,109.41,"Churned"
19540,"2022-10-29",1098,1,442.59,"Churned"
19541,"2023-06-16",868,1,14.73,"Churned"
19542,"2020-02-16",2084,1,15.33,"Churned"
19543,"2024-08-12",445,4,548.94,"Churned"
19544,"2020-06-13",1966,1,176.50,"Churned"
19545,"2025-02-14",259,1,10.67,"Churned"
19546,"2023-11-23",708,2,260.99,"Churned"
19547,"2023-12-03",698,2,139.72,"Churned"
19548,"2023-11-14",717,2,77.59,"Churned"
19549,"2025-02-21",252,1,231.04,"Churned"
19550,"2025-04-22",192,4,406.61,"Churned"
19551,"2022-07-11",1208,3,357.48,"Churned"
19552,"2022-08-22",1166,3,289.53,"Churned"
19553,"2023-08-17",806,1,1116.86,"Churned"
19555,"2025-05-08",176,3,972.27,"Churned"
19556,"2024-01-25",645,2,188.81,"Churned"
19557,"2025-08-27",65,2,495.34,"At Risk"
19558,"2025-08-20",72,3,253.75,"At Risk"
19559,"2025-08-05",87,3,243.86,"At Risk"
19561,"2021-11-21",1440,1,39.88,"Churned"
19562,"2023-07-18",836,3,116.61,"Churned"
19563,"2024-09-25",401,1,71.58,"Churned"
19564,"2021-01-19",1746,2,688.11,"Churned"
19565,"2021-08-18",1535,1,38.66,"Churned"
19566,"2025-05-06",178,2,407.66,"Churned"
19567,"2024-05-20",529,2,115.04,"Churned"
19568,"2025-06-09",144,4,1395.72,"Churned"
19569,"2024-12-09",326,1,8.45,"Churned"
19570,"2020-01-21",2110,1,32.51,"Churned"
19571,"2025-03-10",235,1,49.13,"Churned"
19574,"2021-05-04",1641,1,231.17,"Churned"
19575,"2024-12-05",330,2,246.61,"Churned"
19576,"2022-02-22",1347,2,146.29,"Churned"
19577,"2023-04-16",929,2,665.84,"Churned"
19578,"2023-07-09",845,3,211.33,"Churned"
19579,"2025-03-02",243,5,485.50,"Churned"
19580,"2025-08-22",70,1,224.35,"At Risk"
19581,"2023-11-23",708,4,727.55,"Churned"
19582,"2025-01-23",281,2,274.33,"Churned"
19583,"2025-07-26",97,1,56.01,"Churned"
19584,"2023-10-08",754,1,82.70,"Churned"
19585,"2020-02-06",2094,1,426.28,"Churned"
19586,"2025-08-02",90,4,512.83,"At Risk"
19588,"2023-04-19",926,2,448.48,"Churned"
19589,"2021-08-12",1541,1,84.54,"Churned"
19590,"2022-09-08",1149,2,430.40,"Churned"
19591,"2024-11-05",360,2,568.31,"Churned"
19592,"2024-01-18",652,2,131.46,"Churned"
19593,"2022-09-09",1148,2,119.92,"Churned"
19595,"2021-12-19",1412,2,332.25,"Churned"
19597,"2025-10-18",13,3,688.24,"Active"
19598,"2020-11-26",1800,1,67.78,"Churned"
19599,"2025-01-01",303,3,270.28,"Churned"
19600,"2021-06-18",1596,1,23.23,"Churned"
19601,"2025-07-02",121,2,68.87,"Churned"
19602,"2024-12-18",317,5,381.24,"Churned"
19603,"2025-08-28",64,2,68.36,"At Risk"
19605,"2025-02-08",265,4,448.53,"Churned"
19606,"2022-04-13",1297,1,592.90,"Churned"
19607,"2025-01-08",296,3,137.68,"Churned"
19609,"2022-07-25",1194,1,159.23,"Churned"
19611,"2024-02-05",634,4,487.13,"Churned"
19613,"2022-04-22",1288,1,10.91,"Churned"
19614,"2024-09-04",422,2,317.94,"Churned"
19615,"2025-01-10",294,3,328.02,"Churned"
19616,"2025-05-21",163,3,321.12,"Churned"
19619,"2024-02-20",619,2,256.84,"Churned"
19620,"2020-04-06",2034,1,396.48,"Churned"
19621,"2020-05-28",1982,1,23.38,"Churned"
19622,"2025-06-13",140,2,97.25,"Churned"
19623,"2024-08-29",428,1,110.22,"Churned"
19624,"2024-10-07",389,1,141.27,"Churned"
19625,"2024-10-02",394,4,697.76,"Churned"
19626,"2025-04-25",189,2,142.74,"Churned"
19627,"2025-04-06",208,2,77.90,"Churned"
19628,"2025-09-01",60,2,72.36,"At Risk"
19629,"2022-01-15",1385,2,226.35,"Churned"
19630,"2024-12-27",308,3,332.60,"Churned"
19633,"2024-06-29",489,1,119.95,"Churned"
19634,"2021-08-23",1530,1,37.51,"Churned"
19635,"2025-10-14",17,3,203.56,"Active"
19636,"2024-04-17",562,1,243.10,"Churned"
19637,"2020-05-11",1999,1,299.50,"Churned"
19638,"2022-05-24",1256,3,223.11,"Churned"
19639,"2024-07-31",457,3,379.48,"Churned"
19640,"2022-10-02",1125,2,268.98,"Churned"
19641,"2024-06-20",498,4,518.55,"Churned"
19643,"2025-10-04",27,4,1234.32,"Active"
19644,"2022-10-11",1116,1,140.30,"Churned"
19645,"2025-03-22",223,3,422.97,"Churned"
19646,"2024-12-14",321,3,646.24,"Churned"
19647,"2022-02-02",1367,1,17.51,"Churned"
19649,"2025-02-06",267,3,265.28,"Churned"
19650,"2021-08-16",1537,3,616.64,"Churned"
19651,"2022-08-15",1173,2,247.90,"Churned"
19652,"2025-08-02",90,2,174.81,"At Risk"
19653,"2025-08-10",82,4,351.32,"At Risk"
19654,"2025-02-26",247,2,380.37,"Churned"
19655,"2021-12-19",1412,2,282.51,"Churned"
19657,"2025-08-23",69,3,248.23,"At Risk"
19658,"2025-08-20",72,2,119.65,"At Risk"
19659,"2023-10-08",754,2,616.82,"Churned"
19660,"2024-05-10",539,2,251.30,"Churned"
19661,"2025-07-11",112,2,299.04,"Churned"
19663,"2023-10-08",754,4,323.79,"Churned"
19664,"2024-05-15",534,3,200.31,"Churned"
19666,"2024-05-09",540,2,207.77,"Churned"
19667,"2025-04-23",191,5,257.41,"Churned"
19668,"2024-04-22",557,1,98.90,"Churned"
19669,"2023-06-18",866,3,132.70,"Churned"
19670,"2023-03-15",961,1,132.89,"Churned"
19671,"2023-01-29",1006,3,470.18,"Churned"
19672,"2021-04-08",1667,2,112.37,"Churned"
19673,"2024-11-01",364,2,179.21,"Churned"
19674,"2021-10-04",1488,3,1037.66,"Churned"
19675,"2025-01-17",287,2,28.21,"Churned"
19676,"2025-10-29",2,3,274.12,"Active"
19677,"2024-09-16",410,1,40.68,"Churned"
19678,"2024-12-02",333,3,549.07,"Churned"
19679,"2023-12-20",681,3,286.98,"Churned"
19680,"2024-09-18",408,5,453.63,"Churned"
19681,"2022-01-06",1394,1,518.01,"Churned"
19683,"2024-09-15",411,3,576.71,"Churned"
19684,"2022-11-16",1080,3,1929.44,"Churned"
19685,"2023-08-29",794,1,133.36,"Churned"
19686,"2022-03-02",1339,3,142.19,"Churned"
19687,"2021-10-26",1466,1,30.91,"Churned"
19688,"2024-04-05",574,3,247.40,"Churned"
19690,"2025-06-24",129,5,869.32,"Churned"
19692,"2025-09-20",41,1,132.42,"At Risk"
19693,"2021-05-19",1626,1,81.98,"Churned"
19695,"2025-10-28",3,3,263.02,"Active"
19696,"2021-10-31",1461,3,347.58,"Churned"
19698,"2023-01-26",1009,1,160.53,"Churned"
19702,"2025-01-27",277,2,90.24,"Churned"
19703,"2021-07-26",1558,1,52.33,"Churned"
19704,"2022-12-19",1047,1,253.16,"Churned"
19706,"2025-01-23",281,2,71.66,"Churned"
19707,"2021-03-31",1675,1,7.41,"Churned"
19708,"2025-06-23",130,3,485.24,"Churned"
19709,"2022-12-24",1042,3,524.80,"Churned"
19710,"2022-07-31",1188,1,73.50,"Churned"
19711,"2023-12-31",670,5,653.59,"Churned"
19713,"2020-09-27",1860,1,49.28,"Churned"
19714,"2024-10-24",372,2,368.66,"Churned"
19715,"2024-12-10",325,3,353.80,"Churned"
19716,"2023-10-17",745,1,137.81,"Churned"
19717,"2022-12-22",1044,5,413.25,"Churned"
19718,"2020-05-13",1997,1,11.02,"Churned"
19721,"2023-04-20",925,2,356.92,"Churned"
19722,"2024-08-26",431,1,153.22,"Churned"
19725,"2020-10-21",1836,2,152.43,"Churned"
19726,"2024-01-15",655,2,527.62,"Churned"
19727,"2025-03-06",239,2,147.84,"Churned"
19728,"2022-07-14",1205,2,120.26,"Churned"
19730,"2025-01-27",277,1,176.85,"Churned"
19731,"2025-07-01",122,3,495.81,"Churned"
19733,"2024-11-09",356,2,178.63,"Churned"
19734,"2024-04-17",562,3,526.11,"Churned"
19735,"2024-12-24",311,1,136.85,"Churned"
19738,"2024-03-13",597,1,80.02,"Churned"
19739,"2023-03-03",973,2,174.97,"Churned"
19740,"2022-01-15",1385,2,293.05,"Churned"
19741,"2025-05-06",178,1,34.81,"Churned"
19742,"2024-10-20",376,2,439.35,"Churned"
19743,"2025-07-12",111,4,1097.15,"Churned"
19744,"2025-06-06",147,5,535.25,"Churned"
19745,"2023-03-12",964,3,230.92,"Churned"
19746,"2025-05-20",164,1,83.67,"Churned"
19747,"2022-02-17",1352,2,337.49,"Churned"
19748,"2024-02-06",633,1,58.88,"Churned"
19749,"2025-08-19",73,3,330.26,"At Risk"
19750,"2025-05-17",167,4,145.75,"Churned"
19751,"2025-08-11",81,3,736.40,"At Risk"
19752,"2023-05-15",900,1,163.36,"Churned"
19753,"2022-09-03",1154,2,89.23,"Churned"
19754,"2020-11-01",1825,1,13.71,"Churned"
19755,"2023-03-25",951,3,417.37,"Churned"
19757,"2020-08-05",1913,2,399.37,"Churned"
19758,"2022-11-06",1090,1,228.49,"Churned"
19759,"2024-12-26",309,3,568.15,"Churned"
19760,"2021-08-23",1530,1,511.74,"Churned"
19761,"2024-11-15",350,1,55.02,"Churned"
19763,"2020-06-13",1966,1,101.30,"Churned"
19766,"2023-05-04",911,1,662.78,"Churned"
19767,"2025-03-05",240,4,402.80,"Churned"
19768,"2022-10-08",1119,4,366.82,"Churned"
19769,"2021-03-25",1681,2,410.36,"Churned"
19770,"2024-12-30",305,5,266.43,"Churned"
19771,"2023-08-31",792,3,883.08,"Churned"
19772,"2025-10-04",27,2,699.09,"Active"
19773,"2023-02-19",985,1,29.17,"Churned"
19774,"2020-07-21",1928,1,36.98,"Churned"
19775,"2024-06-30",488,3,385.77,"Churned"
19776,"2024-08-14",443,3,123.54,"Churned"
19777,"2024-07-14",474,3,336.86,"Churned"
19778,"2024-10-03",393,1,174.66,"Churned"
19779,"2023-12-14",687,1,73.34,"Churned"
19780,"2025-06-21",132,1,10.21,"Churned"
19781,"2024-12-13",322,2,367.61,"Churned"
19782,"2025-05-18",166,3,583.16,"Churned"
19783,"2025-02-18",255,3,1384.92,"Churned"
19785,"2024-11-23",342,6,925.47,"Churned"
19786,"2025-08-14",78,6,1534.76,"At Risk"
19787,"2021-02-01",1733,1,104.25,"Churned"
19788,"2023-11-28",703,4,380.89,"Churned"
19789,"2021-07-31",1553,3,364.92,"Churned"
19790,"2025-03-26",219,1,259.55,"Churned"
19791,"2024-08-02",455,3,289.04,"Churned"
19792,"2021-07-08",1576,2,164.33,"Churned"
19793,"2025-07-22",101,2,297.06,"Churned"
19795,"2024-01-04",666,2,591.89,"Churned"
19796,"2021-05-02",1643,2,79.39,"Churned"
19797,"2020-07-28",1921,1,97.95,"Churned"
19799,"2021-01-01",1764,2,82.52,"Churned"
19800,"2022-02-07",1362,2,590.19,"Churned"
19802,"2024-01-28",642,1,64.58,"Churned"
19803,"2024-12-21",314,2,48.31,"Churned"
19804,"2024-10-13",383,2,28.89,"Churned"
19805,"2023-04-08",937,3,245.51,"Churned"
19806,"2025-08-01",91,2,288.25,"Churned"
19807,"2025-06-12",141,3,280.60,"Churned"
19808,"2023-07-18",836,1,8.66,"Churned"
19809,"2024-06-13",505,2,181.38,"Churned"
19810,"2021-02-13",1721,2,114.65,"Churned"
19811,"2022-12-20",1046,3,468.36,"Churned"
19813,"2025-07-19",104,4,594.53,"Churned"
19814,"2024-03-01",609,5,304.49,"Churned"
19815,"2025-05-12",172,1,122.42,"Churned"
19816,"2023-10-17",745,2,257.73,"Churned"
19817,"2025-09-16",45,3,576.94,"At Risk"
19818,"2025-05-17",167,4,455.60,"Churned"
19819,"2025-09-13",48,3,392.88,"At Risk"
19820,"2023-08-11",812,3,386.38,"Churned"
19821,"2020-10-16",1841,1,59.24,"Churned"
19822,"2025-01-08",296,2,282.85,"Churned"
19823,"2022-08-31",1157,1,85.31,"Churned"
19824,"2021-11-14",1447,2,346.67,"Churned"
19825,"2024-06-09",509,4,278.18,"Churned"
19827,"2022-01-25",1375,3,1070.44,"Churned"
19828,"2021-10-11",1481,1,97.36,"Churned"
19829,"2023-06-29",855,4,264.88,"Churned"
19830,"2025-06-04",149,2,113.22,"Churned"
19832,"2025-07-30",93,5,540.00,"Churned"
19833,"2022-05-24",1256,2,177.06,"Churned"
19835,"2024-10-26",370,1,24.91,"Churned"
19837,"2024-06-21",497,2,207.87,"Churned"
19838,"2025-09-09",52,4,588.23,"At Risk"
19839,"2023-08-15",808,1,29.22,"Churned"
19840,"2020-09-20",1867,1,9.79,"Churned"
19841,"2021-09-26",1496,1,324.96,"Churned"
19842,"2020-10-30",1827,1,73.27,"Churned"
19843,"2021-08-23",1530,1,245.46,"Churned"
19846,"2020-07-21",1928,1,69.65,"Churned"
19847,"2025-07-01",122,3,301.91,"Churned"
19850,"2023-03-25",951,2,243.52,"Churned"
19851,"2022-07-13",1206,1,310.45,"Churned"
19854,"2024-03-31",579,3,328.68,"Churned"
19855,"2020-01-02",2129,1,233.97,"Churned"
19856,"2023-10-16",746,1,110.88,"Churned"
19857,"2024-10-05",391,1,122.74,"Churned"
19858,"2024-03-18",592,1,242.12,"Churned"
19859,"2023-12-23",678,1,310.86,"Churned"
19860,"2022-02-08",1361,1,42.42,"Churned"
19862,"2025-01-07",297,3,224.54,"Churned"
19863,"2025-05-28",156,1,52.16,"Churned"
19865,"2025-04-20",194,4,365.43,"Churned"
19866,"2025-05-12",172,3,322.40,"Churned"
19867,"2020-02-05",2095,1,79.32,"Churned"
19868,"2024-07-03",485,4,604.01,"Churned"
19870,"2022-01-04",1396,2,86.82,"Churned"
19871,"2021-12-27",1404,2,629.22,"Churned"
19872,"2021-06-04",1610,1,5.91,"Churned"
19873,"2025-04-23",191,4,656.60,"Churned"
19874,"2024-07-23",465,5,457.85,"Churned"
19875,"2024-11-01",364,1,18.39,"Churned"
19876,"2024-08-28",429,4,669.01,"Churned"
19877,"2020-05-25",1985,1,8.07,"Churned"
19878,"2024-08-16",441,3,163.17,"Churned"
19879,"2023-05-05",910,2,135.61,"Churned"
19880,"2024-05-28",521,2,340.02,"Churned"
19881,"2024-08-12",445,2,72.05,"Churned"
19882,"2025-01-24",280,3,828.84,"Churned"
19883,"2023-04-05",940,2,183.35,"Churned"
19885,"2020-10-04",1853,1,21.85,"Churned"
19886,"2023-05-12",903,2,148.11,"Churned"
19887,"2024-10-07",389,1,207.00,"Churned"
19888,"2025-07-21",102,1,29.22,"Churned"
19889,"2023-03-30",946,1,238.57,"Churned"
19890,"2021-07-17",1567,4,533.86,"Churned"
19891,"2025-10-23",8,4,385.35,"Active"
19897,"2025-02-07",266,2,170.49,"Churned"
19898,"2024-06-20",498,2,101.06,"Churned"
19899,"2025-06-01",152,1,49.57,"Churned"
19900,"2020-11-15",1811,1,63.41,"Churned"
19902,"2025-02-26",247,1,187.74,"Churned"
19903,"2024-10-15",381,2,331.08,"Churned"
19905,"2025-05-18",166,2,511.86,"Churned"
19906,"2020-10-31",1826,1,440.91,"Churned"
19907,"2025-10-04",27,2,257.78,"Active"
19908,"2021-04-17",1658,1,79.83,"Churned"
19909,"2022-11-26",1070,2,661.85,"Churned"
19910,"2025-10-22",9,1,121.74,"Active"
19911,"2023-06-16",868,1,183.92,"Churned"
19912,"2024-05-15",534,1,12.26,"Churned"
19913,"2024-11-18",347,2,320.65,"Churned"
19914,"2025-09-19",42,4,635.70,"At Risk"
19915,"2022-02-04",1365,1,25.94,"Churned"
19916,"2025-06-27",126,2,380.81,"Churned"
19920,"2024-07-29",459,3,293.47,"Churned"
19921,"2022-11-04",1092,3,325.23,"Churned"
19923,"2021-09-26",1496,1,5.37,"Churned"
19924,"2024-07-14",474,2,386.35,"Churned"
19926,"2025-09-11",50,4,363.82,"At Risk"
19927,"2025-01-08",296,3,470.40,"Churned"
19928,"2025-07-12",111,4,468.19,"Churned"
19929,"2024-11-30",335,5,1395.10,"Churned"
19931,"2023-07-17",837,2,351.63,"Churned"
19932,"2020-08-29",1889,1,69.19,"Churned"
19933,"2023-02-14",990,1,159.84,"Churned"
19935,"2023-03-02",974,1,272.76,"Churned"
19936,"2023-02-16",988,2,250.67,"Churned"
19938,"2022-08-28",1160,1,53.88,"Churned"
19939,"2023-06-06",878,1,69.63,"Churned"
19940,"2024-09-25",401,2,104.70,"Churned"
19941,"2022-05-08",1272,1,159.77,"Churned"
19942,"2024-06-17",501,4,574.09,"Churned"
19944,"2024-04-14",565,2,59.05,"Churned"
19945,"2020-12-11",1785,1,182.40,"Churned"
19946,"2022-09-27",1130,1,194.09,"Churned"
19947,"2023-11-17",714,1,89.04,"Churned"
19948,"2020-02-01",2099,2,269.29,"Churned"
19949,"2025-05-12",172,3,333.38,"Churned"
19951,"2023-12-31",670,2,151.98,"Churned"
19952,"2025-01-16",288,4,446.86,"Churned"
19953,"2024-05-26",523,2,246.36,"Churned"
19954,"2021-12-19",1412,1,192.09,"Churned"
19955,"2024-07-25",463,1,132.57,"Churned"
19957,"2024-02-21",618,1,22.27,"Churned"
19958,"2022-03-20",1321,1,144.48,"Churned"
19960,"2020-09-22",1865,1,195.00,"Churned"
19961,"2025-05-25",159,2,145.55,"Churned"
19963,"2024-03-17",593,4,529.57,"Churned"
19964,"2022-09-20",1137,2,77.04,"Churned"
19965,"2024-05-31",518,2,274.58,"Churned"
19966,"2020-07-26",1923,1,32.99,"Churned"
19967,"2023-05-15",900,1,110.34,"Churned"
19968,"2024-08-12",445,2,107.61,"Churned"
19970,"2025-08-31",61,2,61.15,"At Risk"
19971,"2022-12-13",1053,4,230.96,"Churned"
19972,"2024-03-07",603,2,223.73,"Churned"
19973,"2023-06-13",871,2,317.62,"Churned"
19974,"2023-07-11",843,1,28.23,"Churned"
19975,"2024-02-16",623,1,21.37,"Churned"
19976,"2025-04-05",209,1,115.48,"Churned"
19978,"2025-10-30",1,4,364.02,"Active"
19979,"2023-09-15",777,2,68.14,"Churned"
19980,"2025-01-04",300,3,383.43,"Churned"
19981,"2024-09-21",405,4,172.20,"Churned"
19982,"2025-01-26",278,2,1018.08,"Churned"
19983,"2024-10-02",394,1,143.06,"Churned"
19984,"2025-01-19",285,1,274.19,"Churned"
19985,"2022-09-22",1135,1,269.69,"Churned"
19986,"2024-11-11",354,3,242.65,"Churned"
19987,"2024-11-14",351,2,304.08,"Churned"
19988,"2024-06-05",513,1,29.17,"Churned"
19989,"2022-01-05",1395,3,305.11,"Churned"
19990,"2024-05-07",542,1,8.28,"Churned"
19993,"2022-06-29",1220,3,670.67,"Churned"
19994,"2021-01-06",1759,1,263.30,"Churned"
19996,"2022-04-02",1308,1,65.53,"Churned"
19998,"2024-10-24",372,4,568.55,"Churned"
19999,"2024-11-14",351,2,57.36,"Churned"
