"cohort_month","month_number","cohort_customers","retained_customers","retention_rate_pct"
"2020-01-01 00:00:00+05:30",0,499,499,100.00
"2020-01-01 00:00:00+05:30",1,499,11,2.20
"2020-01-01 00:00:00+05:30",2,499,11,2.20
"2020-01-01 00:00:00+05:30",3,499,17,3.41
"2020-01-01 00:00:00+05:30",4,499,8,1.60
"2020-01-01 00:00:00+05:30",5,499,12,2.40
"2020-01-01 00:00:00+05:30",6,499,16,3.21
"2020-01-01 00:00:00+05:30",7,499,17,3.41
"2020-01-01 00:00:00+05:30",8,499,12,2.40
"2020-01-01 00:00:00+05:30",9,499,8,1.60
"2020-01-01 00:00:00+05:30",10,499,10,2.00
"2020-01-01 00:00:00+05:30",11,499,4,0.80
"2020-01-01 00:00:00+05:30",12,499,8,1.60
"2020-01-01 00:00:00+05:30",13,499,9,1.80
"2020-01-01 00:00:00+05:30",14,499,13,2.61
"2020-01-01 00:00:00+05:30",15,499,13,2.61
"2020-01-01 00:00:00+05:30",16,499,14,2.81
"2020-01-01 00:00:00+05:30",17,499,4,0.80
"2020-01-01 00:00:00+05:30",18,499,12,2.40
"2020-01-01 00:00:00+05:30",19,499,14,2.81
"2020-01-01 00:00:00+05:30",20,499,8,1.60
"2020-01-01 00:00:00+05:30",21,499,11,2.20
"2020-01-01 00:00:00+05:30",22,499,12,2.40
"2020-01-01 00:00:00+05:30",23,499,10,2.00
"2020-01-01 00:00:00+05:30",24,499,11,2.20
"2020-01-01 00:00:00+05:30",25,499,11,2.20
"2020-01-01 00:00:00+05:30",26,499,12,2.40
"2020-01-01 00:00:00+05:30",27,499,5,1.00
"2020-01-01 00:00:00+05:30",28,499,12,2.40
"2020-01-01 00:00:00+05:30",29,499,10,2.00
"2020-01-01 00:00:00+05:30",30,499,14,2.81
"2020-01-01 00:00:00+05:30",31,499,18,3.61
"2020-01-01 00:00:00+05:30",32,499,14,2.81
"2020-01-01 00:00:00+05:30",33,499,15,3.01
"2020-01-01 00:00:00+05:30",34,499,19,3.81
"2020-01-01 00:00:00+05:30",35,499,20,4.01
"2020-01-01 00:00:00+05:30",36,499,8,1.60
"2020-01-01 00:00:00+05:30",37,499,12,2.40
"2020-01-01 00:00:00+05:30",38,499,13,2.61
"2020-01-01 00:00:00+05:30",39,499,14,2.81
"2020-01-01 00:00:00+05:30",40,499,11,2.20
"2020-01-01 00:00:00+05:30",41,499,9,1.80
"2020-01-01 00:00:00+05:30",42,499,10,2.00
"2020-01-01 00:00:00+05:30",43,499,11,2.20
"2020-01-01 00:00:00+05:30",44,499,18,3.61
"2020-01-01 00:00:00+05:30",45,499,11,2.20
"2020-01-01 00:00:00+05:30",46,499,11,2.20
"2020-01-01 00:00:00+05:30",47,499,17,3.41
"2020-01-01 00:00:00+05:30",48,499,13,2.61
"2020-01-01 00:00:00+05:30",49,499,7,1.40
"2020-01-01 00:00:00+05:30",50,499,19,3.81
"2020-01-01 00:00:00+05:30",51,499,9,1.80
"2020-01-01 00:00:00+05:30",52,499,13,2.61
"2020-01-01 00:00:00+05:30",53,499,12,2.40
"2020-01-01 00:00:00+05:30",54,499,12,2.40
"2020-01-01 00:00:00+05:30",55,499,23,4.61
"2020-01-01 00:00:00+05:30",56,499,10,2.00
"2020-01-01 00:00:00+05:30",57,499,11,2.20
"2020-01-01 00:00:00+05:30",58,499,8,1.60
"2020-01-01 00:00:00+05:30",59,499,17,3.41
"2020-01-01 00:00:00+05:30",60,499,10,2.00
"2020-01-01 00:00:00+05:30",61,499,8,1.60
"2020-01-01 00:00:00+05:30",62,499,16,3.21
"2020-01-01 00:00:00+05:30",63,499,9,1.80
"2020-01-01 00:00:00+05:30",64,499,9,1.80
"2020-01-01 00:00:00+05:30",65,499,6,1.20
"2020-01-01 00:00:00+05:30",66,499,13,2.61
"2020-01-01 00:00:00+05:30",67,499,13,2.61
"2020-01-01 00:00:00+05:30",68,499,10,2.00
"2020-01-01 00:00:00+05:30",69,499,15,3.01
"2020-02-01 00:00:00+05:30",0,441,441,100.00
"2020-02-01 00:00:00+05:30",1,441,5,1.13
"2020-02-01 00:00:00+05:30",2,441,18,4.08
"2020-02-01 00:00:00+05:30",3,441,11,2.49
"2020-02-01 00:00:00+05:30",4,441,9,2.04
"2020-02-01 00:00:00+05:30",5,441,12,2.72
"2020-02-01 00:00:00+05:30",6,441,7,1.59
"2020-02-01 00:00:00+05:30",7,441,9,2.04
"2020-02-01 00:00:00+05:30",8,441,12,2.72
"2020-02-01 00:00:00+05:30",9,441,18,4.08
"2020-02-01 00:00:00+05:30",10,441,10,2.27
"2020-02-01 00:00:00+05:30",11,441,16,3.63
"2020-02-01 00:00:00+05:30",12,441,5,1.13
"2020-02-01 00:00:00+05:30",13,441,7,1.59
"2020-02-01 00:00:00+05:30",14,441,9,2.04
"2020-02-01 00:00:00+05:30",15,441,13,2.95
"2020-02-01 00:00:00+05:30",16,441,7,1.59
"2020-02-01 00:00:00+05:30",17,441,9,2.04
"2020-02-01 00:00:00+05:30",18,441,4,0.91
"2020-02-01 00:00:00+05:30",19,441,8,1.81
"2020-02-01 00:00:00+05:30",20,441,11,2.49
"2020-02-01 00:00:00+05:30",21,441,7,1.59
"2020-02-01 00:00:00+05:30",22,441,10,2.27
"2020-02-01 00:00:00+05:30",23,441,9,2.04
"2020-02-01 00:00:00+05:30",24,441,13,2.95
"2020-02-01 00:00:00+05:30",25,441,9,2.04
"2020-02-01 00:00:00+05:30",26,441,12,2.72
"2020-02-01 00:00:00+05:30",27,441,9,2.04
"2020-02-01 00:00:00+05:30",28,441,11,2.49
"2020-02-01 00:00:00+05:30",29,441,10,2.27
"2020-02-01 00:00:00+05:30",30,441,13,2.95
"2020-02-01 00:00:00+05:30",31,441,10,2.27
"2020-02-01 00:00:00+05:30",32,441,11,2.49
"2020-02-01 00:00:00+05:30",33,441,12,2.72
"2020-02-01 00:00:00+05:30",34,441,13,2.95
"2020-02-01 00:00:00+05:30",35,441,11,2.49
"2020-02-01 00:00:00+05:30",36,441,16,3.63
"2020-02-01 00:00:00+05:30",37,441,10,2.27
"2020-02-01 00:00:00+05:30",38,441,14,3.17
"2020-02-01 00:00:00+05:30",39,441,10,2.27
"2020-02-01 00:00:00+05:30",40,441,9,2.04
"2020-02-01 00:00:00+05:30",41,441,15,3.40
"2020-02-01 00:00:00+05:30",42,441,8,1.81
"2020-02-01 00:00:00+05:30",43,441,15,3.40
"2020-02-01 00:00:00+05:30",44,441,7,1.59
"2020-02-01 00:00:00+05:30",45,441,10,2.27
"2020-02-01 00:00:00+05:30",46,441,8,1.81
"2020-02-01 00:00:00+05:30",47,441,12,2.72
"2020-02-01 00:00:00+05:30",48,441,11,2.49
"2020-02-01 00:00:00+05:30",49,441,17,3.85
"2020-02-01 00:00:00+05:30",50,441,14,3.17
"2020-02-01 00:00:00+05:30",51,441,14,3.17
"2020-02-01 00:00:00+05:30",52,441,10,2.27
"2020-02-01 00:00:00+05:30",53,441,12,2.72
"2020-02-01 00:00:00+05:30",54,441,10,2.27
"2020-02-01 00:00:00+05:30",55,441,12,2.72
"2020-02-01 00:00:00+05:30",56,441,17,3.85
"2020-02-01 00:00:00+05:30",57,441,6,1.36
"2020-02-01 00:00:00+05:30",58,441,12,2.72
"2020-02-01 00:00:00+05:30",59,441,15,3.40
"2020-02-01 00:00:00+05:30",60,441,12,2.72
"2020-02-01 00:00:00+05:30",61,441,11,2.49
"2020-02-01 00:00:00+05:30",62,441,8,1.81
"2020-02-01 00:00:00+05:30",63,441,18,4.08
"2020-02-01 00:00:00+05:30",64,441,9,2.04
"2020-02-01 00:00:00+05:30",65,441,14,3.17
"2020-02-01 00:00:00+05:30",66,441,11,2.49
"2020-02-01 00:00:00+05:30",67,441,12,2.72
"2020-02-01 00:00:00+05:30",68,441,9,2.04
"2020-03-01 00:00:00+05:30",0,439,439,100.00
"2020-03-01 00:00:00+05:30",1,439,10,2.28
"2020-03-01 00:00:00+05:30",2,439,8,1.82
"2020-03-01 00:00:00+05:30",3,439,8,1.82
"2020-03-01 00:00:00+05:30",4,439,9,2.05
"2020-03-01 00:00:00+05:30",5,439,6,1.37
"2020-03-01 00:00:00+05:30",6,439,14,3.19
"2020-03-01 00:00:00+05:30",7,439,15,3.42
"2020-03-01 00:00:00+05:30",8,439,9,2.05
"2020-03-01 00:00:00+05:30",9,439,8,1.82
"2020-03-01 00:00:00+05:30",10,439,13,2.96
"2020-03-01 00:00:00+05:30",11,439,15,3.42
"2020-03-01 00:00:00+05:30",12,439,13,2.96
"2020-03-01 00:00:00+05:30",13,439,13,2.96
"2020-03-01 00:00:00+05:30",14,439,10,2.28
"2020-03-01 00:00:00+05:30",15,439,11,2.51
"2020-03-01 00:00:00+05:30",16,439,14,3.19
"2020-03-01 00:00:00+05:30",17,439,10,2.28
"2020-03-01 00:00:00+05:30",18,439,17,3.87
"2020-03-01 00:00:00+05:30",19,439,11,2.51
"2020-03-01 00:00:00+05:30",20,439,5,1.14
"2020-03-01 00:00:00+05:30",21,439,14,3.19
"2020-03-01 00:00:00+05:30",22,439,14,3.19
"2020-03-01 00:00:00+05:30",23,439,6,1.37
"2020-03-01 00:00:00+05:30",24,439,10,2.28
"2020-03-01 00:00:00+05:30",25,439,14,3.19
"2020-03-01 00:00:00+05:30",26,439,5,1.14
"2020-03-01 00:00:00+05:30",27,439,12,2.73
"2020-03-01 00:00:00+05:30",28,439,7,1.59
"2020-03-01 00:00:00+05:30",29,439,11,2.51
"2020-03-01 00:00:00+05:30",30,439,13,2.96
"2020-03-01 00:00:00+05:30",31,439,10,2.28
"2020-03-01 00:00:00+05:30",32,439,13,2.96
"2020-03-01 00:00:00+05:30",33,439,6,1.37
"2020-03-01 00:00:00+05:30",34,439,12,2.73
"2020-03-01 00:00:00+05:30",35,439,16,3.64
"2020-03-01 00:00:00+05:30",36,439,9,2.05
"2020-03-01 00:00:00+05:30",37,439,16,3.64
"2020-03-01 00:00:00+05:30",38,439,13,2.96
"2020-03-01 00:00:00+05:30",39,439,15,3.42
"2020-03-01 00:00:00+05:30",40,439,12,2.73
"2020-03-01 00:00:00+05:30",41,439,15,3.42
"2020-03-01 00:00:00+05:30",42,439,9,2.05
"2020-03-01 00:00:00+05:30",43,439,8,1.82
"2020-03-01 00:00:00+05:30",44,439,17,3.87
"2020-03-01 00:00:00+05:30",45,439,7,1.59
"2020-03-01 00:00:00+05:30",46,439,21,4.78
"2020-03-01 00:00:00+05:30",47,439,14,3.19
"2020-03-01 00:00:00+05:30",48,439,5,1.14
"2020-03-01 00:00:00+05:30",49,439,12,2.73
"2020-03-01 00:00:00+05:30",50,439,5,1.14
"2020-03-01 00:00:00+05:30",51,439,10,2.28
"2020-03-01 00:00:00+05:30",52,439,15,3.42
"2020-03-01 00:00:00+05:30",53,439,10,2.28
"2020-03-01 00:00:00+05:30",54,439,9,2.05
"2020-03-01 00:00:00+05:30",55,439,10,2.28
"2020-03-01 00:00:00+05:30",56,439,11,2.51
"2020-03-01 00:00:00+05:30",57,439,12,2.73
"2020-03-01 00:00:00+05:30",58,439,14,3.19
"2020-03-01 00:00:00+05:30",59,439,12,2.73
"2020-03-01 00:00:00+05:30",60,439,5,1.14
"2020-03-01 00:00:00+05:30",61,439,9,2.05
"2020-03-01 00:00:00+05:30",62,439,5,1.14
"2020-03-01 00:00:00+05:30",63,439,12,2.73
"2020-03-01 00:00:00+05:30",64,439,11,2.51
"2020-03-01 00:00:00+05:30",65,439,12,2.73
"2020-03-01 00:00:00+05:30",66,439,15,3.42
"2020-03-01 00:00:00+05:30",67,439,9,2.05
"2020-04-01 00:00:00+05:30",0,416,416,100.00
"2020-04-01 00:00:00+05:30",1,416,15,3.61
"2020-04-01 00:00:00+05:30",2,416,13,3.13
"2020-04-01 00:00:00+05:30",3,416,10,2.40
"2020-04-01 00:00:00+05:30",4,416,10,2.40
"2020-04-01 00:00:00+05:30",5,416,11,2.64
"2020-04-01 00:00:00+05:30",6,416,14,3.37
"2020-04-01 00:00:00+05:30",7,416,10,2.40
"2020-04-01 00:00:00+05:30",8,416,6,1.44
"2020-04-01 00:00:00+05:30",9,416,19,4.57
"2020-04-01 00:00:00+05:30",10,416,17,4.09
"2020-04-01 00:00:00+05:30",11,416,8,1.92
"2020-04-01 00:00:00+05:30",12,416,9,2.16
"2020-04-01 00:00:00+05:30",13,416,9,2.16
"2020-04-01 00:00:00+05:30",14,416,7,1.68
"2020-04-01 00:00:00+05:30",15,416,8,1.92
"2020-04-01 00:00:00+05:30",16,416,14,3.37
"2020-04-01 00:00:00+05:30",17,416,13,3.13
"2020-04-01 00:00:00+05:30",18,416,4,0.96
"2020-04-01 00:00:00+05:30",19,416,11,2.64
"2020-04-01 00:00:00+05:30",20,416,6,1.44
"2020-04-01 00:00:00+05:30",21,416,11,2.64
"2020-04-01 00:00:00+05:30",22,416,7,1.68
"2020-04-01 00:00:00+05:30",23,416,11,2.64
"2020-04-01 00:00:00+05:30",24,416,7,1.68
"2020-04-01 00:00:00+05:30",25,416,13,3.13
"2020-04-01 00:00:00+05:30",26,416,12,2.88
"2020-04-01 00:00:00+05:30",27,416,9,2.16
"2020-04-01 00:00:00+05:30",28,416,12,2.88
"2020-04-01 00:00:00+05:30",29,416,3,0.72
"2020-04-01 00:00:00+05:30",30,416,12,2.88
"2020-04-01 00:00:00+05:30",31,416,7,1.68
"2020-04-01 00:00:00+05:30",32,416,8,1.92
"2020-04-01 00:00:00+05:30",33,416,13,3.13
"2020-04-01 00:00:00+05:30",34,416,9,2.16
"2020-04-01 00:00:00+05:30",35,416,5,1.20
"2020-04-01 00:00:00+05:30",36,416,4,0.96
"2020-04-01 00:00:00+05:30",37,416,13,3.13
"2020-04-01 00:00:00+05:30",38,416,10,2.40
"2020-04-01 00:00:00+05:30",39,416,12,2.88
"2020-04-01 00:00:00+05:30",40,416,13,3.13
"2020-04-01 00:00:00+05:30",41,416,10,2.40
"2020-04-01 00:00:00+05:30",42,416,10,2.40
"2020-04-01 00:00:00+05:30",43,416,14,3.37
"2020-04-01 00:00:00+05:30",44,416,8,1.92
"2020-04-01 00:00:00+05:30",45,416,4,0.96
"2020-04-01 00:00:00+05:30",46,416,11,2.64
"2020-04-01 00:00:00+05:30",47,416,8,1.92
"2020-04-01 00:00:00+05:30",48,416,8,1.92
"2020-04-01 00:00:00+05:30",49,416,12,2.88
"2020-04-01 00:00:00+05:30",50,416,8,1.92
"2020-04-01 00:00:00+05:30",51,416,9,2.16
"2020-04-01 00:00:00+05:30",52,416,11,2.64
"2020-04-01 00:00:00+05:30",53,416,7,1.68
"2020-04-01 00:00:00+05:30",54,416,10,2.40
"2020-04-01 00:00:00+05:30",55,416,13,3.13
"2020-04-01 00:00:00+05:30",56,416,11,2.64
"2020-04-01 00:00:00+05:30",57,416,12,2.88
"2020-04-01 00:00:00+05:30",58,416,7,1.68
"2020-04-01 00:00:00+05:30",59,416,8,1.92
"2020-04-01 00:00:00+05:30",60,416,11,2.64
"2020-04-01 00:00:00+05:30",61,416,10,2.40
"2020-04-01 00:00:00+05:30",62,416,10,2.40
"2020-04-01 00:00:00+05:30",63,416,15,3.61
"2020-04-01 00:00:00+05:30",64,416,5,1.20
"2020-04-01 00:00:00+05:30",65,416,10,2.40
"2020-04-01 00:00:00+05:30",66,416,10,2.40
"2020-05-01 00:00:00+05:30",0,441,441,100.00
"2020-05-01 00:00:00+05:30",1,441,14,3.17
"2020-05-01 00:00:00+05:30",2,441,11,2.49
"2020-05-01 00:00:00+05:30",3,441,9,2.04
"2020-05-01 00:00:00+05:30",4,441,6,1.36
"2020-05-01 00:00:00+05:30",5,441,11,2.49
"2020-05-01 00:00:00+05:30",6,441,9,2.04
"2020-05-01 00:00:00+05:30",7,441,9,2.04
"2020-05-01 00:00:00+05:30",8,441,14,3.17
"2020-05-01 00:00:00+05:30",9,441,10,2.27
"2020-05-01 00:00:00+05:30",10,441,12,2.72
"2020-05-01 00:00:00+05:30",11,441,15,3.40
"2020-05-01 00:00:00+05:30",12,441,16,3.63
"2020-05-01 00:00:00+05:30",13,441,8,1.81
"2020-05-01 00:00:00+05:30",14,441,11,2.49
"2020-05-01 00:00:00+05:30",15,441,13,2.95
"2020-05-01 00:00:00+05:30",16,441,11,2.49
"2020-05-01 00:00:00+05:30",17,441,7,1.59
"2020-05-01 00:00:00+05:30",18,441,7,1.59
"2020-05-01 00:00:00+05:30",19,441,10,2.27
"2020-05-01 00:00:00+05:30",20,441,14,3.17
"2020-05-01 00:00:00+05:30",21,441,8,1.81
"2020-05-01 00:00:00+05:30",22,441,12,2.72
"2020-05-01 00:00:00+05:30",23,441,8,1.81
"2020-05-01 00:00:00+05:30",24,441,7,1.59
"2020-05-01 00:00:00+05:30",25,441,12,2.72
"2020-05-01 00:00:00+05:30",26,441,12,2.72
"2020-05-01 00:00:00+05:30",27,441,9,2.04
"2020-05-01 00:00:00+05:30",28,441,8,1.81
"2020-05-01 00:00:00+05:30",29,441,11,2.49
"2020-05-01 00:00:00+05:30",30,441,11,2.49
"2020-05-01 00:00:00+05:30",31,441,6,1.36
"2020-05-01 00:00:00+05:30",32,441,10,2.27
"2020-05-01 00:00:00+05:30",33,441,10,2.27
"2020-05-01 00:00:00+05:30",34,441,8,1.81
"2020-05-01 00:00:00+05:30",35,441,13,2.95
"2020-05-01 00:00:00+05:30",36,441,6,1.36
"2020-05-01 00:00:00+05:30",37,441,8,1.81
"2020-05-01 00:00:00+05:30",38,441,11,2.49
"2020-05-01 00:00:00+05:30",39,441,10,2.27
"2020-05-01 00:00:00+05:30",40,441,7,1.59
"2020-05-01 00:00:00+05:30",41,441,18,4.08
"2020-05-01 00:00:00+05:30",42,441,11,2.49
"2020-05-01 00:00:00+05:30",43,441,9,2.04
"2020-05-01 00:00:00+05:30",44,441,10,2.27
"2020-05-01 00:00:00+05:30",45,441,7,1.59
"2020-05-01 00:00:00+05:30",46,441,14,3.17
"2020-05-01 00:00:00+05:30",47,441,9,2.04
"2020-05-01 00:00:00+05:30",48,441,13,2.95
"2020-05-01 00:00:00+05:30",49,441,11,2.49
"2020-05-01 00:00:00+05:30",50,441,10,2.27
"2020-05-01 00:00:00+05:30",51,441,15,3.40
"2020-05-01 00:00:00+05:30",52,441,16,3.63
"2020-05-01 00:00:00+05:30",53,441,15,3.40
"2020-05-01 00:00:00+05:30",54,441,13,2.95
"2020-05-01 00:00:00+05:30",55,441,9,2.04
"2020-05-01 00:00:00+05:30",56,441,14,3.17
"2020-05-01 00:00:00+05:30",57,441,15,3.40
"2020-05-01 00:00:00+05:30",58,441,16,3.63
"2020-05-01 00:00:00+05:30",59,441,8,1.81
"2020-05-01 00:00:00+05:30",60,441,9,2.04
"2020-05-01 00:00:00+05:30",61,441,7,1.59
"2020-05-01 00:00:00+05:30",62,441,7,1.59
"2020-05-01 00:00:00+05:30",63,441,11,2.49
"2020-05-01 00:00:00+05:30",64,441,13,2.95
"2020-05-01 00:00:00+05:30",65,441,11,2.49
"2020-06-01 00:00:00+05:30",0,397,397,100.00
"2020-06-01 00:00:00+05:30",1,397,12,3.02
"2020-06-01 00:00:00+05:30",2,397,15,3.78
"2020-06-01 00:00:00+05:30",3,397,7,1.76
"2020-06-01 00:00:00+05:30",4,397,10,2.52
"2020-06-01 00:00:00+05:30",5,397,8,2.02
"2020-06-01 00:00:00+05:30",6,397,12,3.02
"2020-06-01 00:00:00+05:30",7,397,15,3.78
"2020-06-01 00:00:00+05:30",8,397,9,2.27
"2020-06-01 00:00:00+05:30",9,397,6,1.51
"2020-06-01 00:00:00+05:30",10,397,10,2.52
"2020-06-01 00:00:00+05:30",11,397,5,1.26
"2020-06-01 00:00:00+05:30",12,397,9,2.27
"2020-06-01 00:00:00+05:30",13,397,7,1.76
"2020-06-01 00:00:00+05:30",14,397,13,3.27
"2020-06-01 00:00:00+05:30",15,397,12,3.02
"2020-06-01 00:00:00+05:30",16,397,7,1.76
"2020-06-01 00:00:00+05:30",17,397,14,3.53
"2020-06-01 00:00:00+05:30",18,397,11,2.77
"2020-06-01 00:00:00+05:30",19,397,12,3.02
"2020-06-01 00:00:00+05:30",20,397,12,3.02
"2020-06-01 00:00:00+05:30",21,397,13,3.27
"2020-06-01 00:00:00+05:30",22,397,11,2.77
"2020-06-01 00:00:00+05:30",23,397,12,3.02
"2020-06-01 00:00:00+05:30",24,397,6,1.51
"2020-06-01 00:00:00+05:30",25,397,8,2.02
"2020-06-01 00:00:00+05:30",26,397,8,2.02
"2020-06-01 00:00:00+05:30",27,397,5,1.26
"2020-06-01 00:00:00+05:30",28,397,10,2.52
"2020-06-01 00:00:00+05:30",29,397,9,2.27
"2020-06-01 00:00:00+05:30",30,397,8,2.02
"2020-06-01 00:00:00+05:30",31,397,15,3.78
"2020-06-01 00:00:00+05:30",32,397,11,2.77
"2020-06-01 00:00:00+05:30",33,397,11,2.77
"2020-06-01 00:00:00+05:30",34,397,11,2.77
"2020-06-01 00:00:00+05:30",35,397,11,2.77
"2020-06-01 00:00:00+05:30",36,397,10,2.52
"2020-06-01 00:00:00+05:30",37,397,17,4.28
"2020-06-01 00:00:00+05:30",38,397,11,2.77
"2020-06-01 00:00:00+05:30",39,397,14,3.53
"2020-06-01 00:00:00+05:30",40,397,13,3.27
"2020-06-01 00:00:00+05:30",41,397,7,1.76
"2020-06-01 00:00:00+05:30",42,397,14,3.53
"2020-06-01 00:00:00+05:30",43,397,14,3.53
"2020-06-01 00:00:00+05:30",44,397,11,2.77
"2020-06-01 00:00:00+05:30",45,397,8,2.02
"2020-06-01 00:00:00+05:30",46,397,5,1.26
"2020-06-01 00:00:00+05:30",47,397,9,2.27
"2020-06-01 00:00:00+05:30",48,397,5,1.26
"2020-06-01 00:00:00+05:30",49,397,9,2.27
"2020-06-01 00:00:00+05:30",50,397,8,2.02
"2020-06-01 00:00:00+05:30",51,397,9,2.27
"2020-06-01 00:00:00+05:30",52,397,8,2.02
"2020-06-01 00:00:00+05:30",53,397,10,2.52
"2020-06-01 00:00:00+05:30",54,397,8,2.02
"2020-06-01 00:00:00+05:30",55,397,10,2.52
"2020-06-01 00:00:00+05:30",56,397,8,2.02
"2020-06-01 00:00:00+05:30",57,397,13,3.27
"2020-06-01 00:00:00+05:30",58,397,16,4.03
"2020-06-01 00:00:00+05:30",59,397,8,2.02
"2020-06-01 00:00:00+05:30",60,397,9,2.27
"2020-06-01 00:00:00+05:30",61,397,8,2.02
"2020-06-01 00:00:00+05:30",62,397,10,2.52
"2020-06-01 00:00:00+05:30",63,397,16,4.03
"2020-06-01 00:00:00+05:30",64,397,14,3.53
"2020-07-01 00:00:00+05:30",0,381,381,100.00
"2020-07-01 00:00:00+05:30",1,381,6,1.57
"2020-07-01 00:00:00+05:30",2,381,6,1.57
"2020-07-01 00:00:00+05:30",3,381,10,2.62
"2020-07-01 00:00:00+05:30",4,381,13,3.41
"2020-07-01 00:00:00+05:30",5,381,13,3.41
"2020-07-01 00:00:00+05:30",6,381,7,1.84
"2020-07-01 00:00:00+05:30",7,381,12,3.15
"2020-07-01 00:00:00+05:30",8,381,8,2.10
"2020-07-01 00:00:00+05:30",9,381,8,2.10
"2020-07-01 00:00:00+05:30",10,381,14,3.67
"2020-07-01 00:00:00+05:30",11,381,4,1.05
"2020-07-01 00:00:00+05:30",12,381,10,2.62
"2020-07-01 00:00:00+05:30",13,381,6,1.57
"2020-07-01 00:00:00+05:30",14,381,5,1.31
"2020-07-01 00:00:00+05:30",15,381,15,3.94
"2020-07-01 00:00:00+05:30",16,381,12,3.15
"2020-07-01 00:00:00+05:30",17,381,13,3.41
"2020-07-01 00:00:00+05:30",18,381,7,1.84
"2020-07-01 00:00:00+05:30",19,381,8,2.10
"2020-07-01 00:00:00+05:30",20,381,7,1.84
"2020-07-01 00:00:00+05:30",21,381,10,2.62
"2020-07-01 00:00:00+05:30",22,381,6,1.57
"2020-07-01 00:00:00+05:30",23,381,10,2.62
"2020-07-01 00:00:00+05:30",24,381,7,1.84
"2020-07-01 00:00:00+05:30",25,381,10,2.62
"2020-07-01 00:00:00+05:30",26,381,10,2.62
"2020-07-01 00:00:00+05:30",27,381,7,1.84
"2020-07-01 00:00:00+05:30",28,381,6,1.57
"2020-07-01 00:00:00+05:30",29,381,10,2.62
"2020-07-01 00:00:00+05:30",30,381,7,1.84
"2020-07-01 00:00:00+05:30",31,381,5,1.31
"2020-07-01 00:00:00+05:30",32,381,9,2.36
"2020-07-01 00:00:00+05:30",33,381,7,1.84
"2020-07-01 00:00:00+05:30",34,381,7,1.84
"2020-07-01 00:00:00+05:30",35,381,7,1.84
"2020-07-01 00:00:00+05:30",36,381,12,3.15
"2020-07-01 00:00:00+05:30",37,381,8,2.10
"2020-07-01 00:00:00+05:30",38,381,12,3.15
"2020-07-01 00:00:00+05:30",39,381,9,2.36
"2020-07-01 00:00:00+05:30",40,381,5,1.31
"2020-07-01 00:00:00+05:30",41,381,8,2.10
"2020-07-01 00:00:00+05:30",42,381,11,2.89
"2020-07-01 00:00:00+05:30",43,381,10,2.62
"2020-07-01 00:00:00+05:30",44,381,15,3.94
"2020-07-01 00:00:00+05:30",45,381,11,2.89
"2020-07-01 00:00:00+05:30",46,381,4,1.05
"2020-07-01 00:00:00+05:30",47,381,8,2.10
"2020-07-01 00:00:00+05:30",48,381,11,2.89
"2020-07-01 00:00:00+05:30",49,381,3,0.79
"2020-07-01 00:00:00+05:30",50,381,9,2.36
"2020-07-01 00:00:00+05:30",51,381,10,2.62
"2020-07-01 00:00:00+05:30",52,381,8,2.10
"2020-07-01 00:00:00+05:30",53,381,14,3.67
"2020-07-01 00:00:00+05:30",54,381,6,1.57
"2020-07-01 00:00:00+05:30",55,381,8,2.10
"2020-07-01 00:00:00+05:30",56,381,16,4.20
"2020-07-01 00:00:00+05:30",57,381,10,2.62
"2020-07-01 00:00:00+05:30",58,381,16,4.20
"2020-07-01 00:00:00+05:30",59,381,10,2.62
"2020-07-01 00:00:00+05:30",60,381,12,3.15
"2020-07-01 00:00:00+05:30",61,381,14,3.67
"2020-07-01 00:00:00+05:30",62,381,8,2.10
"2020-07-01 00:00:00+05:30",63,381,11,2.89
"2020-08-01 00:00:00+05:30",0,399,399,100.00
"2020-08-01 00:00:00+05:30",1,399,11,2.76
"2020-08-01 00:00:00+05:30",2,399,14,3.51
"2020-08-01 00:00:00+05:30",3,399,12,3.01
"2020-08-01 00:00:00+05:30",4,399,3,0.75
"2020-08-01 00:00:00+05:30",5,399,8,2.01
"2020-08-01 00:00:00+05:30",6,399,7,1.75
"2020-08-01 00:00:00+05:30",7,399,9,2.26
"2020-08-01 00:00:00+05:30",8,399,9,2.26
"2020-08-01 00:00:00+05:30",9,399,11,2.76
"2020-08-01 00:00:00+05:30",10,399,11,2.76
"2020-08-01 00:00:00+05:30",11,399,9,2.26
"2020-08-01 00:00:00+05:30",12,399,8,2.01
"2020-08-01 00:00:00+05:30",13,399,13,3.26
"2020-08-01 00:00:00+05:30",14,399,14,3.51
"2020-08-01 00:00:00+05:30",15,399,10,2.51
"2020-08-01 00:00:00+05:30",16,399,8,2.01
"2020-08-01 00:00:00+05:30",17,399,6,1.50
"2020-08-01 00:00:00+05:30",18,399,8,2.01
"2020-08-01 00:00:00+05:30",19,399,6,1.50
"2020-08-01 00:00:00+05:30",20,399,13,3.26
"2020-08-01 00:00:00+05:30",21,399,8,2.01
"2020-08-01 00:00:00+05:30",22,399,4,1.00
"2020-08-01 00:00:00+05:30",23,399,11,2.76
"2020-08-01 00:00:00+05:30",24,399,8,2.01
"2020-08-01 00:00:00+05:30",25,399,10,2.51
"2020-08-01 00:00:00+05:30",26,399,10,2.51
"2020-08-01 00:00:00+05:30",27,399,4,1.00
"2020-08-01 00:00:00+05:30",28,399,7,1.75
"2020-08-01 00:00:00+05:30",29,399,14,3.51
"2020-08-01 00:00:00+05:30",30,399,4,1.00
"2020-08-01 00:00:00+05:30",31,399,11,2.76
"2020-08-01 00:00:00+05:30",32,399,13,3.26
"2020-08-01 00:00:00+05:30",33,399,7,1.75
"2020-08-01 00:00:00+05:30",34,399,9,2.26
"2020-08-01 00:00:00+05:30",35,399,5,1.25
"2020-08-01 00:00:00+05:30",36,399,9,2.26
"2020-08-01 00:00:00+05:30",37,399,8,2.01
"2020-08-01 00:00:00+05:30",38,399,10,2.51
"2020-08-01 00:00:00+05:30",39,399,8,2.01
"2020-08-01 00:00:00+05:30",40,399,7,1.75
"2020-08-01 00:00:00+05:30",41,399,10,2.51
"2020-08-01 00:00:00+05:30",42,399,4,1.00
"2020-08-01 00:00:00+05:30",43,399,9,2.26
"2020-08-01 00:00:00+05:30",44,399,6,1.50
"2020-08-01 00:00:00+05:30",45,399,7,1.75
"2020-08-01 00:00:00+05:30",46,399,12,3.01
"2020-08-01 00:00:00+05:30",47,399,14,3.51
"2020-08-01 00:00:00+05:30",48,399,20,5.01
"2020-08-01 00:00:00+05:30",49,399,15,3.76
"2020-08-01 00:00:00+05:30",50,399,7,1.75
"2020-08-01 00:00:00+05:30",51,399,10,2.51
"2020-08-01 00:00:00+05:30",52,399,14,3.51
"2020-08-01 00:00:00+05:30",53,399,9,2.26
"2020-08-01 00:00:00+05:30",54,399,14,3.51
"2020-08-01 00:00:00+05:30",55,399,7,1.75
"2020-08-01 00:00:00+05:30",56,399,6,1.50
"2020-08-01 00:00:00+05:30",57,399,8,2.01
"2020-08-01 00:00:00+05:30",58,399,5,1.25
"2020-08-01 00:00:00+05:30",59,399,8,2.01
"2020-08-01 00:00:00+05:30",60,399,7,1.75
"2020-08-01 00:00:00+05:30",61,399,6,1.50
"2020-08-01 00:00:00+05:30",62,399,12,3.01
"2020-09-01 00:00:00+05:30",0,376,376,100.00
"2020-09-01 00:00:00+05:30",1,376,11,2.93
"2020-09-01 00:00:00+05:30",2,376,6,1.60
"2020-09-01 00:00:00+05:30",3,376,8,2.13
"2020-09-01 00:00:00+05:30",4,376,9,2.39
"2020-09-01 00:00:00+05:30",5,376,6,1.60
"2020-09-01 00:00:00+05:30",6,376,11,2.93
"2020-09-01 00:00:00+05:30",7,376,7,1.86
"2020-09-01 00:00:00+05:30",8,376,10,2.66
"2020-09-01 00:00:00+05:30",9,376,12,3.19
"2020-09-01 00:00:00+05:30",10,376,10,2.66
"2020-09-01 00:00:00+05:30",11,376,9,2.39
"2020-09-01 00:00:00+05:30",12,376,9,2.39
"2020-09-01 00:00:00+05:30",13,376,9,2.39
"2020-09-01 00:00:00+05:30",14,376,6,1.60
"2020-09-01 00:00:00+05:30",15,376,10,2.66
"2020-09-01 00:00:00+05:30",16,376,6,1.60
"2020-09-01 00:00:00+05:30",17,376,15,3.99
"2020-09-01 00:00:00+05:30",18,376,11,2.93
"2020-09-01 00:00:00+05:30",19,376,7,1.86
"2020-09-01 00:00:00+05:30",20,376,10,2.66
"2020-09-01 00:00:00+05:30",21,376,8,2.13
"2020-09-01 00:00:00+05:30",22,376,9,2.39
"2020-09-01 00:00:00+05:30",23,376,7,1.86
"2020-09-01 00:00:00+05:30",24,376,9,2.39
"2020-09-01 00:00:00+05:30",25,376,10,2.66
"2020-09-01 00:00:00+05:30",26,376,11,2.93
"2020-09-01 00:00:00+05:30",27,376,10,2.66
"2020-09-01 00:00:00+05:30",28,376,7,1.86
"2020-09-01 00:00:00+05:30",29,376,3,0.80
"2020-09-01 00:00:00+05:30",30,376,7,1.86
"2020-09-01 00:00:00+05:30",31,376,6,1.60
"2020-09-01 00:00:00+05:30",32,376,9,2.39
"2020-09-01 00:00:00+05:30",33,376,5,1.33
"2020-09-01 00:00:00+05:30",34,376,10,2.66
"2020-09-01 00:00:00+05:30",35,376,13,3.46
"2020-09-01 00:00:00+05:30",36,376,4,1.06
"2020-09-01 00:00:00+05:30",37,376,10,2.66
"2020-09-01 00:00:00+05:30",38,376,11,2.93
"2020-09-01 00:00:00+05:30",39,376,6,1.60
"2020-09-01 00:00:00+05:30",40,376,8,2.13
"2020-09-01 00:00:00+05:30",41,376,9,2.39
"2020-09-01 00:00:00+05:30",42,376,10,2.66
"2020-09-01 00:00:00+05:30",43,376,7,1.86
"2020-09-01 00:00:00+05:30",44,376,8,2.13
"2020-09-01 00:00:00+05:30",45,376,5,1.33
"2020-09-01 00:00:00+05:30",46,376,5,1.33
"2020-09-01 00:00:00+05:30",47,376,11,2.93
"2020-09-01 00:00:00+05:30",48,376,13,3.46
"2020-09-01 00:00:00+05:30",49,376,7,1.86
"2020-09-01 00:00:00+05:30",50,376,4,1.06
"2020-09-01 00:00:00+05:30",51,376,12,3.19
"2020-09-01 00:00:00+05:30",52,376,15,3.99
"2020-09-01 00:00:00+05:30",53,376,6,1.60
"2020-09-01 00:00:00+05:30",54,376,11,2.93
"2020-09-01 00:00:00+05:30",55,376,11,2.93
"2020-09-01 00:00:00+05:30",56,376,6,1.60
"2020-09-01 00:00:00+05:30",57,376,12,3.19
"2020-09-01 00:00:00+05:30",58,376,6,1.60
"2020-09-01 00:00:00+05:30",59,376,14,3.72
"2020-09-01 00:00:00+05:30",60,376,5,1.33
"2020-09-01 00:00:00+05:30",61,376,4,1.06
"2020-10-01 00:00:00+05:30",0,409,409,100.00
"2020-10-01 00:00:00+05:30",1,409,4,0.98
"2020-10-01 00:00:00+05:30",2,409,5,1.22
"2020-10-01 00:00:00+05:30",3,409,6,1.47
"2020-10-01 00:00:00+05:30",4,409,12,2.93
"2020-10-01 00:00:00+05:30",5,409,5,1.22
"2020-10-01 00:00:00+05:30",6,409,6,1.47
"2020-10-01 00:00:00+05:30",7,409,5,1.22
"2020-10-01 00:00:00+05:30",8,409,11,2.69
"2020-10-01 00:00:00+05:30",9,409,12,2.93
"2020-10-01 00:00:00+05:30",10,409,12,2.93
"2020-10-01 00:00:00+05:30",11,409,8,1.96
"2020-10-01 00:00:00+05:30",12,409,7,1.71
"2020-10-01 00:00:00+05:30",13,409,10,2.44
"2020-10-01 00:00:00+05:30",14,409,10,2.44
"2020-10-01 00:00:00+05:30",15,409,9,2.20
"2020-10-01 00:00:00+05:30",16,409,10,2.44
"2020-10-01 00:00:00+05:30",17,409,7,1.71
"2020-10-01 00:00:00+05:30",18,409,11,2.69
"2020-10-01 00:00:00+05:30",19,409,12,2.93
"2020-10-01 00:00:00+05:30",20,409,5,1.22
"2020-10-01 00:00:00+05:30",21,409,8,1.96
"2020-10-01 00:00:00+05:30",22,409,15,3.67
"2020-10-01 00:00:00+05:30",23,409,8,1.96
"2020-10-01 00:00:00+05:30",24,409,9,2.20
"2020-10-01 00:00:00+05:30",25,409,6,1.47
"2020-10-01 00:00:00+05:30",26,409,12,2.93
"2020-10-01 00:00:00+05:30",27,409,4,0.98
"2020-10-01 00:00:00+05:30",28,409,7,1.71
"2020-10-01 00:00:00+05:30",29,409,6,1.47
"2020-10-01 00:00:00+05:30",30,409,9,2.20
"2020-10-01 00:00:00+05:30",31,409,12,2.93
"2020-10-01 00:00:00+05:30",32,409,10,2.44
"2020-10-01 00:00:00+05:30",33,409,8,1.96
"2020-10-01 00:00:00+05:30",34,409,12,2.93
"2020-10-01 00:00:00+05:30",35,409,15,3.67
"2020-10-01 00:00:00+05:30",36,409,4,0.98
"2020-10-01 00:00:00+05:30",37,409,8,1.96
"2020-10-01 00:00:00+05:30",38,409,8,1.96
"2020-10-01 00:00:00+05:30",39,409,16,3.91
"2020-10-01 00:00:00+05:30",40,409,7,1.71
"2020-10-01 00:00:00+05:30",41,409,7,1.71
"2020-10-01 00:00:00+05:30",42,409,9,2.20
"2020-10-01 00:00:00+05:30",43,409,8,1.96
"2020-10-01 00:00:00+05:30",44,409,8,1.96
"2020-10-01 00:00:00+05:30",45,409,5,1.22
"2020-10-01 00:00:00+05:30",46,409,10,2.44
"2020-10-01 00:00:00+05:30",47,409,10,2.44
"2020-10-01 00:00:00+05:30",48,409,4,0.98
"2020-10-01 00:00:00+05:30",49,409,12,2.93
"2020-10-01 00:00:00+05:30",50,409,7,1.71
"2020-10-01 00:00:00+05:30",51,409,14,3.42
"2020-10-01 00:00:00+05:30",52,409,12,2.93
"2020-10-01 00:00:00+05:30",53,409,7,1.71
"2020-10-01 00:00:00+05:30",54,409,9,2.20
"2020-10-01 00:00:00+05:30",55,409,9,2.20
"2020-10-01 00:00:00+05:30",56,409,7,1.71
"2020-10-01 00:00:00+05:30",57,409,6,1.47
"2020-10-01 00:00:00+05:30",58,409,9,2.20
"2020-10-01 00:00:00+05:30",59,409,13,3.18
"2020-10-01 00:00:00+05:30",60,409,14,3.42
"2020-11-01 00:00:00+05:30",0,337,337,100.00
"2020-11-01 00:00:00+05:30",1,337,11,3.26
"2020-11-01 00:00:00+05:30",2,337,6,1.78
"2020-11-01 00:00:00+05:30",3,337,8,2.37
"2020-11-01 00:00:00+05:30",4,337,8,2.37
"2020-11-01 00:00:00+05:30",5,337,6,1.78
"2020-11-01 00:00:00+05:30",6,337,7,2.08
"2020-11-01 00:00:00+05:30",7,337,9,2.67
"2020-11-01 00:00:00+05:30",8,337,4,1.19
"2020-11-01 00:00:00+05:30",9,337,7,2.08
"2020-11-01 00:00:00+05:30",10,337,4,1.19
"2020-11-01 00:00:00+05:30",11,337,10,2.97
"2020-11-01 00:00:00+05:30",12,337,10,2.97
"2020-11-01 00:00:00+05:30",13,337,11,3.26
"2020-11-01 00:00:00+05:30",14,337,15,4.45
"2020-11-01 00:00:00+05:30",15,337,8,2.37
"2020-11-01 00:00:00+05:30",16,337,6,1.78
"2020-11-01 00:00:00+05:30",17,337,6,1.78
"2020-11-01 00:00:00+05:30",18,337,6,1.78
"2020-11-01 00:00:00+05:30",19,337,7,2.08
"2020-11-01 00:00:00+05:30",20,337,10,2.97
"2020-11-01 00:00:00+05:30",21,337,12,3.56
"2020-11-01 00:00:00+05:30",22,337,7,2.08
"2020-11-01 00:00:00+05:30",23,337,6,1.78
"2020-11-01 00:00:00+05:30",24,337,5,1.48
"2020-11-01 00:00:00+05:30",25,337,13,3.86
"2020-11-01 00:00:00+05:30",26,337,7,2.08
"2020-11-01 00:00:00+05:30",27,337,6,1.78
"2020-11-01 00:00:00+05:30",28,337,5,1.48
"2020-11-01 00:00:00+05:30",29,337,5,1.48
"2020-11-01 00:00:00+05:30",30,337,10,2.97
"2020-11-01 00:00:00+05:30",31,337,4,1.19
"2020-11-01 00:00:00+05:30",32,337,10,2.97
"2020-11-01 00:00:00+05:30",33,337,8,2.37
"2020-11-01 00:00:00+05:30",34,337,8,2.37
"2020-11-01 00:00:00+05:30",35,337,8,2.37
"2020-11-01 00:00:00+05:30",36,337,5,1.48
"2020-11-01 00:00:00+05:30",37,337,5,1.48
"2020-11-01 00:00:00+05:30",38,337,4,1.19
"2020-11-01 00:00:00+05:30",39,337,8,2.37
"2020-11-01 00:00:00+05:30",40,337,11,3.26
"2020-11-01 00:00:00+05:30",41,337,15,4.45
"2020-11-01 00:00:00+05:30",42,337,5,1.48
"2020-11-01 00:00:00+05:30",43,337,13,3.86
"2020-11-01 00:00:00+05:30",44,337,8,2.37
"2020-11-01 00:00:00+05:30",45,337,6,1.78
"2020-11-01 00:00:00+05:30",46,337,9,2.67
"2020-11-01 00:00:00+05:30",47,337,14,4.15
"2020-11-01 00:00:00+05:30",48,337,5,1.48
"2020-11-01 00:00:00+05:30",49,337,10,2.97
"2020-11-01 00:00:00+05:30",50,337,6,1.78
"2020-11-01 00:00:00+05:30",51,337,8,2.37
"2020-11-01 00:00:00+05:30",52,337,10,2.97
"2020-11-01 00:00:00+05:30",53,337,6,1.78
"2020-11-01 00:00:00+05:30",54,337,18,5.34
"2020-11-01 00:00:00+05:30",55,337,11,3.26
"2020-11-01 00:00:00+05:30",56,337,5,1.48
"2020-11-01 00:00:00+05:30",57,337,12,3.56
"2020-11-01 00:00:00+05:30",58,337,7,2.08
"2020-11-01 00:00:00+05:30",59,337,3,0.89
"2020-12-01 00:00:00+05:30",0,372,372,100.00
"2020-12-01 00:00:00+05:30",1,372,11,2.96
"2020-12-01 00:00:00+05:30",2,372,10,2.69
"2020-12-01 00:00:00+05:30",3,372,15,4.03
"2020-12-01 00:00:00+05:30",4,372,7,1.88
"2020-12-01 00:00:00+05:30",5,372,12,3.23
"2020-12-01 00:00:00+05:30",6,372,10,2.69
"2020-12-01 00:00:00+05:30",7,372,7,1.88
"2020-12-01 00:00:00+05:30",8,372,11,2.96
"2020-12-01 00:00:00+05:30",9,372,11,2.96
"2020-12-01 00:00:00+05:30",10,372,7,1.88
"2020-12-01 00:00:00+05:30",11,372,7,1.88
"2020-12-01 00:00:00+05:30",12,372,11,2.96
"2020-12-01 00:00:00+05:30",13,372,14,3.76
"2020-12-01 00:00:00+05:30",14,372,6,1.61
"2020-12-01 00:00:00+05:30",15,372,8,2.15
"2020-12-01 00:00:00+05:30",16,372,8,2.15
"2020-12-01 00:00:00+05:30",17,372,12,3.23
"2020-12-01 00:00:00+05:30",18,372,6,1.61
"2020-12-01 00:00:00+05:30",19,372,9,2.42
"2020-12-01 00:00:00+05:30",20,372,14,3.76
"2020-12-01 00:00:00+05:30",21,372,7,1.88
"2020-12-01 00:00:00+05:30",22,372,7,1.88
"2020-12-01 00:00:00+05:30",23,372,9,2.42
"2020-12-01 00:00:00+05:30",24,372,14,3.76
"2020-12-01 00:00:00+05:30",25,372,9,2.42
"2020-12-01 00:00:00+05:30",26,372,10,2.69
"2020-12-01 00:00:00+05:30",27,372,14,3.76
"2020-12-01 00:00:00+05:30",28,372,4,1.08
"2020-12-01 00:00:00+05:30",29,372,11,2.96
"2020-12-01 00:00:00+05:30",30,372,10,2.69
"2020-12-01 00:00:00+05:30",31,372,10,2.69
"2020-12-01 00:00:00+05:30",32,372,11,2.96
"2020-12-01 00:00:00+05:30",33,372,6,1.61
"2020-12-01 00:00:00+05:30",34,372,10,2.69
"2020-12-01 00:00:00+05:30",35,372,12,3.23
"2020-12-01 00:00:00+05:30",36,372,9,2.42
"2020-12-01 00:00:00+05:30",37,372,5,1.34
"2020-12-01 00:00:00+05:30",38,372,12,3.23
"2020-12-01 00:00:00+05:30",39,372,15,4.03
"2020-12-01 00:00:00+05:30",40,372,10,2.69
"2020-12-01 00:00:00+05:30",41,372,10,2.69
"2020-12-01 00:00:00+05:30",42,372,4,1.08
"2020-12-01 00:00:00+05:30",43,372,14,3.76
"2020-12-01 00:00:00+05:30",44,372,6,1.61
"2020-12-01 00:00:00+05:30",45,372,6,1.61
"2020-12-01 00:00:00+05:30",46,372,6,1.61
"2020-12-01 00:00:00+05:30",47,372,9,2.42
"2020-12-01 00:00:00+05:30",48,372,9,2.42
"2020-12-01 00:00:00+05:30",49,372,13,3.49
"2020-12-01 00:00:00+05:30",50,372,6,1.61
"2020-12-01 00:00:00+05:30",51,372,9,2.42
"2020-12-01 00:00:00+05:30",52,372,10,2.69
"2020-12-01 00:00:00+05:30",53,372,12,3.23
"2020-12-01 00:00:00+05:30",54,372,7,1.88
"2020-12-01 00:00:00+05:30",55,372,8,2.15
"2020-12-01 00:00:00+05:30",56,372,12,3.23
"2020-12-01 00:00:00+05:30",57,372,13,3.49
"2020-12-01 00:00:00+05:30",58,372,12,3.23
"2021-01-01 00:00:00+05:30",0,365,365,100.00
"2021-01-01 00:00:00+05:30",1,365,6,1.64
"2021-01-01 00:00:00+05:30",2,365,9,2.47
"2021-01-01 00:00:00+05:30",3,365,5,1.37
"2021-01-01 00:00:00+05:30",4,365,7,1.92
"2021-01-01 00:00:00+05:30",5,365,10,2.74
"2021-01-01 00:00:00+05:30",6,365,8,2.19
"2021-01-01 00:00:00+05:30",7,365,13,3.56
"2021-01-01 00:00:00+05:30",8,365,7,1.92
"2021-01-01 00:00:00+05:30",9,365,9,2.47
"2021-01-01 00:00:00+05:30",10,365,5,1.37
"2021-01-01 00:00:00+05:30",11,365,11,3.01
"2021-01-01 00:00:00+05:30",12,365,11,3.01
"2021-01-01 00:00:00+05:30",13,365,7,1.92
"2021-01-01 00:00:00+05:30",14,365,11,3.01
"2021-01-01 00:00:00+05:30",15,365,6,1.64
"2021-01-01 00:00:00+05:30",16,365,9,2.47
"2021-01-01 00:00:00+05:30",17,365,11,3.01
"2021-01-01 00:00:00+05:30",18,365,5,1.37
"2021-01-01 00:00:00+05:30",19,365,7,1.92
"2021-01-01 00:00:00+05:30",20,365,10,2.74
"2021-01-01 00:00:00+05:30",21,365,6,1.64
"2021-01-01 00:00:00+05:30",22,365,7,1.92
"2021-01-01 00:00:00+05:30",23,365,10,2.74
"2021-01-01 00:00:00+05:30",24,365,7,1.92
"2021-01-01 00:00:00+05:30",25,365,4,1.10
"2021-01-01 00:00:00+05:30",26,365,9,2.47
"2021-01-01 00:00:00+05:30",27,365,7,1.92
"2021-01-01 00:00:00+05:30",28,365,13,3.56
"2021-01-01 00:00:00+05:30",29,365,8,2.19
"2021-01-01 00:00:00+05:30",30,365,9,2.47
"2021-01-01 00:00:00+05:30",31,365,6,1.64
"2021-01-01 00:00:00+05:30",32,365,15,4.11
"2021-01-01 00:00:00+05:30",33,365,15,4.11
"2021-01-01 00:00:00+05:30",34,365,9,2.47
"2021-01-01 00:00:00+05:30",35,365,9,2.47
"2021-01-01 00:00:00+05:30",36,365,8,2.19
"2021-01-01 00:00:00+05:30",37,365,4,1.10
"2021-01-01 00:00:00+05:30",38,365,12,3.29
"2021-01-01 00:00:00+05:30",39,365,3,0.82
"2021-01-01 00:00:00+05:30",40,365,11,3.01
"2021-01-01 00:00:00+05:30",41,365,9,2.47
"2021-01-01 00:00:00+05:30",42,365,8,2.19
"2021-01-01 00:00:00+05:30",43,365,6,1.64
"2021-01-01 00:00:00+05:30",44,365,11,3.01
"2021-01-01 00:00:00+05:30",45,365,7,1.92
"2021-01-01 00:00:00+05:30",46,365,10,2.74
"2021-01-01 00:00:00+05:30",47,365,4,1.10
"2021-01-01 00:00:00+05:30",48,365,6,1.64
"2021-01-01 00:00:00+05:30",49,365,6,1.64
"2021-01-01 00:00:00+05:30",50,365,10,2.74
"2021-01-01 00:00:00+05:30",51,365,9,2.47
"2021-01-01 00:00:00+05:30",52,365,6,1.64
"2021-01-01 00:00:00+05:30",53,365,12,3.29
"2021-01-01 00:00:00+05:30",54,365,7,1.92
"2021-01-01 00:00:00+05:30",55,365,7,1.92
"2021-01-01 00:00:00+05:30",56,365,10,2.74
"2021-01-01 00:00:00+05:30",57,365,15,4.11
"2021-02-01 00:00:00+05:30",0,330,330,100.00
"2021-02-01 00:00:00+05:30",1,330,9,2.73
"2021-02-01 00:00:00+05:30",2,330,6,1.82
"2021-02-01 00:00:00+05:30",3,330,5,1.52
"2021-02-01 00:00:00+05:30",4,330,7,2.12
"2021-02-01 00:00:00+05:30",5,330,10,3.03
"2021-02-01 00:00:00+05:30",6,330,6,1.82
"2021-02-01 00:00:00+05:30",7,330,9,2.73
"2021-02-01 00:00:00+05:30",8,330,8,2.42
"2021-02-01 00:00:00+05:30",9,330,9,2.73
"2021-02-01 00:00:00+05:30",10,330,11,3.33
"2021-02-01 00:00:00+05:30",11,330,8,2.42
"2021-02-01 00:00:00+05:30",12,330,4,1.21
"2021-02-01 00:00:00+05:30",13,330,6,1.82
"2021-02-01 00:00:00+05:30",14,330,6,1.82
"2021-02-01 00:00:00+05:30",15,330,7,2.12
"2021-02-01 00:00:00+05:30",16,330,8,2.42
"2021-02-01 00:00:00+05:30",17,330,9,2.73
"2021-02-01 00:00:00+05:30",18,330,5,1.52
"2021-02-01 00:00:00+05:30",19,330,7,2.12
"2021-02-01 00:00:00+05:30",20,330,10,3.03
"2021-02-01 00:00:00+05:30",21,330,8,2.42
"2021-02-01 00:00:00+05:30",22,330,11,3.33
"2021-02-01 00:00:00+05:30",23,330,6,1.82
"2021-02-01 00:00:00+05:30",24,330,6,1.82
"2021-02-01 00:00:00+05:30",25,330,4,1.21
"2021-02-01 00:00:00+05:30",26,330,6,1.82
"2021-02-01 00:00:00+05:30",27,330,4,1.21
"2021-02-01 00:00:00+05:30",28,330,6,1.82
"2021-02-01 00:00:00+05:30",29,330,7,2.12
"2021-02-01 00:00:00+05:30",30,330,4,1.21
"2021-02-01 00:00:00+05:30",31,330,3,0.91
"2021-02-01 00:00:00+05:30",32,330,4,1.21
"2021-02-01 00:00:00+05:30",33,330,8,2.42
"2021-02-01 00:00:00+05:30",34,330,8,2.42
"2021-02-01 00:00:00+05:30",35,330,12,3.64
"2021-02-01 00:00:00+05:30",36,330,9,2.73
"2021-02-01 00:00:00+05:30",37,330,8,2.42
"2021-02-01 00:00:00+05:30",38,330,6,1.82
"2021-02-01 00:00:00+05:30",39,330,4,1.21
"2021-02-01 00:00:00+05:30",40,330,5,1.52
"2021-02-01 00:00:00+05:30",41,330,11,3.33
"2021-02-01 00:00:00+05:30",42,330,11,3.33
"2021-02-01 00:00:00+05:30",43,330,8,2.42
"2021-02-01 00:00:00+05:30",44,330,5,1.52
"2021-02-01 00:00:00+05:30",45,330,11,3.33
"2021-02-01 00:00:00+05:30",46,330,14,4.24
"2021-02-01 00:00:00+05:30",47,330,7,2.12
"2021-02-01 00:00:00+05:30",48,330,8,2.42
"2021-02-01 00:00:00+05:30",49,330,11,3.33
"2021-02-01 00:00:00+05:30",50,330,6,1.82
"2021-02-01 00:00:00+05:30",51,330,3,0.91
"2021-02-01 00:00:00+05:30",52,330,7,2.12
"2021-02-01 00:00:00+05:30",53,330,11,3.33
"2021-02-01 00:00:00+05:30",54,330,4,1.21
"2021-02-01 00:00:00+05:30",55,330,9,2.73
"2021-02-01 00:00:00+05:30",56,330,6,1.82
"2021-03-01 00:00:00+05:30",0,357,357,100.00
"2021-03-01 00:00:00+05:30",1,357,8,2.24
"2021-03-01 00:00:00+05:30",2,357,10,2.80
"2021-03-01 00:00:00+05:30",3,357,16,4.48
"2021-03-01 00:00:00+05:30",4,357,11,3.08
"2021-03-01 00:00:00+05:30",5,357,11,3.08
"2021-03-01 00:00:00+05:30",6,357,9,2.52
"2021-03-01 00:00:00+05:30",7,357,13,3.64
"2021-03-01 00:00:00+05:30",8,357,7,1.96
"2021-03-01 00:00:00+05:30",9,357,15,4.20
"2021-03-01 00:00:00+05:30",10,357,9,2.52
"2021-03-01 00:00:00+05:30",11,357,3,0.84
"2021-03-01 00:00:00+05:30",12,357,10,2.80
"2021-03-01 00:00:00+05:30",13,357,8,2.24
"2021-03-01 00:00:00+05:30",14,357,7,1.96
"2021-03-01 00:00:00+05:30",15,357,7,1.96
"2021-03-01 00:00:00+05:30",16,357,12,3.36
"2021-03-01 00:00:00+05:30",17,357,11,3.08
"2021-03-01 00:00:00+05:30",18,357,10,2.80
"2021-03-01 00:00:00+05:30",19,357,13,3.64
"2021-03-01 00:00:00+05:30",20,357,4,1.12
"2021-03-01 00:00:00+05:30",21,357,4,1.12
"2021-03-01 00:00:00+05:30",22,357,11,3.08
"2021-03-01 00:00:00+05:30",23,357,9,2.52
"2021-03-01 00:00:00+05:30",24,357,15,4.20
"2021-03-01 00:00:00+05:30",25,357,8,2.24
"2021-03-01 00:00:00+05:30",26,357,10,2.80
"2021-03-01 00:00:00+05:30",27,357,10,2.80
"2021-03-01 00:00:00+05:30",28,357,5,1.40
"2021-03-01 00:00:00+05:30",29,357,12,3.36
"2021-03-01 00:00:00+05:30",30,357,4,1.12
"2021-03-01 00:00:00+05:30",31,357,13,3.64
"2021-03-01 00:00:00+05:30",32,357,9,2.52
"2021-03-01 00:00:00+05:30",33,357,6,1.68
"2021-03-01 00:00:00+05:30",34,357,14,3.92
"2021-03-01 00:00:00+05:30",35,357,8,2.24
"2021-03-01 00:00:00+05:30",36,357,6,1.68
"2021-03-01 00:00:00+05:30",37,357,10,2.80
"2021-03-01 00:00:00+05:30",38,357,9,2.52
"2021-03-01 00:00:00+05:30",39,357,1,0.28
"2021-03-01 00:00:00+05:30",40,357,13,3.64
"2021-03-01 00:00:00+05:30",41,357,8,2.24
"2021-03-01 00:00:00+05:30",42,357,11,3.08
"2021-03-01 00:00:00+05:30",43,357,8,2.24
"2021-03-01 00:00:00+05:30",44,357,10,2.80
"2021-03-01 00:00:00+05:30",45,357,9,2.52
"2021-03-01 00:00:00+05:30",46,357,7,1.96
"2021-03-01 00:00:00+05:30",47,357,11,3.08
"2021-03-01 00:00:00+05:30",48,357,4,1.12
"2021-03-01 00:00:00+05:30",49,357,5,1.40
"2021-03-01 00:00:00+05:30",50,357,11,3.08
"2021-03-01 00:00:00+05:30",51,357,6,1.68
"2021-03-01 00:00:00+05:30",52,357,8,2.24
"2021-03-01 00:00:00+05:30",53,357,6,1.68
"2021-03-01 00:00:00+05:30",54,357,9,2.52
"2021-03-01 00:00:00+05:30",55,357,9,2.52
"2021-04-01 00:00:00+05:30",0,323,323,100.00
"2021-04-01 00:00:00+05:30",1,323,11,3.41
"2021-04-01 00:00:00+05:30",2,323,5,1.55
"2021-04-01 00:00:00+05:30",3,323,13,4.02
"2021-04-01 00:00:00+05:30",4,323,7,2.17
"2021-04-01 00:00:00+05:30",5,323,9,2.79
"2021-04-01 00:00:00+05:30",6,323,4,1.24
"2021-04-01 00:00:00+05:30",7,323,9,2.79
"2021-04-01 00:00:00+05:30",8,323,4,1.24
"2021-04-01 00:00:00+05:30",9,323,6,1.86
"2021-04-01 00:00:00+05:30",10,323,8,2.48
"2021-04-01 00:00:00+05:30",11,323,7,2.17
"2021-04-01 00:00:00+05:30",12,323,12,3.72
"2021-04-01 00:00:00+05:30",13,323,9,2.79
"2021-04-01 00:00:00+05:30",14,323,6,1.86
"2021-04-01 00:00:00+05:30",15,323,6,1.86
"2021-04-01 00:00:00+05:30",16,323,7,2.17
"2021-04-01 00:00:00+05:30",17,323,9,2.79
"2021-04-01 00:00:00+05:30",18,323,7,2.17
"2021-04-01 00:00:00+05:30",19,323,7,2.17
"2021-04-01 00:00:00+05:30",20,323,4,1.24
"2021-04-01 00:00:00+05:30",21,323,7,2.17
"2021-04-01 00:00:00+05:30",22,323,4,1.24
"2021-04-01 00:00:00+05:30",23,323,4,1.24
"2021-04-01 00:00:00+05:30",24,323,9,2.79
"2021-04-01 00:00:00+05:30",25,323,8,2.48
"2021-04-01 00:00:00+05:30",26,323,5,1.55
"2021-04-01 00:00:00+05:30",27,323,9,2.79
"2021-04-01 00:00:00+05:30",28,323,5,1.55
"2021-04-01 00:00:00+05:30",29,323,5,1.55
"2021-04-01 00:00:00+05:30",30,323,8,2.48
"2021-04-01 00:00:00+05:30",31,323,7,2.17
"2021-04-01 00:00:00+05:30",32,323,10,3.10
"2021-04-01 00:00:00+05:30",33,323,8,2.48
"2021-04-01 00:00:00+05:30",34,323,5,1.55
"2021-04-01 00:00:00+05:30",35,323,5,1.55
"2021-04-01 00:00:00+05:30",36,323,3,0.93
"2021-04-01 00:00:00+05:30",37,323,8,2.48
"2021-04-01 00:00:00+05:30",38,323,5,1.55
"2021-04-01 00:00:00+05:30",39,323,7,2.17
"2021-04-01 00:00:00+05:30",40,323,7,2.17
"2021-04-01 00:00:00+05:30",41,323,6,1.86
"2021-04-01 00:00:00+05:30",42,323,9,2.79
"2021-04-01 00:00:00+05:30",43,323,11,3.41
"2021-04-01 00:00:00+05:30",44,323,9,2.79
"2021-04-01 00:00:00+05:30",45,323,9,2.79
"2021-04-01 00:00:00+05:30",46,323,5,1.55
"2021-04-01 00:00:00+05:30",47,323,8,2.48
"2021-04-01 00:00:00+05:30",48,323,4,1.24
"2021-04-01 00:00:00+05:30",49,323,10,3.10
"2021-04-01 00:00:00+05:30",50,323,10,3.10
"2021-04-01 00:00:00+05:30",51,323,8,2.48
"2021-04-01 00:00:00+05:30",52,323,7,2.17
"2021-04-01 00:00:00+05:30",53,323,5,1.55
"2021-04-01 00:00:00+05:30",54,323,6,1.86
"2021-05-01 00:00:00+05:30",0,329,329,100.00
"2021-05-01 00:00:00+05:30",1,329,7,2.13
"2021-05-01 00:00:00+05:30",2,329,12,3.65
"2021-05-01 00:00:00+05:30",3,329,4,1.22
"2021-05-01 00:00:00+05:30",4,329,13,3.95
"2021-05-01 00:00:00+05:30",5,329,10,3.04
"2021-05-01 00:00:00+05:30",6,329,4,1.22
"2021-05-01 00:00:00+05:30",7,329,7,2.13
"2021-05-01 00:00:00+05:30",8,329,6,1.82
"2021-05-01 00:00:00+05:30",9,329,11,3.34
"2021-05-01 00:00:00+05:30",10,329,11,3.34
"2021-05-01 00:00:00+05:30",11,329,5,1.52
"2021-05-01 00:00:00+05:30",12,329,10,3.04
"2021-05-01 00:00:00+05:30",13,329,16,4.86
"2021-05-01 00:00:00+05:30",14,329,9,2.74
"2021-05-01 00:00:00+05:30",15,329,7,2.13
"2021-05-01 00:00:00+05:30",16,329,10,3.04
"2021-05-01 00:00:00+05:30",17,329,4,1.22
"2021-05-01 00:00:00+05:30",18,329,6,1.82
"2021-05-01 00:00:00+05:30",19,329,3,0.91
"2021-05-01 00:00:00+05:30",20,329,10,3.04
"2021-05-01 00:00:00+05:30",21,329,10,3.04
"2021-05-01 00:00:00+05:30",22,329,6,1.82
"2021-05-01 00:00:00+05:30",23,329,9,2.74
"2021-05-01 00:00:00+05:30",24,329,10,3.04
"2021-05-01 00:00:00+05:30",25,329,7,2.13
"2021-05-01 00:00:00+05:30",26,329,4,1.22
"2021-05-01 00:00:00+05:30",27,329,4,1.22
"2021-05-01 00:00:00+05:30",28,329,10,3.04
"2021-05-01 00:00:00+05:30",29,329,9,2.74
"2021-05-01 00:00:00+05:30",30,329,4,1.22
"2021-05-01 00:00:00+05:30",31,329,9,2.74
"2021-05-01 00:00:00+05:30",32,329,7,2.13
"2021-05-01 00:00:00+05:30",33,329,8,2.43
"2021-05-01 00:00:00+05:30",34,329,8,2.43
"2021-05-01 00:00:00+05:30",35,329,9,2.74
"2021-05-01 00:00:00+05:30",36,329,9,2.74
"2021-05-01 00:00:00+05:30",37,329,12,3.65
"2021-05-01 00:00:00+05:30",38,329,10,3.04
"2021-05-01 00:00:00+05:30",39,329,8,2.43
"2021-05-01 00:00:00+05:30",40,329,5,1.52
"2021-05-01 00:00:00+05:30",41,329,7,2.13
"2021-05-01 00:00:00+05:30",42,329,7,2.13
"2021-05-01 00:00:00+05:30",43,329,6,1.82
"2021-05-01 00:00:00+05:30",44,329,6,1.82
"2021-05-01 00:00:00+05:30",45,329,9,2.74
"2021-05-01 00:00:00+05:30",46,329,8,2.43
"2021-05-01 00:00:00+05:30",47,329,6,1.82
"2021-05-01 00:00:00+05:30",48,329,12,3.65
"2021-05-01 00:00:00+05:30",49,329,6,1.82
"2021-05-01 00:00:00+05:30",50,329,3,0.91
"2021-05-01 00:00:00+05:30",51,329,4,1.22
"2021-05-01 00:00:00+05:30",52,329,7,2.13
"2021-05-01 00:00:00+05:30",53,329,6,1.82
"2021-06-01 00:00:00+05:30",0,307,307,100.00
"2021-06-01 00:00:00+05:30",1,307,6,1.95
"2021-06-01 00:00:00+05:30",2,307,7,2.28
"2021-06-01 00:00:00+05:30",3,307,4,1.30
"2021-06-01 00:00:00+05:30",4,307,10,3.26
"2021-06-01 00:00:00+05:30",5,307,4,1.30
"2021-06-01 00:00:00+05:30",6,307,6,1.95
"2021-06-01 00:00:00+05:30",7,307,6,1.95
"2021-06-01 00:00:00+05:30",8,307,6,1.95
"2021-06-01 00:00:00+05:30",9,307,12,3.91
"2021-06-01 00:00:00+05:30",10,307,5,1.63
"2021-06-01 00:00:00+05:30",11,307,8,2.61
"2021-06-01 00:00:00+05:30",12,307,4,1.30
"2021-06-01 00:00:00+05:30",13,307,12,3.91
"2021-06-01 00:00:00+05:30",14,307,11,3.58
"2021-06-01 00:00:00+05:30",15,307,6,1.95
"2021-06-01 00:00:00+05:30",16,307,7,2.28
"2021-06-01 00:00:00+05:30",17,307,11,3.58
"2021-06-01 00:00:00+05:30",18,307,5,1.63
"2021-06-01 00:00:00+05:30",19,307,6,1.95
"2021-06-01 00:00:00+05:30",20,307,7,2.28
"2021-06-01 00:00:00+05:30",21,307,8,2.61
"2021-06-01 00:00:00+05:30",22,307,5,1.63
"2021-06-01 00:00:00+05:30",23,307,5,1.63
"2021-06-01 00:00:00+05:30",24,307,11,3.58
"2021-06-01 00:00:00+05:30",25,307,8,2.61
"2021-06-01 00:00:00+05:30",26,307,4,1.30
"2021-06-01 00:00:00+05:30",27,307,6,1.95
"2021-06-01 00:00:00+05:30",28,307,10,3.26
"2021-06-01 00:00:00+05:30",29,307,4,1.30
"2021-06-01 00:00:00+05:30",30,307,4,1.30
"2021-06-01 00:00:00+05:30",31,307,8,2.61
"2021-06-01 00:00:00+05:30",32,307,9,2.93
"2021-06-01 00:00:00+05:30",33,307,8,2.61
"2021-06-01 00:00:00+05:30",34,307,2,0.65
"2021-06-01 00:00:00+05:30",35,307,5,1.63
"2021-06-01 00:00:00+05:30",36,307,4,1.30
"2021-06-01 00:00:00+05:30",37,307,3,0.98
"2021-06-01 00:00:00+05:30",38,307,7,2.28
"2021-06-01 00:00:00+05:30",39,307,5,1.63
"2021-06-01 00:00:00+05:30",40,307,4,1.30
"2021-06-01 00:00:00+05:30",41,307,9,2.93
"2021-06-01 00:00:00+05:30",42,307,8,2.61
"2021-06-01 00:00:00+05:30",43,307,11,3.58
"2021-06-01 00:00:00+05:30",44,307,5,1.63
"2021-06-01 00:00:00+05:30",45,307,9,2.93
"2021-06-01 00:00:00+05:30",46,307,6,1.95
"2021-06-01 00:00:00+05:30",47,307,3,0.98
"2021-06-01 00:00:00+05:30",48,307,7,2.28
"2021-06-01 00:00:00+05:30",49,307,7,2.28
"2021-06-01 00:00:00+05:30",50,307,7,2.28
"2021-06-01 00:00:00+05:30",51,307,10,3.26
"2021-06-01 00:00:00+05:30",52,307,2,0.65
"2021-07-01 00:00:00+05:30",0,329,329,100.00
"2021-07-01 00:00:00+05:30",1,329,5,1.52
"2021-07-01 00:00:00+05:30",2,329,3,0.91
"2021-07-01 00:00:00+05:30",3,329,6,1.82
"2021-07-01 00:00:00+05:30",4,329,8,2.43
"2021-07-01 00:00:00+05:30",5,329,5,1.52
"2021-07-01 00:00:00+05:30",6,329,9,2.74
"2021-07-01 00:00:00+05:30",7,329,5,1.52
"2021-07-01 00:00:00+05:30",8,329,9,2.74
"2021-07-01 00:00:00+05:30",9,329,8,2.43
"2021-07-01 00:00:00+05:30",10,329,8,2.43
"2021-07-01 00:00:00+05:30",11,329,8,2.43
"2021-07-01 00:00:00+05:30",12,329,5,1.52
"2021-07-01 00:00:00+05:30",13,329,9,2.74
"2021-07-01 00:00:00+05:30",14,329,7,2.13
"2021-07-01 00:00:00+05:30",15,329,9,2.74
"2021-07-01 00:00:00+05:30",16,329,6,1.82
"2021-07-01 00:00:00+05:30",17,329,11,3.34
"2021-07-01 00:00:00+05:30",18,329,9,2.74
"2021-07-01 00:00:00+05:30",19,329,7,2.13
"2021-07-01 00:00:00+05:30",20,329,6,1.82
"2021-07-01 00:00:00+05:30",21,329,12,3.65
"2021-07-01 00:00:00+05:30",22,329,7,2.13
"2021-07-01 00:00:00+05:30",23,329,10,3.04
"2021-07-01 00:00:00+05:30",24,329,7,2.13
"2021-07-01 00:00:00+05:30",25,329,5,1.52
"2021-07-01 00:00:00+05:30",26,329,4,1.22
"2021-07-01 00:00:00+05:30",27,329,4,1.22
"2021-07-01 00:00:00+05:30",28,329,8,2.43
"2021-07-01 00:00:00+05:30",29,329,9,2.74
"2021-07-01 00:00:00+05:30",30,329,7,2.13
"2021-07-01 00:00:00+05:30",31,329,8,2.43
"2021-07-01 00:00:00+05:30",32,329,6,1.82
"2021-07-01 00:00:00+05:30",33,329,3,0.91
"2021-07-01 00:00:00+05:30",34,329,10,3.04
"2021-07-01 00:00:00+05:30",35,329,6,1.82
"2021-07-01 00:00:00+05:30",36,329,11,3.34
"2021-07-01 00:00:00+05:30",37,329,4,1.22
"2021-07-01 00:00:00+05:30",38,329,3,0.91
"2021-07-01 00:00:00+05:30",39,329,11,3.34
"2021-07-01 00:00:00+05:30",40,329,14,4.26
"2021-07-01 00:00:00+05:30",41,329,5,1.52
"2021-07-01 00:00:00+05:30",42,329,11,3.34
"2021-07-01 00:00:00+05:30",43,329,5,1.52
"2021-07-01 00:00:00+05:30",44,329,8,2.43
"2021-07-01 00:00:00+05:30",45,329,10,3.04
"2021-07-01 00:00:00+05:30",46,329,10,3.04
"2021-07-01 00:00:00+05:30",47,329,7,2.13
"2021-07-01 00:00:00+05:30",48,329,8,2.43
"2021-07-01 00:00:00+05:30",49,329,7,2.13
"2021-07-01 00:00:00+05:30",50,329,8,2.43
"2021-07-01 00:00:00+05:30",51,329,8,2.43
"2021-08-01 00:00:00+05:30",0,310,310,100.00
"2021-08-01 00:00:00+05:30",1,310,8,2.58
"2021-08-01 00:00:00+05:30",2,310,6,1.94
"2021-08-01 00:00:00+05:30",3,310,7,2.26
"2021-08-01 00:00:00+05:30",4,310,7,2.26
"2021-08-01 00:00:00+05:30",5,310,10,3.23
"2021-08-01 00:00:00+05:30",6,310,6,1.94
"2021-08-01 00:00:00+05:30",7,310,7,2.26
"2021-08-01 00:00:00+05:30",8,310,4,1.29
"2021-08-01 00:00:00+05:30",9,310,8,2.58
"2021-08-01 00:00:00+05:30",10,310,13,4.19
"2021-08-01 00:00:00+05:30",11,310,5,1.61
"2021-08-01 00:00:00+05:30",12,310,7,2.26
"2021-08-01 00:00:00+05:30",13,310,5,1.61
"2021-08-01 00:00:00+05:30",14,310,7,2.26
"2021-08-01 00:00:00+05:30",15,310,16,5.16
"2021-08-01 00:00:00+05:30",16,310,12,3.87
"2021-08-01 00:00:00+05:30",17,310,11,3.55
"2021-08-01 00:00:00+05:30",18,310,5,1.61
"2021-08-01 00:00:00+05:30",19,310,9,2.90
"2021-08-01 00:00:00+05:30",20,310,5,1.61
"2021-08-01 00:00:00+05:30",21,310,5,1.61
"2021-08-01 00:00:00+05:30",22,310,8,2.58
"2021-08-01 00:00:00+05:30",23,310,5,1.61
"2021-08-01 00:00:00+05:30",24,310,6,1.94
"2021-08-01 00:00:00+05:30",25,310,1,0.32
"2021-08-01 00:00:00+05:30",26,310,8,2.58
"2021-08-01 00:00:00+05:30",27,310,5,1.61
"2021-08-01 00:00:00+05:30",28,310,8,2.58
"2021-08-01 00:00:00+05:30",29,310,10,3.23
"2021-08-01 00:00:00+05:30",30,310,9,2.90
"2021-08-01 00:00:00+05:30",31,310,2,0.65
"2021-08-01 00:00:00+05:30",32,310,9,2.90
"2021-08-01 00:00:00+05:30",33,310,9,2.90
"2021-08-01 00:00:00+05:30",34,310,5,1.61
"2021-08-01 00:00:00+05:30",35,310,8,2.58
"2021-08-01 00:00:00+05:30",36,310,10,3.23
"2021-08-01 00:00:00+05:30",37,310,12,3.87
"2021-08-01 00:00:00+05:30",38,310,7,2.26
"2021-08-01 00:00:00+05:30",39,310,4,1.29
"2021-08-01 00:00:00+05:30",40,310,5,1.61
"2021-08-01 00:00:00+05:30",41,310,5,1.61
"2021-08-01 00:00:00+05:30",42,310,6,1.94
"2021-08-01 00:00:00+05:30",43,310,3,0.97
"2021-08-01 00:00:00+05:30",44,310,12,3.87
"2021-08-01 00:00:00+05:30",45,310,10,3.23
"2021-08-01 00:00:00+05:30",46,310,7,2.26
"2021-08-01 00:00:00+05:30",47,310,8,2.58
"2021-08-01 00:00:00+05:30",48,310,8,2.58
"2021-08-01 00:00:00+05:30",49,310,9,2.90
"2021-08-01 00:00:00+05:30",50,310,10,3.23
"2021-09-01 00:00:00+05:30",0,298,298,100.00
"2021-09-01 00:00:00+05:30",1,298,11,3.69
"2021-09-01 00:00:00+05:30",2,298,10,3.36
"2021-09-01 00:00:00+05:30",3,298,11,3.69
"2021-09-01 00:00:00+05:30",4,298,4,1.34
"2021-09-01 00:00:00+05:30",5,298,11,3.69
"2021-09-01 00:00:00+05:30",6,298,7,2.35
"2021-09-01 00:00:00+05:30",7,298,7,2.35
"2021-09-01 00:00:00+05:30",8,298,7,2.35
"2021-09-01 00:00:00+05:30",9,298,8,2.68
"2021-09-01 00:00:00+05:30",10,298,4,1.34
"2021-09-01 00:00:00+05:30",11,298,8,2.68
"2021-09-01 00:00:00+05:30",12,298,5,1.68
"2021-09-01 00:00:00+05:30",13,298,2,0.67
"2021-09-01 00:00:00+05:30",14,298,4,1.34
"2021-09-01 00:00:00+05:30",15,298,4,1.34
"2021-09-01 00:00:00+05:30",16,298,3,1.01
"2021-09-01 00:00:00+05:30",17,298,6,2.01
"2021-09-01 00:00:00+05:30",18,298,6,2.01
"2021-09-01 00:00:00+05:30",19,298,5,1.68
"2021-09-01 00:00:00+05:30",20,298,15,5.03
"2021-09-01 00:00:00+05:30",21,298,6,2.01
"2021-09-01 00:00:00+05:30",22,298,9,3.02
"2021-09-01 00:00:00+05:30",23,298,3,1.01
"2021-09-01 00:00:00+05:30",24,298,4,1.34
"2021-09-01 00:00:00+05:30",25,298,7,2.35
"2021-09-01 00:00:00+05:30",26,298,5,1.68
"2021-09-01 00:00:00+05:30",27,298,9,3.02
"2021-09-01 00:00:00+05:30",28,298,7,2.35
"2021-09-01 00:00:00+05:30",29,298,7,2.35
"2021-09-01 00:00:00+05:30",30,298,6,2.01
"2021-09-01 00:00:00+05:30",31,298,6,2.01
"2021-09-01 00:00:00+05:30",32,298,8,2.68
"2021-09-01 00:00:00+05:30",33,298,8,2.68
"2021-09-01 00:00:00+05:30",34,298,4,1.34
"2021-09-01 00:00:00+05:30",35,298,3,1.01
"2021-09-01 00:00:00+05:30",36,298,9,3.02
"2021-09-01 00:00:00+05:30",37,298,8,2.68
"2021-09-01 00:00:00+05:30",38,298,6,2.01
"2021-09-01 00:00:00+05:30",39,298,10,3.36
"2021-09-01 00:00:00+05:30",40,298,7,2.35
"2021-09-01 00:00:00+05:30",41,298,8,2.68
"2021-09-01 00:00:00+05:30",42,298,8,2.68
"2021-09-01 00:00:00+05:30",43,298,12,4.03
"2021-09-01 00:00:00+05:30",44,298,4,1.34
"2021-09-01 00:00:00+05:30",45,298,9,3.02
"2021-09-01 00:00:00+05:30",46,298,4,1.34
"2021-09-01 00:00:00+05:30",47,298,10,3.36
"2021-09-01 00:00:00+05:30",48,298,6,2.01
"2021-09-01 00:00:00+05:30",49,298,3,1.01
"2021-10-01 00:00:00+05:30",0,299,299,100.00
"2021-10-01 00:00:00+05:30",1,299,6,2.01
"2021-10-01 00:00:00+05:30",2,299,8,2.68
"2021-10-01 00:00:00+05:30",3,299,6,2.01
"2021-10-01 00:00:00+05:30",4,299,4,1.34
"2021-10-01 00:00:00+05:30",5,299,10,3.34
"2021-10-01 00:00:00+05:30",6,299,5,1.67
"2021-10-01 00:00:00+05:30",7,299,6,2.01
"2021-10-01 00:00:00+05:30",8,299,8,2.68
"2021-10-01 00:00:00+05:30",9,299,10,3.34
"2021-10-01 00:00:00+05:30",10,299,5,1.67
"2021-10-01 00:00:00+05:30",11,299,3,1.00
"2021-10-01 00:00:00+05:30",12,299,9,3.01
"2021-10-01 00:00:00+05:30",13,299,6,2.01
"2021-10-01 00:00:00+05:30",14,299,7,2.34
"2021-10-01 00:00:00+05:30",15,299,2,0.67
"2021-10-01 00:00:00+05:30",16,299,7,2.34
"2021-10-01 00:00:00+05:30",17,299,9,3.01
"2021-10-01 00:00:00+05:30",18,299,4,1.34
"2021-10-01 00:00:00+05:30",19,299,5,1.67
"2021-10-01 00:00:00+05:30",20,299,7,2.34
"2021-10-01 00:00:00+05:30",21,299,8,2.68
"2021-10-01 00:00:00+05:30",22,299,5,1.67
"2021-10-01 00:00:00+05:30",23,299,5,1.67
"2021-10-01 00:00:00+05:30",24,299,6,2.01
"2021-10-01 00:00:00+05:30",25,299,9,3.01
"2021-10-01 00:00:00+05:30",26,299,6,2.01
"2021-10-01 00:00:00+05:30",27,299,6,2.01
"2021-10-01 00:00:00+05:30",28,299,8,2.68
"2021-10-01 00:00:00+05:30",29,299,4,1.34
"2021-10-01 00:00:00+05:30",30,299,6,2.01
"2021-10-01 00:00:00+05:30",31,299,9,3.01
"2021-10-01 00:00:00+05:30",32,299,8,2.68
"2021-10-01 00:00:00+05:30",33,299,7,2.34
"2021-10-01 00:00:00+05:30",34,299,6,2.01
"2021-10-01 00:00:00+05:30",35,299,10,3.34
"2021-10-01 00:00:00+05:30",36,299,9,3.01
"2021-10-01 00:00:00+05:30",37,299,9,3.01
"2021-10-01 00:00:00+05:30",38,299,8,2.68
"2021-10-01 00:00:00+05:30",39,299,10,3.34
"2021-10-01 00:00:00+05:30",40,299,8,2.68
"2021-10-01 00:00:00+05:30",41,299,8,2.68
"2021-10-01 00:00:00+05:30",42,299,5,1.67
"2021-10-01 00:00:00+05:30",43,299,8,2.68
"2021-10-01 00:00:00+05:30",44,299,7,2.34
"2021-10-01 00:00:00+05:30",45,299,7,2.34
"2021-10-01 00:00:00+05:30",46,299,8,2.68
"2021-10-01 00:00:00+05:30",47,299,3,1.00
"2021-10-01 00:00:00+05:30",48,299,7,2.34
"2021-11-01 00:00:00+05:30",0,298,298,100.00
"2021-11-01 00:00:00+05:30",1,298,5,1.68
"2021-11-01 00:00:00+05:30",2,298,10,3.36
"2021-11-01 00:00:00+05:30",3,298,6,2.01
"2021-11-01 00:00:00+05:30",4,298,4,1.34
"2021-11-01 00:00:00+05:30",5,298,3,1.01
"2021-11-01 00:00:00+05:30",6,298,6,2.01
"2021-11-01 00:00:00+05:30",7,298,6,2.01
"2021-11-01 00:00:00+05:30",8,298,10,3.36
"2021-11-01 00:00:00+05:30",9,298,5,1.68
"2021-11-01 00:00:00+05:30",10,298,4,1.34
"2021-11-01 00:00:00+05:30",11,298,8,2.68
"2021-11-01 00:00:00+05:30",12,298,8,2.68
"2021-11-01 00:00:00+05:30",13,298,7,2.35
"2021-11-01 00:00:00+05:30",14,298,10,3.36
"2021-11-01 00:00:00+05:30",15,298,7,2.35
"2021-11-01 00:00:00+05:30",16,298,6,2.01
"2021-11-01 00:00:00+05:30",17,298,8,2.68
"2021-11-01 00:00:00+05:30",18,298,5,1.68
"2021-11-01 00:00:00+05:30",19,298,13,4.36
"2021-11-01 00:00:00+05:30",20,298,4,1.34
"2021-11-01 00:00:00+05:30",21,298,13,4.36
"2021-11-01 00:00:00+05:30",22,298,7,2.35
"2021-11-01 00:00:00+05:30",23,298,7,2.35
"2021-11-01 00:00:00+05:30",24,298,5,1.68
"2021-11-01 00:00:00+05:30",25,298,8,2.68
"2021-11-01 00:00:00+05:30",26,298,6,2.01
"2021-11-01 00:00:00+05:30",27,298,6,2.01
"2021-11-01 00:00:00+05:30",28,298,7,2.35
"2021-11-01 00:00:00+05:30",29,298,4,1.34
"2021-11-01 00:00:00+05:30",30,298,5,1.68
"2021-11-01 00:00:00+05:30",31,298,7,2.35
"2021-11-01 00:00:00+05:30",32,298,6,2.01
"2021-11-01 00:00:00+05:30",33,298,3,1.01
"2021-11-01 00:00:00+05:30",34,298,6,2.01
"2021-11-01 00:00:00+05:30",35,298,8,2.68
"2021-11-01 00:00:00+05:30",36,298,13,4.36
"2021-11-01 00:00:00+05:30",37,298,3,1.01
"2021-11-01 00:00:00+05:30",38,298,13,4.36
"2021-11-01 00:00:00+05:30",39,298,7,2.35
"2021-11-01 00:00:00+05:30",40,298,11,3.69
"2021-11-01 00:00:00+05:30",41,298,8,2.68
"2021-11-01 00:00:00+05:30",42,298,7,2.35
"2021-11-01 00:00:00+05:30",43,298,7,2.35
"2021-11-01 00:00:00+05:30",44,298,8,2.68
"2021-11-01 00:00:00+05:30",45,298,8,2.68
"2021-11-01 00:00:00+05:30",46,298,6,2.01
"2021-11-01 00:00:00+05:30",47,298,5,1.68
"2021-12-01 00:00:00+05:30",0,283,283,100.00
"2021-12-01 00:00:00+05:30",1,283,5,1.77
"2021-12-01 00:00:00+05:30",2,283,10,3.53
"2021-12-01 00:00:00+05:30",3,283,4,1.41
"2021-12-01 00:00:00+05:30",4,283,8,2.83
"2021-12-01 00:00:00+05:30",5,283,4,1.41
"2021-12-01 00:00:00+05:30",6,283,2,0.71
"2021-12-01 00:00:00+05:30",7,283,5,1.77
"2021-12-01 00:00:00+05:30",8,283,7,2.47
"2021-12-01 00:00:00+05:30",9,283,9,3.18
"2021-12-01 00:00:00+05:30",10,283,3,1.06
"2021-12-01 00:00:00+05:30",11,283,9,3.18
"2021-12-01 00:00:00+05:30",12,283,7,2.47
"2021-12-01 00:00:00+05:30",13,283,8,2.83
"2021-12-01 00:00:00+05:30",14,283,6,2.12
"2021-12-01 00:00:00+05:30",15,283,6,2.12
"2021-12-01 00:00:00+05:30",16,283,3,1.06
"2021-12-01 00:00:00+05:30",17,283,1,0.35
"2021-12-01 00:00:00+05:30",18,283,5,1.77
"2021-12-01 00:00:00+05:30",19,283,5,1.77
"2021-12-01 00:00:00+05:30",20,283,14,4.95
"2021-12-01 00:00:00+05:30",21,283,7,2.47
"2021-12-01 00:00:00+05:30",22,283,5,1.77
"2021-12-01 00:00:00+05:30",23,283,4,1.41
"2021-12-01 00:00:00+05:30",24,283,6,2.12
"2021-12-01 00:00:00+05:30",25,283,5,1.77
"2021-12-01 00:00:00+05:30",26,283,4,1.41
"2021-12-01 00:00:00+05:30",27,283,9,3.18
"2021-12-01 00:00:00+05:30",28,283,5,1.77
"2021-12-01 00:00:00+05:30",29,283,11,3.89
"2021-12-01 00:00:00+05:30",30,283,8,2.83
"2021-12-01 00:00:00+05:30",31,283,10,3.53
"2021-12-01 00:00:00+05:30",32,283,7,2.47
"2021-12-01 00:00:00+05:30",33,283,4,1.41
"2021-12-01 00:00:00+05:30",34,283,8,2.83
"2021-12-01 00:00:00+05:30",35,283,6,2.12
"2021-12-01 00:00:00+05:30",36,283,5,1.77
"2021-12-01 00:00:00+05:30",37,283,5,1.77
"2021-12-01 00:00:00+05:30",38,283,9,3.18
"2021-12-01 00:00:00+05:30",39,283,11,3.89
"2021-12-01 00:00:00+05:30",40,283,4,1.41
"2021-12-01 00:00:00+05:30",41,283,5,1.77
"2021-12-01 00:00:00+05:30",42,283,2,0.71
"2021-12-01 00:00:00+05:30",43,283,1,0.35
"2021-12-01 00:00:00+05:30",44,283,8,2.83
"2021-12-01 00:00:00+05:30",45,283,10,3.53
"2021-12-01 00:00:00+05:30",46,283,8,2.83
"2022-01-01 00:00:00+05:30",0,280,280,100.00
"2022-01-01 00:00:00+05:30",1,280,3,1.07
"2022-01-01 00:00:00+05:30",2,280,4,1.43
"2022-01-01 00:00:00+05:30",3,280,8,2.86
"2022-01-01 00:00:00+05:30",4,280,8,2.86
"2022-01-01 00:00:00+05:30",5,280,3,1.07
"2022-01-01 00:00:00+05:30",6,280,11,3.93
"2022-01-01 00:00:00+05:30",7,280,5,1.79
"2022-01-01 00:00:00+05:30",8,280,8,2.86
"2022-01-01 00:00:00+05:30",9,280,6,2.14
"2022-01-01 00:00:00+05:30",10,280,5,1.79
"2022-01-01 00:00:00+05:30",11,280,6,2.14
"2022-01-01 00:00:00+05:30",12,280,8,2.86
"2022-01-01 00:00:00+05:30",13,280,3,1.07
"2022-01-01 00:00:00+05:30",14,280,9,3.21
"2022-01-01 00:00:00+05:30",15,280,5,1.79
"2022-01-01 00:00:00+05:30",16,280,5,1.79
"2022-01-01 00:00:00+05:30",17,280,3,1.07
"2022-01-01 00:00:00+05:30",18,280,11,3.93
"2022-01-01 00:00:00+05:30",19,280,3,1.07
"2022-01-01 00:00:00+05:30",20,280,7,2.50
"2022-01-01 00:00:00+05:30",21,280,5,1.79
"2022-01-01 00:00:00+05:30",22,280,4,1.43
"2022-01-01 00:00:00+05:30",23,280,5,1.79
"2022-01-01 00:00:00+05:30",24,280,4,1.43
"2022-01-01 00:00:00+05:30",25,280,8,2.86
"2022-01-01 00:00:00+05:30",26,280,7,2.50
"2022-01-01 00:00:00+05:30",27,280,8,2.86
"2022-01-01 00:00:00+05:30",28,280,12,4.29
"2022-01-01 00:00:00+05:30",29,280,7,2.50
"2022-01-01 00:00:00+05:30",30,280,8,2.86
"2022-01-01 00:00:00+05:30",31,280,6,2.14
"2022-01-01 00:00:00+05:30",32,280,7,2.50
"2022-01-01 00:00:00+05:30",33,280,7,2.50
"2022-01-01 00:00:00+05:30",34,280,9,3.21
"2022-01-01 00:00:00+05:30",35,280,7,2.50
"2022-01-01 00:00:00+05:30",36,280,8,2.86
"2022-01-01 00:00:00+05:30",37,280,3,1.07
"2022-01-01 00:00:00+05:30",38,280,11,3.93
"2022-01-01 00:00:00+05:30",39,280,6,2.14
"2022-01-01 00:00:00+05:30",40,280,6,2.14
"2022-01-01 00:00:00+05:30",41,280,8,2.86
"2022-01-01 00:00:00+05:30",42,280,11,3.93
"2022-01-01 00:00:00+05:30",43,280,16,5.71
"2022-01-01 00:00:00+05:30",44,280,16,5.71
"2022-01-01 00:00:00+05:30",45,280,6,2.14
"2022-02-01 00:00:00+05:30",0,234,234,100.00
"2022-02-01 00:00:00+05:30",1,234,3,1.28
"2022-02-01 00:00:00+05:30",2,234,3,1.28
"2022-02-01 00:00:00+05:30",3,234,10,4.27
"2022-02-01 00:00:00+05:30",4,234,7,2.99
"2022-02-01 00:00:00+05:30",5,234,2,0.85
"2022-02-01 00:00:00+05:30",6,234,5,2.14
"2022-02-01 00:00:00+05:30",7,234,3,1.28
"2022-02-01 00:00:00+05:30",8,234,4,1.71
"2022-02-01 00:00:00+05:30",9,234,9,3.85
"2022-02-01 00:00:00+05:30",10,234,3,1.28
"2022-02-01 00:00:00+05:30",11,234,6,2.56
"2022-02-01 00:00:00+05:30",12,234,4,1.71
"2022-02-01 00:00:00+05:30",13,234,6,2.56
"2022-02-01 00:00:00+05:30",14,234,7,2.99
"2022-02-01 00:00:00+05:30",15,234,3,1.28
"2022-02-01 00:00:00+05:30",16,234,6,2.56
"2022-02-01 00:00:00+05:30",17,234,6,2.56
"2022-02-01 00:00:00+05:30",18,234,10,4.27
"2022-02-01 00:00:00+05:30",19,234,11,4.70
"2022-02-01 00:00:00+05:30",20,234,7,2.99
"2022-02-01 00:00:00+05:30",21,234,5,2.14
"2022-02-01 00:00:00+05:30",22,234,5,2.14
"2022-02-01 00:00:00+05:30",23,234,5,2.14
"2022-02-01 00:00:00+05:30",24,234,10,4.27
"2022-02-01 00:00:00+05:30",25,234,1,0.43
"2022-02-01 00:00:00+05:30",26,234,3,1.28
"2022-02-01 00:00:00+05:30",27,234,4,1.71
"2022-02-01 00:00:00+05:30",28,234,9,3.85
"2022-02-01 00:00:00+05:30",29,234,1,0.43
"2022-02-01 00:00:00+05:30",30,234,3,1.28
"2022-02-01 00:00:00+05:30",31,234,1,0.43
"2022-02-01 00:00:00+05:30",32,234,4,1.71
"2022-02-01 00:00:00+05:30",33,234,3,1.28
"2022-02-01 00:00:00+05:30",34,234,8,3.42
"2022-02-01 00:00:00+05:30",35,234,3,1.28
"2022-02-01 00:00:00+05:30",36,234,7,2.99
"2022-02-01 00:00:00+05:30",37,234,5,2.14
"2022-02-01 00:00:00+05:30",38,234,5,2.14
"2022-02-01 00:00:00+05:30",39,234,4,1.71
"2022-02-01 00:00:00+05:30",40,234,6,2.56
"2022-02-01 00:00:00+05:30",41,234,9,3.85
"2022-02-01 00:00:00+05:30",42,234,6,2.56
"2022-02-01 00:00:00+05:30",43,234,5,2.14
"2022-02-01 00:00:00+05:30",44,234,12,5.13
"2022-03-01 00:00:00+05:30",0,273,273,100.00
"2022-03-01 00:00:00+05:30",1,273,6,2.20
"2022-03-01 00:00:00+05:30",2,273,11,4.03
"2022-03-01 00:00:00+05:30",3,273,5,1.83
"2022-03-01 00:00:00+05:30",4,273,10,3.66
"2022-03-01 00:00:00+05:30",5,273,10,3.66
"2022-03-01 00:00:00+05:30",6,273,5,1.83
"2022-03-01 00:00:00+05:30",7,273,9,3.30
"2022-03-01 00:00:00+05:30",8,273,11,4.03
"2022-03-01 00:00:00+05:30",9,273,7,2.56
"2022-03-01 00:00:00+05:30",10,273,7,2.56
"2022-03-01 00:00:00+05:30",11,273,4,1.47
"2022-03-01 00:00:00+05:30",12,273,10,3.66
"2022-03-01 00:00:00+05:30",13,273,3,1.10
"2022-03-01 00:00:00+05:30",14,273,6,2.20
"2022-03-01 00:00:00+05:30",15,273,7,2.56
"2022-03-01 00:00:00+05:30",16,273,2,0.73
"2022-03-01 00:00:00+05:30",17,273,8,2.93
"2022-03-01 00:00:00+05:30",18,273,6,2.20
"2022-03-01 00:00:00+05:30",19,273,9,3.30
"2022-03-01 00:00:00+05:30",20,273,13,4.76
"2022-03-01 00:00:00+05:30",21,273,5,1.83
"2022-03-01 00:00:00+05:30",22,273,10,3.66
"2022-03-01 00:00:00+05:30",23,273,3,1.10
"2022-03-01 00:00:00+05:30",24,273,4,1.47
"2022-03-01 00:00:00+05:30",25,273,7,2.56
"2022-03-01 00:00:00+05:30",26,273,5,1.83
"2022-03-01 00:00:00+05:30",27,273,8,2.93
"2022-03-01 00:00:00+05:30",28,273,5,1.83
"2022-03-01 00:00:00+05:30",29,273,6,2.20
"2022-03-01 00:00:00+05:30",30,273,13,4.76
"2022-03-01 00:00:00+05:30",31,273,9,3.30
"2022-03-01 00:00:00+05:30",32,273,4,1.47
"2022-03-01 00:00:00+05:30",33,273,6,2.20
"2022-03-01 00:00:00+05:30",34,273,9,3.30
"2022-03-01 00:00:00+05:30",35,273,5,1.83
"2022-03-01 00:00:00+05:30",36,273,2,0.73
"2022-03-01 00:00:00+05:30",37,273,11,4.03
"2022-03-01 00:00:00+05:30",38,273,4,1.47
"2022-03-01 00:00:00+05:30",39,273,12,4.40
"2022-03-01 00:00:00+05:30",40,273,2,0.73
"2022-03-01 00:00:00+05:30",41,273,9,3.30
"2022-03-01 00:00:00+05:30",42,273,11,4.03
"2022-03-01 00:00:00+05:30",43,273,9,3.30
"2022-04-01 00:00:00+05:30",0,240,240,100.00
"2022-04-01 00:00:00+05:30",1,240,1,0.42
"2022-04-01 00:00:00+05:30",2,240,5,2.08
"2022-04-01 00:00:00+05:30",3,240,4,1.67
"2022-04-01 00:00:00+05:30",4,240,3,1.25
"2022-04-01 00:00:00+05:30",5,240,7,2.92
"2022-04-01 00:00:00+05:30",6,240,4,1.67
"2022-04-01 00:00:00+05:30",7,240,7,2.92
"2022-04-01 00:00:00+05:30",9,240,6,2.50
"2022-04-01 00:00:00+05:30",10,240,7,2.92
"2022-04-01 00:00:00+05:30",11,240,6,2.50
"2022-04-01 00:00:00+05:30",12,240,7,2.92
"2022-04-01 00:00:00+05:30",13,240,3,1.25
"2022-04-01 00:00:00+05:30",14,240,6,2.50
"2022-04-01 00:00:00+05:30",15,240,5,2.08
"2022-04-01 00:00:00+05:30",16,240,8,3.33
"2022-04-01 00:00:00+05:30",17,240,6,2.50
"2022-04-01 00:00:00+05:30",18,240,5,2.08
"2022-04-01 00:00:00+05:30",19,240,6,2.50
"2022-04-01 00:00:00+05:30",20,240,3,1.25
"2022-04-01 00:00:00+05:30",21,240,3,1.25
"2022-04-01 00:00:00+05:30",22,240,1,0.42
"2022-04-01 00:00:00+05:30",23,240,3,1.25
"2022-04-01 00:00:00+05:30",24,240,4,1.67
"2022-04-01 00:00:00+05:30",25,240,5,2.08
"2022-04-01 00:00:00+05:30",26,240,9,3.75
"2022-04-01 00:00:00+05:30",27,240,7,2.92
"2022-04-01 00:00:00+05:30",28,240,3,1.25
"2022-04-01 00:00:00+05:30",29,240,8,3.33
"2022-04-01 00:00:00+05:30",30,240,1,0.42
"2022-04-01 00:00:00+05:30",31,240,10,4.17
"2022-04-01 00:00:00+05:30",32,240,5,2.08
"2022-04-01 00:00:00+05:30",33,240,9,3.75
"2022-04-01 00:00:00+05:30",34,240,2,0.83
"2022-04-01 00:00:00+05:30",35,240,6,2.50
"2022-04-01 00:00:00+05:30",36,240,4,1.67
"2022-04-01 00:00:00+05:30",37,240,4,1.67
"2022-04-01 00:00:00+05:30",38,240,5,2.08
"2022-04-01 00:00:00+05:30",39,240,7,2.92
"2022-04-01 00:00:00+05:30",40,240,3,1.25
"2022-04-01 00:00:00+05:30",41,240,3,1.25
"2022-04-01 00:00:00+05:30",42,240,5,2.08
"2022-05-01 00:00:00+05:30",0,232,232,100.00
"2022-05-01 00:00:00+05:30",1,232,6,2.59
"2022-05-01 00:00:00+05:30",2,232,3,1.29
"2022-05-01 00:00:00+05:30",3,232,5,2.16
"2022-05-01 00:00:00+05:30",4,232,6,2.59
"2022-05-01 00:00:00+05:30",5,232,1,0.43
"2022-05-01 00:00:00+05:30",6,232,5,2.16
"2022-05-01 00:00:00+05:30",7,232,8,3.45
"2022-05-01 00:00:00+05:30",8,232,6,2.59
"2022-05-01 00:00:00+05:30",9,232,6,2.59
"2022-05-01 00:00:00+05:30",10,232,6,2.59
"2022-05-01 00:00:00+05:30",11,232,5,2.16
"2022-05-01 00:00:00+05:30",12,232,2,0.86
"2022-05-01 00:00:00+05:30",13,232,2,0.86
"2022-05-01 00:00:00+05:30",14,232,10,4.31
"2022-05-01 00:00:00+05:30",15,232,5,2.16
"2022-05-01 00:00:00+05:30",16,232,8,3.45
"2022-05-01 00:00:00+05:30",17,232,9,3.88
"2022-05-01 00:00:00+05:30",18,232,6,2.59
"2022-05-01 00:00:00+05:30",19,232,6,2.59
"2022-05-01 00:00:00+05:30",20,232,4,1.72
"2022-05-01 00:00:00+05:30",21,232,7,3.02
"2022-05-01 00:00:00+05:30",22,232,7,3.02
"2022-05-01 00:00:00+05:30",23,232,11,4.74
"2022-05-01 00:00:00+05:30",24,232,4,1.72
"2022-05-01 00:00:00+05:30",25,232,6,2.59
"2022-05-01 00:00:00+05:30",26,232,8,3.45
"2022-05-01 00:00:00+05:30",27,232,8,3.45
"2022-05-01 00:00:00+05:30",28,232,3,1.29
"2022-05-01 00:00:00+05:30",29,232,3,1.29
"2022-05-01 00:00:00+05:30",30,232,3,1.29
"2022-05-01 00:00:00+05:30",31,232,6,2.59
"2022-05-01 00:00:00+05:30",32,232,6,2.59
"2022-05-01 00:00:00+05:30",33,232,7,3.02
"2022-05-01 00:00:00+05:30",34,232,4,1.72
"2022-05-01 00:00:00+05:30",35,232,4,1.72
"2022-05-01 00:00:00+05:30",36,232,3,1.29
"2022-05-01 00:00:00+05:30",37,232,3,1.29
"2022-05-01 00:00:00+05:30",38,232,7,3.02
"2022-05-01 00:00:00+05:30",39,232,5,2.16
"2022-05-01 00:00:00+05:30",40,232,8,3.45
"2022-05-01 00:00:00+05:30",41,232,4,1.72
"2022-06-01 00:00:00+05:30",0,214,214,100.00
"2022-06-01 00:00:00+05:30",1,214,6,2.80
"2022-06-01 00:00:00+05:30",2,214,8,3.74
"2022-06-01 00:00:00+05:30",3,214,7,3.27
"2022-06-01 00:00:00+05:30",4,214,3,1.40
"2022-06-01 00:00:00+05:30",5,214,8,3.74
"2022-06-01 00:00:00+05:30",6,214,4,1.87
"2022-06-01 00:00:00+05:30",7,214,9,4.21
"2022-06-01 00:00:00+05:30",8,214,4,1.87
"2022-06-01 00:00:00+05:30",9,214,4,1.87
"2022-06-01 00:00:00+05:30",10,214,7,3.27
"2022-06-01 00:00:00+05:30",11,214,6,2.80
"2022-06-01 00:00:00+05:30",12,214,4,1.87
"2022-06-01 00:00:00+05:30",13,214,10,4.67
"2022-06-01 00:00:00+05:30",14,214,6,2.80
"2022-06-01 00:00:00+05:30",15,214,5,2.34
"2022-06-01 00:00:00+05:30",16,214,7,3.27
"2022-06-01 00:00:00+05:30",17,214,4,1.87
"2022-06-01 00:00:00+05:30",18,214,4,1.87
"2022-06-01 00:00:00+05:30",19,214,7,3.27
"2022-06-01 00:00:00+05:30",20,214,7,3.27
"2022-06-01 00:00:00+05:30",21,214,4,1.87
"2022-06-01 00:00:00+05:30",22,214,6,2.80
"2022-06-01 00:00:00+05:30",23,214,7,3.27
"2022-06-01 00:00:00+05:30",24,214,7,3.27
"2022-06-01 00:00:00+05:30",25,214,4,1.87
"2022-06-01 00:00:00+05:30",26,214,5,2.34
"2022-06-01 00:00:00+05:30",27,214,4,1.87
"2022-06-01 00:00:00+05:30",28,214,4,1.87
"2022-06-01 00:00:00+05:30",29,214,6,2.80
"2022-06-01 00:00:00+05:30",30,214,6,2.80
"2022-06-01 00:00:00+05:30",31,214,5,2.34
"2022-06-01 00:00:00+05:30",32,214,3,1.40
"2022-06-01 00:00:00+05:30",33,214,5,2.34
"2022-06-01 00:00:00+05:30",34,214,6,2.80
"2022-06-01 00:00:00+05:30",35,214,6,2.80
"2022-06-01 00:00:00+05:30",36,214,10,4.67
"2022-06-01 00:00:00+05:30",37,214,8,3.74
"2022-06-01 00:00:00+05:30",38,214,3,1.40
"2022-06-01 00:00:00+05:30",39,214,6,2.80
"2022-06-01 00:00:00+05:30",40,214,5,2.34
"2022-07-01 00:00:00+05:30",0,245,245,100.00
"2022-07-01 00:00:00+05:30",1,245,5,2.04
"2022-07-01 00:00:00+05:30",2,245,3,1.22
"2022-07-01 00:00:00+05:30",3,245,5,2.04
"2022-07-01 00:00:00+05:30",4,245,3,1.22
"2022-07-01 00:00:00+05:30",5,245,4,1.63
"2022-07-01 00:00:00+05:30",6,245,3,1.22
"2022-07-01 00:00:00+05:30",7,245,5,2.04
"2022-07-01 00:00:00+05:30",8,245,5,2.04
"2022-07-01 00:00:00+05:30",9,245,8,3.27
"2022-07-01 00:00:00+05:30",10,245,5,2.04
"2022-07-01 00:00:00+05:30",11,245,1,0.41
"2022-07-01 00:00:00+05:30",12,245,6,2.45
"2022-07-01 00:00:00+05:30",13,245,7,2.86
"2022-07-01 00:00:00+05:30",14,245,6,2.45
"2022-07-01 00:00:00+05:30",15,245,4,1.63
"2022-07-01 00:00:00+05:30",16,245,9,3.67
"2022-07-01 00:00:00+05:30",17,245,6,2.45
"2022-07-01 00:00:00+05:30",18,245,7,2.86
"2022-07-01 00:00:00+05:30",19,245,6,2.45
"2022-07-01 00:00:00+05:30",20,245,5,2.04
"2022-07-01 00:00:00+05:30",21,245,7,2.86
"2022-07-01 00:00:00+05:30",22,245,5,2.04
"2022-07-01 00:00:00+05:30",23,245,7,2.86
"2022-07-01 00:00:00+05:30",24,245,9,3.67
"2022-07-01 00:00:00+05:30",25,245,5,2.04
"2022-07-01 00:00:00+05:30",26,245,5,2.04
"2022-07-01 00:00:00+05:30",27,245,8,3.27
"2022-07-01 00:00:00+05:30",28,245,6,2.45
"2022-07-01 00:00:00+05:30",29,245,2,0.82
"2022-07-01 00:00:00+05:30",30,245,11,4.49
"2022-07-01 00:00:00+05:30",31,245,5,2.04
"2022-07-01 00:00:00+05:30",32,245,1,0.41
"2022-07-01 00:00:00+05:30",33,245,6,2.45
"2022-07-01 00:00:00+05:30",34,245,3,1.22
"2022-07-01 00:00:00+05:30",35,245,8,3.27
"2022-07-01 00:00:00+05:30",36,245,9,3.67
"2022-07-01 00:00:00+05:30",37,245,5,2.04
"2022-07-01 00:00:00+05:30",38,245,7,2.86
"2022-07-01 00:00:00+05:30",39,245,5,2.04
"2022-08-01 00:00:00+05:30",0,252,252,100.00
"2022-08-01 00:00:00+05:30",1,252,4,1.59
"2022-08-01 00:00:00+05:30",2,252,2,0.79
"2022-08-01 00:00:00+05:30",3,252,5,1.98
"2022-08-01 00:00:00+05:30",4,252,6,2.38
"2022-08-01 00:00:00+05:30",5,252,8,3.17
"2022-08-01 00:00:00+05:30",6,252,3,1.19
"2022-08-01 00:00:00+05:30",7,252,5,1.98
"2022-08-01 00:00:00+05:30",8,252,10,3.97
"2022-08-01 00:00:00+05:30",9,252,3,1.19
"2022-08-01 00:00:00+05:30",10,252,8,3.17
"2022-08-01 00:00:00+05:30",11,252,2,0.79
"2022-08-01 00:00:00+05:30",12,252,4,1.59
"2022-08-01 00:00:00+05:30",13,252,3,1.19
"2022-08-01 00:00:00+05:30",14,252,4,1.59
"2022-08-01 00:00:00+05:30",15,252,8,3.17
"2022-08-01 00:00:00+05:30",16,252,10,3.97
"2022-08-01 00:00:00+05:30",17,252,7,2.78
"2022-08-01 00:00:00+05:30",18,252,7,2.78
"2022-08-01 00:00:00+05:30",19,252,7,2.78
"2022-08-01 00:00:00+05:30",20,252,8,3.17
"2022-08-01 00:00:00+05:30",21,252,6,2.38
"2022-08-01 00:00:00+05:30",22,252,5,1.98
"2022-08-01 00:00:00+05:30",23,252,5,1.98
"2022-08-01 00:00:00+05:30",24,252,6,2.38
"2022-08-01 00:00:00+05:30",25,252,6,2.38
"2022-08-01 00:00:00+05:30",26,252,6,2.38
"2022-08-01 00:00:00+05:30",27,252,2,0.79
"2022-08-01 00:00:00+05:30",28,252,3,1.19
"2022-08-01 00:00:00+05:30",29,252,5,1.98
"2022-08-01 00:00:00+05:30",30,252,7,2.78
"2022-08-01 00:00:00+05:30",31,252,12,4.76
"2022-08-01 00:00:00+05:30",32,252,5,1.98
"2022-08-01 00:00:00+05:30",33,252,5,1.98
"2022-08-01 00:00:00+05:30",34,252,3,1.19
"2022-08-01 00:00:00+05:30",35,252,5,1.98
"2022-08-01 00:00:00+05:30",36,252,6,2.38
"2022-08-01 00:00:00+05:30",37,252,8,3.17
"2022-08-01 00:00:00+05:30",38,252,7,2.78
"2022-09-01 00:00:00+05:30",0,200,200,100.00
"2022-09-01 00:00:00+05:30",1,200,3,1.50
"2022-09-01 00:00:00+05:30",2,200,7,3.50
"2022-09-01 00:00:00+05:30",3,200,2,1.00
"2022-09-01 00:00:00+05:30",4,200,5,2.50
"2022-09-01 00:00:00+05:30",5,200,4,2.00
"2022-09-01 00:00:00+05:30",6,200,5,2.50
"2022-09-01 00:00:00+05:30",7,200,6,3.00
"2022-09-01 00:00:00+05:30",8,200,5,2.50
"2022-09-01 00:00:00+05:30",9,200,5,2.50
"2022-09-01 00:00:00+05:30",10,200,7,3.50
"2022-09-01 00:00:00+05:30",11,200,4,2.00
"2022-09-01 00:00:00+05:30",12,200,5,2.50
"2022-09-01 00:00:00+05:30",13,200,3,1.50
"2022-09-01 00:00:00+05:30",14,200,7,3.50
"2022-09-01 00:00:00+05:30",15,200,4,2.00
"2022-09-01 00:00:00+05:30",16,200,3,1.50
"2022-09-01 00:00:00+05:30",17,200,4,2.00
"2022-09-01 00:00:00+05:30",18,200,3,1.50
"2022-09-01 00:00:00+05:30",19,200,6,3.00
"2022-09-01 00:00:00+05:30",20,200,4,2.00
"2022-09-01 00:00:00+05:30",21,200,7,3.50
"2022-09-01 00:00:00+05:30",22,200,4,2.00
"2022-09-01 00:00:00+05:30",23,200,6,3.00
"2022-09-01 00:00:00+05:30",24,200,5,2.50
"2022-09-01 00:00:00+05:30",25,200,1,0.50
"2022-09-01 00:00:00+05:30",26,200,3,1.50
"2022-09-01 00:00:00+05:30",27,200,4,2.00
"2022-09-01 00:00:00+05:30",28,200,5,2.50
"2022-09-01 00:00:00+05:30",29,200,7,3.50
"2022-09-01 00:00:00+05:30",30,200,8,4.00
"2022-09-01 00:00:00+05:30",31,200,2,1.00
"2022-09-01 00:00:00+05:30",32,200,3,1.50
"2022-09-01 00:00:00+05:30",33,200,7,3.50
"2022-09-01 00:00:00+05:30",34,200,7,3.50
"2022-09-01 00:00:00+05:30",35,200,4,2.00
"2022-09-01 00:00:00+05:30",36,200,5,2.50
"2022-09-01 00:00:00+05:30",37,200,5,2.50
"2022-10-01 00:00:00+05:30",0,227,227,100.00
"2022-10-01 00:00:00+05:30",1,227,8,3.52
"2022-10-01 00:00:00+05:30",2,227,6,2.64
"2022-10-01 00:00:00+05:30",3,227,4,1.76
"2022-10-01 00:00:00+05:30",4,227,1,0.44
"2022-10-01 00:00:00+05:30",5,227,6,2.64
"2022-10-01 00:00:00+05:30",6,227,6,2.64
"2022-10-01 00:00:00+05:30",7,227,7,3.08
"2022-10-01 00:00:00+05:30",8,227,4,1.76
"2022-10-01 00:00:00+05:30",9,227,7,3.08
"2022-10-01 00:00:00+05:30",10,227,5,2.20
"2022-10-01 00:00:00+05:30",11,227,3,1.32
"2022-10-01 00:00:00+05:30",12,227,1,0.44
"2022-10-01 00:00:00+05:30",13,227,9,3.96
"2022-10-01 00:00:00+05:30",14,227,5,2.20
"2022-10-01 00:00:00+05:30",15,227,7,3.08
"2022-10-01 00:00:00+05:30",16,227,4,1.76
"2022-10-01 00:00:00+05:30",17,227,7,3.08
"2022-10-01 00:00:00+05:30",18,227,9,3.96
"2022-10-01 00:00:00+05:30",19,227,2,0.88
"2022-10-01 00:00:00+05:30",20,227,3,1.32
"2022-10-01 00:00:00+05:30",21,227,5,2.20
"2022-10-01 00:00:00+05:30",22,227,5,2.20
"2022-10-01 00:00:00+05:30",23,227,7,3.08
"2022-10-01 00:00:00+05:30",24,227,11,4.85
"2022-10-01 00:00:00+05:30",25,227,4,1.76
"2022-10-01 00:00:00+05:30",26,227,1,0.44
"2022-10-01 00:00:00+05:30",27,227,7,3.08
"2022-10-01 00:00:00+05:30",28,227,3,1.32
"2022-10-01 00:00:00+05:30",29,227,5,2.20
"2022-10-01 00:00:00+05:30",30,227,4,1.76
"2022-10-01 00:00:00+05:30",31,227,6,2.64
"2022-10-01 00:00:00+05:30",32,227,5,2.20
"2022-10-01 00:00:00+05:30",33,227,3,1.32
"2022-10-01 00:00:00+05:30",34,227,3,1.32
"2022-10-01 00:00:00+05:30",35,227,5,2.20
"2022-10-01 00:00:00+05:30",36,227,6,2.64
"2022-11-01 00:00:00+05:30",0,211,211,100.00
"2022-11-01 00:00:00+05:30",1,211,12,5.69
"2022-11-01 00:00:00+05:30",2,211,7,3.32
"2022-11-01 00:00:00+05:30",3,211,3,1.42
"2022-11-01 00:00:00+05:30",4,211,5,2.37
"2022-11-01 00:00:00+05:30",5,211,6,2.84
"2022-11-01 00:00:00+05:30",6,211,5,2.37
"2022-11-01 00:00:00+05:30",7,211,7,3.32
"2022-11-01 00:00:00+05:30",8,211,3,1.42
"2022-11-01 00:00:00+05:30",9,211,3,1.42
"2022-11-01 00:00:00+05:30",10,211,2,0.95
"2022-11-01 00:00:00+05:30",11,211,4,1.90
"2022-11-01 00:00:00+05:30",12,211,7,3.32
"2022-11-01 00:00:00+05:30",13,211,5,2.37
"2022-11-01 00:00:00+05:30",14,211,7,3.32
"2022-11-01 00:00:00+05:30",15,211,5,2.37
"2022-11-01 00:00:00+05:30",16,211,6,2.84
"2022-11-01 00:00:00+05:30",17,211,3,1.42
"2022-11-01 00:00:00+05:30",18,211,4,1.90
"2022-11-01 00:00:00+05:30",19,211,5,2.37
"2022-11-01 00:00:00+05:30",20,211,7,3.32
"2022-11-01 00:00:00+05:30",21,211,3,1.42
"2022-11-01 00:00:00+05:30",22,211,3,1.42
"2022-11-01 00:00:00+05:30",23,211,3,1.42
"2022-11-01 00:00:00+05:30",24,211,6,2.84
"2022-11-01 00:00:00+05:30",25,211,6,2.84
"2022-11-01 00:00:00+05:30",26,211,5,2.37
"2022-11-01 00:00:00+05:30",27,211,4,1.90
"2022-11-01 00:00:00+05:30",28,211,6,2.84
"2022-11-01 00:00:00+05:30",29,211,7,3.32
"2022-11-01 00:00:00+05:30",30,211,6,2.84
"2022-11-01 00:00:00+05:30",31,211,9,4.27
"2022-11-01 00:00:00+05:30",32,211,4,1.90
"2022-11-01 00:00:00+05:30",33,211,8,3.79
"2022-11-01 00:00:00+05:30",34,211,6,2.84
"2022-11-01 00:00:00+05:30",35,211,3,1.42
"2022-12-01 00:00:00+05:30",0,204,204,100.00
"2022-12-01 00:00:00+05:30",1,204,3,1.47
"2022-12-01 00:00:00+05:30",2,204,4,1.96
"2022-12-01 00:00:00+05:30",3,204,6,2.94
"2022-12-01 00:00:00+05:30",4,204,7,3.43
"2022-12-01 00:00:00+05:30",5,204,3,1.47
"2022-12-01 00:00:00+05:30",6,204,9,4.41
"2022-12-01 00:00:00+05:30",7,204,2,0.98
"2022-12-01 00:00:00+05:30",8,204,5,2.45
"2022-12-01 00:00:00+05:30",9,204,7,3.43
"2022-12-01 00:00:00+05:30",10,204,5,2.45
"2022-12-01 00:00:00+05:30",11,204,6,2.94
"2022-12-01 00:00:00+05:30",12,204,8,3.92
"2022-12-01 00:00:00+05:30",13,204,5,2.45
"2022-12-01 00:00:00+05:30",14,204,3,1.47
"2022-12-01 00:00:00+05:30",15,204,5,2.45
"2022-12-01 00:00:00+05:30",16,204,5,2.45
"2022-12-01 00:00:00+05:30",17,204,3,1.47
"2022-12-01 00:00:00+05:30",18,204,5,2.45
"2022-12-01 00:00:00+05:30",19,204,4,1.96
"2022-12-01 00:00:00+05:30",20,204,7,3.43
"2022-12-01 00:00:00+05:30",21,204,1,0.49
"2022-12-01 00:00:00+05:30",22,204,3,1.47
"2022-12-01 00:00:00+05:30",23,204,8,3.92
"2022-12-01 00:00:00+05:30",24,204,6,2.94
"2022-12-01 00:00:00+05:30",25,204,4,1.96
"2022-12-01 00:00:00+05:30",26,204,7,3.43
"2022-12-01 00:00:00+05:30",27,204,4,1.96
"2022-12-01 00:00:00+05:30",28,204,4,1.96
"2022-12-01 00:00:00+05:30",29,204,5,2.45
"2022-12-01 00:00:00+05:30",30,204,5,2.45
"2022-12-01 00:00:00+05:30",31,204,2,0.98
"2022-12-01 00:00:00+05:30",32,204,4,1.96
"2022-12-01 00:00:00+05:30",33,204,3,1.47
"2022-12-01 00:00:00+05:30",34,204,5,2.45
"2023-01-01 00:00:00+05:30",0,230,230,100.00
"2023-01-01 00:00:00+05:30",1,230,3,1.30
"2023-01-01 00:00:00+05:30",2,230,5,2.17
"2023-01-01 00:00:00+05:30",3,230,7,3.04
"2023-01-01 00:00:00+05:30",4,230,11,4.78
"2023-01-01 00:00:00+05:30",5,230,3,1.30
"2023-01-01 00:00:00+05:30",6,230,5,2.17
"2023-01-01 00:00:00+05:30",7,230,5,2.17
"2023-01-01 00:00:00+05:30",8,230,1,0.43
"2023-01-01 00:00:00+05:30",9,230,1,0.43
"2023-01-01 00:00:00+05:30",10,230,9,3.91
"2023-01-01 00:00:00+05:30",11,230,1,0.43
"2023-01-01 00:00:00+05:30",12,230,6,2.61
"2023-01-01 00:00:00+05:30",13,230,7,3.04
"2023-01-01 00:00:00+05:30",14,230,8,3.48
"2023-01-01 00:00:00+05:30",15,230,5,2.17
"2023-01-01 00:00:00+05:30",16,230,6,2.61
"2023-01-01 00:00:00+05:30",17,230,7,3.04
"2023-01-01 00:00:00+05:30",18,230,8,3.48
"2023-01-01 00:00:00+05:30",19,230,6,2.61
"2023-01-01 00:00:00+05:30",20,230,3,1.30
"2023-01-01 00:00:00+05:30",21,230,5,2.17
"2023-01-01 00:00:00+05:30",22,230,3,1.30
"2023-01-01 00:00:00+05:30",23,230,7,3.04
"2023-01-01 00:00:00+05:30",24,230,4,1.74
"2023-01-01 00:00:00+05:30",25,230,2,0.87
"2023-01-01 00:00:00+05:30",26,230,6,2.61
"2023-01-01 00:00:00+05:30",27,230,4,1.74
"2023-01-01 00:00:00+05:30",28,230,3,1.30
"2023-01-01 00:00:00+05:30",29,230,1,0.43
"2023-01-01 00:00:00+05:30",30,230,6,2.61
"2023-01-01 00:00:00+05:30",31,230,9,3.91
"2023-01-01 00:00:00+05:30",32,230,6,2.61
"2023-01-01 00:00:00+05:30",33,230,5,2.17
"2023-02-01 00:00:00+05:30",0,176,176,100.00
"2023-02-01 00:00:00+05:30",1,176,3,1.70
"2023-02-01 00:00:00+05:30",2,176,2,1.14
"2023-02-01 00:00:00+05:30",3,176,3,1.70
"2023-02-01 00:00:00+05:30",4,176,3,1.70
"2023-02-01 00:00:00+05:30",5,176,5,2.84
"2023-02-01 00:00:00+05:30",6,176,4,2.27
"2023-02-01 00:00:00+05:30",7,176,2,1.14
"2023-02-01 00:00:00+05:30",8,176,3,1.70
"2023-02-01 00:00:00+05:30",9,176,3,1.70
"2023-02-01 00:00:00+05:30",10,176,3,1.70
"2023-02-01 00:00:00+05:30",12,176,5,2.84
"2023-02-01 00:00:00+05:30",13,176,4,2.27
"2023-02-01 00:00:00+05:30",14,176,10,5.68
"2023-02-01 00:00:00+05:30",15,176,4,2.27
"2023-02-01 00:00:00+05:30",16,176,8,4.55
"2023-02-01 00:00:00+05:30",17,176,4,2.27
"2023-02-01 00:00:00+05:30",18,176,3,1.70
"2023-02-01 00:00:00+05:30",19,176,1,0.57
"2023-02-01 00:00:00+05:30",20,176,7,3.98
"2023-02-01 00:00:00+05:30",21,176,8,4.55
"2023-02-01 00:00:00+05:30",22,176,3,1.70
"2023-02-01 00:00:00+05:30",23,176,5,2.84
"2023-02-01 00:00:00+05:30",24,176,3,1.70
"2023-02-01 00:00:00+05:30",25,176,9,5.11
"2023-02-01 00:00:00+05:30",26,176,8,4.55
"2023-02-01 00:00:00+05:30",27,176,4,2.27
"2023-02-01 00:00:00+05:30",28,176,6,3.41
"2023-02-01 00:00:00+05:30",29,176,2,1.14
"2023-02-01 00:00:00+05:30",30,176,9,5.11
"2023-02-01 00:00:00+05:30",31,176,1,0.57
"2023-02-01 00:00:00+05:30",32,176,3,1.70
"2023-03-01 00:00:00+05:30",0,201,201,100.00
"2023-03-01 00:00:00+05:30",1,201,3,1.49
"2023-03-01 00:00:00+05:30",2,201,1,0.50
"2023-03-01 00:00:00+05:30",3,201,2,1.00
"2023-03-01 00:00:00+05:30",4,201,3,1.49
"2023-03-01 00:00:00+05:30",5,201,9,4.48
"2023-03-01 00:00:00+05:30",6,201,7,3.48
"2023-03-01 00:00:00+05:30",7,201,4,1.99
"2023-03-01 00:00:00+05:30",8,201,5,2.49
"2023-03-01 00:00:00+05:30",9,201,5,2.49
"2023-03-01 00:00:00+05:30",10,201,2,1.00
"2023-03-01 00:00:00+05:30",11,201,1,0.50
"2023-03-01 00:00:00+05:30",12,201,3,1.49
"2023-03-01 00:00:00+05:30",13,201,6,2.99
"2023-03-01 00:00:00+05:30",14,201,4,1.99
"2023-03-01 00:00:00+05:30",15,201,3,1.49
"2023-03-01 00:00:00+05:30",16,201,1,0.50
"2023-03-01 00:00:00+05:30",17,201,4,1.99
"2023-03-01 00:00:00+05:30",18,201,5,2.49
"2023-03-01 00:00:00+05:30",19,201,5,2.49
"2023-03-01 00:00:00+05:30",20,201,1,0.50
"2023-03-01 00:00:00+05:30",21,201,5,2.49
"2023-03-01 00:00:00+05:30",22,201,3,1.49
"2023-03-01 00:00:00+05:30",23,201,5,2.49
"2023-03-01 00:00:00+05:30",24,201,2,1.00
"2023-03-01 00:00:00+05:30",25,201,2,1.00
"2023-03-01 00:00:00+05:30",26,201,3,1.49
"2023-03-01 00:00:00+05:30",28,201,3,1.49
"2023-03-01 00:00:00+05:30",29,201,6,2.99
"2023-03-01 00:00:00+05:30",30,201,4,1.99
"2023-03-01 00:00:00+05:30",31,201,3,1.49
"2023-04-01 00:00:00+05:30",0,193,193,100.00
"2023-04-01 00:00:00+05:30",1,193,2,1.04
"2023-04-01 00:00:00+05:30",2,193,7,3.63
"2023-04-01 00:00:00+05:30",3,193,5,2.59
"2023-04-01 00:00:00+05:30",4,193,5,2.59
"2023-04-01 00:00:00+05:30",5,193,2,1.04
"2023-04-01 00:00:00+05:30",6,193,2,1.04
"2023-04-01 00:00:00+05:30",7,193,1,0.52
"2023-04-01 00:00:00+05:30",8,193,3,1.55
"2023-04-01 00:00:00+05:30",9,193,3,1.55
"2023-04-01 00:00:00+05:30",10,193,3,1.55
"2023-04-01 00:00:00+05:30",11,193,4,2.07
"2023-04-01 00:00:00+05:30",12,193,6,3.11
"2023-04-01 00:00:00+05:30",13,193,6,3.11
"2023-04-01 00:00:00+05:30",14,193,7,3.63
"2023-04-01 00:00:00+05:30",15,193,3,1.55
"2023-04-01 00:00:00+05:30",16,193,7,3.63
"2023-04-01 00:00:00+05:30",17,193,5,2.59
"2023-04-01 00:00:00+05:30",18,193,9,4.66
"2023-04-01 00:00:00+05:30",19,193,1,0.52
"2023-04-01 00:00:00+05:30",20,193,9,4.66
"2023-04-01 00:00:00+05:30",21,193,11,5.70
"2023-04-01 00:00:00+05:30",22,193,5,2.59
"2023-04-01 00:00:00+05:30",23,193,1,0.52
"2023-04-01 00:00:00+05:30",24,193,4,2.07
"2023-04-01 00:00:00+05:30",25,193,6,3.11
"2023-04-01 00:00:00+05:30",26,193,4,2.07
"2023-04-01 00:00:00+05:30",27,193,8,4.15
"2023-04-01 00:00:00+05:30",28,193,6,3.11
"2023-04-01 00:00:00+05:30",29,193,6,3.11
"2023-05-01 00:00:00+05:30",0,192,192,100.00
"2023-05-01 00:00:00+05:30",1,192,2,1.04
"2023-05-01 00:00:00+05:30",2,192,3,1.56
"2023-05-01 00:00:00+05:30",3,192,7,3.65
"2023-05-01 00:00:00+05:30",4,192,4,2.08
"2023-05-01 00:00:00+05:30",5,192,1,0.52
"2023-05-01 00:00:00+05:30",6,192,3,1.56
"2023-05-01 00:00:00+05:30",7,192,7,3.65
"2023-05-01 00:00:00+05:30",8,192,4,2.08
"2023-05-01 00:00:00+05:30",9,192,2,1.04
"2023-05-01 00:00:00+05:30",10,192,2,1.04
"2023-05-01 00:00:00+05:30",11,192,4,2.08
"2023-05-01 00:00:00+05:30",12,192,1,0.52
"2023-05-01 00:00:00+05:30",13,192,3,1.56
"2023-05-01 00:00:00+05:30",14,192,6,3.13
"2023-05-01 00:00:00+05:30",15,192,10,5.21
"2023-05-01 00:00:00+05:30",16,192,2,1.04
"2023-05-01 00:00:00+05:30",17,192,3,1.56
"2023-05-01 00:00:00+05:30",18,192,2,1.04
"2023-05-01 00:00:00+05:30",19,192,12,6.25
"2023-05-01 00:00:00+05:30",20,192,8,4.17
"2023-05-01 00:00:00+05:30",21,192,6,3.13
"2023-05-01 00:00:00+05:30",22,192,3,1.56
"2023-05-01 00:00:00+05:30",23,192,8,4.17
"2023-05-01 00:00:00+05:30",24,192,4,2.08
"2023-05-01 00:00:00+05:30",25,192,4,2.08
"2023-05-01 00:00:00+05:30",26,192,5,2.60
"2023-05-01 00:00:00+05:30",27,192,3,1.56
"2023-05-01 00:00:00+05:30",28,192,5,2.60
"2023-05-01 00:00:00+05:30",29,192,10,5.21
"2023-06-01 00:00:00+05:30",0,183,183,100.00
"2023-06-01 00:00:00+05:30",1,183,3,1.64
"2023-06-01 00:00:00+05:30",2,183,5,2.73
"2023-06-01 00:00:00+05:30",3,183,4,2.19
"2023-06-01 00:00:00+05:30",4,183,5,2.73
"2023-06-01 00:00:00+05:30",5,183,4,2.19
"2023-06-01 00:00:00+05:30",6,183,5,2.73
"2023-06-01 00:00:00+05:30",7,183,5,2.73
"2023-06-01 00:00:00+05:30",8,183,2,1.09
"2023-06-01 00:00:00+05:30",9,183,5,2.73
"2023-06-01 00:00:00+05:30",10,183,9,4.92
"2023-06-01 00:00:00+05:30",11,183,4,2.19
"2023-06-01 00:00:00+05:30",12,183,9,4.92
"2023-06-01 00:00:00+05:30",13,183,6,3.28
"2023-06-01 00:00:00+05:30",14,183,7,3.83
"2023-06-01 00:00:00+05:30",15,183,6,3.28
"2023-06-01 00:00:00+05:30",16,183,8,4.37
"2023-06-01 00:00:00+05:30",17,183,4,2.19
"2023-06-01 00:00:00+05:30",18,183,5,2.73
"2023-06-01 00:00:00+05:30",19,183,12,6.56
"2023-06-01 00:00:00+05:30",20,183,1,0.55
"2023-06-01 00:00:00+05:30",21,183,4,2.19
"2023-06-01 00:00:00+05:30",22,183,7,3.83
"2023-06-01 00:00:00+05:30",23,183,4,2.19
"2023-06-01 00:00:00+05:30",24,183,1,0.55
"2023-06-01 00:00:00+05:30",25,183,2,1.09
"2023-06-01 00:00:00+05:30",26,183,8,4.37
"2023-06-01 00:00:00+05:30",27,183,5,2.73
"2023-06-01 00:00:00+05:30",28,183,2,1.09
"2023-07-01 00:00:00+05:30",0,194,194,100.00
"2023-07-01 00:00:00+05:30",1,194,2,1.03
"2023-07-01 00:00:00+05:30",2,194,5,2.58
"2023-07-01 00:00:00+05:30",3,194,2,1.03
"2023-07-01 00:00:00+05:30",4,194,4,2.06
"2023-07-01 00:00:00+05:30",5,194,7,3.61
"2023-07-01 00:00:00+05:30",6,194,6,3.09
"2023-07-01 00:00:00+05:30",7,194,5,2.58
"2023-07-01 00:00:00+05:30",8,194,3,1.55
"2023-07-01 00:00:00+05:30",9,194,5,2.58
"2023-07-01 00:00:00+05:30",10,194,6,3.09
"2023-07-01 00:00:00+05:30",11,194,7,3.61
"2023-07-01 00:00:00+05:30",12,194,8,4.12
"2023-07-01 00:00:00+05:30",13,194,6,3.09
"2023-07-01 00:00:00+05:30",14,194,3,1.55
"2023-07-01 00:00:00+05:30",15,194,6,3.09
"2023-07-01 00:00:00+05:30",16,194,3,1.55
"2023-07-01 00:00:00+05:30",17,194,6,3.09
"2023-07-01 00:00:00+05:30",18,194,8,4.12
"2023-07-01 00:00:00+05:30",19,194,3,1.55
"2023-07-01 00:00:00+05:30",20,194,7,3.61
"2023-07-01 00:00:00+05:30",21,194,6,3.09
"2023-07-01 00:00:00+05:30",22,194,3,1.55
"2023-07-01 00:00:00+05:30",23,194,5,2.58
"2023-07-01 00:00:00+05:30",24,194,3,1.55
"2023-07-01 00:00:00+05:30",25,194,5,2.58
"2023-07-01 00:00:00+05:30",26,194,2,1.03
"2023-07-01 00:00:00+05:30",27,194,2,1.03
"2023-08-01 00:00:00+05:30",0,172,172,100.00
"2023-08-01 00:00:00+05:30",1,172,3,1.74
"2023-08-01 00:00:00+05:30",2,172,7,4.07
"2023-08-01 00:00:00+05:30",3,172,5,2.91
"2023-08-01 00:00:00+05:30",4,172,6,3.49
"2023-08-01 00:00:00+05:30",5,172,3,1.74
"2023-08-01 00:00:00+05:30",6,172,5,2.91
"2023-08-01 00:00:00+05:30",7,172,3,1.74
"2023-08-01 00:00:00+05:30",8,172,3,1.74
"2023-08-01 00:00:00+05:30",9,172,3,1.74
"2023-08-01 00:00:00+05:30",10,172,2,1.16
"2023-08-01 00:00:00+05:30",11,172,5,2.91
"2023-08-01 00:00:00+05:30",12,172,7,4.07
"2023-08-01 00:00:00+05:30",13,172,4,2.33
"2023-08-01 00:00:00+05:30",14,172,4,2.33
"2023-08-01 00:00:00+05:30",15,172,9,5.23
"2023-08-01 00:00:00+05:30",16,172,2,1.16
"2023-08-01 00:00:00+05:30",17,172,1,0.58
"2023-08-01 00:00:00+05:30",18,172,6,3.49
"2023-08-01 00:00:00+05:30",19,172,3,1.74
"2023-08-01 00:00:00+05:30",20,172,4,2.33
"2023-08-01 00:00:00+05:30",21,172,3,1.74
"2023-08-01 00:00:00+05:30",22,172,2,1.16
"2023-08-01 00:00:00+05:30",23,172,8,4.65
"2023-08-01 00:00:00+05:30",24,172,4,2.33
"2023-08-01 00:00:00+05:30",25,172,6,3.49
"2023-08-01 00:00:00+05:30",26,172,3,1.74
"2023-09-01 00:00:00+05:30",0,159,159,100.00
"2023-09-01 00:00:00+05:30",1,159,4,2.52
"2023-09-01 00:00:00+05:30",2,159,7,4.40
"2023-09-01 00:00:00+05:30",3,159,9,5.66
"2023-09-01 00:00:00+05:30",4,159,6,3.77
"2023-09-01 00:00:00+05:30",5,159,5,3.14
"2023-09-01 00:00:00+05:30",6,159,5,3.14
"2023-09-01 00:00:00+05:30",7,159,1,0.63
"2023-09-01 00:00:00+05:30",8,159,6,3.77
"2023-09-01 00:00:00+05:30",9,159,3,1.89
"2023-09-01 00:00:00+05:30",10,159,3,1.89
"2023-09-01 00:00:00+05:30",11,159,3,1.89
"2023-09-01 00:00:00+05:30",12,159,1,0.63
"2023-09-01 00:00:00+05:30",13,159,5,3.14
"2023-09-01 00:00:00+05:30",14,159,4,2.52
"2023-09-01 00:00:00+05:30",15,159,5,3.14
"2023-09-01 00:00:00+05:30",16,159,1,0.63
"2023-09-01 00:00:00+05:30",17,159,3,1.89
"2023-09-01 00:00:00+05:30",18,159,5,3.14
"2023-09-01 00:00:00+05:30",19,159,1,0.63
"2023-09-01 00:00:00+05:30",20,159,4,2.52
"2023-09-01 00:00:00+05:30",21,159,3,1.89
"2023-09-01 00:00:00+05:30",22,159,1,0.63
"2023-09-01 00:00:00+05:30",23,159,3,1.89
"2023-09-01 00:00:00+05:30",24,159,3,1.89
"2023-09-01 00:00:00+05:30",25,159,5,3.14
"2023-10-01 00:00:00+05:30",0,176,176,100.00
"2023-10-01 00:00:00+05:30",1,176,2,1.14
"2023-10-01 00:00:00+05:30",2,176,4,2.27
"2023-10-01 00:00:00+05:30",3,176,3,1.70
"2023-10-01 00:00:00+05:30",4,176,3,1.70
"2023-10-01 00:00:00+05:30",5,176,4,2.27
"2023-10-01 00:00:00+05:30",6,176,8,4.55
"2023-10-01 00:00:00+05:30",7,176,7,3.98
"2023-10-01 00:00:00+05:30",8,176,3,1.70
"2023-10-01 00:00:00+05:30",9,176,4,2.27
"2023-10-01 00:00:00+05:30",10,176,2,1.14
"2023-10-01 00:00:00+05:30",11,176,4,2.27
"2023-10-01 00:00:00+05:30",12,176,4,2.27
"2023-10-01 00:00:00+05:30",13,176,3,1.70
"2023-10-01 00:00:00+05:30",14,176,7,3.98
"2023-10-01 00:00:00+05:30",15,176,3,1.70
"2023-10-01 00:00:00+05:30",16,176,1,0.57
"2023-10-01 00:00:00+05:30",17,176,2,1.14
"2023-10-01 00:00:00+05:30",18,176,1,0.57
"2023-10-01 00:00:00+05:30",19,176,3,1.70
"2023-10-01 00:00:00+05:30",20,176,5,2.84
"2023-10-01 00:00:00+05:30",21,176,7,3.98
"2023-10-01 00:00:00+05:30",22,176,6,3.41
"2023-10-01 00:00:00+05:30",23,176,4,2.27
"2023-10-01 00:00:00+05:30",24,176,2,1.14
"2023-11-01 00:00:00+05:30",0,136,136,100.00
"2023-11-01 00:00:00+05:30",1,136,4,2.94
"2023-11-01 00:00:00+05:30",2,136,3,2.21
"2023-11-01 00:00:00+05:30",3,136,3,2.21
"2023-11-01 00:00:00+05:30",4,136,4,2.94
"2023-11-01 00:00:00+05:30",5,136,2,1.47
"2023-11-01 00:00:00+05:30",6,136,2,1.47
"2023-11-01 00:00:00+05:30",7,136,4,2.94
"2023-11-01 00:00:00+05:30",8,136,3,2.21
"2023-11-01 00:00:00+05:30",9,136,3,2.21
"2023-11-01 00:00:00+05:30",10,136,7,5.15
"2023-11-01 00:00:00+05:30",11,136,4,2.94
"2023-11-01 00:00:00+05:30",12,136,2,1.47
"2023-11-01 00:00:00+05:30",13,136,1,0.74
"2023-11-01 00:00:00+05:30",14,136,2,1.47
"2023-11-01 00:00:00+05:30",15,136,3,2.21
"2023-11-01 00:00:00+05:30",16,136,2,1.47
"2023-11-01 00:00:00+05:30",17,136,2,1.47
"2023-11-01 00:00:00+05:30",19,136,5,3.68
"2023-11-01 00:00:00+05:30",20,136,5,3.68
"2023-11-01 00:00:00+05:30",21,136,3,2.21
"2023-11-01 00:00:00+05:30",22,136,3,2.21
"2023-11-01 00:00:00+05:30",23,136,1,0.74
"2023-12-01 00:00:00+05:30",0,170,170,100.00
"2023-12-01 00:00:00+05:30",1,170,4,2.35
"2023-12-01 00:00:00+05:30",2,170,5,2.94
"2023-12-01 00:00:00+05:30",4,170,6,3.53
"2023-12-01 00:00:00+05:30",5,170,4,2.35
"2023-12-01 00:00:00+05:30",6,170,3,1.76
"2023-12-01 00:00:00+05:30",7,170,3,1.76
"2023-12-01 00:00:00+05:30",8,170,1,0.59
"2023-12-01 00:00:00+05:30",9,170,3,1.76
"2023-12-01 00:00:00+05:30",10,170,2,1.18
"2023-12-01 00:00:00+05:30",11,170,5,2.94
"2023-12-01 00:00:00+05:30",12,170,5,2.94
"2023-12-01 00:00:00+05:30",13,170,4,2.35
"2023-12-01 00:00:00+05:30",14,170,5,2.94
"2023-12-01 00:00:00+05:30",15,170,5,2.94
"2023-12-01 00:00:00+05:30",16,170,4,2.35
"2023-12-01 00:00:00+05:30",17,170,6,3.53
"2023-12-01 00:00:00+05:30",18,170,6,3.53
"2023-12-01 00:00:00+05:30",19,170,2,1.18
"2023-12-01 00:00:00+05:30",20,170,4,2.35
"2023-12-01 00:00:00+05:30",21,170,4,2.35
"2023-12-01 00:00:00+05:30",22,170,5,2.94
"2024-01-01 00:00:00+05:30",0,150,150,100.00
"2024-01-01 00:00:00+05:30",1,150,2,1.33
"2024-01-01 00:00:00+05:30",2,150,3,2.00
"2024-01-01 00:00:00+05:30",3,150,3,2.00
"2024-01-01 00:00:00+05:30",4,150,5,3.33
"2024-01-01 00:00:00+05:30",5,150,4,2.67
"2024-01-01 00:00:00+05:30",6,150,11,7.33
"2024-01-01 00:00:00+05:30",7,150,4,2.67
"2024-01-01 00:00:00+05:30",8,150,3,2.00
"2024-01-01 00:00:00+05:30",9,150,3,2.00
"2024-01-01 00:00:00+05:30",10,150,1,0.67
"2024-01-01 00:00:00+05:30",11,150,6,4.00
"2024-01-01 00:00:00+05:30",12,150,4,2.67
"2024-01-01 00:00:00+05:30",13,150,4,2.67
"2024-01-01 00:00:00+05:30",14,150,2,1.33
"2024-01-01 00:00:00+05:30",15,150,3,2.00
"2024-01-01 00:00:00+05:30",16,150,2,1.33
"2024-01-01 00:00:00+05:30",17,150,7,4.67
"2024-01-01 00:00:00+05:30",18,150,5,3.33
"2024-01-01 00:00:00+05:30",19,150,4,2.67
"2024-01-01 00:00:00+05:30",20,150,3,2.00
"2024-01-01 00:00:00+05:30",21,150,5,3.33
"2024-02-01 00:00:00+05:30",0,126,126,100.00
"2024-02-01 00:00:00+05:30",1,126,3,2.38
"2024-02-01 00:00:00+05:30",2,126,4,3.17
"2024-02-01 00:00:00+05:30",3,126,4,3.17
"2024-02-01 00:00:00+05:30",4,126,3,2.38
"2024-02-01 00:00:00+05:30",5,126,3,2.38
"2024-02-01 00:00:00+05:30",6,126,10,7.94
"2024-02-01 00:00:00+05:30",7,126,5,3.97
"2024-02-01 00:00:00+05:30",8,126,4,3.17
"2024-02-01 00:00:00+05:30",9,126,3,2.38
"2024-02-01 00:00:00+05:30",10,126,4,3.17
"2024-02-01 00:00:00+05:30",11,126,1,0.79
"2024-02-01 00:00:00+05:30",12,126,1,0.79
"2024-02-01 00:00:00+05:30",13,126,3,2.38
"2024-02-01 00:00:00+05:30",14,126,3,2.38
"2024-02-01 00:00:00+05:30",15,126,5,3.97
"2024-02-01 00:00:00+05:30",16,126,3,2.38
"2024-02-01 00:00:00+05:30",17,126,5,3.97
"2024-02-01 00:00:00+05:30",18,126,4,3.17
"2024-02-01 00:00:00+05:30",19,126,2,1.59
"2024-02-01 00:00:00+05:30",20,126,3,2.38
"2024-03-01 00:00:00+05:30",0,143,143,100.00
"2024-03-01 00:00:00+05:30",1,143,3,2.10
"2024-03-01 00:00:00+05:30",2,143,7,4.90
"2024-03-01 00:00:00+05:30",3,143,3,2.10
"2024-03-01 00:00:00+05:30",4,143,1,0.70
"2024-03-01 00:00:00+05:30",5,143,2,1.40
"2024-03-01 00:00:00+05:30",6,143,1,0.70
"2024-03-01 00:00:00+05:30",7,143,3,2.10
"2024-03-01 00:00:00+05:30",8,143,6,4.20
"2024-03-01 00:00:00+05:30",9,143,4,2.80
"2024-03-01 00:00:00+05:30",10,143,2,1.40
"2024-03-01 00:00:00+05:30",11,143,1,0.70
"2024-03-01 00:00:00+05:30",12,143,6,4.20
"2024-03-01 00:00:00+05:30",13,143,6,4.20
"2024-03-01 00:00:00+05:30",14,143,2,1.40
"2024-03-01 00:00:00+05:30",15,143,3,2.10
"2024-03-01 00:00:00+05:30",16,143,3,2.10
"2024-03-01 00:00:00+05:30",17,143,4,2.80
"2024-03-01 00:00:00+05:30",18,143,1,0.70
"2024-03-01 00:00:00+05:30",19,143,2,1.40
"2024-04-01 00:00:00+05:30",0,117,117,100.00
"2024-04-01 00:00:00+05:30",1,117,5,4.27
"2024-04-01 00:00:00+05:30",2,117,2,1.71
"2024-04-01 00:00:00+05:30",3,117,1,0.85
"2024-04-01 00:00:00+05:30",4,117,6,5.13
"2024-04-01 00:00:00+05:30",5,117,1,0.85
"2024-04-01 00:00:00+05:30",7,117,5,4.27
"2024-04-01 00:00:00+05:30",8,117,1,0.85
"2024-04-01 00:00:00+05:30",9,117,1,0.85
"2024-04-01 00:00:00+05:30",10,117,2,1.71
"2024-04-01 00:00:00+05:30",11,117,1,0.85
"2024-04-01 00:00:00+05:30",12,117,6,5.13
"2024-04-01 00:00:00+05:30",13,117,4,3.42
"2024-04-01 00:00:00+05:30",14,117,5,4.27
"2024-04-01 00:00:00+05:30",15,117,2,1.71
"2024-04-01 00:00:00+05:30",16,117,3,2.56
"2024-04-01 00:00:00+05:30",17,117,6,5.13
"2024-04-01 00:00:00+05:30",18,117,7,5.98
"2024-05-01 00:00:00+05:30",0,128,128,100.00
"2024-05-01 00:00:00+05:30",1,128,3,2.34
"2024-05-01 00:00:00+05:30",2,128,1,0.78
"2024-05-01 00:00:00+05:30",3,128,5,3.91
"2024-05-01 00:00:00+05:30",4,128,4,3.13
"2024-05-01 00:00:00+05:30",5,128,3,2.34
"2024-05-01 00:00:00+05:30",6,128,4,3.13
"2024-05-01 00:00:00+05:30",7,128,7,5.47
"2024-05-01 00:00:00+05:30",8,128,2,1.56
"2024-05-01 00:00:00+05:30",9,128,1,0.78
"2024-05-01 00:00:00+05:30",10,128,6,4.69
"2024-05-01 00:00:00+05:30",12,128,2,1.56
"2024-05-01 00:00:00+05:30",13,128,5,3.91
"2024-05-01 00:00:00+05:30",14,128,4,3.13
"2024-05-01 00:00:00+05:30",15,128,4,3.13
"2024-05-01 00:00:00+05:30",16,128,1,0.78
"2024-05-01 00:00:00+05:30",17,128,3,2.34
"2024-06-01 00:00:00+05:30",0,112,112,100.00
"2024-06-01 00:00:00+05:30",1,112,4,3.57
"2024-06-01 00:00:00+05:30",2,112,4,3.57
"2024-06-01 00:00:00+05:30",3,112,1,0.89
"2024-06-01 00:00:00+05:30",4,112,1,0.89
"2024-06-01 00:00:00+05:30",5,112,4,3.57
"2024-06-01 00:00:00+05:30",6,112,2,1.79
"2024-06-01 00:00:00+05:30",7,112,3,2.68
"2024-06-01 00:00:00+05:30",8,112,5,4.46
"2024-06-01 00:00:00+05:30",9,112,6,5.36
"2024-06-01 00:00:00+05:30",10,112,3,2.68
"2024-06-01 00:00:00+05:30",11,112,1,0.89
"2024-06-01 00:00:00+05:30",12,112,2,1.79
"2024-06-01 00:00:00+05:30",13,112,2,1.79
"2024-06-01 00:00:00+05:30",14,112,6,5.36
"2024-06-01 00:00:00+05:30",15,112,6,5.36
"2024-06-01 00:00:00+05:30",16,112,5,4.46
"2024-07-01 00:00:00+05:30",0,138,138,100.00
"2024-07-01 00:00:00+05:30",1,138,5,3.62
"2024-07-01 00:00:00+05:30",2,138,3,2.17
"2024-07-01 00:00:00+05:30",3,138,4,2.90
"2024-07-01 00:00:00+05:30",4,138,7,5.07
"2024-07-01 00:00:00+05:30",5,138,3,2.17
"2024-07-01 00:00:00+05:30",6,138,4,2.90
"2024-07-01 00:00:00+05:30",7,138,5,3.62
"2024-07-01 00:00:00+05:30",8,138,1,0.72
"2024-07-01 00:00:00+05:30",9,138,7,5.07
"2024-07-01 00:00:00+05:30",10,138,3,2.17
"2024-07-01 00:00:00+05:30",11,138,3,2.17
"2024-07-01 00:00:00+05:30",12,138,3,2.17
"2024-07-01 00:00:00+05:30",13,138,3,2.17
"2024-07-01 00:00:00+05:30",14,138,4,2.90
"2024-07-01 00:00:00+05:30",15,138,1,0.72
"2024-08-01 00:00:00+05:30",0,121,121,100.00
"2024-08-01 00:00:00+05:30",2,121,4,3.31
"2024-08-01 00:00:00+05:30",3,121,3,2.48
"2024-08-01 00:00:00+05:30",4,121,3,2.48
"2024-08-01 00:00:00+05:30",5,121,1,0.83
"2024-08-01 00:00:00+05:30",7,121,3,2.48
"2024-08-01 00:00:00+05:30",8,121,2,1.65
"2024-08-01 00:00:00+05:30",9,121,3,2.48
"2024-08-01 00:00:00+05:30",10,121,5,4.13
"2024-08-01 00:00:00+05:30",11,121,1,0.83
"2024-08-01 00:00:00+05:30",12,121,1,0.83
"2024-08-01 00:00:00+05:30",13,121,4,3.31
"2024-08-01 00:00:00+05:30",14,121,2,1.65
"2024-09-01 00:00:00+05:30",0,110,110,100.00
"2024-09-01 00:00:00+05:30",1,110,2,1.82
"2024-09-01 00:00:00+05:30",2,110,1,0.91
"2024-09-01 00:00:00+05:30",3,110,3,2.73
"2024-09-01 00:00:00+05:30",4,110,2,1.82
"2024-09-01 00:00:00+05:30",5,110,2,1.82
"2024-09-01 00:00:00+05:30",6,110,1,0.91
"2024-09-01 00:00:00+05:30",7,110,2,1.82
"2024-09-01 00:00:00+05:30",8,110,3,2.73
"2024-09-01 00:00:00+05:30",9,110,2,1.82
"2024-09-01 00:00:00+05:30",10,110,2,1.82
"2024-09-01 00:00:00+05:30",11,110,2,1.82
"2024-09-01 00:00:00+05:30",12,110,4,3.64
"2024-09-01 00:00:00+05:30",13,110,1,0.91
"2024-10-01 00:00:00+05:30",0,140,140,100.00
"2024-10-01 00:00:00+05:30",1,140,7,5.00
"2024-10-01 00:00:00+05:30",2,140,4,2.86
"2024-10-01 00:00:00+05:30",3,140,4,2.86
"2024-10-01 00:00:00+05:30",4,140,5,3.57
"2024-10-01 00:00:00+05:30",5,140,4,2.86
"2024-10-01 00:00:00+05:30",6,140,3,2.14
"2024-10-01 00:00:00+05:30",7,140,5,3.57
"2024-10-01 00:00:00+05:30",8,140,2,1.43
"2024-10-01 00:00:00+05:30",9,140,5,3.57
"2024-10-01 00:00:00+05:30",10,140,4,2.86
"2024-10-01 00:00:00+05:30",11,140,4,2.86
"2024-10-01 00:00:00+05:30",12,140,3,2.14
"2024-11-01 00:00:00+05:30",0,121,121,100.00
"2024-11-01 00:00:00+05:30",1,121,3,2.48
"2024-11-01 00:00:00+05:30",2,121,1,0.83
"2024-11-01 00:00:00+05:30",3,121,4,3.31
"2024-11-01 00:00:00+05:30",4,121,3,2.48
"2024-11-01 00:00:00+05:30",5,121,3,2.48
"2024-11-01 00:00:00+05:30",6,121,3,2.48
"2024-11-01 00:00:00+05:30",8,121,3,2.48
"2024-11-01 00:00:00+05:30",9,121,3,2.48
"2024-11-01 00:00:00+05:30",10,121,1,0.83
"2024-11-01 00:00:00+05:30",11,121,4,3.31
"2024-12-01 00:00:00+05:30",0,125,125,100.00
"2024-12-01 00:00:00+05:30",1,125,2,1.60
"2024-12-01 00:00:00+05:30",2,125,5,4.00
"2024-12-01 00:00:00+05:30",3,125,4,3.20
"2024-12-01 00:00:00+05:30",4,125,1,0.80
"2024-12-01 00:00:00+05:30",5,125,2,1.60
"2024-12-01 00:00:00+05:30",6,125,1,0.80
"2024-12-01 00:00:00+05:30",7,125,2,1.60
"2024-12-01 00:00:00+05:30",8,125,3,2.40
"2024-12-01 00:00:00+05:30",9,125,3,2.40
"2024-12-01 00:00:00+05:30",10,125,3,2.40
"2025-01-01 00:00:00+05:30",0,106,106,100.00
"2025-01-01 00:00:00+05:30",1,106,6,5.66
"2025-01-01 00:00:00+05:30",2,106,3,2.83
"2025-01-01 00:00:00+05:30",3,106,4,3.77
"2025-01-01 00:00:00+05:30",4,106,5,4.72
"2025-01-01 00:00:00+05:30",5,106,2,1.89
"2025-01-01 00:00:00+05:30",7,106,3,2.83
"2025-01-01 00:00:00+05:30",8,106,1,0.94
"2025-01-01 00:00:00+05:30",9,106,2,1.89
"2025-02-01 00:00:00+05:30",0,88,88,100.00
"2025-02-01 00:00:00+05:30",1,88,2,2.27
"2025-02-01 00:00:00+05:30",2,88,5,5.68
"2025-02-01 00:00:00+05:30",4,88,7,7.95
"2025-02-01 00:00:00+05:30",5,88,3,3.41
"2025-02-01 00:00:00+05:30",6,88,4,4.55
"2025-02-01 00:00:00+05:30",7,88,5,5.68
"2025-02-01 00:00:00+05:30",8,88,3,3.41
"2025-03-01 00:00:00+05:30",0,115,115,100.00
"2025-03-01 00:00:00+05:30",2,115,1,0.87
"2025-03-01 00:00:00+05:30",3,115,3,2.61
"2025-03-01 00:00:00+05:30",4,115,1,0.87
"2025-03-01 00:00:00+05:30",5,115,3,2.61
"2025-03-01 00:00:00+05:30",6,115,3,2.61
"2025-03-01 00:00:00+05:30",7,115,3,2.61
"2025-04-01 00:00:00+05:30",0,107,107,100.00
"2025-04-01 00:00:00+05:30",1,107,3,2.80
"2025-04-01 00:00:00+05:30",2,107,2,1.87
"2025-04-01 00:00:00+05:30",3,107,1,0.93
"2025-04-01 00:00:00+05:30",4,107,6,5.61
"2025-04-01 00:00:00+05:30",5,107,3,2.80
"2025-05-01 00:00:00+05:30",0,101,101,100.00
"2025-05-01 00:00:00+05:30",1,101,2,1.98
"2025-05-01 00:00:00+05:30",3,101,6,5.94
"2025-05-01 00:00:00+05:30",4,101,4,3.96
"2025-05-01 00:00:00+05:30",5,101,2,1.98
"2025-06-01 00:00:00+05:30",0,95,95,100.00
"2025-06-01 00:00:00+05:30",1,95,1,1.05
"2025-06-01 00:00:00+05:30",2,95,2,2.11
"2025-06-01 00:00:00+05:30",3,95,5,5.26
"2025-06-01 00:00:00+05:30",4,95,1,1.05
"2025-07-01 00:00:00+05:30",0,104,104,100.00
"2025-07-01 00:00:00+05:30",1,104,2,1.92
"2025-07-01 00:00:00+05:30",2,104,1,0.96
"2025-07-01 00:00:00+05:30",3,104,2,1.92
"2025-08-01 00:00:00+05:30",0,96,96,100.00
"2025-08-01 00:00:00+05:30",1,96,2,2.08
"2025-08-01 00:00:00+05:30",2,96,3,3.13
"2025-09-01 00:00:00+05:30",0,95,95,100.00
"2025-09-01 00:00:00+05:30",1,95,4,4.21
"2025-10-01 00:00:00+05:30",0,101,101,100.00
