"customer_id","first_order_date","last_order_date","customer_lifespan_days","total_orders","avg_order_value","lifetime_revenue","revenue_per_order"
1,"2022-03-18","2025-06-25",1195,2,57.70,115.39,57.70
2,"2023-12-16","2025-01-02",383,2,34.26,68.52,34.26
3,"2020-07-04","2020-07-04",0,1,66.72,66.72,66.72
4,"2020-09-29","2023-08-01",1036,2,139.93,279.86,139.93
5,"2024-06-15","2025-01-30",229,3,90.43,271.29,90.43
6,"2021-01-17","2024-11-27",1410,4,96.85,387.40,96.85
7,"2020-09-08","2022-09-11",733,2,48.41,96.81,48.41
8,"2020-08-08","2020-08-08",0,1,207.40,207.40,207.40
9,"2024-05-21","2024-05-21",0,1,122.51,122.51,122.51
10,"2022-12-22","2023-04-02",101,3,132.95,398.85,132.95
12,"2023-04-24","2024-08-04",468,2,242.13,484.25,242.13
14,"2022-11-30","2025-10-28",1063,3,126.96,380.89,126.96
15,"2020-09-20","2022-05-04",591,2,20.03,40.06,20.03
16,"2024-04-22","2024-04-22",0,1,285.40,285.40,285.40
17,"2021-05-04","2024-03-11",1042,3,263.95,791.85,263.95
18,"2021-09-26","2024-10-16",1116,4,201.41,805.64,201.41
19,"2020-08-27","2021-05-06",252,3,88.44,265.32,88.44
20,"2020-01-06","2025-05-24",1965,4,124.93,499.73,124.93
22,"2020-08-31","2020-08-31",0,1,169.83,169.83,169.83
23,"2023-05-31","2023-05-31",0,1,57.19,57.19,57.19
25,"2021-05-17","2025-03-22",1405,2,159.48,318.95,159.48
26,"2023-05-08","2023-05-08",0,1,5.93,5.93,5.93
27,"2022-08-29","2023-12-18",476,2,37.57,75.13,37.57
28,"2020-08-25","2020-08-25",0,1,44.21,44.21,44.21
29,"2020-10-15","2020-10-15",0,1,16.80,16.80,16.80
30,"2020-05-23","2025-02-15",1729,2,184.82,369.64,184.82
31,"2025-02-13","2025-08-14",182,2,148.24,296.48,148.24
32,"2023-05-22","2023-05-22",0,1,75.05,75.05,75.05
34,"2020-03-29","2025-07-16",1935,6,77.41,464.48,77.41
35,"2023-09-16","2025-06-19",642,3,84.61,253.84,84.61
36,"2020-07-06","2023-10-05",1186,3,61.26,183.79,61.26
37,"2022-03-22","2022-10-31",223,2,119.67,239.33,119.67
39,"2020-03-05","2023-02-05",1067,3,119.46,358.38,119.46
40,"2020-04-09","2025-04-24",1841,5,205.06,1025.31,205.06
42,"2020-05-02","2023-04-06",1069,2,31.57,63.13,31.57
43,"2021-01-26","2025-09-01",1679,3,225.01,675.04,225.01
45,"2023-04-04","2024-07-27",480,3,127.77,383.31,127.77
46,"2023-09-20","2025-09-30",741,2,36.12,72.24,36.12
48,"2020-03-24","2025-02-08",1782,2,221.00,441.99,221.00
49,"2021-10-31","2024-04-04",886,3,193.51,580.52,193.51
50,"2021-04-03","2021-04-03",0,1,186.60,186.60,186.60
51,"2025-02-06","2025-09-18",224,2,133.67,267.34,133.67
52,"2022-10-27","2023-07-20",266,2,54.20,108.40,54.20
54,"2021-01-17","2022-06-01",500,2,90.22,180.43,90.22
55,"2021-07-29","2023-11-13",837,2,175.80,351.59,175.80
56,"2021-11-26","2024-01-12",777,3,73.51,220.52,73.51
57,"2023-08-20","2023-08-20",0,1,97.38,97.38,97.38
58,"2020-11-14","2023-07-09",967,2,123.18,246.35,123.18
59,"2022-02-28","2022-02-28",0,1,81.92,81.92,81.92
60,"2020-04-16","2023-10-31",1293,3,63.72,191.16,63.72
61,"2022-09-02","2025-09-06",1100,3,96.16,288.47,96.16
62,"2020-05-21","2021-06-29",404,3,131.33,393.98,131.33
63,"2024-04-07","2024-04-07",0,1,239.32,239.32,239.32
64,"2023-10-02","2023-10-02",0,1,32.27,32.27,32.27
65,"2023-11-10","2023-11-10",0,1,64.69,64.69,64.69
66,"2020-01-11","2022-12-03",1057,2,155.97,311.93,155.97
68,"2020-12-28","2021-08-23",238,2,98.16,196.32,98.16
69,"2020-05-05","2025-05-19",1840,2,251.40,502.80,251.40
70,"2020-03-18","2023-02-12",1061,3,44.24,132.72,44.24
72,"2022-02-14","2024-07-13",880,2,107.75,215.50,107.75
73,"2020-09-04","2023-08-03",1063,2,183.93,367.86,183.93
74,"2021-02-22","2024-12-07",1384,5,85.92,429.62,85.92
75,"2025-08-14","2025-08-14",0,1,589.54,589.54,589.54
76,"2020-03-23","2022-11-02",954,3,102.05,306.15,102.05
78,"2023-07-04","2025-03-27",632,2,181.13,362.26,181.13
79,"2022-12-06","2024-06-09",551,3,295.88,887.65,295.88
80,"2021-01-20","2025-09-25",1709,2,183.73,367.45,183.73
81,"2020-12-22","2024-07-07",1293,5,66.98,334.92,66.98
82,"2024-05-05","2024-05-05",0,1,37.63,37.63,37.63
85,"2022-02-20","2022-02-20",0,1,75.05,75.05,75.05
86,"2022-06-24","2022-06-24",0,1,245.08,245.08,245.08
91,"2021-12-14","2025-08-20",1345,5,145.54,727.71,145.54
92,"2021-12-01","2025-08-30",1368,4,86.07,344.28,86.07
93,"2020-05-04","2021-06-26",418,2,63.39,126.78,63.39
94,"2021-08-21","2021-08-21",0,1,407.08,407.08,407.08
95,"2022-05-17","2025-02-08",998,2,250.24,500.47,250.24
97,"2020-11-17","2022-08-31",652,2,139.12,278.23,139.12
98,"2022-01-07","2022-01-07",0,1,59.52,59.52,59.52
99,"2021-11-09","2025-09-26",1417,4,182.73,730.92,182.73
100,"2020-10-23","2024-03-02",1226,4,74.35,297.38,74.35
101,"2021-06-29","2025-03-11",1351,4,150.39,601.57,150.39
102,"2021-01-03","2024-12-10",1437,4,101.04,404.15,101.04
103,"2023-06-05","2023-06-05",0,1,12.37,12.37,12.37
104,"2021-09-27","2022-08-24",331,2,72.59,145.17,72.59
105,"2020-01-21","2020-01-21",0,1,324.03,324.03,324.03
106,"2021-11-19","2023-10-29",709,2,50.80,101.59,50.80
107,"2021-02-14","2023-08-20",917,2,198.75,397.49,198.75
108,"2020-04-28","2022-10-22",907,2,226.88,453.75,226.88
109,"2025-06-14","2025-06-14",0,1,1290.44,1290.44,1290.44
110,"2024-05-13","2024-05-13",0,1,30.12,30.12,30.12
112,"2022-08-31","2022-08-31",0,1,44.71,44.71,44.71
113,"2025-04-04","2025-04-04",0,1,50.89,50.89,50.89
114,"2022-07-14","2022-07-14",0,1,202.80,202.80,202.80
117,"2020-01-04","2025-10-01",2097,5,271.17,1355.84,271.17
118,"2022-08-13","2025-03-19",949,3,88.71,266.13,88.71
120,"2021-01-15","2022-05-14",484,2,96.71,193.42,96.71
121,"2020-11-12","2024-05-12",1277,2,80.40,160.79,80.40
123,"2023-07-15","2025-01-27",562,2,80.43,160.86,80.43
124,"2022-03-23","2022-08-20",150,2,108.43,216.86,108.43
127,"2021-12-15","2024-05-20",887,2,209.57,419.14,209.57
128,"2020-05-08","2021-09-08",488,3,67.35,202.05,67.35
129,"2024-05-04","2024-10-09",158,2,179.90,359.80,179.90
130,"2024-06-21","2025-02-14",238,2,61.37,122.73,61.37
133,"2022-05-14","2022-05-14",0,1,90.99,90.99,90.99
134,"2025-05-11","2025-05-11",0,1,243.78,243.78,243.78
135,"2022-04-04","2022-04-04",0,1,7.82,7.82,7.82
138,"2023-10-28","2023-10-28",0,1,15.86,15.86,15.86
140,"2020-12-24","2020-12-24",0,1,215.51,215.51,215.51
141,"2020-12-30","2025-05-20",1602,5,114.70,573.52,114.70
142,"2020-05-29","2022-12-02",917,2,202.92,405.84,202.92
143,"2020-05-15","2025-10-17",1981,3,136.49,409.48,136.49
144,"2024-08-29","2024-12-09",102,2,80.49,160.97,80.49
146,"2020-01-31","2022-02-21",752,3,89.43,268.29,89.43
147,"2023-04-11","2024-06-06",422,3,227.24,681.71,227.24
148,"2025-10-18","2025-10-18",0,1,224.01,224.01,224.01
149,"2022-04-28","2022-04-28",0,1,140.18,140.18,140.18
150,"2020-10-13","2020-10-13",0,1,171.96,171.96,171.96
151,"2022-01-27","2022-01-27",0,1,90.75,90.75,90.75
152,"2021-01-26","2023-02-02",737,3,57.12,171.37,57.12
154,"2020-12-25","2024-10-24",1399,3,48.61,145.83,48.61
155,"2020-11-12","2020-11-12",0,1,39.06,39.06,39.06
156,"2024-06-21","2024-06-21",0,1,30.56,30.56,30.56
157,"2020-02-13","2020-02-13",0,1,325.46,325.46,325.46
158,"2025-09-27","2025-09-27",0,1,50.38,50.38,50.38
160,"2021-06-01","2025-05-21",1450,3,44.66,133.99,44.66
161,"2022-03-15","2022-12-28",288,2,431.42,862.84,431.42
162,"2020-06-04","2023-03-28",1027,3,78.75,236.25,78.75
163,"2023-04-11","2025-07-30",841,2,189.71,379.42,189.71
164,"2020-04-13","2023-05-04",1116,2,95.45,190.90,95.45
165,"2020-06-17","2024-02-13",1336,3,97.94,293.82,97.94
166,"2020-05-11","2022-06-06",756,2,146.71,293.42,146.71
167,"2023-03-27","2023-03-27",0,1,237.34,237.34,237.34
169,"2021-11-06","2024-02-05",821,2,90.45,180.90,90.45
171,"2020-04-08","2025-07-21",1930,3,38.40,115.21,38.40
172,"2020-08-28","2024-07-24",1426,2,272.03,544.05,272.03
173,"2021-03-08","2022-06-11",460,4,143.20,572.79,143.20
174,"2022-05-24","2024-08-06",805,3,174.05,522.14,174.05
175,"2022-01-30","2024-10-29",1003,5,88.27,441.37,88.27
176,"2025-04-09","2025-04-09",0,1,67.32,67.32,67.32
177,"2020-07-17","2020-10-12",87,2,74.73,149.46,74.73
178,"2025-08-02","2025-08-02",0,1,56.09,56.09,56.09
179,"2023-01-01","2023-01-01",0,1,69.45,69.45,69.45
180,"2020-07-10","2020-07-10",0,1,249.08,249.08,249.08
181,"2021-11-01","2023-03-27",511,3,217.80,653.41,217.80
182,"2023-05-18","2023-05-18",0,1,139.43,139.43,139.43
183,"2024-02-16","2024-02-25",9,2,90.58,181.15,90.58
184,"2025-07-14","2025-07-14",0,1,247.08,247.08,247.08
185,"2020-07-10","2024-11-30",1604,3,191.84,575.53,191.84
186,"2022-01-15","2025-02-27",1139,2,100.74,201.48,100.74
187,"2020-01-03","2025-01-26",1850,4,50.86,203.45,50.86
188,"2020-08-10","2024-03-22",1320,4,116.55,466.20,116.55
189,"2022-12-13","2023-09-30",291,2,185.67,371.33,185.67
190,"2022-08-09","2022-08-09",0,1,109.31,109.31,109.31
191,"2021-02-12","2021-02-12",0,1,30.64,30.64,30.64
192,"2021-03-15","2021-03-15",0,1,106.40,106.40,106.40
193,"2022-03-04","2024-10-20",961,2,90.28,180.55,90.28
194,"2020-06-22","2020-06-22",0,1,46.87,46.87,46.87
196,"2020-12-12","2022-08-18",614,2,222.25,444.50,222.25
197,"2020-12-14","2022-03-10",451,2,59.42,118.83,59.42
198,"2024-09-12","2024-09-12",0,1,877.96,877.96,877.96
199,"2020-10-13","2020-10-13",0,1,178.72,178.72,178.72
200,"2021-09-12","2023-05-31",626,2,52.09,104.17,52.09
201,"2021-01-24","2021-01-24",0,1,138.19,138.19,138.19
202,"2023-02-14","2023-02-14",0,1,445.93,445.93,445.93
203,"2022-01-03","2022-01-03",0,1,47.62,47.62,47.62
204,"2025-06-21","2025-06-21",0,1,123.35,123.35,123.35
205,"2020-04-23","2025-07-05",1899,3,88.97,266.91,88.97
206,"2020-07-29","2023-07-01",1067,2,137.67,275.33,137.67
207,"2020-03-29","2021-01-26",303,2,167.68,335.36,167.68
208,"2020-03-12","2024-07-13",1584,4,61.05,244.21,61.05
209,"2020-03-05","2024-04-23",1510,2,257.05,514.09,257.05
210,"2020-09-19","2021-10-29",405,2,247.38,494.76,247.38
211,"2023-04-22","2024-08-04",470,2,75.35,150.69,75.35
212,"2022-10-20","2022-10-20",0,1,76.07,76.07,76.07
214,"2020-01-31","2025-08-14",2022,3,122.25,366.75,122.25
215,"2023-01-10","2023-01-10",0,1,147.06,147.06,147.06
216,"2021-10-24","2025-02-05",1200,2,230.96,461.91,230.96
218,"2023-12-20","2024-11-05",321,2,153.76,307.51,153.76
219,"2022-07-13","2022-07-13",0,1,56.86,56.86,56.86
221,"2021-11-05","2021-11-05",0,1,44.27,44.27,44.27
222,"2020-04-13","2025-09-29",1995,2,54.37,108.74,54.37
223,"2020-04-01","2020-10-20",202,3,68.41,205.22,68.41
224,"2025-09-25","2025-09-25",0,1,100.07,100.07,100.07
225,"2021-12-21","2024-10-28",1042,2,42.32,84.63,42.32
226,"2024-03-28","2025-09-04",525,2,95.42,190.83,95.42
227,"2020-04-23","2020-04-23",0,1,82.47,82.47,82.47
228,"2025-03-20","2025-03-31",11,2,90.42,180.84,90.42
229,"2023-10-05","2023-10-05",0,1,116.54,116.54,116.54
231,"2020-07-17","2020-07-17",0,1,54.03,54.03,54.03
233,"2022-03-21","2022-03-21",0,1,199.88,199.88,199.88
234,"2025-04-30","2025-04-30",0,1,7.26,7.26,7.26
235,"2020-08-16","2020-08-16",0,1,135.36,135.36,135.36
236,"2021-02-26","2025-03-19",1482,3,225.72,677.15,225.72
237,"2021-07-06","2025-04-16",1380,4,173.49,693.97,173.49
238,"2021-07-02","2023-10-12",832,2,142.14,284.27,142.14
239,"2022-06-04","2025-02-13",985,2,393.88,787.76,393.88
240,"2022-12-03","2024-11-15",713,2,24.66,49.32,24.66
241,"2024-04-29","2024-04-29",0,1,41.65,41.65,41.65
243,"2021-02-12","2021-02-12",0,1,233.70,233.70,233.70
244,"2024-11-20","2024-11-20",0,1,45.56,45.56,45.56
246,"2025-07-31","2025-07-31",0,1,228.32,228.32,228.32
247,"2022-01-23","2022-01-23",0,1,51.90,51.90,51.90
248,"2025-08-23","2025-08-23",0,1,96.51,96.51,96.51
250,"2020-07-23","2025-04-03",1715,3,82.55,247.66,82.55
251,"2022-01-02","2022-01-02",0,1,213.07,213.07,213.07
253,"2020-01-25","2025-08-20",2034,3,343.47,1030.41,343.47
254,"2022-03-07","2024-09-22",930,5,102.12,510.58,102.12
255,"2022-07-04","2025-01-10",921,3,61.09,183.28,61.09
256,"2022-12-12","2022-12-12",0,1,172.23,172.23,172.23
257,"2021-09-16","2024-11-23",1164,4,68.51,274.03,68.51
258,"2020-01-01","2020-01-01",0,1,69.26,69.26,69.26
259,"2020-10-30","2020-10-30",0,1,147.49,147.49,147.49
261,"2021-02-07","2021-07-05",148,2,481.23,962.45,481.23
262,"2025-10-29","2025-10-29",0,1,692.35,692.35,692.35
263,"2021-05-19","2025-09-18",1583,3,16.94,50.82,16.94
264,"2021-01-15","2024-11-13",1398,4,80.60,322.40,80.60
265,"2020-01-20","2025-02-17",1855,4,227.66,910.64,227.66
266,"2023-03-24","2023-12-21",272,4,161.98,647.90,161.98
269,"2021-10-21","2025-01-19",1186,2,57.04,114.08,57.04
270,"2025-05-12","2025-10-04",145,2,160.67,321.34,160.67
271,"2022-04-09","2024-04-08",730,2,43.14,86.27,43.14
272,"2023-11-09","2023-11-09",0,1,90.44,90.44,90.44
273,"2021-12-19","2024-03-18",820,2,204.16,408.31,204.16
275,"2021-12-17","2025-10-02",1385,2,84.54,169.07,84.54
276,"2020-08-02","2024-10-27",1547,3,72.42,217.25,72.42
277,"2024-03-26","2024-03-26",0,1,57.89,57.89,57.89
278,"2022-07-04","2024-04-02",638,2,55.59,111.18,55.59
279,"2021-09-20","2023-09-25",735,2,135.35,270.70,135.35
280,"2025-05-25","2025-05-25",0,1,44.18,44.18,44.18
281,"2022-05-11","2024-09-12",855,2,23.96,47.91,23.96
283,"2020-07-14","2024-04-28",1384,2,27.42,54.84,27.42
284,"2022-03-23","2024-05-21",790,2,277.40,554.80,277.40
285,"2020-09-03","2023-10-19",1141,2,73.91,147.82,73.91
286,"2024-02-26","2024-02-26",0,1,372.36,372.36,372.36
288,"2023-12-11","2025-01-09",395,3,136.57,409.72,136.57
289,"2020-09-18","2024-01-28",1227,2,479.56,959.12,479.56
291,"2024-06-01","2025-09-26",482,2,106.52,213.03,106.52
293,"2021-11-24","2021-11-24",0,1,75.91,75.91,75.91
294,"2020-07-09","2023-01-15",920,2,532.30,1064.59,532.30
296,"2022-02-07","2022-02-07",0,1,31.72,31.72,31.72
297,"2020-09-25","2020-10-30",35,2,56.36,112.72,56.36
298,"2021-10-11","2025-03-24",1260,2,43.04,86.07,43.04
299,"2021-05-02","2021-05-02",0,1,126.67,126.67,126.67
302,"2025-03-23","2025-03-23",0,1,435.02,435.02,435.02
303,"2023-05-06","2024-12-30",604,2,125.15,250.29,125.15
304,"2020-03-13","2022-04-12",760,2,115.46,230.92,115.46
305,"2020-08-19","2024-09-13",1486,4,87.06,348.22,87.06
306,"2022-03-23","2022-03-23",0,1,87.06,87.06,87.06
307,"2023-11-29","2023-11-29",0,1,78.99,78.99,78.99
308,"2020-08-12","2020-11-04",84,2,57.51,115.01,57.51
309,"2024-09-12","2024-09-12",0,1,12.97,12.97,12.97
310,"2020-12-23","2021-02-04",43,2,85.94,171.87,85.94
311,"2020-06-02","2023-01-12",954,2,123.09,246.18,123.09
312,"2023-07-27","2024-11-30",492,2,38.52,77.04,38.52
314,"2020-08-01","2025-04-18",1721,3,284.16,852.49,284.16
315,"2020-04-28","2024-09-13",1599,4,86.93,347.73,86.93
316,"2021-12-30","2024-12-05",1071,3,285.26,855.77,285.26
317,"2020-11-06","2024-08-21",1384,3,76.28,228.84,76.28
318,"2022-11-18","2024-06-24",584,3,206.06,618.18,206.06
320,"2023-12-07","2025-05-20",530,5,85.29,426.47,85.29
322,"2022-10-31","2025-06-03",946,4,82.61,330.42,82.61
323,"2020-06-08","2023-03-29",1024,2,39.26,78.52,39.26
324,"2021-06-11","2021-06-11",0,1,225.48,225.48,225.48
326,"2024-04-18","2024-04-18",0,1,168.69,168.69,168.69
327,"2020-03-26","2025-04-05",1836,6,168.03,1008.15,168.03
331,"2023-01-10","2023-01-10",0,1,48.64,48.64,48.64
332,"2022-04-30","2022-04-30",0,1,130.03,130.03,130.03
333,"2022-02-09","2023-03-13",397,2,14.50,29.00,14.50
334,"2021-08-30","2025-06-28",1398,5,161.02,805.12,161.02
335,"2020-10-25","2022-08-12",656,2,101.67,203.33,101.67
336,"2020-06-13","2025-10-19",1954,3,182.19,546.58,182.19
337,"2020-09-27","2020-09-27",0,1,586.78,586.78,586.78
339,"2023-07-06","2023-07-06",0,1,162.55,162.55,162.55
341,"2024-05-10","2024-05-10",0,1,23.61,23.61,23.61
342,"2022-06-26","2022-06-26",0,1,29.46,29.46,29.46
343,"2020-10-07","2023-01-31",846,3,241.70,725.09,241.70
344,"2023-04-02","2025-04-13",742,3,120.34,361.03,120.34
345,"2025-04-01","2025-09-28",180,2,310.05,620.09,310.05
346,"2023-12-30","2023-12-30",0,1,17.47,17.47,17.47
347,"2020-03-26","2020-03-26",0,1,259.60,259.60,259.60
348,"2020-06-27","2020-06-27",0,1,143.19,143.19,143.19
349,"2021-07-17","2022-01-11",178,3,139.62,418.85,139.62
350,"2021-01-16","2023-07-29",924,2,115.71,231.42,115.71
351,"2022-05-24","2022-05-24",0,1,161.63,161.63,161.63
352,"2021-11-04","2025-01-03",1156,3,96.75,290.25,96.75
353,"2022-06-17","2024-06-18",732,2,211.69,423.38,211.69
354,"2020-07-10","2024-01-24",1293,4,83.57,334.27,83.57
356,"2021-10-23","2021-10-23",0,1,97.89,97.89,97.89
357,"2020-12-17","2020-12-17",0,1,179.55,179.55,179.55
358,"2020-09-23","2020-09-23",0,1,231.10,231.10,231.10
359,"2020-01-23","2024-12-10",1783,3,86.73,260.20,86.73
360,"2024-09-14","2024-09-14",0,1,57.01,57.01,57.01
361,"2020-04-03","2020-06-28",86,2,112.58,225.15,112.58
362,"2020-12-30","2024-11-15",1416,4,174.21,696.85,174.21
363,"2024-05-31","2024-05-31",0,1,65.85,65.85,65.85
364,"2021-06-16","2021-06-16",0,1,242.78,242.78,242.78
365,"2023-12-30","2023-12-30",0,1,183.55,183.55,183.55
366,"2025-09-19","2025-09-19",0,1,187.57,187.57,187.57
369,"2020-08-29","2023-06-19",1024,3,170.26,510.79,170.26
370,"2022-04-07","2022-04-29",22,2,217.45,434.90,217.45
371,"2023-07-23","2023-07-23",0,1,117.47,117.47,117.47
372,"2021-08-24","2022-07-26",336,3,992.76,2978.28,992.76
373,"2025-02-22","2025-02-22",0,1,104.84,104.84,104.84
375,"2022-04-22","2025-06-15",1150,2,102.80,205.59,102.80
376,"2024-04-24","2025-10-31",555,2,130.21,260.42,130.21
377,"2023-08-08","2023-08-08",0,1,251.58,251.58,251.58
379,"2020-03-07","2020-03-07",0,1,50.05,50.05,50.05
381,"2020-02-26","2020-06-09",104,2,110.49,220.97,110.49
382,"2020-09-15","2024-08-27",1442,2,426.67,853.33,426.67
385,"2020-01-03","2022-02-07",766,3,90.31,270.92,90.31
386,"2024-05-26","2024-05-26",0,1,43.79,43.79,43.79
387,"2025-04-07","2025-07-16",100,2,111.90,223.79,111.90
389,"2021-03-06","2024-09-03",1277,3,85.93,257.78,85.93
390,"2021-09-16","2021-09-16",0,1,120.95,120.95,120.95
392,"2022-08-18","2024-01-12",512,2,129.28,258.56,129.28
393,"2020-07-08","2023-07-14",1101,3,226.58,679.75,226.58
394,"2021-05-17","2021-05-17",0,1,158.16,158.16,158.16
395,"2020-01-06","2024-11-15",1775,5,254.63,1273.15,254.63
396,"2021-03-12","2021-03-12",0,1,5.93,5.93,5.93
397,"2022-04-29","2024-09-26",881,2,36.77,73.53,36.77
398,"2020-03-15","2024-09-25",1655,3,200.82,602.46,200.82
399,"2022-12-14","2023-04-01",108,2,307.45,614.89,307.45
400,"2024-06-11","2024-06-11",0,1,80.65,80.65,80.65
401,"2021-08-23","2025-05-04",1350,2,19.55,39.10,19.55
402,"2021-12-06","2024-12-06",1096,3,338.56,1015.68,338.56
403,"2023-03-20","2025-07-12",845,2,61.22,122.44,61.22
405,"2024-11-17","2024-11-17",0,1,75.36,75.36,75.36
406,"2022-02-16","2022-02-16",0,1,234.11,234.11,234.11
407,"2020-03-27","2021-05-13",412,2,131.83,263.66,131.83
408,"2020-11-24","2020-11-24",0,1,107.60,107.60,107.60
410,"2021-12-27","2021-12-27",0,1,168.95,168.95,168.95
412,"2025-02-03","2025-02-03",0,1,201.76,201.76,201.76
413,"2023-09-22","2023-09-22",0,1,133.44,133.44,133.44
414,"2021-10-19","2023-02-10",479,2,225.02,450.04,225.02
415,"2020-01-11","2023-08-03",1300,5,132.24,661.19,132.24
416,"2021-02-25","2025-08-19",1636,2,112.50,225.00,112.50
417,"2021-01-26","2025-10-20",1728,2,91.90,183.79,91.90
419,"2022-08-08","2022-12-15",129,3,125.11,375.33,125.11
420,"2023-02-19","2025-07-08",870,3,138.04,414.11,138.04
421,"2022-10-06","2022-10-06",0,1,42.13,42.13,42.13
422,"2025-04-02","2025-04-02",0,1,122.43,122.43,122.43
423,"2021-07-07","2022-08-22",411,2,82.65,165.30,82.65
424,"2025-01-22","2025-01-22",0,1,17.34,17.34,17.34
425,"2022-01-05","2022-11-20",319,3,35.07,105.20,35.07
426,"2023-10-21","2025-10-14",724,2,152.72,305.43,152.72
428,"2024-03-26","2024-03-26",0,1,25.71,25.71,25.71
429,"2025-07-09","2025-07-09",0,1,28.59,28.59,28.59
430,"2020-05-06","2024-02-10",1375,3,189.51,568.53,189.51
431,"2022-02-08","2025-06-02",1210,2,135.54,271.08,135.54
432,"2021-09-08","2025-09-02",1455,4,128.64,514.57,128.64
433,"2020-08-28","2025-10-29",1888,3,132.75,398.26,132.75
434,"2025-10-10","2025-10-10",0,1,207.64,207.64,207.64
435,"2024-11-25","2024-11-25",0,1,52.87,52.87,52.87
436,"2020-01-25","2025-05-24",1946,3,143.81,431.43,143.81
438,"2024-07-26","2024-07-26",0,1,37.17,37.17,37.17
439,"2021-05-14","2025-05-06",1453,4,51.78,207.10,51.78
441,"2020-06-21","2020-06-21",0,1,813.98,813.98,813.98
442,"2021-03-27","2021-03-27",0,1,43.85,43.85,43.85
443,"2020-05-13","2020-05-13",0,1,10.11,10.11,10.11
444,"2022-04-17","2022-04-17",0,1,248.16,248.16,248.16
445,"2020-09-07","2020-09-07",0,1,52.58,52.58,52.58
449,"2025-07-14","2025-07-14",0,1,11.92,11.92,11.92
450,"2022-01-04","2022-01-04",0,1,85.03,85.03,85.03
451,"2021-05-18","2025-09-28",1594,3,126.94,380.81,126.94
452,"2020-01-14","2020-01-14",0,1,148.93,148.93,148.93
453,"2020-06-15","2022-11-19",887,2,72.94,145.88,72.94
454,"2020-08-17","2025-07-29",1807,2,103.03,206.05,103.03
455,"2020-08-04","2025-01-17",1627,6,184.20,1105.20,184.20
456,"2022-11-29","2024-01-06",403,2,62.74,125.47,62.74
457,"2020-06-09","2025-01-05",1671,4,87.18,348.70,87.18
458,"2021-06-06","2023-06-25",749,3,54.64,163.92,54.64
459,"2021-09-12","2025-06-14",1371,5,68.02,340.08,68.02
463,"2020-04-24","2024-06-09",1507,2,272.26,544.51,272.26
465,"2021-07-30","2025-05-01",1371,2,41.46,82.91,41.46
466,"2024-01-19","2024-07-08",171,2,48.65,97.30,48.65
467,"2025-04-03","2025-04-03",0,1,7.98,7.98,7.98
469,"2021-11-27","2024-10-11",1049,2,224.26,448.52,224.26
470,"2024-07-25","2024-07-25",0,1,150.37,150.37,150.37
472,"2020-05-12","2024-05-17",1466,3,174.57,523.71,174.57
474,"2022-03-12","2024-06-23",834,2,215.52,431.03,215.52
475,"2022-02-02","2025-10-09",1345,4,196.34,785.36,196.34
476,"2021-02-03","2024-01-24",1085,2,110.44,220.88,110.44
477,"2020-05-24","2024-05-28",1465,5,64.20,321.01,64.20
478,"2020-05-11","2020-12-16",219,2,63.54,127.07,63.54
479,"2022-01-16","2022-01-16",0,1,109.67,109.67,109.67
481,"2021-09-15","2023-12-19",825,3,122.79,368.36,122.79
482,"2022-11-06","2024-01-16",436,3,247.47,742.42,247.47
483,"2020-11-07","2025-08-29",1756,4,140.94,563.77,140.94
484,"2021-02-20","2022-12-18",666,2,153.08,306.15,153.08
485,"2020-10-02","2024-12-15",1535,4,80.78,323.10,80.78
487,"2020-12-15","2024-07-21",1314,2,387.25,774.50,387.25
488,"2022-10-09","2023-03-12",154,3,117.48,352.45,117.48
489,"2023-06-04","2025-09-11",830,4,43.43,173.73,43.43
490,"2025-08-15","2025-08-15",0,1,57.72,57.72,57.72
493,"2020-09-22","2025-08-11",1784,3,128.03,384.10,128.03
494,"2023-02-25","2023-02-25",0,1,217.85,217.85,217.85
495,"2022-01-04","2025-09-28",1363,5,69.10,345.51,69.10
496,"2022-08-28","2024-11-10",805,3,128.31,384.93,128.31
497,"2021-05-26","2023-12-10",928,2,219.38,438.76,219.38
498,"2021-10-16","2025-10-14",1459,5,188.23,941.15,188.23
499,"2020-02-01","2022-02-04",734,3,173.27,519.80,173.27
500,"2022-02-20","2025-07-29",1255,3,121.51,364.54,121.51
502,"2020-04-08","2020-04-08",0,1,159.49,159.49,159.49
503,"2021-02-02","2022-07-19",532,5,420.19,2100.96,420.19
504,"2021-06-17","2025-04-27",1410,3,135.13,405.38,135.13
505,"2021-05-16","2023-12-21",949,4,176.26,705.02,176.26
506,"2022-05-05","2025-08-18",1201,2,128.51,257.02,128.51
507,"2021-09-26","2021-09-26",0,1,375.01,375.01,375.01
508,"2022-07-25","2025-10-21",1184,2,251.05,502.09,251.05
509,"2023-01-06","2024-03-29",448,2,128.08,256.16,128.08
510,"2021-03-27","2022-03-13",351,3,242.98,728.95,242.98
511,"2022-02-25","2022-02-25",0,1,73.44,73.44,73.44
512,"2023-05-28","2023-05-28",0,1,89.90,89.90,89.90
513,"2022-02-26","2024-06-16",841,2,106.76,213.52,106.76
514,"2022-12-10","2025-01-04",756,2,91.46,182.92,91.46
515,"2022-07-19","2024-11-01",836,3,249.21,747.64,249.21
516,"2020-07-03","2020-07-03",0,1,35.48,35.48,35.48
518,"2020-09-27","2025-07-30",1767,5,45.55,227.76,45.55
519,"2020-12-18","2023-08-03",958,3,40.84,122.53,40.84
520,"2021-06-17","2021-06-17",0,1,66.78,66.78,66.78
521,"2020-06-03","2020-06-03",0,1,59.77,59.77,59.77
523,"2022-08-01","2024-07-25",724,2,58.08,116.15,58.08
524,"2020-09-25","2024-11-01",1498,3,159.87,479.61,159.87
525,"2022-12-14","2022-12-14",0,1,275.50,275.50,275.50
527,"2020-09-04","2021-12-17",469,2,55.30,110.59,55.30
528,"2022-01-10","2024-02-19",770,2,86.56,173.12,86.56
529,"2020-10-22","2020-10-22",0,1,6.93,6.93,6.93
531,"2021-06-16","2024-08-01",1142,5,62.02,310.08,62.02
533,"2020-03-07","2025-09-17",2020,4,95.98,383.93,95.98
536,"2021-07-14","2025-05-31",1417,3,144.19,432.58,144.19
537,"2024-06-18","2024-06-18",0,1,25.51,25.51,25.51
538,"2020-02-27","2020-02-27",0,1,84.31,84.31,84.31
540,"2021-06-15","2021-10-06",113,2,175.02,350.04,175.02
541,"2024-11-08","2024-11-08",0,1,47.24,47.24,47.24
542,"2021-01-12","2022-08-23",588,2,285.24,570.47,285.24
543,"2022-11-27","2025-09-26",1034,3,56.21,168.63,56.21
545,"2020-09-17","2021-11-23",432,2,154.63,309.25,154.63
546,"2025-01-30","2025-01-30",0,1,42.58,42.58,42.58
547,"2022-07-09","2024-02-04",575,2,121.12,242.24,121.12
548,"2024-06-05","2024-06-05",0,1,15.86,15.86,15.86
549,"2020-01-18","2021-10-31",652,2,71.19,142.38,71.19
550,"2020-02-06","2020-02-06",0,1,684.68,684.68,684.68
551,"2020-09-19","2020-09-19",0,1,471.96,471.96,471.96
552,"2021-04-17","2021-05-23",36,3,109.77,329.31,109.77
553,"2025-03-14","2025-03-14",0,1,137.54,137.54,137.54
554,"2024-10-28","2024-10-28",0,1,508.23,508.23,508.23
555,"2021-08-13","2025-06-16",1403,3,84.64,253.93,84.64
556,"2023-04-08","2023-04-08",0,1,40.57,40.57,40.57
557,"2021-04-27","2025-03-15",1418,3,167.03,501.10,167.03
558,"2024-03-23","2024-03-23",0,1,35.76,35.76,35.76
560,"2025-09-10","2025-09-10",0,1,140.37,140.37,140.37
562,"2025-05-19","2025-05-19",0,1,307.53,307.53,307.53
564,"2024-08-12","2024-08-12",0,1,16.09,16.09,16.09
565,"2021-03-19","2023-01-27",679,2,178.39,356.78,178.39
566,"2021-02-14","2024-02-05",1086,3,232.90,698.71,232.90
567,"2025-08-12","2025-08-12",0,1,19.56,19.56,19.56
569,"2021-07-06","2021-11-25",142,2,59.51,119.02,59.51
570,"2023-07-24","2023-07-24",0,1,17.78,17.78,17.78
571,"2020-08-01","2023-08-20",1114,4,119.29,477.16,119.29
572,"2022-12-02","2022-12-02",0,1,289.64,289.64,289.64
573,"2024-02-08","2024-09-14",219,2,378.90,757.79,378.90
575,"2021-12-04","2021-12-04",0,1,79.58,79.58,79.58
576,"2021-03-12","2021-03-12",0,1,93.06,93.06,93.06
577,"2023-01-16","2023-01-16",0,1,86.29,86.29,86.29
578,"2024-08-29","2025-05-15",259,2,276.28,552.56,276.28
579,"2021-02-02","2021-02-02",0,1,24.47,24.47,24.47
582,"2023-03-07","2023-03-07",0,1,88.93,88.93,88.93
583,"2020-03-30","2020-03-30",0,1,356.66,356.66,356.66
584,"2022-10-15","2024-03-08",510,2,69.84,139.67,69.84
585,"2022-12-03","2024-11-01",699,3,34.66,103.98,34.66
586,"2023-03-23","2023-10-13",204,2,84.89,169.78,84.89
587,"2020-09-07","2025-02-18",1625,3,217.14,651.41,217.14
588,"2023-07-09","2023-07-09",0,1,136.67,136.67,136.67
589,"2022-01-11","2022-01-11",0,1,23.83,23.83,23.83
590,"2021-04-11","2025-09-04",1607,4,93.59,374.37,93.59
591,"2023-06-03","2025-04-01",668,4,150.82,603.29,150.82
593,"2025-06-25","2025-08-31",67,2,192.66,385.31,192.66
594,"2020-02-29","2024-06-16",1569,4,55.46,221.83,55.46
595,"2020-04-18","2025-05-05",1843,5,74.36,371.78,74.36
597,"2025-03-17","2025-03-17",0,1,516.40,516.40,516.40
598,"2022-01-13","2024-07-15",914,3,99.62,298.85,99.62
599,"2023-11-06","2023-11-13",7,2,164.26,328.52,164.26
602,"2023-04-12","2023-04-12",0,1,100.77,100.77,100.77
605,"2021-03-25","2023-10-17",936,4,100.41,401.64,100.41
606,"2022-05-30","2023-10-14",502,2,370.49,740.97,370.49
608,"2022-05-06","2024-02-03",638,3,69.75,209.26,69.75
609,"2021-03-02","2025-05-11",1531,3,175.69,527.07,175.69
610,"2020-08-03","2022-12-23",872,2,72.65,145.29,72.65
611,"2023-02-04","2023-02-04",0,1,597.26,597.26,597.26
612,"2020-02-16","2024-04-29",1534,5,211.06,1055.32,211.06
613,"2020-04-19","2020-04-19",0,1,515.82,515.82,515.82
614,"2020-10-11","2022-01-09",455,3,155.46,466.38,155.46
615,"2021-08-08","2023-02-03",544,2,167.21,334.42,167.21
616,"2020-02-15","2020-02-15",0,1,202.41,202.41,202.41
617,"2021-11-03","2021-11-03",0,1,31.09,31.09,31.09
618,"2021-12-13","2021-12-13",0,1,39.60,39.60,39.60
619,"2023-08-10","2024-02-11",185,2,311.47,622.93,311.47
624,"2022-01-10","2022-01-10",0,1,37.77,37.77,37.77
626,"2022-10-27","2025-05-18",934,3,62.81,188.42,62.81
629,"2025-04-17","2025-06-12",56,2,135.51,271.02,135.51
630,"2025-06-24","2025-06-24",0,1,3.32,3.32,3.32
631,"2022-11-29","2024-01-09",406,2,110.43,220.86,110.43
632,"2020-03-17","2021-01-07",296,3,203.90,611.69,203.90
634,"2022-10-01","2025-07-14",1017,2,650.09,1300.17,650.09
635,"2024-01-25","2025-09-13",597,2,168.69,337.37,168.69
636,"2020-03-26","2023-04-06",1106,2,92.27,184.54,92.27
637,"2022-01-22","2025-07-17",1272,2,300.89,601.77,300.89
638,"2021-03-16","2023-01-22",677,4,142.16,568.65,142.16
640,"2022-02-21","2022-02-21",0,1,11.64,11.64,11.64
641,"2025-03-22","2025-03-22",0,1,52.89,52.89,52.89
642,"2024-12-28","2024-12-28",0,1,27.12,27.12,27.12
643,"2020-07-06","2025-04-17",1746,4,62.13,248.51,62.13
644,"2022-11-21","2024-08-27",645,5,187.38,936.92,187.38
645,"2022-10-18","2023-05-31",225,2,136.71,273.41,136.71
646,"2021-01-11","2023-09-06",968,3,138.66,415.99,138.66
647,"2022-06-15","2022-06-15",0,1,31.86,31.86,31.86
649,"2025-06-24","2025-06-24",0,1,12.97,12.97,12.97
650,"2021-04-17","2021-04-17",0,1,79.62,79.62,79.62
651,"2022-09-15","2025-08-31",1081,2,182.26,364.51,182.26
652,"2020-01-03","2024-08-31",1702,2,100.05,200.09,100.05
653,"2020-06-18","2023-01-05",931,4,179.73,718.90,179.73
654,"2022-09-22","2024-05-08",594,3,113.08,339.24,113.08
655,"2022-09-18","2023-01-10",114,2,71.92,143.83,71.92
656,"2023-07-15","2025-04-04",629,2,89.49,178.98,89.49
657,"2022-01-06","2023-07-21",561,2,163.40,326.79,163.40
658,"2022-04-08","2022-04-08",0,1,120.95,120.95,120.95
659,"2023-01-13","2023-01-21",8,2,217.59,435.18,217.59
660,"2021-08-22","2024-09-06",1111,3,90.33,270.98,90.33
662,"2021-01-13","2025-10-01",1722,4,61.01,244.03,61.01
663,"2020-10-20","2022-07-07",625,4,74.19,296.75,74.19
664,"2020-07-04","2024-03-14",1349,2,125.76,251.52,125.76
665,"2022-07-21","2022-07-21",0,1,361.61,361.61,361.61
666,"2020-06-01","2023-12-02",1279,3,43.38,130.15,43.38
667,"2020-02-29","2021-06-02",459,2,15.17,30.33,15.17
668,"2021-11-07","2024-08-15",1012,2,54.73,109.45,54.73
669,"2021-02-13","2022-08-29",562,3,57.14,171.43,57.14
670,"2022-04-12","2024-11-18",951,2,42.93,85.86,42.93
672,"2021-02-10","2021-02-10",0,1,127.01,127.01,127.01
673,"2023-07-27","2024-03-31",248,2,64.17,128.33,64.17
674,"2023-03-30","2023-03-30",0,1,28.57,28.57,28.57
675,"2023-08-14","2023-08-14",0,1,23.70,23.70,23.70
676,"2021-09-28","2021-09-28",0,1,185.24,185.24,185.24
677,"2022-06-03","2022-06-03",0,1,223.87,223.87,223.87
680,"2021-05-05","2023-05-10",735,2,285.33,570.66,285.33
681,"2023-10-25","2023-10-25",0,1,103.44,103.44,103.44
682,"2025-02-01","2025-02-01",0,1,109.01,109.01,109.01
683,"2023-10-26","2023-10-26",0,1,195.58,195.58,195.58
684,"2023-07-20","2025-01-19",549,3,75.24,225.71,75.24
685,"2022-03-23","2024-02-11",690,5,135.17,675.84,135.17
686,"2022-03-18","2022-05-14",57,2,51.57,103.14,51.57
688,"2020-12-29","2020-12-29",0,1,46.29,46.29,46.29
689,"2025-02-28","2025-02-28",0,1,205.72,205.72,205.72
691,"2022-04-10","2025-08-30",1238,3,102.54,307.62,102.54
692,"2021-08-26","2025-10-02",1498,3,99.51,298.52,99.51
693,"2023-03-11","2023-12-28",292,2,131.25,262.50,131.25
694,"2025-05-31","2025-05-31",0,1,590.75,590.75,590.75
695,"2020-02-06","2023-03-11",1129,4,48.90,195.59,48.90
696,"2024-10-18","2024-10-18",0,1,181.92,181.92,181.92
697,"2020-01-24","2021-09-15",600,2,106.51,213.02,106.51
698,"2022-09-14","2023-07-13",302,2,236.28,472.56,236.28
699,"2020-02-25","2023-11-22",1366,2,51.08,102.16,51.08
701,"2023-04-26","2023-04-26",0,1,405.24,405.24,405.24
702,"2020-06-26","2025-05-01",1770,2,87.53,175.06,87.53
703,"2021-03-26","2025-06-11",1538,4,106.75,427.01,106.75
704,"2025-10-06","2025-10-06",0,1,161.42,161.42,161.42
705,"2025-02-01","2025-02-01",0,1,15.18,15.18,15.18
706,"2021-04-05","2021-08-31",148,2,191.97,383.94,191.97
707,"2024-02-21","2024-07-18",148,3,102.01,306.03,102.01
708,"2020-10-01","2025-08-14",1778,4,42.29,169.14,42.29
709,"2023-09-18","2023-09-18",0,1,23.83,23.83,23.83
710,"2020-08-31","2020-08-31",0,1,35.43,35.43,35.43
711,"2021-05-27","2021-05-27",0,1,113.27,113.27,113.27
712,"2023-09-30","2023-09-30",0,1,102.08,102.08,102.08
714,"2024-04-17","2025-06-17",426,3,160.01,480.02,160.01
715,"2024-12-08","2024-12-08",0,1,97.43,97.43,97.43
716,"2025-08-13","2025-08-13",0,1,515.63,515.63,515.63
718,"2020-11-29","2024-06-01",1280,3,89.43,268.30,89.43
719,"2024-01-31","2024-01-31",0,1,261.83,261.83,261.83
720,"2024-09-01","2024-09-01",0,1,39.62,39.62,39.62
723,"2022-03-01","2025-02-16",1083,4,134.93,539.70,134.93
726,"2021-01-19","2021-01-19",0,1,75.93,75.93,75.93
727,"2025-05-26","2025-08-22",88,2,27.25,54.49,27.25
728,"2022-03-22","2024-04-02",742,2,173.41,346.81,173.41
729,"2024-01-19","2024-01-19",0,1,43.66,43.66,43.66
730,"2022-12-15","2023-06-24",191,2,281.53,563.06,281.53
732,"2023-10-10","2025-09-16",707,2,149.95,299.90,149.95
733,"2021-08-07","2025-09-03",1488,3,98.98,296.94,98.98
734,"2020-12-22","2025-09-12",1725,5,70.72,353.60,70.72
735,"2025-10-06","2025-10-06",0,1,41.32,41.32,41.32
738,"2020-09-05","2022-05-10",612,2,295.69,591.38,295.69
739,"2021-10-04","2023-10-01",727,2,88.12,176.23,88.12
740,"2023-01-06","2025-09-26",994,2,58.38,116.75,58.38
741,"2022-04-15","2025-09-19",1253,3,348.56,1045.67,348.56
742,"2020-12-16","2020-12-16",0,1,8.68,8.68,8.68
744,"2023-06-26","2023-08-10",45,2,178.55,357.10,178.55
745,"2021-01-13","2025-10-15",1736,3,326.55,979.65,326.55
748,"2024-10-28","2024-10-28",0,1,165.93,165.93,165.93
749,"2020-10-11","2020-10-11",0,1,160.63,160.63,160.63
750,"2024-08-04","2024-08-04",0,1,141.65,141.65,141.65
751,"2020-10-16","2020-10-16",0,1,91.14,91.14,91.14
753,"2020-05-15","2024-10-30",1629,2,211.59,423.17,211.59
755,"2021-03-03","2021-03-03",0,1,10.38,10.38,10.38
757,"2023-03-21","2025-05-31",802,2,335.05,670.10,335.05
758,"2022-09-24","2022-09-24",0,1,8.53,8.53,8.53
759,"2021-11-15","2021-11-15",0,1,165.11,165.11,165.11
760,"2022-02-05","2025-07-17",1258,2,124.27,248.53,124.27
761,"2020-12-17","2025-07-18",1674,3,92.23,276.69,92.23
763,"2022-06-08","2025-06-23",1111,2,134.16,268.32,134.16
764,"2021-12-08","2021-12-08",0,1,392.03,392.03,392.03
766,"2020-06-24","2021-12-05",529,2,94.40,188.80,94.40
767,"2023-07-27","2024-09-12",413,2,97.03,194.06,97.03
768,"2023-07-16","2023-07-16",0,1,128.97,128.97,128.97
769,"2022-05-13","2023-06-08",391,2,454.26,908.51,454.26
770,"2021-04-14","2021-04-14",0,1,180.45,180.45,180.45
771,"2024-05-30","2025-08-27",454,3,165.78,497.35,165.78
772,"2021-06-27","2024-12-04",1256,4,86.00,343.99,86.00
773,"2021-07-04","2022-04-30",300,3,145.47,436.40,145.47
774,"2024-04-16","2024-04-16",0,1,169.84,169.84,169.84
775,"2020-04-25","2023-05-22",1122,4,81.51,326.02,81.51
776,"2023-09-18","2023-11-21",64,2,264.01,528.01,264.01
777,"2022-05-05","2025-08-12",1195,2,187.45,374.90,187.45
778,"2021-07-25","2022-07-29",369,2,123.10,246.20,123.10
779,"2023-05-29","2023-05-29",0,1,7.45,7.45,7.45
780,"2021-12-19","2021-12-19",0,1,203.10,203.10,203.10
781,"2023-08-11","2025-08-06",726,3,142.21,426.62,142.21
782,"2020-10-07","2025-09-24",1813,2,53.82,107.64,53.82
784,"2020-05-04","2022-04-13",709,3,43.96,131.89,43.96
785,"2020-03-30","2025-05-27",1884,3,153.79,461.38,153.79
786,"2021-09-30","2021-09-30",0,1,6.63,6.63,6.63
787,"2021-07-19","2021-07-19",0,1,12.16,12.16,12.16
788,"2021-01-13","2025-04-10",1548,2,45.52,91.04,45.52
789,"2020-09-09","2024-03-10",1278,2,46.31,92.61,46.31
790,"2022-05-14","2024-10-08",878,4,80.29,321.15,80.29
791,"2020-02-02","2024-01-27",1455,7,97.64,683.48,97.64
792,"2024-06-24","2024-06-24",0,1,205.69,205.69,205.69
793,"2024-10-07","2024-11-24",48,2,427.14,854.28,427.14
794,"2023-04-22","2024-07-15",450,2,109.63,219.26,109.63
795,"2021-07-29","2022-10-25",453,2,410.51,821.01,410.51
796,"2020-09-12","2021-03-13",182,2,49.59,99.18,49.59
797,"2024-02-08","2024-02-08",0,1,280.22,280.22,280.22
798,"2020-09-26","2022-09-15",719,2,124.03,248.05,124.03
799,"2022-08-26","2024-08-01",706,2,96.65,193.29,96.65
801,"2023-10-23","2024-03-29",158,2,197.12,394.23,197.12
802,"2020-09-22","2025-08-06",1779,5,152.19,760.94,152.19
803,"2021-02-03","2021-09-04",213,2,49.30,98.59,49.30
804,"2022-11-22","2025-02-09",810,2,71.35,142.70,71.35
806,"2021-03-14","2024-05-22",1165,3,261.90,785.69,261.90
807,"2021-06-20","2023-01-21",580,2,97.86,195.72,97.86
810,"2022-02-03","2025-10-02",1337,4,123.26,493.05,123.26
811,"2021-02-18","2024-11-18",1369,3,75.68,227.04,75.68
812,"2024-12-15","2024-12-15",0,1,52.06,52.06,52.06
813,"2020-11-01","2022-02-16",472,2,175.57,351.14,175.57
814,"2020-07-19","2021-10-21",459,2,247.16,494.32,247.16
815,"2021-04-15","2021-04-15",0,1,201.06,201.06,201.06
816,"2023-03-10","2024-05-31",448,3,415.59,1246.78,415.59
817,"2020-07-06","2023-07-04",1093,2,150.82,301.63,150.82
818,"2020-01-13","2022-11-21",1043,2,451.03,902.06,451.03
819,"2020-11-04","2022-06-24",597,4,109.57,438.28,109.57
820,"2023-01-31","2024-09-07",585,3,158.47,475.42,158.47
821,"2025-07-31","2025-07-31",0,1,51.72,51.72,51.72
822,"2022-11-04","2022-11-04",0,1,23.05,23.05,23.05
823,"2020-09-17","2021-06-08",264,2,73.32,146.63,73.32
824,"2023-11-20","2024-09-15",300,2,170.84,341.67,170.84
825,"2021-10-21","2025-08-06",1385,3,125.70,377.10,125.70
826,"2023-02-25","2025-04-21",786,2,96.45,192.89,96.45
827,"2023-01-05","2024-07-19",561,2,50.52,101.03,50.52
828,"2025-02-25","2025-02-25",0,1,139.04,139.04,139.04
829,"2022-07-22","2025-01-18",911,2,290.87,581.74,290.87
830,"2020-08-02","2021-06-20",322,3,442.39,1327.16,442.39
832,"2021-01-09","2024-10-05",1365,2,140.19,280.37,140.19
833,"2021-10-11","2025-03-18",1254,2,22.99,45.97,22.99
834,"2021-11-23","2024-11-30",1103,3,119.32,357.97,119.32
835,"2021-05-19","2023-06-21",763,3,168.83,506.48,168.83
836,"2020-12-18","2022-03-15",452,2,132.69,265.37,132.69
837,"2020-07-21","2022-03-09",596,2,38.71,77.42,38.71
838,"2020-09-01","2025-09-28",1853,3,205.61,616.83,205.61
839,"2025-08-11","2025-08-11",0,1,435.28,435.28,435.28
841,"2020-08-03","2025-03-20",1690,3,229.72,689.16,229.72
842,"2022-12-31","2025-02-18",780,3,112.55,337.66,112.55
843,"2022-05-13","2022-05-13",0,1,44.06,44.06,44.06
845,"2021-06-28","2025-08-08",1502,2,93.79,187.57,93.79
846,"2022-05-09","2024-11-16",922,3,101.46,304.38,101.46
847,"2020-10-27","2025-10-25",1824,5,267.15,1335.73,267.15
849,"2024-01-19","2024-05-03",105,2,87.10,174.19,87.10
850,"2024-10-08","2024-10-08",0,1,66.56,66.56,66.56
851,"2021-11-13","2021-11-13",0,1,9.20,9.20,9.20
854,"2022-09-12","2022-09-12",0,1,17.42,17.42,17.42
855,"2020-02-12","2020-02-12",0,1,146.07,146.07,146.07
856,"2023-07-20","2023-08-27",38,2,282.68,565.36,282.68
858,"2021-11-12","2023-06-12",577,2,271.63,543.26,271.63
859,"2020-02-06","2024-11-10",1739,6,49.28,295.67,49.28
860,"2023-01-27","2023-01-27",0,1,20.88,20.88,20.88
861,"2024-12-05","2024-12-05",0,1,362.74,362.74,362.74
862,"2020-01-07","2020-01-07",0,1,496.43,496.43,496.43
863,"2023-04-27","2024-12-25",608,4,90.81,363.23,90.81
864,"2022-09-02","2023-02-19",170,2,170.71,341.41,170.71
865,"2020-02-10","2024-08-13",1646,3,55.89,167.67,55.89
866,"2022-01-19","2025-10-10",1360,4,183.61,734.43,183.61
867,"2020-09-21","2020-09-21",0,1,19.85,19.85,19.85
869,"2021-05-14","2021-05-14",0,1,50.31,50.31,50.31
871,"2025-08-12","2025-08-12",0,1,86.09,86.09,86.09
872,"2020-03-14","2021-07-17",490,3,100.67,302.00,100.67
873,"2021-05-02","2022-08-17",472,2,66.44,132.88,66.44
874,"2024-01-03","2024-01-03",0,1,539.06,539.06,539.06
878,"2020-03-21","2025-03-27",1832,2,222.96,445.92,222.96
879,"2023-01-30","2023-01-30",0,1,108.17,108.17,108.17
880,"2020-07-20","2024-02-08",1298,4,81.33,325.31,81.33
881,"2024-07-15","2025-06-21",341,2,91.75,183.49,91.75
882,"2023-06-14","2023-06-14",0,1,135.02,135.02,135.02
883,"2022-11-04","2024-06-20",594,2,132.97,265.94,132.97
885,"2020-04-10","2022-03-14",703,2,222.31,444.61,222.31
886,"2022-04-18","2023-03-08",324,2,205.73,411.46,205.73
887,"2022-11-17","2022-11-17",0,1,8.85,8.85,8.85
889,"2020-02-15","2022-02-12",728,2,76.92,153.83,76.92
890,"2020-07-16","2024-01-06",1269,3,131.34,394.03,131.34
892,"2020-06-29","2023-06-01",1067,2,70.47,140.94,70.47
894,"2022-05-13","2022-05-13",0,1,65.94,65.94,65.94
895,"2020-08-28","2025-08-27",1825,3,46.43,139.30,46.43
896,"2021-10-19","2024-05-12",936,2,155.08,310.16,155.08
897,"2022-03-02","2022-03-02",0,1,37.31,37.31,37.31
898,"2021-07-18","2025-03-30",1351,3,171.87,515.62,171.87
899,"2020-05-29","2021-06-25",392,2,72.88,145.76,72.88
900,"2022-02-14","2023-08-05",537,2,176.87,353.73,176.87
901,"2023-06-14","2024-07-14",396,2,121.24,242.47,121.24
902,"2021-03-27","2021-03-27",0,1,54.98,54.98,54.98
903,"2021-08-21","2025-03-17",1304,2,32.72,65.44,32.72
904,"2020-08-10","2020-08-10",0,1,11.72,11.72,11.72
905,"2022-10-10","2025-05-14",947,3,77.44,232.32,77.44
906,"2020-04-02","2025-02-05",1770,5,144.89,724.43,144.89
907,"2021-12-22","2023-06-17",542,4,79.12,316.46,79.12
908,"2021-06-25","2024-10-24",1217,2,265.14,530.27,265.14
909,"2022-08-03","2023-06-27",328,3,128.89,386.67,128.89
910,"2021-06-04","2021-06-04",0,1,16.54,16.54,16.54
911,"2024-02-13","2024-02-13",0,1,91.14,91.14,91.14
912,"2020-02-05","2023-04-23",1173,4,28.70,114.78,28.70
913,"2021-11-06","2021-11-06",0,1,199.65,199.65,199.65
914,"2023-03-24","2023-03-24",0,1,44.44,44.44,44.44
915,"2023-07-01","2024-11-20",508,4,172.13,688.52,172.13
916,"2020-08-13","2024-08-28",1476,3,68.32,204.96,68.32
917,"2024-07-29","2025-07-16",352,2,205.68,411.36,205.68
918,"2024-11-07","2024-11-07",0,1,26.62,26.62,26.62
919,"2022-07-29","2024-05-13",654,2,261.77,523.53,261.77
920,"2021-09-25","2021-09-25",0,1,143.18,143.18,143.18
922,"2020-09-15","2020-09-15",0,1,107.54,107.54,107.54
923,"2021-05-01","2022-08-16",472,3,155.72,467.15,155.72
924,"2020-03-15","2021-07-03",475,2,52.08,104.16,52.08
925,"2020-07-05","2020-07-05",0,1,161.30,161.30,161.30
926,"2020-02-07","2020-07-04",148,2,25.41,50.81,25.41
928,"2021-10-20","2025-05-11",1299,3,26.28,78.83,26.28
929,"2021-08-16","2024-04-27",985,4,64.77,259.09,64.77
930,"2022-06-17","2022-06-17",0,1,94.24,94.24,94.24
931,"2025-05-15","2025-05-15",0,1,128.86,128.86,128.86
932,"2024-10-09","2024-10-09",0,1,77.10,77.10,77.10
933,"2021-04-21","2024-10-20",1278,4,138.20,552.80,138.20
934,"2022-09-25","2022-09-25",0,1,37.01,37.01,37.01
935,"2024-08-15","2024-08-15",0,1,186.55,186.55,186.55
938,"2022-10-23","2025-01-19",819,2,139.16,278.32,139.16
939,"2021-04-25","2021-04-25",0,1,172.71,172.71,172.71
940,"2020-02-07","2021-12-15",677,2,182.32,364.63,182.32
941,"2020-10-03","2024-01-05",1189,2,105.13,210.25,105.13
942,"2020-02-26","2024-10-31",1709,2,109.43,218.85,109.43
943,"2021-03-18","2021-03-18",0,1,51.99,51.99,51.99
944,"2022-01-05","2022-03-23",77,2,50.52,101.03,50.52
945,"2024-04-03","2024-04-03",0,1,117.10,117.10,117.10
946,"2022-03-28","2024-08-27",883,2,83.61,167.22,83.61
947,"2021-01-14","2023-08-07",935,2,24.21,48.41,24.21
948,"2020-01-30","2022-04-13",804,2,279.36,558.72,279.36
949,"2022-02-27","2022-11-14",260,2,69.94,139.87,69.94
950,"2025-07-10","2025-07-10",0,1,19.63,19.63,19.63
951,"2020-06-30","2020-06-30",0,1,78.50,78.50,78.50
952,"2023-06-05","2023-08-03",59,2,146.86,293.71,146.86
955,"2025-05-20","2025-05-20",0,1,291.19,291.19,291.19
956,"2024-08-17","2024-10-14",58,2,114.79,229.58,114.79
957,"2020-10-04","2020-10-04",0,1,189.96,189.96,189.96
958,"2020-11-06","2025-05-31",1667,2,119.78,239.55,119.78
959,"2021-04-25","2021-11-08",197,2,59.66,119.32,59.66
960,"2022-04-19","2023-07-07",444,2,52.04,104.08,52.04
962,"2021-04-06","2024-11-05",1309,2,38.94,77.87,38.94
963,"2025-02-22","2025-02-22",0,1,49.91,49.91,49.91
964,"2020-02-15","2025-05-04",1905,4,98.38,393.53,98.38
966,"2021-07-16","2021-07-16",0,1,194.77,194.77,194.77
967,"2020-05-04","2020-05-04",0,1,10.55,10.55,10.55
968,"2020-12-16","2024-04-28",1229,3,99.24,297.73,99.24
969,"2021-02-27","2024-11-18",1360,4,105.59,422.34,105.59
971,"2020-07-24","2024-01-16",1271,4,251.06,1004.25,251.06
972,"2020-01-10","2025-02-03",1851,2,80.22,160.43,80.22
973,"2023-12-10","2023-12-10",0,1,37.79,37.79,37.79
975,"2021-08-31","2021-08-31",0,1,62.33,62.33,62.33
977,"2020-01-16","2020-03-01",45,2,138.21,276.42,138.21
978,"2022-10-15","2022-10-15",0,1,80.11,80.11,80.11
979,"2023-09-21","2024-01-14",115,2,47.80,95.60,47.80
980,"2021-04-26","2023-06-30",795,2,96.96,193.92,96.96
981,"2020-10-22","2020-10-22",0,1,23.53,23.53,23.53
982,"2020-01-29","2020-01-29",0,1,752.49,752.49,752.49
983,"2025-10-25","2025-10-25",0,1,28.70,28.70,28.70
985,"2023-08-17","2023-08-17",0,1,53.88,53.88,53.88
986,"2023-10-28","2023-10-28",0,1,41.97,41.97,41.97
987,"2021-01-08","2021-01-08",0,1,15.19,15.19,15.19
988,"2020-09-04","2025-04-08",1677,3,302.44,907.33,302.44
989,"2021-12-19","2024-01-08",750,3,191.84,575.53,191.84
990,"2021-02-23","2024-04-26",1158,2,49.48,98.96,49.48
991,"2020-10-01","2021-05-13",224,2,288.06,576.11,288.06
992,"2024-05-17","2024-09-29",135,2,210.63,421.26,210.63
993,"2021-09-18","2021-09-18",0,1,196.66,196.66,196.66
994,"2020-03-11","2021-10-07",575,2,61.62,123.24,61.62
996,"2020-01-27","2023-02-18",1118,3,282.15,846.45,282.15
997,"2023-11-23","2024-09-24",306,2,162.89,325.78,162.89
998,"2020-06-16","2025-09-30",1932,2,77.24,154.48,77.24
999,"2021-03-20","2021-03-20",0,1,305.88,305.88,305.88
1000,"2021-11-03","2021-11-03",0,1,65.88,65.88,65.88
1001,"2025-06-06","2025-06-06",0,1,28.03,28.03,28.03
1002,"2022-03-26","2022-03-26",0,1,24.66,24.66,24.66
1004,"2020-04-13","2020-08-05",114,2,301.77,603.53,301.77
1005,"2023-09-13","2025-03-11",545,3,124.67,374.00,124.67
1007,"2020-03-03","2025-10-23",2060,4,178.34,713.36,178.34
1008,"2024-08-02","2024-08-02",0,1,87.31,87.31,87.31
1009,"2025-01-12","2025-01-12",0,1,30.96,30.96,30.96
1010,"2021-09-01","2024-09-11",1106,2,324.23,648.45,324.23
1012,"2022-07-02","2023-07-25",388,2,101.61,203.22,101.61
1013,"2021-09-08","2025-05-23",1353,3,83.42,250.26,83.42
1014,"2021-09-15","2021-09-15",0,1,33.66,33.66,33.66
1015,"2020-11-28","2021-05-23",176,2,137.41,274.82,137.41
1016,"2024-07-04","2024-07-04",0,1,6.96,6.96,6.96
1017,"2022-03-25","2025-09-23",1278,2,37.09,74.18,37.09
1018,"2020-02-06","2023-04-22",1171,5,240.47,1202.37,240.47
1019,"2020-09-13","2025-01-06",1576,4,111.58,446.33,111.58
1020,"2023-08-26","2024-07-12",321,2,90.29,180.57,90.29
1021,"2020-09-27","2025-02-15",1602,3,149.99,449.98,149.99
1022,"2020-07-05","2024-02-19",1324,2,164.67,329.33,164.67
1023,"2022-08-03","2024-03-15",590,3,100.05,300.15,100.05
1025,"2024-01-28","2024-01-28",0,1,179.00,179.00,179.00
1028,"2021-05-26","2021-05-26",0,1,35.99,35.99,35.99
1029,"2025-01-22","2025-01-22",0,1,85.05,85.05,85.05
1030,"2022-05-22","2022-05-22",0,1,180.68,180.68,180.68
1032,"2021-04-04","2022-04-03",364,2,120.43,240.85,120.43
1033,"2022-07-02","2023-01-09",191,2,192.96,385.91,192.96
1034,"2020-10-24","2020-10-24",0,1,27.53,27.53,27.53
1035,"2021-08-26","2022-05-10",257,2,48.87,97.74,48.87
1036,"2022-09-18","2022-09-18",0,1,300.94,300.94,300.94
1037,"2021-04-03","2024-07-11",1195,3,89.95,269.86,89.95
1038,"2023-01-29","2023-01-29",0,1,156.00,156.00,156.00
1039,"2020-05-10","2021-04-24",349,3,25.28,75.85,25.28
1041,"2023-01-29","2023-01-29",0,1,93.25,93.25,93.25
1042,"2023-04-11","2025-03-11",700,3,85.73,257.19,85.73
1043,"2022-04-01","2022-04-01",0,1,224.35,224.35,224.35
1044,"2025-04-27","2025-04-27",0,1,26.21,26.21,26.21
1045,"2025-01-31","2025-01-31",0,1,402.20,402.20,402.20
1046,"2023-10-09","2023-10-09",0,1,70.01,70.01,70.01
1048,"2020-09-06","2020-09-06",0,1,296.30,296.30,296.30
1049,"2020-05-18","2020-05-24",6,2,186.30,372.59,186.30
1050,"2020-03-16","2021-03-14",363,2,324.41,648.81,324.41
1051,"2020-05-13","2021-06-27",410,2,231.58,463.15,231.58
1052,"2021-10-27","2025-06-26",1338,3,141.54,424.62,141.54
1055,"2022-07-04","2023-09-27",450,2,25.42,50.83,25.42
1056,"2023-11-24","2023-11-24",0,1,131.44,131.44,131.44
1057,"2022-01-20","2022-01-29",9,2,131.71,263.41,131.71
1059,"2021-01-01","2021-01-01",0,1,240.35,240.35,240.35
1060,"2020-09-13","2025-01-14",1584,2,110.14,220.28,110.14
1061,"2020-01-26","2021-08-17",569,4,144.52,578.08,144.52
1062,"2021-04-30","2023-01-05",615,2,153.86,307.71,153.86
1063,"2025-05-01","2025-05-01",0,1,47.24,47.24,47.24
1064,"2021-10-09","2023-05-07",575,2,201.47,402.94,201.47
1065,"2020-06-13","2023-07-24",1136,5,98.32,491.62,98.32
1066,"2021-06-30","2023-07-25",755,2,55.79,111.57,55.79
1067,"2025-09-03","2025-09-03",0,1,186.60,186.60,186.60
1069,"2024-12-22","2024-12-22",0,1,166.33,166.33,166.33
1070,"2024-11-19","2024-11-19",0,1,244.55,244.55,244.55
1072,"2020-04-25","2024-05-08",1474,2,91.44,182.88,91.44
1073,"2024-09-18","2024-09-18",0,1,230.49,230.49,230.49
1074,"2022-04-18","2025-05-26",1134,2,82.25,164.50,82.25
1075,"2025-02-25","2025-02-25",0,1,3.82,3.82,3.82
1078,"2022-11-15","2022-11-15",0,1,182.08,182.08,182.08
1079,"2024-01-12","2024-01-12",0,1,722.36,722.36,722.36
1080,"2021-07-25","2021-07-25",0,1,11.24,11.24,11.24
1081,"2021-06-26","2021-06-26",0,1,162.54,162.54,162.54
1082,"2024-03-21","2025-10-08",566,2,104.41,208.82,104.41
1083,"2021-07-15","2022-02-28",228,2,69.00,138.00,69.00
1085,"2023-05-24","2024-07-14",417,2,124.06,248.12,124.06
1087,"2020-03-18","2024-09-19",1646,2,294.03,588.06,294.03
1088,"2020-10-24","2025-08-07",1748,3,380.62,1141.87,380.62
1090,"2020-09-18","2020-09-18",0,1,32.94,32.94,32.94
1091,"2023-05-30","2025-05-07",708,3,21.09,63.26,21.09
1094,"2024-01-21","2024-01-21",0,1,21.90,21.90,21.90
1095,"2020-09-29","2023-08-02",1037,3,74.09,222.28,74.09
1096,"2020-02-07","2023-05-25",1203,3,89.67,269.01,89.67
1098,"2022-12-26","2025-06-15",902,2,119.91,239.82,119.91
1099,"2024-04-06","2024-04-06",0,1,28.05,28.05,28.05
1102,"2020-02-19","2024-12-29",1775,3,418.75,1256.24,418.75
1103,"2023-10-12","2023-10-12",0,1,184.29,184.29,184.29
1105,"2020-05-23","2025-02-22",1736,5,101.46,507.31,101.46
1106,"2021-12-25","2024-01-13",749,4,209.65,838.59,209.65
1107,"2025-03-04","2025-03-04",0,1,65.67,65.67,65.67
1108,"2020-01-12","2022-05-22",861,2,30.85,61.69,30.85
1109,"2021-08-16","2024-11-25",1197,3,197.71,593.14,197.71
1111,"2022-03-17","2022-03-17",0,1,40.08,40.08,40.08
1112,"2025-04-17","2025-08-11",116,2,119.40,238.79,119.40
1113,"2021-10-30","2025-01-21",1179,3,121.69,365.06,121.69
1114,"2023-09-27","2023-09-27",0,1,133.70,133.70,133.70
1115,"2022-07-28","2025-06-18",1056,2,13.71,27.41,13.71
1118,"2021-11-10","2021-11-10",0,1,94.85,94.85,94.85
1119,"2020-01-21","2023-11-08",1387,3,86.12,258.36,86.12
1121,"2020-04-19","2024-06-17",1520,2,38.99,77.98,38.99
1122,"2020-11-26","2024-06-28",1310,2,413.33,826.65,413.33
1123,"2021-06-14","2025-05-21",1437,2,118.61,237.22,118.61
1124,"2022-02-09","2023-11-18",647,2,53.90,107.79,53.90
1125,"2023-10-21","2024-05-27",219,2,160.40,320.79,160.40
1126,"2021-03-15","2024-02-11",1063,4,256.80,1027.18,256.80
1128,"2022-09-08","2023-09-14",371,2,147.33,294.66,147.33
1129,"2023-03-25","2025-04-16",753,3,68.92,206.76,68.92
1130,"2020-02-22","2023-04-15",1148,2,86.43,172.86,86.43
1131,"2022-01-25","2024-06-07",864,3,66.28,198.85,66.28
1132,"2023-05-15","2023-05-15",0,1,389.38,389.38,389.38
1133,"2024-01-25","2024-01-25",0,1,67.78,67.78,67.78
1134,"2020-05-12","2020-05-12",0,1,543.71,543.71,543.71
1135,"2020-02-12","2020-02-12",0,1,116.31,116.31,116.31
1136,"2025-09-28","2025-09-28",0,1,52.94,52.94,52.94
1137,"2022-07-05","2022-07-05",0,1,28.04,28.04,28.04
1138,"2025-10-01","2025-10-01",0,1,225.11,225.11,225.11
1139,"2021-08-20","2021-08-20",0,1,48.47,48.47,48.47
1140,"2020-05-24","2025-01-06",1688,3,258.37,775.10,258.37
1141,"2020-04-10","2025-06-29",1906,3,37.30,111.90,37.30
1142,"2021-05-13","2025-04-09",1427,4,134.26,537.03,134.26
1143,"2020-10-21","2024-07-14",1362,2,158.51,317.01,158.51
1144,"2021-05-08","2022-09-02",482,2,191.97,383.93,191.97
1145,"2020-08-04","2022-09-20",777,2,72.69,145.37,72.69
1147,"2021-12-25","2021-12-25",0,1,5.89,5.89,5.89
1149,"2023-01-17","2025-09-24",981,2,262.46,524.91,262.46
1150,"2021-08-09","2024-10-16",1164,2,139.39,278.77,139.39
1151,"2021-11-28","2025-04-09",1228,6,122.47,734.84,122.47
1152,"2022-09-20","2022-09-20",0,1,208.56,208.56,208.56
1153,"2025-09-26","2025-09-26",0,1,65.60,65.60,65.60
1155,"2020-07-06","2025-04-19",1748,3,132.12,396.36,132.12
1157,"2020-08-31","2022-07-26",694,3,74.89,224.68,74.89
1158,"2024-05-23","2024-05-23",0,1,107.54,107.54,107.54
1161,"2020-07-30","2021-08-15",381,2,44.37,88.73,44.37
1162,"2021-08-17","2022-01-08",144,3,20.99,62.96,20.99
1163,"2021-07-31","2021-07-31",0,1,40.15,40.15,40.15
1164,"2024-03-31","2024-03-31",0,1,157.72,157.72,157.72
1165,"2020-04-07","2022-10-04",910,3,355.12,1065.35,355.12
1166,"2022-03-30","2022-03-30",0,1,94.57,94.57,94.57
1167,"2020-01-16","2025-10-22",2106,3,161.37,484.12,161.37
1168,"2022-09-01","2025-02-26",909,2,481.90,963.79,481.90
1169,"2022-09-06","2023-06-05",272,2,72.91,145.81,72.91
1170,"2021-09-18","2021-09-18",0,1,283.89,283.89,283.89
1171,"2020-06-05","2020-06-05",0,1,78.92,78.92,78.92
1172,"2021-09-09","2025-06-15",1375,3,91.61,274.83,91.61
1173,"2023-02-08","2023-02-08",0,1,158.85,158.85,158.85
1174,"2021-01-14","2024-12-05",1421,2,105.57,211.13,105.57
1175,"2024-01-11","2024-01-11",0,1,130.08,130.08,130.08
1176,"2024-05-26","2024-05-26",0,1,55.33,55.33,55.33
1177,"2020-09-18","2024-09-08",1451,3,199.59,598.77,199.59
1178,"2021-05-24","2024-10-17",1242,3,107.75,323.24,107.75
1179,"2021-08-17","2021-08-17",0,1,103.56,103.56,103.56
1180,"2023-12-21","2023-12-21",0,1,32.05,32.05,32.05
1181,"2024-03-20","2024-03-20",0,1,207.65,207.65,207.65
1182,"2023-06-26","2024-01-09",197,2,224.68,449.36,224.68
1183,"2020-10-18","2020-10-18",0,1,37.16,37.16,37.16
1185,"2020-03-27","2022-01-26",670,5,100.27,501.35,100.27
1186,"2023-04-09","2025-06-16",799,2,260.68,521.36,260.68
1187,"2020-05-26","2023-01-09",958,2,97.28,194.55,97.28
1189,"2020-12-14","2022-12-09",725,3,423.75,1271.25,423.75
1190,"2020-12-21","2023-11-24",1068,3,73.17,219.52,73.17
1191,"2020-09-18","2020-09-18",0,1,46.46,46.46,46.46
1192,"2020-08-30","2020-08-30",0,1,42.92,42.92,42.92
1193,"2023-01-16","2025-10-12",1000,3,130.40,391.19,130.40
1194,"2022-05-18","2024-08-18",823,3,111.68,335.04,111.68
1195,"2022-12-08","2023-06-17",191,2,273.36,546.72,273.36
1196,"2020-06-12","2024-07-29",1508,4,132.40,529.58,132.40
1197,"2024-04-04","2024-04-04",0,1,26.61,26.61,26.61
1198,"2020-03-23","2023-02-01",1045,4,45.05,180.20,45.05
1199,"2020-01-03","2025-10-29",2126,2,130.34,260.67,130.34
1200,"2020-04-25","2023-01-25",1005,2,277.54,555.07,277.54
1203,"2025-10-17","2025-10-17",0,1,100.88,100.88,100.88
1204,"2021-08-02","2021-08-02",0,1,25.08,25.08,25.08
1205,"2024-09-24","2024-09-24",0,1,64.72,64.72,64.72
1208,"2020-11-20","2020-11-20",0,1,154.48,154.48,154.48
1209,"2020-09-01","2025-01-05",1587,3,105.12,315.37,105.12
1210,"2021-06-19","2024-11-24",1254,2,292.39,584.77,292.39
1211,"2023-08-08","2025-03-17",587,3,62.02,186.07,62.02
1212,"2024-09-26","2024-09-26",0,1,42.22,42.22,42.22
1213,"2020-09-14","2025-05-10",1699,4,40.16,160.64,40.16
1214,"2022-08-21","2025-03-24",946,3,147.05,441.15,147.05
1215,"2020-07-31","2022-08-28",758,3,116.58,349.75,116.58
1216,"2024-05-10","2024-05-10",0,1,112.75,112.75,112.75
1217,"2020-03-21","2022-09-25",918,3,248.12,744.36,248.12
1218,"2020-10-11","2020-10-11",0,1,20.74,20.74,20.74
1219,"2020-11-08","2024-06-11",1311,2,51.38,102.76,51.38
1220,"2022-07-28","2025-09-29",1159,4,51.59,206.36,51.59
1221,"2022-09-15","2022-09-15",0,1,51.22,51.22,51.22
1222,"2022-07-15","2023-08-17",398,2,164.04,328.07,164.04
1223,"2020-12-17","2022-08-31",622,3,122.41,367.23,122.41
1224,"2020-09-07","2020-09-07",0,1,94.29,94.29,94.29
1225,"2021-03-26","2025-04-15",1481,3,27.44,82.31,27.44
1226,"2020-08-05","2023-03-29",966,3,187.30,561.89,187.30
1227,"2022-01-23","2024-10-15",996,3,169.76,509.28,169.76
1229,"2020-06-03","2024-06-26",1484,3,166.45,499.35,166.45
1230,"2020-06-05","2023-05-02",1061,4,48.19,192.74,48.19
1231,"2023-06-24","2025-09-09",808,3,59.04,177.13,59.04
1232,"2025-04-18","2025-04-18",0,1,103.55,103.55,103.55
1233,"2020-08-30","2020-08-30",0,1,42.33,42.33,42.33
1234,"2022-11-01","2024-09-20",689,2,122.53,245.05,122.53
1235,"2021-04-21","2023-08-11",842,3,38.01,114.02,38.01
1236,"2020-02-09","2020-02-09",0,1,49.21,49.21,49.21
1240,"2024-02-25","2025-05-08",438,2,63.93,127.86,63.93
1241,"2024-01-06","2024-06-24",170,2,38.94,77.88,38.94
1242,"2023-12-01","2025-04-20",506,5,90.88,454.42,90.88
1243,"2022-02-10","2025-02-20",1106,2,228.10,456.20,228.10
1244,"2022-05-28","2022-05-28",0,1,61.04,61.04,61.04
1245,"2023-10-26","2024-04-12",169,2,51.42,102.83,51.42
1246,"2025-06-17","2025-06-17",0,1,38.35,38.35,38.35
1247,"2021-04-05","2025-05-08",1494,4,123.97,495.86,123.97
1248,"2020-07-17","2020-07-17",0,1,87.79,87.79,87.79
1250,"2023-03-13","2024-01-17",310,2,12.71,25.41,12.71
1251,"2021-02-18","2024-12-08",1389,3,64.94,194.81,64.94
1252,"2021-09-03","2021-09-03",0,1,162.84,162.84,162.84
1253,"2020-11-25","2022-01-27",428,3,98.90,296.71,98.90
1254,"2022-03-13","2025-10-05",1302,2,152.71,305.42,152.71
1255,"2020-07-21","2022-05-20",668,2,76.28,152.55,76.28
1256,"2021-11-06","2023-08-11",643,2,140.15,280.29,140.15
1257,"2020-01-24","2025-03-22",1884,3,210.11,630.32,210.11
1258,"2022-06-22","2022-06-22",0,1,159.06,159.06,159.06
1259,"2023-12-23","2025-01-04",378,2,71.93,143.85,71.93
1260,"2025-10-27","2025-10-27",0,1,320.59,320.59,320.59
1262,"2021-02-22","2024-09-01",1287,3,143.59,430.77,143.59
1263,"2022-06-30","2022-11-12",135,2,173.36,346.71,173.36
1264,"2025-06-22","2025-06-22",0,1,50.01,50.01,50.01
1265,"2021-01-05","2023-11-13",1042,3,40.95,122.86,40.95
1266,"2020-08-23","2020-12-01",100,3,88.06,264.17,88.06
1268,"2021-04-19","2021-04-19",0,1,28.89,28.89,28.89
1269,"2020-07-07","2021-02-15",223,2,42.19,84.37,42.19
1270,"2022-05-01","2022-12-16",229,3,89.02,267.05,89.02
1271,"2024-08-16","2024-08-16",0,1,57.06,57.06,57.06
1272,"2021-02-12","2021-02-12",0,1,333.63,333.63,333.63
1273,"2020-03-25","2020-03-25",0,1,87.64,87.64,87.64
1274,"2021-06-17","2021-06-17",0,1,109.44,109.44,109.44
1278,"2023-01-12","2023-01-12",0,1,236.63,236.63,236.63
1279,"2021-05-12","2022-07-01",415,2,125.20,250.39,125.20
1280,"2020-06-01","2020-06-01",0,1,247.85,247.85,247.85
1281,"2021-11-29","2022-12-29",395,2,36.10,72.19,36.10
1282,"2022-10-11","2025-04-29",931,2,136.82,273.63,136.82
1283,"2024-07-12","2024-07-12",0,1,115.21,115.21,115.21
1284,"2023-05-11","2025-10-09",882,2,72.67,145.33,72.67
1285,"2022-05-12","2022-05-12",0,1,107.07,107.07,107.07
1286,"2023-12-17","2023-12-17",0,1,1484.96,1484.96,1484.96
1287,"2021-02-02","2021-02-02",0,1,21.77,21.77,21.77
1289,"2023-01-20","2023-01-20",0,1,90.81,90.81,90.81
1290,"2020-01-02","2020-01-02",0,1,117.91,117.91,117.91
1291,"2023-09-01","2023-09-01",0,1,10.21,10.21,10.21
1292,"2020-09-24","2023-05-17",965,3,123.85,371.54,123.85
1293,"2025-08-06","2025-08-06",0,1,18.39,18.39,18.39
1294,"2020-08-01","2022-02-06",554,2,96.73,193.46,96.73
1295,"2023-06-01","2023-12-25",207,2,61.73,123.45,61.73
1296,"2023-09-21","2023-09-21",0,1,69.62,69.62,69.62
1297,"2025-06-11","2025-06-11",0,1,61.33,61.33,61.33
1298,"2020-01-16","2025-07-30",2022,6,93.85,563.07,93.85
1299,"2020-02-04","2025-10-11",2076,2,81.81,163.62,81.81
1300,"2020-01-22","2020-01-22",0,1,132.34,132.34,132.34
1302,"2020-07-09","2024-01-12",1282,2,358.04,716.07,358.04
1303,"2023-07-03","2025-08-24",783,2,317.88,635.76,317.88
1304,"2021-01-02","2023-04-01",819,4,141.45,565.80,141.45
1305,"2020-12-09","2025-01-07",1490,5,87.32,436.58,87.32
1306,"2023-10-12","2023-10-12",0,1,48.72,48.72,48.72
1307,"2023-01-23","2024-06-29",523,2,18.91,37.81,18.91
1308,"2024-06-06","2025-09-27",478,2,179.58,359.16,179.58
1309,"2020-02-17","2023-10-13",1334,4,62.27,249.08,62.27
1310,"2020-08-28","2024-06-22",1394,2,76.89,153.78,76.89
1311,"2021-07-09","2025-10-31",1575,4,92.93,371.72,92.93
1312,"2025-09-27","2025-09-27",0,1,13.48,13.48,13.48
1313,"2021-09-01","2023-09-19",748,2,172.35,344.69,172.35
1314,"2022-11-26","2023-05-31",186,2,272.34,544.68,272.34
1315,"2020-04-19","2020-04-19",0,1,68.30,68.30,68.30
1316,"2020-02-27","2024-02-03",1437,4,111.02,444.09,111.02
1317,"2022-05-19","2022-05-19",0,1,160.78,160.78,160.78
1318,"2021-02-05","2021-02-05",0,1,167.56,167.56,167.56
1319,"2020-11-30","2023-07-24",966,2,143.56,287.11,143.56
1320,"2024-08-03","2024-08-03",0,1,14.55,14.55,14.55
1322,"2024-05-07","2024-05-07",0,1,14.24,14.24,14.24
1323,"2020-04-19","2020-04-19",0,1,117.41,117.41,117.41
1324,"2020-08-17","2025-07-30",1808,3,90.85,272.55,90.85
1325,"2021-01-25","2022-12-21",695,2,43.25,86.50,43.25
1327,"2020-06-22","2023-01-25",947,3,73.76,221.28,73.76
1328,"2021-11-30","2023-12-18",748,3,239.49,718.46,239.49
1332,"2024-03-23","2024-03-23",0,1,62.27,62.27,62.27
1333,"2024-11-20","2024-11-20",0,1,106.10,106.10,106.10
1334,"2025-04-19","2025-04-19",0,1,222.84,222.84,222.84
1335,"2024-08-31","2025-04-21",233,2,80.49,160.97,80.49
1336,"2022-02-18","2022-02-18",0,1,8.03,8.03,8.03
1337,"2021-04-12","2021-04-12",0,1,76.66,76.66,76.66
1338,"2020-07-09","2020-07-09",0,1,138.77,138.77,138.77
1339,"2020-01-09","2024-05-28",1601,3,92.17,276.52,92.17
1340,"2023-11-13","2023-11-13",0,1,394.73,394.73,394.73
1341,"2023-08-08","2023-08-08",0,1,42.89,42.89,42.89
1342,"2022-01-31","2022-01-31",0,1,31.33,31.33,31.33
1343,"2020-11-06","2025-07-28",1725,2,129.83,259.66,129.83
1344,"2021-06-10","2024-03-19",1013,4,210.09,840.34,210.09
1345,"2020-04-03","2020-04-03",0,1,39.99,39.99,39.99
1346,"2021-05-19","2021-05-19",0,1,102.01,102.01,102.01
1347,"2022-08-16","2024-01-04",506,4,97.09,388.37,97.09
1348,"2020-03-12","2025-10-16",2044,4,115.51,462.02,115.51
1351,"2021-11-12","2021-11-12",0,1,126.71,126.71,126.71
1352,"2023-11-20","2023-11-20",0,1,118.35,118.35,118.35
1353,"2022-07-04","2023-12-04",518,3,21.04,63.12,21.04
1354,"2020-11-13","2022-06-24",588,2,201.43,402.85,201.43
1355,"2020-12-21","2021-12-31",375,2,136.92,273.83,136.92
1356,"2021-06-20","2021-06-20",0,1,95.46,95.46,95.46
1357,"2024-09-10","2024-09-10",0,1,219.70,219.70,219.70
1359,"2020-02-24","2024-08-17",1636,4,113.32,453.29,113.32
1360,"2020-07-27","2024-07-14",1448,4,137.70,550.81,137.70
1361,"2023-08-15","2023-08-15",0,1,139.35,139.35,139.35
1363,"2020-03-29","2020-06-22",85,2,90.41,180.81,90.41
1364,"2024-10-12","2024-10-12",0,1,488.34,488.34,488.34
1365,"2025-10-21","2025-10-21",0,1,95.16,95.16,95.16
1366,"2021-07-14","2021-07-14",0,1,117.65,117.65,117.65
1368,"2021-05-05","2021-05-05",0,1,304.01,304.01,304.01
1369,"2023-07-06","2023-07-06",0,1,146.97,146.97,146.97
1372,"2022-10-23","2022-10-23",0,1,149.40,149.40,149.40
1373,"2020-05-31","2021-05-04",338,3,85.41,256.23,85.41
1375,"2023-05-19","2023-05-19",0,1,228.90,228.90,228.90
1376,"2023-08-03","2024-05-14",285,2,408.91,817.82,408.91
1378,"2020-02-15","2020-02-15",0,1,62.33,62.33,62.33
1379,"2023-03-26","2025-08-25",883,2,77.44,154.88,77.44
1380,"2020-11-21","2022-09-25",673,2,76.73,153.46,76.73
1381,"2021-01-13","2025-02-24",1503,4,125.16,500.63,125.16
1382,"2024-07-05","2024-07-05",0,1,424.87,424.87,424.87
1383,"2020-10-20","2023-06-23",976,2,141.56,283.12,141.56
1384,"2020-10-01","2024-11-10",1501,6,116.95,701.71,116.95
1385,"2020-06-20","2024-06-07",1448,4,56.55,226.21,56.55
1386,"2020-03-03","2025-02-14",1809,4,102.86,411.44,102.86
1387,"2023-02-04","2024-06-06",488,2,113.72,227.44,113.72
1388,"2020-08-02","2022-01-18",534,2,86.34,172.67,86.34
1389,"2025-09-15","2025-09-15",0,1,61.13,61.13,61.13
1391,"2023-04-13","2023-04-13",0,1,108.27,108.27,108.27
1392,"2025-10-26","2025-10-26",0,1,26.39,26.39,26.39
1393,"2024-11-18","2024-11-18",0,1,15.13,15.13,15.13
1394,"2020-02-03","2023-09-12",1317,3,65.04,195.13,65.04
1395,"2021-08-13","2022-12-03",477,2,88.21,176.41,88.21
1396,"2025-04-25","2025-04-25",0,1,55.45,55.45,55.45
1397,"2022-11-02","2025-06-13",954,2,80.98,161.96,80.98
1398,"2020-04-26","2025-09-16",1969,4,253.37,1013.47,253.37
1399,"2021-07-17","2023-11-22",858,2,108.50,216.99,108.50
1400,"2023-07-24","2023-07-24",0,1,382.73,382.73,382.73
1401,"2020-10-25","2025-08-20",1760,3,120.58,361.74,120.58
1403,"2024-02-13","2024-02-13",0,1,86.88,86.88,86.88
1404,"2024-06-05","2024-06-05",0,1,73.93,73.93,73.93
1405,"2023-03-11","2023-03-11",0,1,23.92,23.92,23.92
1406,"2020-07-11","2025-03-02",1695,5,297.73,1488.66,297.73
1407,"2025-02-17","2025-09-19",214,3,45.91,137.72,45.91
1408,"2021-12-02","2025-02-24",1180,3,259.59,778.77,259.59
1409,"2022-01-20","2024-04-21",822,2,280.64,561.27,280.64
1412,"2024-11-03","2025-04-30",178,2,87.92,175.83,87.92
1413,"2023-11-10","2023-11-10",0,1,123.58,123.58,123.58
1414,"2022-01-31","2022-05-10",99,2,64.64,129.27,64.64
1415,"2024-09-06","2024-09-06",0,1,24.37,24.37,24.37
1416,"2023-01-23","2023-01-23",0,1,506.41,506.41,506.41
1417,"2022-12-15","2025-03-04",810,2,25.15,50.30,25.15
1419,"2022-10-12","2022-10-12",0,1,592.34,592.34,592.34
1420,"2021-03-28","2021-03-28",0,1,95.05,95.05,95.05
1421,"2023-08-29","2023-08-29",0,1,176.35,176.35,176.35
1423,"2021-09-27","2025-03-07",1257,3,39.97,119.91,39.97
1424,"2020-10-23","2024-05-18",1303,2,35.62,71.24,35.62
1425,"2020-06-29","2020-06-29",0,1,81.50,81.50,81.50
1426,"2024-10-13","2024-10-18",5,2,387.98,775.96,387.98
1427,"2020-05-06","2023-12-21",1324,3,283.78,851.35,283.78
1431,"2024-03-20","2024-03-20",0,1,10.04,10.04,10.04
1433,"2020-11-26","2023-12-30",1129,6,59.19,355.12,59.19
1435,"2022-12-03","2025-05-05",884,3,122.75,368.26,122.75
1437,"2022-02-12","2022-02-12",0,1,192.91,192.91,192.91
1438,"2025-04-16","2025-08-25",131,2,53.25,106.50,53.25
1439,"2022-06-29","2022-07-18",19,2,74.12,148.23,74.12
1440,"2020-07-19","2022-12-31",895,2,160.78,321.55,160.78
1441,"2023-07-02","2023-07-02",0,1,78.36,78.36,78.36
1442,"2024-01-16","2024-01-16",0,1,126.73,126.73,126.73
1443,"2020-04-28","2024-02-29",1402,3,62.49,187.46,62.49
1444,"2020-11-21","2024-07-29",1346,2,81.63,163.26,81.63
1445,"2020-04-27","2025-01-18",1727,2,62.36,124.71,62.36
1446,"2023-01-02","2023-11-09",311,2,41.31,82.62,41.31
1447,"2022-12-05","2022-12-05",0,1,71.68,71.68,71.68
1448,"2024-07-07","2024-07-07",0,1,58.90,58.90,58.90
1449,"2022-03-23","2025-04-25",1129,3,122.70,368.11,122.70
1450,"2021-04-29","2021-04-29",0,1,50.49,50.49,50.49
1451,"2021-04-28","2023-04-01",703,3,142.13,426.39,142.13
1452,"2022-06-19","2022-06-19",0,1,53.32,53.32,53.32
1453,"2024-03-01","2024-03-01",0,1,11.62,11.62,11.62
1454,"2021-05-05","2025-02-18",1385,4,193.93,775.73,193.93
1455,"2021-11-23","2021-11-23",0,1,170.33,170.33,170.33
1457,"2023-04-08","2024-12-26",628,2,137.57,275.13,137.57
1459,"2020-01-06","2025-01-02",1823,4,326.59,1306.35,326.59
1460,"2020-04-15","2024-09-12",1611,4,215.06,860.25,215.06
1461,"2021-04-12","2021-04-12",0,1,169.54,169.54,169.54
1462,"2021-03-16","2021-03-16",0,1,109.86,109.86,109.86
1464,"2021-07-17","2025-04-11",1364,4,164.52,658.06,164.52
1466,"2020-09-25","2020-09-25",0,1,17.92,17.92,17.92
1467,"2020-08-07","2024-11-04",1550,4,135.62,542.46,135.62
1469,"2020-07-24","2025-03-15",1695,3,314.79,944.37,314.79
1470,"2023-04-25","2023-04-25",0,1,67.97,67.97,67.97
1471,"2022-03-24","2023-05-12",414,2,148.38,296.75,148.38
1473,"2022-10-28","2024-08-25",667,3,30.77,92.32,30.77
1474,"2023-04-07","2023-04-07",0,1,149.23,149.23,149.23
1475,"2020-06-18","2020-06-18",0,1,16.82,16.82,16.82
1476,"2022-03-15","2023-02-16",338,2,131.99,263.98,131.99
1477,"2020-05-08","2025-08-28",1938,5,145.71,728.55,145.71
1478,"2023-02-20","2024-02-09",354,2,163.66,327.32,163.66
1479,"2025-06-19","2025-06-19",0,1,207.78,207.78,207.78
1480,"2020-06-28","2023-07-15",1112,5,99.14,495.68,99.14
1481,"2022-09-22","2025-04-07",928,5,108.10,540.50,108.10
1482,"2024-05-04","2024-05-04",0,1,135.97,135.97,135.97
1483,"2022-11-14","2022-11-14",0,1,30.71,30.71,30.71
1484,"2020-07-26","2024-09-04",1501,3,175.90,527.69,175.90
1485,"2020-12-13","2024-02-04",1148,3,78.42,235.27,78.42
1486,"2023-02-09","2025-01-14",705,2,327.60,655.20,327.60
1487,"2020-08-28","2020-08-28",0,1,120.81,120.81,120.81
1488,"2021-08-16","2022-06-01",289,2,168.76,337.52,168.76
1489,"2020-04-14","2022-07-10",817,2,236.40,472.79,236.40
1490,"2021-01-04","2024-01-17",1108,2,104.70,209.40,104.70
1491,"2020-06-15","2024-08-13",1520,2,63.32,126.64,63.32
1492,"2020-09-04","2022-09-13",739,2,24.67,49.34,24.67
1493,"2024-03-28","2024-05-01",34,2,8.02,16.03,8.02
1494,"2024-04-03","2025-10-19",564,2,80.71,161.42,80.71
1495,"2021-05-29","2021-11-02",157,2,264.71,529.41,264.71
1496,"2023-02-03","2025-04-06",793,3,58.12,174.36,58.12
1497,"2022-12-12","2024-08-29",626,2,215.46,430.92,215.46
1498,"2022-03-06","2025-04-04",1125,4,51.25,204.98,51.25
1499,"2024-11-09","2024-11-09",0,1,53.96,53.96,53.96
1500,"2024-07-04","2024-08-31",58,2,153.50,307.00,153.50
1501,"2021-01-04","2021-01-04",0,1,144.46,144.46,144.46
1502,"2021-04-28","2024-01-07",984,2,205.47,410.94,205.47
1503,"2020-08-26","2024-08-08",1443,4,84.21,336.85,84.21
1504,"2020-02-12","2023-04-02",1145,2,23.77,47.53,23.77
1505,"2020-09-13","2021-01-26",135,2,43.46,86.92,43.46
1507,"2020-12-02","2021-03-03",91,2,240.18,480.36,240.18
1509,"2022-10-14","2022-11-03",20,2,187.36,374.71,187.36
1511,"2021-04-01","2021-04-01",0,1,96.44,96.44,96.44
1512,"2020-10-07","2025-06-16",1713,2,84.86,169.71,84.86
1513,"2024-04-27","2024-04-27",0,1,56.91,56.91,56.91
1516,"2020-11-08","2023-11-30",1117,2,61.87,123.74,61.87
1517,"2025-03-14","2025-09-12",182,2,270.09,540.18,270.09
1519,"2020-03-16","2024-02-16",1432,2,113.56,227.11,113.56
1520,"2021-08-30","2022-01-13",136,2,66.83,133.65,66.83
1522,"2024-03-20","2024-05-17",58,2,200.92,401.84,200.92
1523,"2021-09-20","2024-07-15",1029,2,280.96,561.92,280.96
1524,"2024-10-30","2024-10-30",0,1,100.04,100.04,100.04
1526,"2025-09-05","2025-09-05",0,1,152.90,152.90,152.90
1527,"2023-01-09","2023-01-09",0,1,177.42,177.42,177.42
1528,"2020-12-19","2020-12-19",0,1,81.51,81.51,81.51
1530,"2020-04-29","2025-10-13",1993,4,106.46,425.82,106.46
1531,"2022-06-01","2023-08-20",445,2,188.09,376.17,188.09
1532,"2023-03-02","2023-03-02",0,1,35.88,35.88,35.88
1534,"2020-04-09","2023-10-16",1285,2,142.85,285.69,142.85
1536,"2022-12-18","2024-02-10",419,2,99.55,199.09,99.55
1537,"2020-10-18","2020-10-18",0,1,174.78,174.78,174.78
1538,"2025-03-11","2025-03-11",0,1,13.46,13.46,13.46
1539,"2020-03-21","2021-04-28",403,3,186.22,558.66,186.22
1540,"2022-12-03","2022-12-03",0,1,94.38,94.38,94.38
1541,"2023-09-29","2023-09-29",0,1,191.68,191.68,191.68
1542,"2025-06-22","2025-06-22",0,1,7.39,7.39,7.39
1543,"2021-07-02","2021-07-02",0,1,179.73,179.73,179.73
1544,"2021-01-04","2022-09-02",606,2,82.19,164.37,82.19
1547,"2022-01-06","2022-01-06",0,1,135.63,135.63,135.63
1548,"2020-02-14","2024-09-10",1670,3,198.97,596.92,198.97
1549,"2022-03-29","2022-03-29",0,1,43.77,43.77,43.77
1551,"2021-10-16","2025-04-16",1278,3,377.85,1133.55,377.85
1552,"2024-04-15","2025-04-20",370,2,27.28,54.56,27.28
1553,"2024-04-06","2025-10-10",552,4,103.87,415.49,103.87
1554,"2022-10-17","2023-09-18",336,2,168.13,336.26,168.13
1555,"2022-10-24","2022-10-24",0,1,92.42,92.42,92.42
1558,"2024-06-27","2024-06-27",0,1,28.98,28.98,28.98
1559,"2020-07-11","2021-03-11",243,2,91.96,183.91,91.96
1560,"2022-08-16","2022-08-16",0,1,17.31,17.31,17.31
1561,"2021-01-23","2025-09-06",1687,5,107.95,539.75,107.95
1562,"2024-06-18","2024-06-18",0,1,662.25,662.25,662.25
1563,"2021-01-09","2023-11-20",1045,6,94.60,567.57,94.60
1565,"2021-03-23","2021-03-23",0,1,245.34,245.34,245.34
1566,"2020-06-17","2020-06-17",0,1,157.03,157.03,157.03
1567,"2022-11-29","2022-12-14",15,2,163.68,327.35,163.68
1568,"2022-02-21","2022-02-21",0,1,55.29,55.29,55.29
1569,"2022-05-22","2025-05-20",1094,2,39.53,79.05,39.53
1570,"2020-09-16","2025-03-31",1657,3,188.84,566.53,188.84
1573,"2020-09-14","2024-02-26",1260,3,20.64,61.91,20.64
1574,"2022-01-11","2022-01-11",0,1,216.49,216.49,216.49
1576,"2022-06-01","2023-03-06",278,2,133.79,267.58,133.79
1577,"2025-04-15","2025-04-15",0,1,57.85,57.85,57.85
1580,"2021-02-23","2023-01-18",694,2,130.11,260.21,130.11
1581,"2022-05-16","2025-10-31",1264,4,93.30,373.19,93.30
1582,"2021-01-13","2025-03-22",1529,3,72.55,217.65,72.55
1583,"2025-01-11","2025-01-11",0,1,10.55,10.55,10.55
1584,"2024-03-09","2024-03-09",0,1,17.14,17.14,17.14
1585,"2020-02-14","2024-11-19",1740,6,63.91,383.48,63.91
1586,"2021-11-18","2021-11-18",0,1,109.89,109.89,109.89
1587,"2022-08-08","2024-02-05",546,3,162.02,486.06,162.02
1588,"2021-08-19","2021-08-19",0,1,169.54,169.54,169.54
1589,"2022-11-18","2024-03-26",494,2,47.82,95.64,47.82
1590,"2022-11-05","2023-12-17",407,2,180.89,361.77,180.89
1591,"2023-08-22","2024-04-25",247,2,71.79,143.58,71.79
1593,"2024-11-30","2024-11-30",0,1,169.66,169.66,169.66
1595,"2022-12-26","2024-06-28",550,2,359.21,718.41,359.21
1598,"2022-08-10","2025-05-02",996,2,44.70,89.39,44.70
1601,"2021-05-28","2022-07-06",404,4,102.18,408.73,102.18
1602,"2022-02-21","2024-10-29",981,3,268.56,805.69,268.56
1603,"2021-07-30","2021-07-30",0,1,278.03,278.03,278.03
1604,"2020-11-05","2024-11-29",1485,2,148.14,296.28,148.14
1605,"2025-10-06","2025-10-06",0,1,87.50,87.50,87.50
1606,"2022-05-24","2022-05-24",0,1,180.81,180.81,180.81
1607,"2025-07-25","2025-07-25",0,1,279.07,279.07,279.07
1608,"2025-01-18","2025-01-18",0,1,796.83,796.83,796.83
1609,"2024-06-10","2025-09-01",448,2,160.18,320.36,160.18
1610,"2022-01-10","2022-01-10",0,1,63.68,63.68,63.68
1611,"2022-09-14","2022-09-14",0,1,285.37,285.37,285.37
1612,"2020-10-25","2024-08-11",1386,3,70.63,211.89,70.63
1613,"2024-04-30","2024-04-30",0,1,193.43,193.43,193.43
1614,"2023-11-03","2023-11-03",0,1,252.28,252.28,252.28
1615,"2021-01-18","2022-12-07",688,2,99.78,199.55,99.78
1618,"2021-07-22","2025-07-23",1462,3,95.22,285.66,95.22
1619,"2020-03-13","2020-03-13",0,1,42.34,42.34,42.34
1620,"2020-09-02","2022-07-10",676,2,157.44,314.88,157.44
1621,"2025-01-07","2025-05-16",129,2,67.50,134.99,67.50
1622,"2021-02-07","2021-02-07",0,1,44.80,44.80,44.80
1623,"2024-07-12","2025-03-10",241,2,138.74,277.47,138.74
1624,"2025-04-20","2025-04-20",0,1,47.42,47.42,47.42
1625,"2024-09-16","2024-09-16",0,1,1501.17,1501.17,1501.17
1626,"2020-08-17","2020-08-17",0,1,222.14,222.14,222.14
1627,"2024-11-09","2024-11-09",0,1,56.46,56.46,56.46
1628,"2020-07-14","2022-03-05",599,2,250.99,501.97,250.99
1629,"2023-07-16","2023-07-16",0,1,576.38,576.38,576.38
1630,"2020-12-16","2025-03-02",1537,4,93.44,373.77,93.44
1631,"2021-03-28","2023-03-11",713,2,284.16,568.32,284.16
1632,"2023-11-24","2025-03-26",488,3,194.82,584.46,194.82
1633,"2020-12-20","2024-09-24",1374,3,340.96,1022.89,340.96
1634,"2021-04-16","2021-04-16",0,1,162.22,162.22,162.22
1635,"2020-03-05","2022-09-29",938,3,111.00,333.01,111.00
1637,"2021-04-15","2022-10-22",555,2,35.96,71.91,35.96
1639,"2023-08-11","2023-08-11",0,1,28.80,28.80,28.80
1640,"2022-01-13","2022-01-13",0,1,272.97,272.97,272.97
1641,"2022-04-03","2022-04-03",0,1,109.25,109.25,109.25
1642,"2020-12-25","2025-01-11",1478,2,74.25,148.50,74.25
1643,"2022-01-16","2025-07-15",1276,2,35.85,71.69,35.85
1644,"2024-05-22","2024-05-22",0,1,268.93,268.93,268.93
1645,"2024-08-05","2024-11-17",104,2,122.02,244.04,122.02
1646,"2023-03-15","2023-03-15",0,1,204.29,204.29,204.29
1647,"2020-06-07","2023-03-21",1017,5,89.69,448.46,89.69
1648,"2020-06-29","2020-07-08",9,2,228.63,457.25,228.63
1649,"2022-02-12","2022-02-12",0,1,235.28,235.28,235.28
1650,"2023-02-11","2023-02-11",0,1,51.87,51.87,51.87
1651,"2023-05-14","2025-08-08",817,4,197.89,791.54,197.89
1652,"2025-04-19","2025-09-29",163,3,102.60,307.80,102.60
1654,"2023-03-09","2023-03-09",0,1,212.01,212.01,212.01
1655,"2025-04-23","2025-04-23",0,1,172.25,172.25,172.25
1656,"2021-07-06","2024-11-08",1221,2,161.03,322.06,161.03
1657,"2025-09-06","2025-09-06",0,1,133.74,133.74,133.74
1659,"2025-09-06","2025-09-06",0,1,64.52,64.52,64.52
1660,"2021-03-18","2024-12-13",1366,2,284.43,568.85,284.43
1661,"2023-07-10","2023-11-28",141,2,315.39,630.77,315.39
1662,"2025-01-02","2025-01-02",0,1,45.85,45.85,45.85
1663,"2021-10-11","2023-08-11",669,2,80.92,161.84,80.92
1665,"2022-10-13","2024-09-15",703,2,212.73,425.45,212.73
1666,"2025-02-05","2025-02-05",0,1,73.46,73.46,73.46
1667,"2020-09-18","2025-04-03",1658,2,141.44,282.87,141.44
1668,"2023-07-14","2025-01-10",546,3,113.82,341.47,113.82
1669,"2022-12-11","2022-12-11",0,1,85.03,85.03,85.03
1670,"2025-04-01","2025-04-01",0,1,19.65,19.65,19.65
1672,"2020-01-10","2020-01-10",0,1,204.03,204.03,204.03
1675,"2024-05-09","2025-06-04",391,2,233.31,466.61,233.31
1676,"2020-09-07","2020-09-07",0,1,203.20,203.20,203.20
1677,"2023-08-10","2023-08-10",0,1,325.02,325.02,325.02
1678,"2022-02-18","2022-11-30",285,2,191.17,382.34,191.17
1679,"2020-01-04","2025-07-09",2013,4,124.58,498.30,124.58
1680,"2024-05-03","2024-05-03",0,1,66.05,66.05,66.05
1682,"2020-06-28","2024-12-22",1638,5,135.07,675.35,135.07
1684,"2025-07-19","2025-07-19",0,1,255.82,255.82,255.82
1685,"2023-03-18","2023-10-28",224,2,178.70,357.39,178.70
1686,"2022-03-15","2023-11-26",621,3,130.32,390.96,130.32
1688,"2020-01-21","2023-12-17",1426,4,158.81,635.24,158.81
1689,"2023-01-10","2023-01-10",0,1,58.43,58.43,58.43
1692,"2021-07-24","2025-06-29",1436,3,48.18,144.54,48.18
1694,"2020-06-19","2023-12-03",1262,2,39.36,78.72,39.36
1695,"2020-05-03","2024-07-15",1534,4,46.76,187.05,46.76
1696,"2022-01-07","2025-05-29",1238,3,94.45,283.36,94.45
1697,"2021-08-19","2023-10-18",790,2,106.69,213.37,106.69
1698,"2023-03-22","2023-03-22",0,1,23.08,23.08,23.08
1699,"2021-06-09","2024-03-13",1008,3,23.50,70.51,23.50
1700,"2020-06-25","2020-06-25",0,1,38.86,38.86,38.86
1701,"2021-11-21","2021-11-21",0,1,97.84,97.84,97.84
1702,"2020-05-11","2022-08-24",835,3,42.79,128.37,42.79
1703,"2024-07-28","2024-07-28",0,1,7.58,7.58,7.58
1704,"2025-05-29","2025-05-29",0,1,48.86,48.86,48.86
1705,"2023-06-25","2023-06-25",0,1,28.04,28.04,28.04
1706,"2020-06-27","2023-06-06",1074,4,115.93,463.71,115.93
1707,"2020-08-11","2020-08-11",0,1,48.06,48.06,48.06
1708,"2020-02-22","2022-09-22",943,2,59.29,118.58,59.29
1709,"2021-03-19","2021-04-24",36,2,95.55,191.09,95.55
1710,"2020-05-26","2021-01-02",221,2,149.01,298.02,149.01
1711,"2021-12-07","2024-04-28",873,2,49.08,98.15,49.08
1712,"2021-02-05","2023-05-16",830,3,98.66,295.98,98.66
1713,"2023-04-07","2024-05-07",396,2,26.91,53.82,26.91
1714,"2023-03-11","2023-11-16",250,2,144.19,288.37,144.19
1715,"2023-01-09","2024-04-15",462,3,73.39,220.18,73.39
1716,"2020-02-06","2025-03-24",1873,2,174.13,348.25,174.13
1717,"2020-05-14","2024-08-17",1556,5,77.84,389.20,77.84
1718,"2020-12-06","2020-12-06",0,1,99.80,99.80,99.80
1719,"2023-11-25","2023-11-25",0,1,458.01,458.01,458.01
1720,"2021-06-09","2025-06-25",1477,4,93.65,374.61,93.65
1721,"2020-08-19","2021-01-04",138,2,39.89,79.78,39.89
1722,"2023-01-04","2023-03-09",64,2,101.85,203.69,101.85
1724,"2020-09-27","2022-04-07",557,3,274.90,824.71,274.90
1725,"2023-09-20","2025-05-03",591,3,144.91,434.74,144.91
1726,"2024-07-09","2024-07-09",0,1,106.02,106.02,106.02
1727,"2020-04-21","2022-03-14",692,4,128.11,512.45,128.11
1728,"2021-01-13","2024-05-07",1210,3,85.43,256.30,85.43
1729,"2022-05-17","2022-05-17",0,1,81.86,81.86,81.86
1730,"2020-10-30","2020-10-30",0,1,499.73,499.73,499.73
1731,"2021-04-21","2025-04-19",1459,2,102.85,205.69,102.85
1732,"2020-11-19","2020-11-19",0,1,597.26,597.26,597.26
1733,"2020-04-13","2025-07-05",1909,3,80.91,242.74,80.91
1734,"2023-10-08","2025-06-09",610,2,135.38,270.76,135.38
1735,"2023-10-22","2023-10-22",0,1,34.74,34.74,34.74
1736,"2021-09-27","2022-02-10",136,2,26.34,52.68,26.34
1737,"2022-04-12","2023-02-18",312,2,99.62,199.23,99.62
1738,"2020-07-31","2025-03-13",1686,4,118.75,474.99,118.75
1739,"2024-07-04","2024-07-04",0,1,158.80,158.80,158.80
1740,"2022-11-15","2022-11-15",0,1,12.60,12.60,12.60
1743,"2023-10-07","2023-11-13",37,2,213.42,426.84,213.42
1744,"2024-01-28","2024-01-28",0,1,77.50,77.50,77.50
1746,"2023-10-21","2023-10-21",0,1,26.03,26.03,26.03
1747,"2020-12-24","2025-05-15",1603,4,83.20,332.78,83.20
1749,"2021-02-24","2021-02-24",0,1,259.72,259.72,259.72
1750,"2020-03-03","2021-07-01",485,3,79.32,237.97,79.32
1751,"2023-07-21","2024-07-04",349,3,118.13,354.40,118.13
1752,"2020-03-03","2021-12-01",638,4,188.26,753.03,188.26
1753,"2021-10-03","2025-05-05",1310,2,59.15,118.29,59.15
1755,"2021-04-06","2021-08-22",138,3,168.96,506.87,168.96
1756,"2022-09-11","2025-04-08",940,2,123.41,246.81,123.41
1757,"2020-06-02","2024-08-29",1549,3,49.06,147.19,49.06
1758,"2022-11-25","2022-11-25",0,1,8.70,8.70,8.70
1759,"2020-11-14","2020-11-14",0,1,152.66,152.66,152.66
1760,"2020-05-01","2020-05-01",0,1,65.48,65.48,65.48
1761,"2022-01-09","2025-03-15",1161,3,49.96,149.88,49.96
1762,"2020-10-05","2022-12-30",816,3,170.32,510.95,170.32
1763,"2022-05-15","2022-06-16",32,2,107.33,214.66,107.33
1764,"2021-01-02","2024-03-08",1161,2,90.48,180.95,90.48
1766,"2020-04-05","2025-02-23",1785,3,63.32,189.96,63.32
1767,"2024-11-26","2024-11-26",0,1,7.90,7.90,7.90
1768,"2021-11-06","2022-07-20",256,2,120.36,240.71,120.36
1769,"2023-03-11","2024-04-04",390,2,83.92,167.84,83.92
1770,"2021-08-22","2023-06-17",664,3,59.33,178.00,59.33
1771,"2020-06-13","2020-06-13",0,1,13.51,13.51,13.51
1772,"2021-08-12","2025-10-04",1514,6,163.64,981.85,163.64
1773,"2020-12-05","2023-08-06",974,2,146.06,292.12,146.06
1774,"2024-04-30","2024-04-30",0,1,17.26,17.26,17.26
1775,"2020-09-13","2020-09-13",0,1,63.06,63.06,63.06
1776,"2020-08-06","2024-08-27",1482,2,60.73,121.45,60.73
1777,"2024-03-28","2025-10-25",576,2,54.36,108.71,54.36
1778,"2020-08-08","2020-08-08",0,1,6.72,6.72,6.72
1779,"2020-02-15","2023-08-25",1287,2,345.73,691.46,345.73
1780,"2020-05-07","2025-10-26",1998,4,158.12,632.47,158.12
1781,"2021-07-22","2021-07-22",0,1,86.25,86.25,86.25
1782,"2022-11-01","2025-04-30",911,2,121.94,243.87,121.94
1783,"2020-07-10","2025-05-25",1780,3,129.85,389.54,129.85
1784,"2023-01-10","2023-01-10",0,1,457.31,457.31,457.31
1785,"2021-05-29","2023-01-03",584,3,224.78,674.33,224.78
1786,"2021-07-31","2024-07-29",1094,2,204.74,409.47,204.74
1787,"2025-08-06","2025-08-06",0,1,9.20,9.20,9.20
1788,"2021-10-23","2021-10-23",0,1,109.77,109.77,109.77
1789,"2020-05-18","2024-12-12",1669,3,122.63,367.90,122.63
1791,"2020-05-21","2024-01-07",1326,2,81.91,163.81,81.91
1793,"2021-06-23","2021-06-23",0,1,270.02,270.02,270.02
1794,"2020-01-04","2025-02-10",1864,2,79.69,159.38,79.69
1795,"2020-04-09","2020-04-09",0,1,34.03,34.03,34.03
1796,"2023-01-05","2023-05-06",121,2,312.12,624.24,312.12
1798,"2021-10-30","2021-10-30",0,1,52.69,52.69,52.69
1799,"2021-09-07","2023-03-31",570,3,159.82,479.46,159.82
1800,"2021-03-19","2021-03-19",0,1,27.60,27.60,27.60
1801,"2022-10-01","2022-10-01",0,1,508.55,508.55,508.55
1802,"2022-09-25","2022-09-25",0,1,182.30,182.30,182.30
1803,"2024-03-08","2025-04-18",406,2,154.43,308.85,154.43
1804,"2020-11-02","2023-12-12",1135,2,93.10,186.20,93.10
1805,"2025-03-07","2025-10-23",230,2,143.41,286.82,143.41
1807,"2021-02-21","2024-08-28",1284,2,88.14,176.28,88.14
1808,"2023-03-21","2025-10-28",952,3,233.17,699.52,233.17
1809,"2020-02-20","2023-09-24",1312,4,165.27,661.07,165.27
1810,"2021-05-27","2025-04-16",1420,5,103.00,515.01,103.00
1811,"2021-04-26","2024-01-15",994,4,78.77,315.08,78.77
1812,"2025-06-02","2025-06-02",0,1,10.50,10.50,10.50
1814,"2020-11-12","2025-06-06",1667,3,113.32,339.97,113.32
1815,"2023-10-08","2023-10-08",0,1,75.43,75.43,75.43
1816,"2023-05-21","2024-04-28",343,4,234.80,939.21,234.80
1817,"2022-02-12","2022-02-12",0,1,19.94,19.94,19.94
1818,"2020-09-10","2020-09-10",0,1,229.42,229.42,229.42
1819,"2020-02-11","2024-06-30",1601,4,185.11,740.42,185.11
1820,"2020-04-21","2024-08-01",1563,3,61.19,183.58,61.19
1821,"2024-10-07","2024-10-07",0,1,179.40,179.40,179.40
1822,"2020-02-27","2020-02-27",0,1,132.77,132.77,132.77
1824,"2020-10-29","2022-02-07",466,2,209.38,418.75,209.38
1825,"2022-04-02","2023-03-08",340,2,49.99,99.98,49.99
1826,"2025-06-15","2025-06-15",0,1,21.77,21.77,21.77
1827,"2020-10-13","2024-02-19",1224,2,152.39,304.78,152.39
1828,"2022-05-30","2022-05-30",0,1,194.03,194.03,194.03
1830,"2022-12-30","2022-12-30",0,1,74.34,74.34,74.34
1831,"2023-09-02","2023-09-02",0,1,36.43,36.43,36.43
1832,"2024-02-10","2024-02-10",0,1,111.41,111.41,111.41
1833,"2021-03-31","2024-12-30",1370,4,160.66,642.64,160.66
1835,"2020-05-13","2024-12-25",1687,3,150.19,450.56,150.19
1837,"2020-02-29","2024-10-15",1690,2,52.93,105.85,52.93
1838,"2023-05-30","2025-08-01",794,2,59.62,119.24,59.62
1839,"2020-09-11","2024-01-16",1222,2,116.81,233.62,116.81
1840,"2021-08-24","2021-08-24",0,1,129.64,129.64,129.64
1841,"2024-02-11","2024-08-10",181,2,167.41,334.81,167.41
1842,"2020-04-29","2021-12-10",590,3,182.16,546.48,182.16
1844,"2020-05-03","2020-05-03",0,1,14.31,14.31,14.31
1845,"2020-05-18","2025-08-15",1915,2,158.79,317.57,158.79
1846,"2020-11-24","2020-11-24",0,1,118.83,118.83,118.83
1847,"2020-05-11","2025-10-08",1976,2,95.44,190.88,95.44
1848,"2021-05-02","2025-02-08",1378,2,179.42,358.84,179.42
1849,"2023-04-28","2024-05-27",395,2,51.59,103.17,51.59
1850,"2021-05-27","2021-05-27",0,1,354.96,354.96,354.96
1851,"2021-02-19","2025-10-26",1710,3,118.11,354.34,118.11
1852,"2022-10-29","2024-03-14",502,2,139.36,278.71,139.36
1854,"2023-06-16","2023-10-24",130,2,30.55,61.10,30.55
1855,"2020-03-07","2025-08-26",1998,2,89.87,179.73,89.87
1856,"2022-11-29","2022-11-29",0,1,34.58,34.58,34.58
1857,"2021-02-09","2021-02-09",0,1,19.15,19.15,19.15
1858,"2021-11-06","2021-11-06",0,1,109.92,109.92,109.92
1859,"2025-02-03","2025-02-03",0,1,229.70,229.70,229.70
1860,"2023-09-01","2023-09-01",0,1,242.24,242.24,242.24
1861,"2021-02-20","2021-12-08",291,2,58.50,117.00,58.50
1862,"2021-10-05","2025-06-30",1364,2,54.36,108.72,54.36
1865,"2023-04-19","2024-10-25",555,4,233.77,935.06,233.77
1866,"2020-07-02","2020-07-02",0,1,34.33,34.33,34.33
1867,"2020-07-04","2020-07-04",0,1,43.01,43.01,43.01
1869,"2024-10-06","2025-10-06",365,2,129.60,259.20,129.60
1871,"2020-12-13","2022-07-22",586,3,164.61,493.83,164.61
1872,"2020-04-02","2024-05-15",1504,4,205.17,820.67,205.17
1875,"2025-10-02","2025-10-02",0,1,378.48,378.48,378.48
1876,"2021-07-22","2022-04-08",260,2,128.51,257.01,128.51
1877,"2024-08-31","2024-08-31",0,1,16.72,16.72,16.72
1879,"2025-08-20","2025-08-20",0,1,53.82,53.82,53.82
1880,"2021-11-24","2025-06-07",1291,3,150.95,452.85,150.95
1882,"2020-06-14","2020-06-14",0,1,98.34,98.34,98.34
1883,"2021-05-15","2023-08-11",818,3,107.83,323.50,107.83
1884,"2021-03-21","2023-11-09",963,3,119.31,357.94,119.31
1886,"2021-06-29","2021-06-29",0,1,131.67,131.67,131.67
1887,"2022-12-15","2025-10-08",1028,2,98.20,196.39,98.20
1888,"2021-02-05","2021-07-16",161,2,62.78,125.56,62.78
1889,"2020-05-03","2024-06-30",1519,3,56.46,169.38,56.46
1890,"2020-01-07","2020-10-03",270,3,220.75,662.26,220.75
1891,"2020-07-25","2025-01-02",1622,2,376.85,753.70,376.85
1892,"2020-04-15","2024-11-16",1676,3,98.70,296.11,98.70
1893,"2023-09-05","2023-09-05",0,1,120.07,120.07,120.07
1894,"2024-10-14","2025-01-31",109,2,71.01,142.01,71.01
1895,"2020-02-23","2025-02-01",1805,5,99.09,495.45,99.09
1896,"2021-11-19","2024-07-18",972,4,65.99,263.95,65.99
1897,"2021-12-20","2024-08-01",955,2,97.67,195.34,97.67
1899,"2022-10-25","2022-10-25",0,1,89.56,89.56,89.56
1901,"2020-09-13","2024-03-15",1279,4,166.71,666.85,166.71
1902,"2021-06-04","2025-10-26",1605,3,94.29,282.87,94.29
1903,"2021-11-23","2025-02-16",1181,4,129.19,516.75,129.19
1904,"2021-01-11","2022-05-01",475,2,67.84,135.67,67.84
1905,"2022-03-02","2022-03-02",0,1,21.48,21.48,21.48
1906,"2020-04-28","2020-04-28",0,1,382.84,382.84,382.84
1907,"2024-11-13","2024-11-13",0,1,132.06,132.06,132.06
1908,"2021-07-29","2023-01-08",528,2,35.93,71.85,35.93
1909,"2023-02-25","2023-02-25",0,1,205.06,205.06,205.06
1911,"2021-10-17","2024-12-10",1150,2,18.60,37.19,18.60
1913,"2021-08-06","2025-06-06",1400,2,80.31,160.61,80.31
1914,"2020-07-27","2025-03-26",1703,5,86.95,434.75,86.95
1917,"2021-07-09","2023-04-19",649,2,17.55,35.10,17.55
1918,"2023-08-28","2023-08-28",0,1,196.37,196.37,196.37
1919,"2020-08-05","2025-01-10",1619,3,175.64,526.91,175.64
1920,"2021-04-24","2021-04-24",0,1,20.15,20.15,20.15
1923,"2022-11-22","2025-01-24",794,2,175.48,350.95,175.48
1924,"2024-01-17","2024-01-17",0,1,341.80,341.80,341.80
1926,"2020-11-20","2020-11-20",0,1,212.93,212.93,212.93
1927,"2020-04-21","2020-10-10",172,2,128.07,256.14,128.07
1928,"2020-04-20","2020-04-20",0,1,162.26,162.26,162.26
1929,"2020-01-10","2022-09-05",969,3,30.15,90.44,30.15
1932,"2021-08-10","2021-08-10",0,1,326.02,326.02,326.02
1933,"2020-02-29","2025-07-28",1976,4,79.32,317.29,79.32
1934,"2023-04-01","2024-09-09",527,2,132.65,265.29,132.65
1935,"2021-01-25","2025-03-31",1526,4,76.05,304.18,76.05
1936,"2021-04-08","2025-06-18",1532,4,150.81,603.22,150.81
1937,"2023-02-20","2025-03-04",743,3,300.36,901.08,300.36
1938,"2021-08-11","2022-08-28",382,3,65.65,196.95,65.65
1939,"2021-05-03","2021-11-01",182,2,54.37,108.73,54.37
1940,"2025-10-28","2025-10-28",0,1,152.03,152.03,152.03
1942,"2021-05-10","2024-04-19",1075,4,79.94,319.76,79.94
1943,"2024-10-08","2025-05-13",217,2,120.86,241.72,120.86
1944,"2022-04-26","2022-04-26",0,1,168.18,168.18,168.18
1945,"2021-07-06","2024-10-02",1184,3,87.96,263.87,87.96
1946,"2023-03-21","2023-03-21",0,1,75.24,75.24,75.24
1947,"2021-01-11","2023-06-04",874,2,72.42,144.84,72.42
1948,"2020-04-15","2022-07-14",820,5,89.54,447.69,89.54
1949,"2020-02-23","2021-07-17",510,2,112.64,225.28,112.64
1951,"2022-06-22","2022-06-22",0,1,17.87,17.87,17.87
1952,"2022-06-10","2025-09-26",1204,5,114.98,574.88,114.98
1953,"2020-12-21","2020-12-21",0,1,228.00,228.00,228.00
1954,"2020-09-06","2020-09-06",0,1,14.08,14.08,14.08
1955,"2024-02-17","2024-02-17",0,1,427.11,427.11,427.11
1956,"2023-02-02","2023-02-02",0,1,211.82,211.82,211.82
1957,"2020-06-03","2020-06-22",19,2,98.88,197.75,98.88
1958,"2020-05-22","2020-05-22",0,1,145.90,145.90,145.90
1959,"2021-05-12","2024-07-17",1162,3,197.84,593.51,197.84
1960,"2020-01-07","2020-06-15",160,2,50.48,100.96,50.48
1961,"2025-05-13","2025-05-13",0,1,41.23,41.23,41.23
1962,"2020-04-28","2025-04-25",1823,3,40.76,122.29,40.76
1963,"2025-02-22","2025-02-22",0,1,246.53,246.53,246.53
1964,"2022-08-02","2024-05-16",653,2,84.05,168.09,84.05
1965,"2020-12-07","2024-07-02",1303,2,7.65,15.29,7.65
1966,"2021-05-05","2025-07-14",1531,3,161.70,485.10,161.70
1967,"2022-01-06","2024-01-22",746,3,70.63,211.88,70.63
1968,"2020-04-11","2025-06-29",1905,3,142.45,427.36,142.45
1969,"2024-12-26","2024-12-26",0,1,7.68,7.68,7.68
1970,"2020-07-28","2021-10-18",447,2,173.23,346.46,173.23
1971,"2022-12-27","2025-08-09",956,2,85.24,170.47,85.24
1972,"2025-01-07","2025-01-07",0,1,135.19,135.19,135.19
1973,"2020-07-03","2025-10-24",1939,5,135.06,675.28,135.06
1974,"2021-01-05","2021-01-05",0,1,268.20,268.20,268.20
1976,"2022-06-18","2023-09-12",451,2,28.72,57.44,28.72
1977,"2020-07-06","2024-09-02",1519,3,131.14,393.41,131.14
1978,"2023-08-07","2024-03-28",234,2,74.57,149.13,74.57
1979,"2023-05-23","2025-09-03",834,3,57.78,173.35,57.78
1981,"2023-10-29","2023-10-29",0,1,72.49,72.49,72.49
1982,"2021-12-12","2023-08-11",607,3,46.23,138.68,46.23
1983,"2023-01-25","2024-07-29",551,3,34.47,103.41,34.47
1985,"2023-07-27","2023-07-27",0,1,94.32,94.32,94.32
1986,"2020-08-27","2020-08-27",0,1,203.80,203.80,203.80
1987,"2020-06-21","2020-06-21",0,1,28.48,28.48,28.48
1988,"2020-01-12","2023-01-29",1113,3,146.41,439.23,146.41
1991,"2021-01-31","2023-03-02",760,2,68.89,137.77,68.89
1992,"2022-07-09","2022-07-09",0,1,94.38,94.38,94.38
1994,"2023-05-31","2023-05-31",0,1,188.95,188.95,188.95
1996,"2020-08-03","2024-09-13",1502,3,89.40,268.20,89.40
1997,"2021-03-27","2024-10-03",1286,5,234.08,1170.41,234.08
1998,"2020-09-21","2023-08-29",1072,4,163.82,655.29,163.82
1999,"2021-05-30","2022-12-12",561,2,177.99,355.98,177.99
2000,"2020-02-21","2020-02-21",0,1,143.42,143.42,143.42
2001,"2020-04-02","2024-08-31",1612,4,158.21,632.82,158.21
2003,"2020-12-22","2024-10-01",1379,2,18.04,36.08,18.04
2004,"2021-05-13","2023-12-03",934,3,156.74,470.22,156.74
2005,"2023-07-26","2023-07-26",0,1,191.24,191.24,191.24
2006,"2024-12-17","2025-02-22",67,2,16.85,33.69,16.85
2007,"2020-10-11","2025-08-04",1758,3,87.78,263.35,87.78
2008,"2023-10-11","2024-05-28",230,2,252.38,504.75,252.38
2009,"2020-05-09","2025-02-11",1739,3,99.34,298.01,99.34
2010,"2023-06-23","2024-04-12",294,2,78.35,156.69,78.35
2011,"2022-12-05","2025-06-12",920,2,325.12,650.23,325.12
2013,"2022-04-03","2023-01-05",277,3,132.69,398.07,132.69
2014,"2022-01-03","2023-06-27",540,2,73.18,146.36,73.18
2017,"2022-09-15","2022-09-15",0,1,136.08,136.08,136.08
2018,"2022-01-05","2025-03-02",1152,2,396.54,793.08,396.54
2019,"2020-08-23","2023-03-26",945,2,48.85,97.69,48.85
2021,"2021-06-05","2023-03-22",655,3,79.00,236.99,79.00
2022,"2020-03-16","2021-05-09",419,2,65.31,130.61,65.31
2025,"2021-07-28","2021-07-28",0,1,196.56,196.56,196.56
2026,"2022-12-07","2022-12-07",0,1,36.39,36.39,36.39
2029,"2020-04-21","2024-10-14",1637,2,239.20,478.40,239.20
2030,"2024-02-13","2024-02-13",0,1,77.72,77.72,77.72
2032,"2020-10-09","2022-08-12",672,3,78.51,235.53,78.51
2033,"2020-07-02","2022-10-22",842,2,120.45,240.89,120.45
2034,"2024-09-12","2024-09-12",0,1,32.73,32.73,32.73
2035,"2021-08-24","2022-11-23",456,3,74.52,223.56,74.52
2036,"2025-01-06","2025-01-06",0,1,126.83,126.83,126.83
2038,"2020-08-06","2024-12-07",1584,2,110.97,221.93,110.97
2039,"2020-04-07","2024-04-14",1468,3,155.42,466.26,155.42
2040,"2020-05-18","2024-10-18",1614,5,171.83,859.13,171.83
2043,"2021-06-06","2021-06-06",0,1,81.01,81.01,81.01
2044,"2021-05-16","2021-10-20",157,2,63.49,126.97,63.49
2045,"2023-04-04","2025-02-06",674,2,55.36,110.72,55.36
2046,"2020-10-10","2021-08-16",310,2,20.26,40.52,20.26
2048,"2023-06-08","2024-04-21",318,2,96.17,192.34,96.17
2049,"2020-10-26","2023-12-17",1147,3,183.23,549.68,183.23
2051,"2022-03-06","2022-10-26",234,2,37.28,74.55,37.28
2052,"2020-12-27","2020-12-27",0,1,101.42,101.42,101.42
2054,"2021-11-17","2024-09-26",1044,4,75.59,302.35,75.59
2055,"2020-11-27","2023-11-06",1074,2,54.29,108.57,54.29
2056,"2024-10-05","2024-10-05",0,1,40.42,40.42,40.42
2057,"2020-07-12","2025-05-21",1774,4,85.16,340.65,85.16
2058,"2024-11-12","2024-11-12",0,1,228.25,228.25,228.25
2059,"2020-01-27","2023-04-20",1179,3,184.25,552.74,184.25
2060,"2020-12-01","2023-10-26",1059,2,279.88,559.75,279.88
2061,"2021-03-27","2024-01-04",1013,2,144.94,289.87,144.94
2062,"2021-06-16","2021-06-16",0,1,215.80,215.80,215.80
2064,"2021-03-20","2022-04-16",392,3,136.80,410.39,136.80
2065,"2020-11-29","2022-10-10",680,2,199.51,399.02,199.51
2066,"2021-10-21","2023-12-04",774,3,90.80,272.39,90.80
2067,"2020-08-23","2021-11-02",436,2,168.47,336.93,168.47
2068,"2025-01-28","2025-01-28",0,1,304.92,304.92,304.92
2069,"2023-08-02","2024-11-08",464,2,81.41,162.82,81.41
2070,"2022-03-08","2025-05-16",1165,3,30.52,91.56,30.52
2071,"2024-03-23","2024-03-23",0,1,21.98,21.98,21.98
2072,"2020-04-27","2020-04-27",0,1,63.04,63.04,63.04
2073,"2020-01-19","2020-01-19",0,1,307.74,307.74,307.74
2074,"2022-12-29","2023-02-19",52,2,77.78,155.56,77.78
2075,"2024-11-21","2025-07-15",236,2,61.06,122.11,61.06
2076,"2023-01-21","2023-01-21",0,1,7.51,7.51,7.51
2077,"2021-07-28","2024-11-05",1196,3,116.10,348.31,116.10
2078,"2021-03-01","2023-05-16",806,3,421.51,1264.53,421.51
2079,"2020-06-21","2025-09-19",1916,3,269.51,808.53,269.51
2081,"2020-12-21","2025-05-18",1609,5,167.14,835.68,167.14
2084,"2021-02-22","2025-08-15",1635,3,173.58,520.74,173.58
2085,"2022-11-03","2025-08-09",1010,4,86.89,347.54,86.89
2086,"2023-12-13","2023-12-13",0,1,147.49,147.49,147.49
2087,"2022-09-18","2022-09-18",0,1,214.82,214.82,214.82
2088,"2024-01-01","2024-01-01",0,1,16.50,16.50,16.50
2089,"2021-06-13","2022-11-07",512,2,123.65,247.29,123.65
2090,"2022-01-18","2025-08-31",1321,5,76.70,383.49,76.70
2091,"2020-04-25","2022-08-24",851,3,50.93,152.78,50.93
2092,"2021-10-22","2021-10-22",0,1,113.52,113.52,113.52
2094,"2022-01-17","2025-09-06",1328,3,178.14,534.41,178.14
2095,"2022-04-24","2022-04-24",0,1,212.74,212.74,212.74
2096,"2022-02-17","2022-06-02",105,2,298.97,597.94,298.97
2098,"2023-11-01","2023-11-01",0,1,171.98,171.98,171.98
2099,"2021-05-18","2021-05-18",0,1,137.39,137.39,137.39
2100,"2023-09-09","2023-09-09",0,1,94.70,94.70,94.70
2102,"2020-07-15","2021-07-12",362,2,113.10,226.19,113.10
2103,"2021-07-16","2021-07-16",0,1,242.31,242.31,242.31
2104,"2025-01-20","2025-01-20",0,1,52.75,52.75,52.75
2105,"2021-03-05","2024-03-03",1094,4,108.70,434.79,108.70
2106,"2021-12-07","2023-08-05",606,3,153.70,461.10,153.70
2107,"2020-06-28","2024-11-13",1599,2,47.59,95.18,47.59
2108,"2021-08-31","2025-10-25",1516,3,120.00,360.00,120.00
2110,"2025-05-15","2025-09-20",128,2,198.20,396.40,198.20
2111,"2025-09-29","2025-09-29",0,1,255.85,255.85,255.85
2112,"2023-05-29","2025-04-19",691,2,48.72,97.43,48.72
2113,"2020-08-25","2023-01-14",872,2,53.51,107.02,53.51
2114,"2022-12-05","2022-12-05",0,1,47.39,47.39,47.39
2115,"2024-03-05","2024-03-05",0,1,248.57,248.57,248.57
2116,"2024-02-12","2025-03-05",387,2,228.51,457.01,228.51
2117,"2021-04-01","2021-04-01",0,1,170.62,170.62,170.62
2118,"2020-05-02","2023-10-16",1262,2,87.87,175.73,87.87
2120,"2023-09-28","2023-10-28",30,2,154.34,308.68,154.34
2121,"2022-05-08","2025-06-12",1131,6,136.41,818.48,136.41
2122,"2023-01-14","2024-05-18",490,2,266.21,532.42,266.21
2123,"2020-05-15","2021-09-18",491,2,200.04,400.07,200.04
2124,"2022-10-24","2023-05-09",197,2,135.39,270.78,135.39
2125,"2021-10-26","2025-10-11",1446,2,70.83,141.66,70.83
2126,"2020-12-13","2024-12-20",1468,2,20.76,41.51,20.76
2128,"2020-11-27","2025-05-27",1642,2,45.48,90.95,45.48
2129,"2022-09-23","2023-03-31",189,2,124.98,249.95,124.98
2130,"2020-05-31","2025-03-05",1739,5,83.16,415.80,83.16
2131,"2021-04-09","2022-09-01",510,2,131.08,262.15,131.08
2133,"2020-10-24","2022-10-03",709,3,290.84,872.51,290.84
2134,"2022-07-21","2023-09-27",433,3,110.40,331.19,110.40
2135,"2020-09-10","2024-08-02",1422,5,117.57,587.84,117.57
2136,"2023-12-11","2023-12-11",0,1,66.22,66.22,66.22
2137,"2023-07-03","2025-06-17",715,3,130.17,390.50,130.17
2138,"2020-01-20","2021-03-12",417,2,44.07,88.13,44.07
2139,"2021-06-01","2025-03-12",1380,2,91.01,182.01,91.01
2140,"2021-11-23","2023-06-25",579,3,65.68,197.05,65.68
2141,"2023-07-27","2025-06-06",680,2,253.19,506.38,253.19
2142,"2021-03-25","2025-05-22",1519,6,127.41,764.44,127.41
2144,"2020-11-28","2022-11-20",722,2,222.23,444.46,222.23
2146,"2020-09-25","2020-09-25",0,1,65.48,65.48,65.48
2148,"2023-05-18","2024-01-28",255,2,263.89,527.78,263.89
2149,"2020-09-16","2025-07-01",1749,3,196.38,589.13,196.38
2150,"2020-02-05","2025-07-12",1984,6,91.54,549.24,91.54
2151,"2021-07-28","2021-07-28",0,1,481.12,481.12,481.12
2152,"2021-11-18","2025-01-24",1163,4,128.13,512.51,128.13
2155,"2023-01-31","2024-08-10",557,2,145.63,291.26,145.63
2156,"2023-02-07","2023-02-07",0,1,10.60,10.60,10.60
2158,"2020-03-01","2021-12-08",647,2,94.78,189.55,94.78
2159,"2023-08-25","2023-08-25",0,1,210.82,210.82,210.82
2160,"2021-05-05","2025-05-24",1480,2,134.90,269.79,134.90
2161,"2020-11-30","2024-10-03",1403,2,29.38,58.75,29.38
2162,"2025-07-06","2025-07-06",0,1,66.04,66.04,66.04
2163,"2023-09-01","2023-09-01",0,1,24.57,24.57,24.57
2164,"2023-09-12","2023-09-12",0,1,187.45,187.45,187.45
2165,"2020-04-20","2020-04-20",0,1,195.87,195.87,195.87
2166,"2020-05-09","2021-11-27",567,2,101.72,203.44,101.72
2167,"2021-09-26","2024-12-02",1163,3,101.64,304.91,101.64
2169,"2020-06-21","2025-09-07",1904,4,160.55,642.20,160.55
2170,"2024-06-03","2024-06-03",0,1,163.78,163.78,163.78
2172,"2022-10-27","2024-08-03",646,3,104.82,314.45,104.82
2173,"2023-01-21","2023-01-21",0,1,30.61,30.61,30.61
2175,"2020-04-28","2025-10-24",2005,3,79.81,239.42,79.81
2176,"2024-04-02","2025-05-26",419,2,137.20,274.39,137.20
2177,"2020-07-11","2024-07-11",1461,4,97.11,388.45,97.11
2178,"2023-04-04","2024-10-19",564,2,129.34,258.68,129.34
2179,"2020-04-19","2020-04-19",0,1,67.76,67.76,67.76
2180,"2020-02-27","2024-12-20",1758,3,212.87,638.61,212.87
2181,"2023-09-01","2023-12-17",107,2,103.95,207.90,103.95
2182,"2020-07-22","2020-07-22",0,1,12.55,12.55,12.55
2183,"2021-04-08","2022-11-29",600,3,93.00,279.00,93.00
2184,"2021-04-04","2025-07-03",1551,3,136.15,408.45,136.15
2185,"2024-01-07","2024-07-25",200,2,121.64,243.27,121.64
2186,"2022-04-11","2022-04-11",0,1,101.52,101.52,101.52
2187,"2021-05-24","2023-12-12",932,2,104.02,208.03,104.02
2188,"2023-01-24","2023-05-05",101,2,92.67,185.33,92.67
2189,"2023-02-21","2025-02-26",736,2,191.40,382.79,191.40
2191,"2023-08-02","2024-01-22",173,2,26.85,53.70,26.85
2192,"2020-10-31","2020-10-31",0,1,40.30,40.30,40.30
2193,"2020-06-20","2024-11-08",1602,2,173.21,346.42,173.21
2195,"2021-03-15","2022-03-05",355,2,48.97,97.94,48.97
2196,"2020-09-03","2022-10-19",776,2,120.70,241.40,120.70
2197,"2024-10-16","2024-10-16",0,1,366.01,366.01,366.01
2198,"2021-07-11","2025-01-01",1270,3,127.33,381.98,127.33
2200,"2021-11-02","2021-11-02",0,1,176.68,176.68,176.68
2201,"2024-05-27","2024-05-27",0,1,69.33,69.33,69.33
2202,"2021-11-13","2023-08-31",656,2,108.69,217.37,108.69
2203,"2022-08-09","2025-04-26",991,3,102.80,308.40,102.80
2204,"2020-10-02","2021-05-21",231,2,53.66,107.32,53.66
2205,"2024-03-04","2025-04-10",402,3,120.49,361.46,120.49
2206,"2021-12-19","2021-12-19",0,1,49.16,49.16,49.16
2207,"2021-05-14","2024-08-30",1204,4,173.43,693.70,173.43
2208,"2022-09-08","2025-05-21",986,5,110.78,553.90,110.78
2209,"2024-02-08","2024-02-08",0,1,91.82,91.82,91.82
2210,"2021-05-02","2022-11-05",552,2,54.92,109.83,54.92
2212,"2020-10-22","2025-01-14",1545,3,88.19,264.58,88.19
2213,"2023-11-13","2023-11-13",0,1,511.50,511.50,511.50
2214,"2021-11-12","2021-11-12",0,1,281.68,281.68,281.68
2216,"2025-08-18","2025-08-18",0,1,160.28,160.28,160.28
2217,"2022-03-05","2022-03-05",0,1,185.57,185.57,185.57
2218,"2021-05-26","2025-04-15",1420,3,37.47,112.42,37.47
2219,"2020-10-11","2025-08-23",1777,4,118.24,472.97,118.24
2220,"2021-01-19","2024-04-09",1176,2,38.06,76.12,38.06
2221,"2020-01-03","2024-11-05",1768,2,124.60,249.19,124.60
2222,"2023-09-25","2023-09-25",0,1,155.74,155.74,155.74
2223,"2022-09-03","2025-03-25",934,2,1050.22,2100.43,1050.22
2224,"2020-04-03","2021-10-19",564,3,195.56,586.68,195.56
2225,"2023-02-13","2025-04-21",798,3,61.14,183.41,61.14
2226,"2020-03-27","2025-02-28",1799,6,156.82,940.94,156.82
2228,"2021-12-02","2021-12-02",0,1,94.77,94.77,94.77
2229,"2020-10-06","2020-10-06",0,1,7.28,7.28,7.28
2230,"2020-07-03","2022-05-18",684,2,265.00,529.99,265.00
2231,"2022-12-21","2023-05-22",152,2,99.73,199.45,99.73
2233,"2024-04-03","2024-04-03",0,1,177.04,177.04,177.04
2234,"2020-08-19","2020-08-19",0,1,155.56,155.56,155.56
2235,"2020-12-04","2020-12-04",0,1,40.57,40.57,40.57
2236,"2021-06-12","2021-06-12",0,1,229.74,229.74,229.74
2237,"2020-04-01","2023-05-14",1138,4,100.39,401.56,100.39
2238,"2023-10-20","2024-03-25",157,2,16.71,33.42,16.71
2239,"2021-10-29","2025-10-07",1439,3,153.21,459.62,153.21
2240,"2023-07-29","2025-08-05",738,3,167.41,502.23,167.41
2241,"2020-08-01","2020-08-01",0,1,106.12,106.12,106.12
2242,"2020-03-02","2021-09-02",549,3,139.39,418.16,139.39
2244,"2020-03-01","2023-12-12",1381,3,280.92,842.75,280.92
2245,"2021-02-11","2021-02-11",0,1,121.72,121.72,121.72
2246,"2022-04-08","2024-09-20",896,2,166.61,333.22,166.61
2247,"2020-03-07","2025-07-27",1968,3,131.02,393.05,131.02
2248,"2022-10-30","2022-10-30",0,1,228.31,228.31,228.31
2249,"2022-10-07","2024-04-04",545,2,108.07,216.14,108.07
2251,"2022-03-22","2022-03-22",0,1,70.70,70.70,70.70
2252,"2022-08-03","2024-06-05",672,2,139.84,279.67,139.84
2253,"2021-12-10","2025-10-25",1415,2,291.74,583.48,291.74
2255,"2023-05-23","2024-12-11",568,2,268.80,537.60,268.80
2256,"2020-07-08","2023-07-14",1101,3,108.94,326.83,108.94
2257,"2021-04-04","2022-09-27",541,4,99.99,399.95,99.99
2258,"2023-04-09","2024-03-11",337,2,89.73,179.45,89.73
2260,"2022-05-17","2022-05-17",0,1,55.97,55.97,55.97
2261,"2024-04-30","2024-04-30",0,1,203.95,203.95,203.95
2263,"2024-02-18","2024-02-18",0,1,38.13,38.13,38.13
2264,"2024-11-24","2024-11-24",0,1,39.13,39.13,39.13
2265,"2022-03-20","2023-06-10",447,2,434.58,869.15,434.58
2266,"2020-08-16","2025-04-12",1700,4,88.14,352.56,88.14
2267,"2025-08-18","2025-08-18",0,1,45.56,45.56,45.56
2268,"2021-09-22","2024-05-07",958,2,80.27,160.54,80.27
2269,"2020-02-14","2024-10-23",1713,3,158.01,474.03,158.01
2270,"2021-11-08","2021-11-08",0,1,27.05,27.05,27.05
2271,"2024-11-15","2024-11-15",0,1,38.57,38.57,38.57
2272,"2020-03-02","2023-06-11",1196,2,79.48,158.96,79.48
2273,"2023-03-07","2024-03-02",361,2,40.96,81.91,40.96
2274,"2021-01-15","2021-06-23",159,2,40.52,81.03,40.52
2275,"2022-05-25","2023-01-04",224,2,57.95,115.89,57.95
2276,"2022-03-06","2024-09-10",919,3,122.27,366.82,122.27
2278,"2021-05-02","2021-05-02",0,1,74.96,74.96,74.96
2280,"2021-01-05","2021-01-05",0,1,162.22,162.22,162.22
2281,"2023-10-13","2024-06-28",259,2,118.77,237.53,118.77
2283,"2021-11-11","2025-10-01",1420,2,124.84,249.67,124.84
2284,"2023-10-01","2025-06-27",635,2,393.83,787.66,393.83
2285,"2020-04-08","2024-07-18",1562,4,56.51,226.05,56.51
2286,"2020-06-12","2025-04-06",1759,2,124.12,248.23,124.12
2287,"2023-07-15","2023-07-15",0,1,143.52,143.52,143.52
2288,"2025-02-02","2025-02-02",0,1,9.27,9.27,9.27
2289,"2024-11-26","2024-11-26",0,1,40.86,40.86,40.86
2290,"2022-01-26","2025-01-07",1077,2,54.26,108.51,54.26
2291,"2021-02-23","2025-07-16",1604,3,361.35,1084.04,361.35
2292,"2020-07-10","2022-09-17",799,2,48.47,96.93,48.47
2293,"2020-07-04","2024-06-21",1448,2,69.53,139.05,69.53
2294,"2021-03-19","2021-03-19",0,1,305.65,305.65,305.65
2295,"2024-12-18","2024-12-18",0,1,75.67,75.67,75.67
2296,"2020-09-20","2023-12-22",1188,3,163.26,489.79,163.26
2297,"2024-02-29","2024-02-29",0,1,399.61,399.61,399.61
2298,"2021-05-20","2023-07-25",796,2,74.16,148.31,74.16
2299,"2020-12-30","2024-12-19",1450,2,123.17,246.33,123.17
2300,"2025-02-03","2025-04-27",83,2,117.31,234.62,117.31
2301,"2022-11-07","2022-11-07",0,1,38.13,38.13,38.13
2302,"2021-04-05","2022-09-26",539,2,215.05,430.09,215.05
2303,"2020-01-15","2023-08-04",1297,4,105.23,420.93,105.23
2304,"2024-09-04","2025-08-17",347,2,9.57,19.13,9.57
2305,"2020-05-31","2020-05-31",0,1,56.13,56.13,56.13
2306,"2020-02-19","2025-09-12",2032,5,180.53,902.63,180.53
2307,"2022-11-28","2022-11-28",0,1,81.02,81.02,81.02
2308,"2021-11-29","2025-01-18",1146,3,98.80,296.41,98.80
2309,"2024-08-10","2024-08-10",0,1,66.15,66.15,66.15
2310,"2023-07-28","2024-09-02",402,2,115.59,231.17,115.59
2312,"2022-12-15","2024-12-07",723,3,90.08,270.24,90.08
2313,"2023-01-08","2025-10-11",1007,3,86.63,259.89,86.63
2314,"2022-06-04","2023-10-29",512,3,133.83,401.50,133.83
2315,"2020-01-02","2025-09-09",2077,2,135.99,271.97,135.99
2317,"2021-03-10","2022-03-14",369,3,124.76,374.29,124.76
2320,"2020-10-23","2024-08-03",1380,3,144.48,433.43,144.48
2321,"2020-12-08","2020-12-08",0,1,11.03,11.03,11.03
2322,"2023-06-20","2023-09-09",81,2,54.69,109.37,54.69
2323,"2020-09-10","2020-12-12",93,2,112.77,225.54,112.77
2324,"2020-03-09","2022-12-10",1006,4,109.72,438.89,109.72
2325,"2020-12-31","2025-08-19",1692,3,115.53,346.58,115.53
2326,"2022-10-07","2022-10-07",0,1,99.14,99.14,99.14
2328,"2021-11-25","2025-01-23",1155,3,54.45,163.36,54.45
2329,"2021-05-05","2023-01-05",610,3,105.12,315.36,105.12
2331,"2021-02-06","2024-10-16",1348,2,64.34,128.67,64.34
2333,"2021-08-04","2025-03-12",1316,4,61.94,247.75,61.94
2334,"2025-07-17","2025-07-17",0,1,207.26,207.26,207.26
2335,"2022-10-08","2025-06-26",992,3,65.38,196.15,65.38
2336,"2020-04-17","2025-09-03",1965,2,94.97,189.93,94.97
2337,"2020-08-15","2023-05-13",1001,2,72.97,145.93,72.97
2338,"2021-09-23","2021-09-23",0,1,19.70,19.70,19.70
2339,"2023-03-16","2023-03-16",0,1,24.49,24.49,24.49
2340,"2024-07-25","2024-07-25",0,1,88.55,88.55,88.55
2341,"2020-07-16","2020-07-16",0,1,252.81,252.81,252.81
2342,"2020-09-19","2020-09-19",0,1,111.75,111.75,111.75
2344,"2023-05-19","2025-06-07",750,2,259.03,518.05,259.03
2345,"2020-06-29","2025-10-09",1928,6,140.95,845.67,140.95
2346,"2020-03-16","2024-11-18",1708,3,167.23,501.68,167.23
2347,"2020-08-06","2024-08-29",1484,3,115.04,345.12,115.04
2349,"2021-03-28","2021-03-28",0,1,328.83,328.83,328.83
2350,"2020-12-02","2023-07-31",971,2,61.46,122.91,61.46
2351,"2022-10-31","2023-03-01",121,2,55.24,110.48,55.24
2352,"2024-10-18","2024-10-18",0,1,37.72,37.72,37.72
2353,"2021-08-08","2022-11-05",454,2,55.62,111.23,55.62
2354,"2020-03-04","2025-05-06",1889,3,197.39,592.18,197.39
2355,"2023-03-01","2023-09-11",194,2,97.93,195.86,97.93
2356,"2023-10-28","2023-10-28",0,1,12.08,12.08,12.08
2358,"2022-01-17","2023-06-21",520,2,205.28,410.55,205.28
2360,"2020-06-17","2023-10-27",1227,2,94.68,189.35,94.68
2361,"2021-04-07","2025-05-24",1508,2,199.22,398.44,199.22
2362,"2021-02-02","2024-01-24",1086,3,127.21,381.64,127.21
2363,"2021-02-22","2024-06-19",1213,3,125.11,375.33,125.11
2364,"2021-06-15","2021-07-24",39,2,35.69,71.38,35.69
2365,"2025-09-24","2025-09-24",0,1,10.67,10.67,10.67
2366,"2020-05-12","2020-05-12",0,1,78.10,78.10,78.10
2367,"2020-08-07","2025-10-07",1887,4,37.59,150.37,37.59
2368,"2020-06-20","2020-11-09",142,2,71.68,143.36,71.68
2370,"2025-03-01","2025-03-14",13,2,242.81,485.62,242.81
2371,"2020-06-10","2021-09-29",476,2,42.38,84.75,42.38
2372,"2022-07-07","2022-07-07",0,1,6.14,6.14,6.14
2373,"2024-06-09","2025-08-20",437,3,81.57,244.70,81.57
2374,"2021-02-17","2023-06-02",835,2,92.65,185.29,92.65
2376,"2024-01-21","2025-01-09",354,2,155.50,311.00,155.50
2377,"2022-05-22","2024-06-03",743,2,56.02,112.03,56.02
2378,"2020-07-21","2021-12-09",506,2,195.65,391.30,195.65
2379,"2024-06-26","2024-06-26",0,1,27.68,27.68,27.68
2380,"2020-01-16","2024-04-27",1563,2,117.82,235.63,117.82
2381,"2022-04-12","2022-04-12",0,1,22.96,22.96,22.96
2384,"2020-10-25","2024-09-07",1413,3,161.51,484.54,161.51
2385,"2021-08-16","2021-08-16",0,1,146.53,146.53,146.53
2386,"2020-10-11","2023-06-13",975,3,146.74,440.22,146.74
2387,"2020-12-14","2025-09-21",1742,4,167.17,668.66,167.17
2388,"2021-02-18","2021-02-18",0,1,43.68,43.68,43.68
2389,"2022-09-12","2022-09-12",0,1,261.44,261.44,261.44
2390,"2020-12-07","2022-04-27",506,2,176.88,353.76,176.88
2391,"2023-12-27","2023-12-27",0,1,110.55,110.55,110.55
2392,"2021-04-03","2022-08-09",493,2,73.57,147.13,73.57
2393,"2021-07-27","2023-08-18",752,4,125.21,500.82,125.21
2396,"2021-04-24","2021-04-24",0,1,203.22,203.22,203.22
2397,"2022-07-17","2022-07-17",0,1,11.97,11.97,11.97
2398,"2020-10-13","2023-06-10",970,2,18.05,36.09,18.05
2399,"2022-08-23","2025-06-03",1015,2,151.26,302.51,151.26
2400,"2021-08-03","2021-08-03",0,1,97.86,97.86,97.86
2401,"2023-04-02","2025-05-08",767,2,98.41,196.82,98.41
2402,"2023-12-15","2023-12-15",0,1,43.05,43.05,43.05
2403,"2024-01-19","2025-01-03",350,2,149.14,298.27,149.14
2404,"2025-10-15","2025-10-15",0,1,116.15,116.15,116.15
2405,"2023-07-15","2025-05-04",659,2,135.34,270.67,135.34
2406,"2025-05-22","2025-05-22",0,1,37.66,37.66,37.66
2407,"2021-09-12","2021-09-12",0,1,55.05,55.05,55.05
2408,"2020-07-07","2021-01-29",206,2,79.07,158.14,79.07
2409,"2022-08-21","2025-01-26",889,3,152.41,457.23,152.41
2410,"2020-06-28","2023-10-06",1195,5,135.47,677.35,135.47
2411,"2021-05-03","2021-05-03",0,1,92.93,92.93,92.93
2415,"2020-06-08","2023-05-13",1069,2,32.33,64.66,32.33
2416,"2022-01-28","2025-06-30",1249,3,133.90,401.69,133.90
2417,"2022-08-03","2022-08-03",0,1,457.78,457.78,457.78
2418,"2023-11-27","2024-11-12",351,2,65.46,130.92,65.46
2419,"2020-10-12","2025-10-11",1825,2,230.61,461.22,230.61
2420,"2020-02-16","2024-05-17",1552,3,100.10,300.31,100.10
2421,"2022-06-23","2024-02-01",588,2,86.01,172.02,86.01
2422,"2025-02-08","2025-04-26",77,2,68.43,136.85,68.43
2423,"2020-11-25","2020-11-29",4,2,39.94,79.87,39.94
2424,"2023-03-06","2023-03-06",0,1,66.46,66.46,66.46
2425,"2022-03-23","2022-03-23",0,1,96.56,96.56,96.56
2426,"2025-08-18","2025-08-18",0,1,272.32,272.32,272.32
2427,"2020-03-06","2025-09-11",2015,3,134.20,402.61,134.20
2428,"2021-02-24","2025-01-01",1407,4,209.00,836.00,209.00
2429,"2020-08-13","2025-09-14",1858,4,172.78,691.10,172.78
2430,"2022-11-18","2024-12-18",761,2,176.04,352.08,176.04
2431,"2022-08-26","2025-09-11",1112,3,147.04,441.12,147.04
2432,"2020-05-13","2020-05-13",0,1,145.97,145.97,145.97
2433,"2021-04-28","2021-05-27",29,2,236.89,473.77,236.89
2435,"2023-08-16","2023-08-16",0,1,161.36,161.36,161.36
2436,"2022-09-16","2022-09-16",0,1,11.22,11.22,11.22
2437,"2020-07-05","2024-06-29",1455,4,79.32,317.26,79.32
2438,"2023-12-25","2023-12-25",0,1,55.94,55.94,55.94
2440,"2020-12-09","2025-05-15",1618,3,48.40,145.19,48.40
2441,"2020-04-03","2022-05-28",785,2,54.41,108.81,54.41
2442,"2025-09-17","2025-09-17",0,1,321.25,321.25,321.25
2443,"2023-02-04","2023-02-04",0,1,290.59,290.59,290.59
2444,"2024-08-02","2024-08-02",0,1,191.98,191.98,191.98
2445,"2021-10-26","2022-12-30",430,2,244.65,489.29,244.65
2446,"2021-09-02","2021-09-02",0,1,237.25,237.25,237.25
2447,"2020-11-19","2020-11-19",0,1,37.46,37.46,37.46
2448,"2023-06-28","2024-02-05",222,2,112.62,225.23,112.62
2449,"2025-07-23","2025-07-26",3,2,140.94,281.88,140.94
2451,"2020-09-29","2025-08-10",1776,3,71.03,213.08,71.03
2452,"2021-01-21","2022-09-11",598,2,196.12,392.24,196.12
2454,"2023-06-19","2024-12-23",553,3,97.20,291.61,97.20
2455,"2024-11-01","2024-11-01",0,1,91.01,91.01,91.01
2456,"2024-01-25","2024-05-18",114,2,151.66,303.31,151.66
2457,"2020-05-23","2025-04-02",1775,4,35.39,141.54,35.39
2458,"2021-12-03","2021-12-03",0,1,31.31,31.31,31.31
2459,"2021-09-29","2025-08-14",1415,2,139.66,279.32,139.66
2460,"2022-11-16","2025-07-03",960,5,52.99,264.95,52.99
2461,"2024-08-11","2024-08-11",0,1,218.10,218.10,218.10
2462,"2020-04-30","2025-04-07",1803,4,102.95,411.78,102.95
2464,"2020-05-15","2020-05-15",0,1,74.16,74.16,74.16
2465,"2022-12-13","2022-12-13",0,1,99.63,99.63,99.63
2466,"2021-06-07","2025-07-25",1509,4,21.95,87.81,21.95
2467,"2020-02-22","2024-10-29",1711,4,148.00,592.00,148.00
2468,"2024-06-03","2025-03-15",285,2,259.12,518.23,259.12
2469,"2025-01-05","2025-01-05",0,1,6.01,6.01,6.01
2471,"2020-07-10","2025-03-15",1709,3,91.46,274.37,91.46
2473,"2021-03-16","2024-07-28",1230,3,74.15,222.46,74.15
2474,"2020-02-01","2022-11-12",1015,2,106.11,212.21,106.11
2475,"2020-02-13","2024-02-15",1463,3,247.32,741.96,247.32
2477,"2022-09-21","2022-09-21",0,1,206.12,206.12,206.12
2478,"2020-05-31","2020-05-31",0,1,123.36,123.36,123.36
2479,"2024-05-02","2024-05-02",0,1,100.97,100.97,100.97
2480,"2021-07-22","2023-09-25",795,3,104.73,314.18,104.73
2481,"2021-05-11","2024-10-13",1251,3,269.34,808.01,269.34
2482,"2021-03-27","2025-05-23",1518,2,123.40,246.80,123.40
2483,"2024-11-16","2025-05-09",174,2,33.59,67.17,33.59
2484,"2022-09-01","2022-09-01",0,1,221.62,221.62,221.62
2485,"2021-07-05","2022-11-05",488,2,141.45,282.90,141.45
2486,"2023-01-24","2024-09-24",609,2,46.89,93.78,46.89
2488,"2022-05-28","2025-02-23",1002,2,45.11,90.21,45.11
2489,"2021-01-14","2025-04-14",1551,4,120.02,480.07,120.02
2490,"2025-08-20","2025-08-20",0,1,57.80,57.80,57.80
2492,"2023-05-06","2024-08-30",482,2,391.18,782.35,391.18
2493,"2023-11-14","2023-11-14",0,1,14.26,14.26,14.26
2494,"2025-01-20","2025-01-20",0,1,432.24,432.24,432.24
2495,"2020-06-25","2025-02-18",1699,3,71.05,213.14,71.05
2496,"2020-11-15","2024-11-03",1449,3,61.41,184.22,61.41
2497,"2024-03-06","2024-03-06",0,1,106.60,106.60,106.60
2498,"2021-03-24","2023-04-06",743,2,59.21,118.42,59.21
2499,"2021-11-14","2023-03-27",498,3,104.75,314.26,104.75
2501,"2020-06-18","2022-04-13",664,4,66.85,267.39,66.85
2502,"2024-03-21","2024-04-24",34,2,60.20,120.39,60.20
2503,"2021-09-20","2022-02-15",148,2,85.97,171.94,85.97
2504,"2020-05-06","2020-05-06",0,1,142.68,142.68,142.68
2506,"2021-06-06","2024-01-20",958,2,59.84,119.68,59.84
2507,"2020-03-14","2023-05-01",1143,2,183.30,366.59,183.30
2509,"2025-07-02","2025-07-02",0,1,106.31,106.31,106.31
2510,"2022-07-09","2025-03-08",973,2,446.50,892.99,446.50
2511,"2022-07-21","2024-10-05",807,4,37.79,151.14,37.79
2512,"2020-11-01","2022-07-31",637,3,151.48,454.43,151.48
2513,"2023-02-03","2024-07-23",536,2,140.55,281.10,140.55
2515,"2021-09-12","2021-09-12",0,1,55.29,55.29,55.29
2516,"2020-06-06","2025-09-06",1918,3,223.48,670.45,223.48
2517,"2022-09-24","2022-09-24",0,1,640.84,640.84,640.84
2518,"2022-10-05","2023-01-29",116,2,208.89,417.78,208.89
2519,"2020-09-05","2024-07-07",1401,3,281.75,845.25,281.75
2520,"2023-07-12","2025-03-10",607,3,104.10,312.30,104.10
2522,"2022-09-08","2022-09-08",0,1,71.03,71.03,71.03
2523,"2022-01-15","2025-05-24",1225,2,133.79,267.58,133.79
2524,"2020-05-03","2020-12-22",233,2,47.59,95.17,47.59
2525,"2023-10-22","2023-10-22",0,1,20.19,20.19,20.19
2527,"2021-04-13","2022-04-05",357,2,96.24,192.47,96.24
2528,"2022-12-12","2022-12-12",0,1,530.94,530.94,530.94
2529,"2020-01-15","2024-01-29",1475,2,8.15,16.29,8.15
2530,"2020-01-01","2021-08-24",601,2,79.08,158.15,79.08
2531,"2020-01-25","2023-12-21",1426,4,110.00,440.00,110.00
2533,"2022-10-19","2022-10-19",0,1,100.72,100.72,100.72
2535,"2024-06-26","2024-06-26",0,1,71.62,71.62,71.62
2537,"2022-10-02","2022-10-02",0,1,7.04,7.04,7.04
2538,"2024-11-07","2025-10-17",344,4,90.75,363.00,90.75
2539,"2021-12-15","2024-10-13",1033,2,112.56,225.11,112.56
2541,"2022-01-09","2024-05-28",870,2,94.24,188.47,94.24
2542,"2020-11-15","2021-04-24",160,3,81.04,243.11,81.04
2543,"2022-07-04","2024-11-19",869,4,64.30,257.21,64.30
2548,"2020-05-28","2020-05-28",0,1,60.40,60.40,60.40
2549,"2021-07-06","2022-06-24",353,2,52.44,104.88,52.44
2551,"2021-11-02","2024-01-30",819,2,55.24,110.48,55.24
2552,"2022-03-22","2025-08-08",1235,3,111.14,333.42,111.14
2553,"2020-08-09","2022-01-18",527,3,163.64,490.93,163.64
2554,"2020-11-16","2023-06-03",929,4,97.76,391.03,97.76
2556,"2022-09-17","2022-09-17",0,1,36.38,36.38,36.38
2557,"2021-12-16","2024-09-16",1005,4,183.78,735.11,183.78
2558,"2020-02-13","2023-12-05",1391,2,211.53,423.05,211.53
2560,"2020-03-21","2024-01-20",1400,5,114.78,573.88,114.78
2561,"2020-08-19","2025-10-13",1881,3,382.33,1146.99,382.33
2562,"2020-10-16","2024-08-20",1404,5,127.02,635.08,127.02
2563,"2020-10-23","2020-10-23",0,1,467.80,467.80,467.80
2564,"2022-02-02","2025-09-11",1317,2,250.30,500.59,250.30
2565,"2020-01-10","2024-06-07",1610,3,120.26,360.78,120.26
2566,"2021-02-14","2021-02-14",0,1,447.35,447.35,447.35
2567,"2025-08-19","2025-08-19",0,1,44.11,44.11,44.11
2568,"2021-06-03","2022-03-11",281,2,35.99,71.98,35.99
2570,"2021-08-13","2024-08-14",1097,2,69.42,138.83,69.42
2571,"2022-03-26","2025-10-23",1307,4,244.16,976.63,244.16
2572,"2022-03-22","2024-12-01",985,3,132.97,398.90,132.97
2573,"2020-04-20","2022-06-18",789,3,156.35,469.06,156.35
2574,"2020-03-04","2023-12-11",1377,5,251.37,1256.87,251.37
2576,"2020-09-09","2024-08-13",1434,3,157.33,471.99,157.33
2577,"2024-11-24","2025-05-01",158,2,79.32,158.64,79.32
2578,"2020-11-15","2024-07-02",1325,3,177.62,532.86,177.62
2579,"2020-04-05","2021-04-30",390,2,49.00,98.00,49.00
2580,"2024-05-24","2025-08-22",455,2,219.13,438.26,219.13
2581,"2021-01-28","2021-12-22",328,2,154.71,309.42,154.71
2583,"2022-04-11","2022-04-11",0,1,10.21,10.21,10.21
2584,"2022-07-15","2022-07-15",0,1,124.12,124.12,124.12
2585,"2022-01-24","2024-06-08",866,3,162.71,488.12,162.71
2586,"2022-07-07","2022-07-07",0,1,61.92,61.92,61.92
2587,"2022-09-12","2023-07-22",313,3,59.38,178.13,59.38
2588,"2021-08-11","2021-08-11",0,1,68.97,68.97,68.97
2589,"2020-12-12","2023-07-25",955,2,83.28,166.56,83.28
2590,"2021-11-15","2023-05-24",555,2,83.31,166.62,83.31
2593,"2020-01-20","2020-01-20",0,1,67.57,67.57,67.57
2594,"2023-04-05","2023-04-05",0,1,51.43,51.43,51.43
2595,"2020-01-04","2020-01-04",0,1,97.67,97.67,97.67
2596,"2024-02-15","2024-12-12",301,4,129.83,519.30,129.83
2597,"2025-03-22","2025-03-22",0,1,215.70,215.70,215.70
2598,"2021-02-12","2021-02-12",0,1,117.99,117.99,117.99
2599,"2022-01-10","2022-01-10",0,1,12.90,12.90,12.90
2601,"2021-12-16","2021-12-16",0,1,52.30,52.30,52.30
2602,"2023-08-06","2024-11-17",469,2,168.19,336.37,168.19
2604,"2020-01-26","2025-05-26",1947,5,149.95,749.76,149.95
2605,"2020-10-13","2023-12-02",1145,2,217.50,434.99,217.50
2606,"2020-01-29","2020-01-29",0,1,36.43,36.43,36.43
2607,"2021-09-17","2023-05-30",620,2,80.00,160.00,80.00
2608,"2020-12-12","2021-04-16",125,2,202.58,405.15,202.58
2609,"2024-12-13","2024-12-13",0,1,1266.59,1266.59,1266.59
2611,"2025-05-12","2025-09-17",128,2,12.77,25.54,12.77
2612,"2020-01-18","2020-01-18",0,1,118.51,118.51,118.51
2613,"2021-09-19","2025-09-23",1465,3,61.19,183.57,61.19
2614,"2022-07-06","2022-07-06",0,1,6.80,6.80,6.80
2615,"2024-04-25","2024-04-25",0,1,65.84,65.84,65.84
2616,"2020-02-21","2020-02-21",0,1,23.21,23.21,23.21
2617,"2023-11-18","2023-11-18",0,1,6.32,6.32,6.32
2618,"2020-07-28","2023-05-10",1016,3,60.65,181.96,60.65
2619,"2022-03-13","2022-03-13",0,1,68.09,68.09,68.09
2620,"2023-03-31","2024-08-19",507,2,109.57,219.13,109.57
2621,"2021-11-10","2024-07-23",986,3,121.52,364.57,121.52
2622,"2022-10-12","2024-09-26",715,2,242.40,484.79,242.40
2623,"2025-05-28","2025-05-28",0,1,22.84,22.84,22.84
2624,"2020-08-29","2021-05-28",272,2,416.24,832.48,416.24
2625,"2023-05-02","2023-05-02",0,1,115.67,115.67,115.67
2626,"2022-05-21","2025-07-24",1160,2,155.28,310.56,155.28
2627,"2022-10-02","2022-10-02",0,1,178.26,178.26,178.26
2629,"2020-11-30","2025-01-03",1495,6,135.74,814.43,135.74
2630,"2022-07-05","2025-09-28",1181,3,30.82,92.45,30.82
2631,"2023-10-23","2024-01-07",76,2,17.42,34.83,17.42
2632,"2020-10-29","2020-10-29",0,1,250.25,250.25,250.25
2633,"2021-09-26","2021-09-26",0,1,30.95,30.95,30.95
2634,"2020-07-08","2024-05-21",1413,4,55.15,220.60,55.15
2635,"2020-01-02","2025-08-18",2055,3,67.97,203.91,67.97
2636,"2021-12-04","2025-10-30",1426,2,45.85,91.69,45.85
2637,"2020-08-10","2020-08-10",0,1,52.80,52.80,52.80
2638,"2021-11-24","2025-09-02",1378,3,275.37,826.12,275.37
2640,"2023-02-20","2024-10-15",603,2,105.46,210.92,105.46
2641,"2022-06-14","2022-06-14",0,1,175.60,175.60,175.60
2643,"2023-01-26","2024-11-19",663,2,75.27,150.53,75.27
2645,"2020-07-18","2025-10-11",1911,3,278.31,834.92,278.31
2646,"2023-10-27","2023-10-27",0,1,333.06,333.06,333.06
2647,"2023-05-06","2023-05-06",0,1,74.95,74.95,74.95
2649,"2021-07-30","2024-10-07",1165,3,105.18,315.53,105.18
2650,"2021-05-21","2023-04-01",680,2,77.67,155.34,77.67
2651,"2022-10-03","2023-05-23",232,2,48.77,97.54,48.77
2652,"2020-05-14","2020-05-14",0,1,81.92,81.92,81.92
2653,"2020-02-20","2024-03-14",1484,2,120.05,240.09,120.05
2655,"2020-05-26","2025-09-18",1941,3,62.86,188.57,62.86
2656,"2021-11-01","2022-11-19",383,2,27.45,54.90,27.45
2658,"2023-05-20","2023-05-20",0,1,58.12,58.12,58.12
2659,"2024-08-04","2025-09-19",411,2,53.45,106.90,53.45
2660,"2024-06-21","2024-06-21",0,1,392.82,392.82,392.82
2661,"2022-11-10","2022-11-10",0,1,10.18,10.18,10.18
2662,"2021-06-07","2024-07-07",1126,2,63.15,126.29,63.15
2663,"2021-06-29","2021-11-11",135,2,95.02,190.04,95.02
2664,"2023-05-17","2023-05-17",0,1,110.26,110.26,110.26
2666,"2023-12-08","2023-12-08",0,1,490.04,490.04,490.04
2668,"2021-08-01","2025-04-21",1359,3,143.35,430.06,143.35
2669,"2021-02-17","2021-02-17",0,1,165.78,165.78,165.78
2670,"2025-05-04","2025-05-21",17,2,110.03,220.06,110.03
2671,"2021-11-16","2025-01-15",1156,3,265.63,796.89,265.63
2672,"2020-03-20","2023-04-19",1125,3,221.63,664.89,221.63
2673,"2021-02-09","2021-02-09",0,1,32.90,32.90,32.90
2674,"2020-10-02","2023-08-27",1059,2,100.07,200.13,100.07
2675,"2025-08-01","2025-08-01",0,1,118.14,118.14,118.14
2676,"2024-12-12","2025-02-25",75,2,49.11,98.22,49.11
2677,"2022-03-09","2025-06-25",1204,5,76.00,379.99,76.00
2678,"2025-02-27","2025-02-27",0,1,79.84,79.84,79.84
2679,"2024-02-28","2024-02-28",0,1,49.13,49.13,49.13
2680,"2024-10-14","2024-10-14",0,1,148.69,148.69,148.69
2681,"2020-03-14","2025-01-31",1784,3,97.95,293.85,97.95
2683,"2020-03-16","2024-06-26",1563,3,199.80,599.39,199.80
2685,"2020-06-28","2023-02-16",963,3,107.28,321.83,107.28
2686,"2020-04-25","2024-07-30",1557,3,124.24,372.73,124.24
2687,"2021-02-02","2021-02-02",0,1,99.40,99.40,99.40
2689,"2023-09-19","2024-03-09",172,2,153.96,307.91,153.96
2690,"2024-09-13","2024-09-13",0,1,7.07,7.07,7.07
2691,"2020-11-27","2024-03-13",1202,3,85.32,255.96,85.32
2692,"2024-05-09","2025-09-01",480,2,238.86,477.71,238.86
2693,"2021-09-29","2024-04-15",929,3,113.62,340.86,113.62
2694,"2023-09-28","2023-09-28",0,1,424.58,424.58,424.58
2695,"2024-03-25","2025-08-19",512,4,62.90,251.58,62.90
2696,"2022-08-27","2024-09-11",746,2,83.17,166.34,83.17
2697,"2024-11-15","2025-07-02",229,2,19.17,38.33,19.17
2698,"2022-05-13","2025-02-13",1007,3,63.83,191.49,63.83
2699,"2020-06-24","2025-01-31",1682,3,135.67,407.00,135.67
2700,"2020-03-16","2025-07-02",1934,3,66.20,198.60,66.20
2701,"2020-04-06","2023-12-10",1343,2,50.56,101.12,50.56
2702,"2020-04-04","2023-01-24",1025,2,44.25,88.49,44.25
2703,"2020-11-06","2020-11-06",0,1,161.87,161.87,161.87
2704,"2024-12-08","2024-12-08",0,1,104.60,104.60,104.60
2705,"2021-10-14","2025-02-03",1208,2,310.81,621.62,310.81
2706,"2020-12-04","2023-09-18",1018,3,111.06,333.19,111.06
2707,"2021-01-08","2025-10-22",1748,4,149.15,596.59,149.15
2708,"2023-03-09","2024-12-17",649,3,42.41,127.22,42.41
2709,"2021-05-07","2021-05-07",0,1,129.24,129.24,129.24
2710,"2020-12-24","2022-04-26",488,3,391.64,1174.93,391.64
2711,"2022-11-20","2025-08-18",1002,3,106.52,319.55,106.52
2713,"2021-08-27","2022-06-15",292,2,59.52,119.04,59.52
2714,"2022-06-20","2022-06-20",0,1,39.27,39.27,39.27
2715,"2025-02-28","2025-08-27",180,2,124.93,249.85,124.93
2716,"2022-03-19","2023-01-07",294,4,156.39,625.55,156.39
2718,"2023-05-17","2025-10-22",889,2,58.58,117.16,58.58
2719,"2020-11-19","2025-08-07",1722,6,119.44,716.64,119.44
2720,"2022-11-24","2022-11-24",0,1,153.06,153.06,153.06
2721,"2020-11-08","2024-07-01",1331,3,100.05,300.14,100.05
2722,"2020-02-26","2025-05-14",1904,2,180.80,361.59,180.80
2723,"2020-07-17","2024-12-03",1600,3,168.93,506.80,168.93
2726,"2021-09-18","2021-09-18",0,1,45.87,45.87,45.87
2727,"2023-12-13","2024-12-01",354,2,83.77,167.54,83.77
2728,"2021-09-24","2025-09-24",1461,3,86.67,260.02,86.67
2729,"2020-05-29","2022-10-31",885,2,57.88,115.76,57.88
2730,"2020-05-10","2020-05-10",0,1,110.02,110.02,110.02
2731,"2022-01-24","2022-07-22",179,2,122.16,244.32,122.16
2732,"2020-10-24","2024-07-01",1346,4,35.85,143.39,35.85
2733,"2020-06-25","2025-01-05",1655,2,101.68,203.35,101.68
2734,"2020-10-16","2025-08-14",1763,3,145.51,436.54,145.51
2736,"2024-08-29","2025-10-13",410,2,66.41,132.81,66.41
2737,"2023-06-24","2025-07-10",747,2,93.11,186.21,93.11
2739,"2020-07-11","2020-07-11",0,1,158.00,158.00,158.00
2740,"2022-02-17","2022-02-17",0,1,125.18,125.18,125.18
2741,"2024-09-17","2024-09-17",0,1,19.02,19.02,19.02
2742,"2022-06-15","2022-06-15",0,1,142.92,142.92,142.92
2743,"2022-07-07","2022-07-07",0,1,84.06,84.06,84.06
2744,"2024-10-04","2024-10-04",0,1,77.26,77.26,77.26
2745,"2024-04-28","2024-04-28",0,1,181.63,181.63,181.63
2746,"2021-08-02","2021-09-25",54,3,183.41,550.24,183.41
2748,"2022-07-14","2025-07-18",1100,2,36.85,73.69,36.85
2749,"2022-11-10","2025-06-27",960,5,170.63,853.13,170.63
2750,"2020-01-07","2024-06-28",1634,2,294.12,588.24,294.12
2752,"2020-12-22","2021-09-30",282,4,169.99,679.95,169.99
2753,"2020-09-04","2025-01-10",1589,3,83.72,251.17,83.72
2754,"2022-12-26","2025-03-09",804,2,193.29,386.58,193.29
2755,"2022-05-06","2023-03-30",328,2,23.36,46.71,23.36
2757,"2020-05-25","2023-01-09",959,2,143.07,286.14,143.07
2759,"2024-05-29","2024-05-29",0,1,266.02,266.02,266.02
2760,"2020-09-21","2023-06-05",987,2,167.52,335.03,167.52
2761,"2021-05-07","2021-05-07",0,1,109.16,109.16,109.16
2762,"2025-01-13","2025-01-13",0,1,30.48,30.48,30.48
2763,"2021-11-03","2024-04-06",885,2,117.28,234.55,117.28
2764,"2023-11-29","2024-03-18",110,2,280.21,560.42,280.21
2765,"2021-06-24","2021-09-25",93,2,78.58,157.16,78.58
2766,"2023-10-06","2024-07-08",276,3,41.21,123.63,41.21
2767,"2023-07-17","2023-07-17",0,1,60.68,60.68,60.68
2769,"2021-01-24","2025-10-24",1734,4,329.67,1318.67,329.67
2770,"2020-02-25","2023-10-22",1335,3,68.62,205.87,68.62
2771,"2021-07-16","2022-03-19",246,2,63.87,127.74,63.87
2773,"2025-09-29","2025-09-29",0,1,162.41,162.41,162.41
2774,"2022-05-18","2022-05-18",0,1,14.44,14.44,14.44
2775,"2023-10-30","2025-05-07",555,3,47.55,142.65,47.55
2777,"2021-05-21","2021-05-21",0,1,100.05,100.05,100.05
2778,"2024-10-17","2024-10-17",0,1,5.64,5.64,5.64
2779,"2020-11-25","2023-08-12",990,2,94.52,189.04,94.52
2780,"2020-05-16","2023-10-08",1240,4,187.19,748.77,187.19
2781,"2024-10-01","2025-05-26",237,3,128.13,384.40,128.13
2782,"2020-05-26","2025-05-19",1819,2,146.40,292.80,146.40
2783,"2021-03-23","2023-01-11",659,2,133.53,267.05,133.53
2784,"2020-01-29","2025-03-01",1858,3,106.52,319.55,106.52
2785,"2022-01-04","2022-01-04",0,1,204.38,204.38,204.38
2787,"2021-05-13","2025-03-16",1403,3,111.82,335.47,111.82
2789,"2022-01-17","2022-12-21",338,2,47.54,95.08,47.54
2790,"2021-04-10","2023-06-02",783,2,92.69,185.38,92.69
2791,"2020-01-08","2023-08-11",1311,3,215.07,645.21,215.07
2792,"2023-12-14","2023-12-14",0,1,83.39,83.39,83.39
2793,"2022-11-20","2025-08-20",1004,2,112.47,224.94,112.47
2794,"2021-01-13","2025-02-08",1487,3,59.67,179.02,59.67
2795,"2020-05-23","2024-10-18",1609,3,53.00,158.99,53.00
2797,"2023-05-13","2024-04-12",335,2,72.79,145.58,72.79
2798,"2021-09-14","2024-09-23",1105,2,183.20,366.39,183.20
2799,"2022-11-01","2023-06-06",217,2,89.84,179.67,89.84
2800,"2022-03-22","2025-04-21",1126,5,135.50,677.49,135.50
2802,"2023-03-26","2023-03-26",0,1,644.12,644.12,644.12
2803,"2024-09-12","2024-09-12",0,1,149.16,149.16,149.16
2804,"2021-04-23","2021-07-10",78,2,173.39,346.77,173.39
2805,"2020-06-12","2021-08-24",438,2,151.31,302.62,151.31
2807,"2020-02-11","2025-02-01",1817,4,214.58,858.33,214.58
2808,"2021-05-21","2024-09-24",1222,2,91.53,183.05,91.53
2809,"2022-03-11","2024-03-14",734,2,35.44,70.88,35.44
2810,"2021-08-24","2025-05-22",1367,2,83.43,166.85,83.43
2811,"2024-12-10","2024-12-10",0,1,417.33,417.33,417.33
2812,"2020-06-26","2024-01-01",1284,3,413.98,1241.94,413.98
2813,"2022-06-11","2022-06-11",0,1,90.74,90.74,90.74
2814,"2020-02-16","2022-09-22",949,2,41.82,83.63,41.82
2815,"2021-04-16","2024-11-16",1310,2,183.82,367.63,183.82
2818,"2020-11-05","2020-11-05",0,1,33.58,33.58,33.58
2819,"2020-01-16","2024-11-27",1777,4,228.63,914.51,228.63
2820,"2020-06-23","2022-01-27",583,2,173.13,346.25,173.13
2821,"2021-07-18","2021-07-18",0,1,29.18,29.18,29.18
2822,"2023-07-05","2025-08-03",760,2,50.27,100.54,50.27
2823,"2023-12-28","2023-12-28",0,1,130.03,130.03,130.03
2824,"2023-04-23","2023-04-23",0,1,140.29,140.29,140.29
2825,"2022-07-17","2022-07-17",0,1,186.56,186.56,186.56
2826,"2021-04-23","2021-04-23",0,1,142.24,142.24,142.24
2827,"2020-10-30","2022-10-29",729,2,204.21,408.42,204.21
2828,"2022-03-18","2022-03-18",0,1,340.52,340.52,340.52
2829,"2023-07-14","2023-07-14",0,1,196.22,196.22,196.22
2830,"2022-01-26","2022-01-26",0,1,9.69,9.69,9.69
2833,"2022-05-27","2024-07-23",788,2,44.88,89.75,44.88
2834,"2021-03-18","2022-06-19",458,3,60.26,180.79,60.26
2836,"2021-02-10","2024-03-17",1131,3,160.93,482.80,160.93
2837,"2021-01-06","2021-01-06",0,1,8.50,8.50,8.50
2838,"2022-02-04","2022-02-04",0,1,193.52,193.52,193.52
2840,"2021-10-19","2024-09-21",1068,2,36.06,72.12,36.06
2841,"2021-01-06","2022-03-10",428,2,133.49,266.98,133.49
2842,"2021-09-12","2021-11-19",68,2,93.48,186.96,93.48
2843,"2020-10-01","2024-01-22",1208,3,144.51,433.53,144.51
2844,"2022-08-28","2024-12-24",849,2,334.84,669.67,334.84
2845,"2020-07-19","2023-07-15",1091,2,326.61,653.21,326.61
2846,"2020-02-06","2021-10-03",605,2,285.84,571.68,285.84
2847,"2021-06-05","2025-08-10",1527,3,160.70,482.11,160.70
2849,"2021-09-28","2022-08-07",313,2,225.94,451.88,225.94
2850,"2021-09-20","2022-11-15",421,3,179.52,538.55,179.52
2851,"2021-02-02","2025-07-20",1629,2,165.31,330.62,165.31
2852,"2021-10-03","2021-10-03",0,1,32.41,32.41,32.41
2854,"2020-01-18","2020-01-18",0,1,563.98,563.98,563.98
2855,"2021-05-03","2022-02-18",291,3,112.83,338.50,112.83
2856,"2025-08-23","2025-08-23",0,1,28.06,28.06,28.06
2857,"2024-05-27","2024-05-27",0,1,171.44,171.44,171.44
2858,"2024-10-17","2024-10-17",0,1,110.84,110.84,110.84
2859,"2021-08-02","2023-05-25",661,2,58.89,117.77,58.89
2860,"2025-09-20","2025-10-17",27,2,61.27,122.53,61.27
2861,"2022-11-22","2025-08-30",1012,2,23.67,47.33,23.67
2862,"2023-09-28","2023-09-28",0,1,29.22,29.22,29.22
2864,"2022-09-26","2022-09-26",0,1,357.74,357.74,357.74
2865,"2020-01-07","2024-03-06",1520,3,354.91,1064.72,354.91
2866,"2020-07-25","2020-07-25",0,1,15.99,15.99,15.99
2867,"2021-05-13","2024-06-16",1130,3,30.11,90.33,30.11
2868,"2020-08-18","2025-06-16",1763,4,54.84,219.34,54.84
2869,"2021-04-15","2024-09-07",1241,2,320.70,641.40,320.70
2870,"2023-02-05","2024-05-25",475,3,119.79,359.36,119.79
2871,"2022-07-20","2022-07-20",0,1,81.32,81.32,81.32
2873,"2021-01-21","2021-01-21",0,1,167.99,167.99,167.99
2875,"2022-09-25","2022-09-25",0,1,76.46,76.46,76.46
2876,"2020-08-18","2025-05-11",1727,2,64.85,129.69,64.85
2879,"2022-02-13","2023-04-24",435,2,42.71,85.42,42.71
2880,"2020-02-04","2024-01-17",1443,4,89.25,356.98,89.25
2881,"2020-02-15","2024-11-13",1733,4,49.00,196.01,49.00
2882,"2024-05-22","2025-08-10",445,2,52.16,104.31,52.16
2883,"2020-01-28","2022-11-17",1024,2,233.76,467.51,233.76
2884,"2022-02-17","2023-11-11",632,3,54.35,163.04,54.35
2885,"2020-03-14","2020-09-28",198,2,154.38,308.75,154.38
2886,"2021-05-20","2022-04-16",331,2,242.94,485.87,242.94
2889,"2020-06-14","2023-02-20",981,3,104.19,312.58,104.19
2890,"2020-12-17","2020-12-17",0,1,106.94,106.94,106.94
2891,"2023-12-07","2023-12-07",0,1,35.13,35.13,35.13
2892,"2024-06-27","2024-06-27",0,1,272.19,272.19,272.19
2893,"2023-07-05","2023-07-05",0,1,61.51,61.51,61.51
2894,"2023-05-30","2023-05-30",0,1,89.40,89.40,89.40
2895,"2020-02-18","2024-09-18",1674,5,51.16,255.81,51.16
2897,"2020-04-20","2025-06-05",1872,2,166.67,333.34,166.67
2899,"2022-05-29","2022-05-29",0,1,75.64,75.64,75.64
2900,"2022-05-05","2024-01-15",620,3,219.75,659.24,219.75
2902,"2022-07-28","2022-07-28",0,1,20.71,20.71,20.71
2903,"2022-07-20","2024-10-14",817,2,381.50,762.99,381.50
2904,"2024-02-06","2025-05-22",471,3,65.15,195.44,65.15
2905,"2021-02-06","2021-02-06",0,1,34.33,34.33,34.33
2906,"2022-12-03","2025-05-28",907,4,107.45,429.80,107.45
2907,"2020-05-25","2020-05-25",0,1,8.07,8.07,8.07
2908,"2020-09-18","2025-03-12",1636,4,108.05,432.21,108.05
2909,"2020-12-04","2022-08-17",621,2,165.37,330.73,165.37
2910,"2020-11-11","2021-03-09",118,2,52.04,104.07,52.04
2911,"2021-12-27","2021-12-27",0,1,53.47,53.47,53.47
2912,"2022-08-11","2023-07-13",336,2,238.49,476.98,238.49
2913,"2022-01-01","2022-01-01",0,1,211.61,211.61,211.61
2914,"2021-07-27","2022-09-21",421,2,317.41,634.81,317.41
2916,"2024-01-31","2025-05-07",462,3,168.35,505.06,168.35
2917,"2022-04-26","2022-09-11",138,2,86.49,172.97,86.49
2919,"2020-06-11","2021-11-04",511,3,141.85,425.54,141.85
2920,"2020-03-04","2020-03-04",0,1,229.70,229.70,229.70
2922,"2020-09-20","2021-05-29",251,2,74.31,148.61,74.31
2923,"2021-04-05","2025-03-21",1446,4,343.22,1372.89,343.22
2925,"2024-05-29","2024-09-29",123,2,259.51,519.01,259.51
2927,"2023-01-08","2023-01-08",0,1,172.79,172.79,172.79
2928,"2020-03-09","2022-08-23",897,2,46.02,92.03,46.02
2929,"2022-08-07","2025-08-02",1091,3,107.65,322.95,107.65
2930,"2022-12-22","2023-09-04",256,2,144.08,288.16,144.08
2931,"2020-11-27","2025-05-14",1629,3,103.39,310.16,103.39
2932,"2020-08-27","2021-05-14",260,2,87.39,174.78,87.39
2933,"2025-02-16","2025-02-16",0,1,47.63,47.63,47.63
2934,"2020-06-05","2024-10-17",1595,4,181.92,727.68,181.92
2935,"2020-03-30","2020-03-30",0,1,115.09,115.09,115.09
2936,"2025-06-25","2025-06-25",0,1,336.36,336.36,336.36
2937,"2023-09-20","2023-10-28",38,2,286.30,572.59,286.30
2938,"2020-08-23","2021-06-21",302,2,160.61,321.22,160.61
2940,"2020-12-30","2021-09-18",262,2,46.23,92.46,46.23
2941,"2022-08-28","2025-08-07",1075,2,87.84,175.68,87.84
2942,"2020-03-29","2024-03-15",1447,3,191.22,573.66,191.22
2943,"2025-10-01","2025-10-01",0,1,307.60,307.60,307.60
2944,"2021-05-30","2021-05-30",0,1,82.89,82.89,82.89
2945,"2020-06-24","2025-07-31",1863,6,78.17,468.99,78.17
2946,"2020-07-24","2020-11-24",123,2,110.94,221.87,110.94
2947,"2021-06-09","2021-07-18",39,2,96.61,193.22,96.61
2948,"2022-11-13","2022-11-13",0,1,172.47,172.47,172.47
2949,"2023-08-02","2024-02-29",211,2,30.82,61.64,30.82
2950,"2020-06-07","2020-06-07",0,1,14.02,14.02,14.02
2951,"2022-09-05","2022-09-05",0,1,364.76,364.76,364.76
2952,"2023-09-28","2023-09-28",0,1,447.57,447.57,447.57
2953,"2022-09-22","2024-05-08",594,3,339.32,1017.95,339.32
2954,"2020-12-06","2020-12-06",0,1,43.66,43.66,43.66
2955,"2021-04-14","2021-04-14",0,1,314.93,314.93,314.93
2956,"2025-09-19","2025-09-19",0,1,204.19,204.19,204.19
2957,"2023-11-30","2025-08-22",631,3,118.00,353.99,118.00
2958,"2021-08-24","2021-08-24",0,1,39.00,39.00,39.00
2960,"2020-04-11","2022-05-28",777,3,262.32,786.96,262.32
2961,"2020-05-25","2021-09-05",468,2,95.54,191.08,95.54
2963,"2020-06-07","2023-08-04",1153,2,258.97,517.94,258.97
2964,"2020-11-27","2021-12-12",380,3,41.54,124.62,41.54
2965,"2022-07-11","2023-04-10",273,2,578.90,1157.80,578.90
2966,"2021-05-20","2024-07-15",1152,2,152.88,305.76,152.88
2968,"2020-08-03","2025-05-22",1753,4,73.31,293.24,73.31
2969,"2020-05-17","2024-05-02",1446,2,80.83,161.66,80.83
2970,"2021-08-10","2025-07-28",1448,3,160.12,480.37,160.12
2971,"2020-10-26","2025-10-12",1812,5,231.84,1159.20,231.84
2972,"2024-03-12","2024-03-12",0,1,46.31,46.31,46.31
2974,"2020-12-17","2025-10-28",1776,5,264.24,1321.21,264.24
2976,"2025-01-07","2025-01-07",0,1,8.47,8.47,8.47
2977,"2025-06-18","2025-06-18",0,1,79.01,79.01,79.01
2978,"2020-07-02","2023-01-06",918,2,38.62,77.23,38.62
2979,"2023-11-22","2023-11-22",0,1,82.36,82.36,82.36
2980,"2020-07-04","2024-05-31",1427,3,410.07,1230.20,410.07
2981,"2025-09-27","2025-10-01",4,2,118.46,236.92,118.46
2982,"2020-09-03","2020-09-03",0,1,249.97,249.97,249.97
2983,"2023-12-09","2023-12-09",0,1,56.04,56.04,56.04
2984,"2021-04-02","2024-02-19",1053,2,56.81,113.61,56.81
2985,"2022-11-19","2022-12-06",17,2,64.08,128.15,64.08
2986,"2022-05-01","2024-04-08",708,5,330.41,1652.07,330.41
2987,"2020-07-08","2023-09-26",1175,3,170.58,511.74,170.58
2989,"2020-10-15","2024-11-03",1480,3,84.86,254.59,84.86
2990,"2024-06-10","2025-08-05",421,2,191.93,383.86,191.93
2991,"2022-04-05","2022-06-17",73,2,151.57,303.13,151.57
2992,"2020-03-08","2024-11-23",1721,3,273.35,820.04,273.35
2993,"2020-06-16","2022-06-30",744,3,223.96,671.88,223.96
2995,"2024-08-17","2024-08-17",0,1,30.97,30.97,30.97
2996,"2024-07-11","2024-07-11",0,1,267.65,267.65,267.65
2997,"2020-08-08","2024-09-27",1511,5,127.75,638.74,127.75
2998,"2022-11-05","2024-11-08",734,2,51.65,103.30,51.65
2999,"2020-03-20","2021-04-26",402,2,156.28,312.56,156.28
3000,"2023-12-16","2023-12-16",0,1,159.95,159.95,159.95
3001,"2021-12-18","2022-08-26",251,2,121.87,243.74,121.87
3002,"2024-05-01","2025-03-30",333,2,82.87,165.73,82.87
3003,"2023-09-08","2025-10-24",777,2,79.27,158.54,79.27
3005,"2025-02-25","2025-04-15",49,2,174.24,348.47,174.24
3006,"2024-08-19","2024-08-19",0,1,52.23,52.23,52.23
3007,"2025-01-19","2025-01-19",0,1,39.88,39.88,39.88
3008,"2020-03-26","2020-10-12",200,2,149.33,298.65,149.33
3009,"2021-12-07","2025-09-24",1387,2,84.08,168.16,84.08
3010,"2024-02-06","2024-06-25",140,2,81.08,162.15,81.08
3011,"2020-10-08","2024-12-27",1541,4,50.13,200.51,50.13
3013,"2021-08-03","2025-04-19",1355,5,121.17,605.84,121.17
3014,"2020-07-02","2023-09-29",1184,3,149.93,449.79,149.93
3015,"2020-10-23","2024-04-13",1268,2,196.87,393.74,196.87
3016,"2022-08-16","2023-04-05",232,2,91.50,182.99,91.50
3017,"2021-07-06","2024-11-20",1233,2,93.27,186.54,93.27
3018,"2023-07-05","2025-02-18",594,2,173.19,346.37,173.19
3019,"2020-12-14","2024-07-14",1308,3,24.28,72.84,24.28
3020,"2022-10-13","2022-10-13",0,1,36.81,36.81,36.81
3021,"2021-03-14","2022-04-11",393,2,46.22,92.43,46.22
3023,"2022-05-05","2022-05-05",0,1,107.09,107.09,107.09
3024,"2022-02-04","2024-04-09",795,3,159.20,477.61,159.20
3025,"2024-03-11","2024-03-11",0,1,27.34,27.34,27.34
3027,"2020-02-07","2024-07-27",1632,2,303.08,606.15,303.08
3028,"2020-02-15","2020-11-09",268,2,54.83,109.65,54.83
3029,"2020-05-06","2023-02-23",1023,3,29.78,89.35,29.78
3030,"2021-03-13","2021-04-11",29,2,75.02,150.04,75.02
3031,"2022-09-07","2024-02-09",520,2,7.28,14.56,7.28
3032,"2020-09-02","2021-07-15",316,2,74.34,148.68,74.34
3033,"2020-09-13","2023-11-24",1167,3,248.02,744.07,248.02
3034,"2020-08-05","2023-12-16",1228,2,220.18,440.35,220.18
3035,"2023-06-21","2023-06-21",0,1,60.44,60.44,60.44
3036,"2021-11-28","2023-07-28",607,3,73.54,220.62,73.54
3037,"2021-02-17","2025-01-23",1436,3,113.56,340.69,113.56
3038,"2021-03-14","2024-10-19",1315,5,61.43,307.17,61.43
3039,"2023-05-09","2025-10-07",882,2,178.81,357.61,178.81
3040,"2020-11-01","2020-11-01",0,1,388.62,388.62,388.62
3041,"2020-06-03","2025-01-13",1685,3,150.00,449.99,150.00
3042,"2024-05-06","2025-01-16",255,2,255.80,511.59,255.80
3043,"2020-01-26","2021-03-09",408,2,88.67,177.33,88.67
3044,"2022-07-16","2023-02-17",216,2,133.32,266.63,133.32
3046,"2022-11-06","2025-03-16",861,2,331.25,662.49,331.25
3047,"2021-01-31","2021-01-31",0,1,274.44,274.44,274.44
3050,"2021-04-02","2023-11-15",957,2,344.09,688.17,344.09
3051,"2023-10-07","2023-10-07",0,1,168.62,168.62,168.62
3052,"2022-06-25","2024-08-30",797,2,129.19,258.38,129.19
3054,"2022-10-19","2025-10-20",1097,2,29.42,58.84,29.42
3055,"2021-03-28","2021-12-27",274,2,121.64,243.27,121.64
3057,"2023-01-02","2023-01-16",14,2,121.49,242.97,121.49
3058,"2021-06-19","2024-10-17",1216,3,32.54,97.62,32.54
3060,"2021-05-18","2024-07-24",1163,3,197.18,591.55,197.18
3061,"2020-09-26","2020-09-26",0,1,138.70,138.70,138.70
3062,"2022-12-29","2022-12-29",0,1,31.70,31.70,31.70
3063,"2020-06-19","2024-02-29",1350,2,45.44,90.88,45.44
3064,"2021-07-05","2021-07-05",0,1,26.37,26.37,26.37
3065,"2023-03-30","2023-03-30",0,1,55.68,55.68,55.68
3066,"2020-11-02","2021-03-06",124,2,117.43,234.85,117.43
3067,"2020-04-08","2024-09-23",1629,3,113.34,340.03,113.34
3069,"2025-05-30","2025-05-30",0,1,63.55,63.55,63.55
3070,"2021-02-22","2024-11-15",1362,3,222.09,666.28,222.09
3071,"2021-01-11","2022-02-05",390,2,373.07,746.13,373.07
3073,"2021-03-24","2025-10-12",1663,4,48.83,195.33,48.83
3074,"2023-08-26","2023-08-26",0,1,436.79,436.79,436.79
3075,"2022-02-06","2025-03-05",1123,3,330.18,990.54,330.18
3077,"2021-09-29","2023-02-04",493,3,83.87,251.61,83.87
3079,"2021-07-28","2025-03-24",1335,3,171.94,515.81,171.94
3080,"2022-07-17","2023-09-11",421,2,42.87,85.74,42.87
3081,"2023-02-25","2023-02-25",0,1,78.29,78.29,78.29
3082,"2020-02-15","2023-01-24",1074,4,229.29,917.17,229.29
3083,"2021-10-23","2021-10-23",0,1,170.37,170.37,170.37
3084,"2023-12-26","2025-03-16",446,2,102.61,205.21,102.61
3086,"2025-03-05","2025-03-05",0,1,94.80,94.80,94.80
3087,"2022-10-25","2024-07-10",624,2,42.81,85.62,42.81
3088,"2022-04-19","2022-11-11",206,2,112.71,225.42,112.71
3089,"2021-03-03","2023-11-09",981,2,54.20,108.39,54.20
3090,"2020-02-18","2020-02-18",0,1,40.61,40.61,40.61
3091,"2020-08-31","2024-01-22",1239,2,90.92,181.84,90.92
3092,"2022-04-23","2024-12-28",980,2,83.59,167.18,83.59
3093,"2020-03-12","2021-05-27",441,2,94.15,188.29,94.15
3094,"2022-07-09","2023-10-07",455,2,92.08,184.15,92.08
3095,"2022-07-01","2024-09-11",803,2,89.51,179.02,89.51
3096,"2023-12-25","2023-12-25",0,1,28.79,28.79,28.79
3098,"2021-04-05","2024-09-11",1255,4,205.97,823.88,205.97
3099,"2020-04-13","2024-08-20",1590,3,161.06,483.17,161.06
3100,"2022-02-25","2023-07-04",494,2,45.39,90.77,45.39
3101,"2023-07-27","2023-07-27",0,1,39.55,39.55,39.55
3102,"2020-02-10","2024-05-28",1569,3,34.55,103.64,34.55
3103,"2024-11-22","2024-11-22",0,1,154.28,154.28,154.28
3104,"2024-11-03","2025-10-04",335,2,122.30,244.60,122.30
3106,"2020-04-02","2025-01-24",1758,2,43.92,87.84,43.92
3107,"2021-10-09","2024-10-01",1088,2,155.99,311.98,155.99
3108,"2020-11-27","2020-11-27",0,1,6.80,6.80,6.80
3109,"2020-11-03","2024-04-13",1257,5,115.31,576.53,115.31
3112,"2024-04-30","2024-08-28",120,2,144.98,289.96,144.98
3113,"2023-12-10","2023-12-10",0,1,101.44,101.44,101.44
3114,"2023-08-04","2023-08-04",0,1,8.31,8.31,8.31
3116,"2022-01-14","2025-10-06",1361,6,153.06,918.38,153.06
3117,"2022-04-07","2022-04-07",0,1,320.93,320.93,320.93
3118,"2022-04-26","2023-03-06",314,2,86.77,173.53,86.77
3121,"2020-09-29","2023-07-21",1025,2,78.85,157.69,78.85
3122,"2021-05-20","2021-05-20",0,1,22.82,22.82,22.82
3124,"2021-04-04","2024-03-21",1082,3,249.00,747.01,249.00
3126,"2020-05-05","2024-01-17",1352,3,112.93,338.80,112.93
3129,"2023-02-04","2025-05-25",841,3,192.98,578.94,192.98
3130,"2023-09-11","2023-09-11",0,1,11.39,11.39,11.39
3131,"2022-08-04","2023-08-17",378,3,129.02,387.07,129.02
3132,"2020-09-18","2025-01-28",1593,2,118.79,237.58,118.79
3133,"2023-05-20","2023-05-20",0,1,29.22,29.22,29.22
3134,"2021-03-11","2021-03-11",0,1,148.22,148.22,148.22
3136,"2021-06-26","2022-09-29",460,2,83.03,166.05,83.03
3137,"2021-11-12","2021-11-12",0,1,36.15,36.15,36.15
3139,"2020-11-04","2024-03-24",1236,3,341.13,1023.40,341.13
3140,"2020-09-13","2025-06-06",1727,2,323.76,647.51,323.76
3141,"2020-12-03","2020-12-03",0,1,8.38,8.38,8.38
3142,"2020-08-11","2024-07-11",1430,4,120.05,480.18,120.05
3144,"2022-08-29","2022-08-29",0,1,7.87,7.87,7.87
3145,"2020-11-16","2020-11-16",0,1,119.34,119.34,119.34
3146,"2024-01-11","2024-01-11",0,1,69.25,69.25,69.25
3147,"2020-05-14","2023-08-01",1174,4,65.91,263.63,65.91
3149,"2023-06-27","2023-06-27",0,1,136.27,136.27,136.27
3150,"2020-03-13","2021-09-28",564,2,28.12,56.24,28.12
3151,"2022-12-22","2022-12-22",0,1,57.52,57.52,57.52
3152,"2024-07-17","2025-09-12",422,2,67.12,134.24,67.12
3153,"2022-10-09","2024-08-26",687,2,153.66,307.32,153.66
3154,"2025-10-15","2025-10-15",0,1,151.80,151.80,151.80
3155,"2020-06-04","2023-12-04",1278,2,194.53,389.06,194.53
3156,"2025-10-11","2025-10-11",0,1,110.37,110.37,110.37
3157,"2020-03-31","2022-01-08",648,2,33.69,67.37,33.69
3158,"2022-09-23","2024-07-02",648,3,86.99,260.96,86.99
3159,"2021-05-27","2022-09-12",473,2,44.57,89.14,44.57
3161,"2021-12-16","2024-09-05",994,2,27.91,55.82,27.91
3162,"2022-04-12","2022-11-21",223,2,36.00,71.99,36.00
3164,"2020-01-16","2024-12-10",1790,6,37.94,227.63,37.94
3165,"2020-06-15","2023-08-10",1151,3,233.17,699.51,233.17
3166,"2024-01-24","2024-01-24",0,1,62.77,62.77,62.77
3167,"2020-07-02","2020-07-02",0,1,55.66,55.66,55.66
3168,"2020-11-28","2024-05-27",1276,3,48.73,146.18,48.73
3169,"2023-02-07","2023-02-07",0,1,70.92,70.92,70.92
3170,"2023-12-21","2025-09-30",649,2,125.96,251.92,125.96
3171,"2021-03-01","2023-09-19",932,2,281.35,562.70,281.35
3172,"2021-12-03","2025-10-03",1400,3,19.92,59.76,19.92
3174,"2020-11-27","2024-04-23",1243,3,44.90,134.70,44.90
3175,"2020-01-24","2025-08-23",2038,5,58.58,292.89,58.58
3177,"2020-09-03","2025-03-06",1645,4,266.49,1065.97,266.49
3178,"2020-04-07","2024-07-26",1571,5,97.77,488.86,97.77
3179,"2022-01-08","2024-09-10",976,3,334.55,1003.64,334.55
3180,"2025-01-24","2025-01-24",0,1,87.31,87.31,87.31
3181,"2021-07-27","2022-12-30",521,2,251.43,502.86,251.43
3182,"2025-03-04","2025-03-04",0,1,219.71,219.71,219.71
3184,"2022-01-07","2022-01-07",0,1,85.31,85.31,85.31
3186,"2022-11-20","2025-06-20",943,2,126.28,252.56,126.28
3187,"2021-10-29","2022-07-06",250,2,108.85,217.69,108.85
3188,"2024-01-17","2024-01-17",0,1,60.48,60.48,60.48
3189,"2023-11-01","2023-11-01",0,1,101.56,101.56,101.56
3190,"2024-08-17","2024-08-17",0,1,38.18,38.18,38.18
3191,"2022-01-24","2022-01-24",0,1,112.48,112.48,112.48
3192,"2022-02-18","2025-10-25",1345,2,104.35,208.69,104.35
3194,"2025-04-06","2025-04-06",0,1,64.88,64.88,64.88
3196,"2020-07-11","2025-10-04",1911,3,49.80,149.39,49.80
3197,"2020-11-12","2023-04-12",881,3,57.06,171.17,57.06
3199,"2021-08-22","2022-08-19",362,2,49.34,98.68,49.34
3200,"2024-07-17","2024-07-17",0,1,95.35,95.35,95.35
3201,"2020-08-25","2025-09-18",1850,2,121.98,243.95,121.98
3202,"2022-04-21","2022-09-19",151,2,199.65,399.29,199.65
3203,"2024-05-19","2024-05-19",0,1,47.19,47.19,47.19
3204,"2022-12-01","2025-07-28",970,4,145.69,582.75,145.69
3205,"2020-10-15","2025-07-18",1737,3,159.14,477.42,159.14
3207,"2022-03-15","2022-05-11",57,2,116.44,232.87,116.44
3208,"2023-02-19","2024-04-20",426,3,166.04,498.12,166.04
3209,"2025-07-10","2025-07-10",0,1,51.81,51.81,51.81
3210,"2020-02-04","2024-10-16",1716,4,91.29,365.14,91.29
3211,"2022-01-11","2022-01-11",0,1,55.56,55.56,55.56
3212,"2020-01-27","2024-03-26",1520,2,192.15,384.29,192.15
3214,"2020-09-09","2023-10-27",1143,3,233.88,701.63,233.88
3216,"2020-10-05","2020-10-05",0,1,76.29,76.29,76.29
3217,"2022-01-22","2022-01-22",0,1,318.80,318.80,318.80
3218,"2024-07-15","2025-07-12",362,3,48.95,146.84,48.95
3219,"2020-11-11","2024-04-07",1243,3,90.62,271.86,90.62
3221,"2024-12-21","2024-12-21",0,1,212.63,212.63,212.63
3223,"2020-11-25","2023-07-07",954,2,330.30,660.60,330.30
3224,"2020-01-10","2020-01-10",0,1,118.48,118.48,118.48
3225,"2021-01-04","2025-03-22",1538,2,34.90,69.80,34.90
3226,"2024-03-15","2024-03-15",0,1,23.41,23.41,23.41
3228,"2022-01-06","2022-08-20",226,2,16.10,32.19,16.10
3229,"2023-04-11","2023-04-11",0,1,60.91,60.91,60.91
3230,"2020-12-23","2020-12-23",0,1,279.07,279.07,279.07
3232,"2022-12-02","2025-02-19",810,3,99.23,297.70,99.23
3234,"2020-09-19","2023-01-05",838,5,62.96,314.79,62.96
3235,"2020-09-21","2021-12-20",455,3,222.94,668.81,222.94
3237,"2021-05-17","2021-05-17",0,1,147.37,147.37,147.37
3238,"2023-02-24","2023-02-24",0,1,91.43,91.43,91.43
3239,"2022-01-25","2025-09-15",1329,2,191.31,382.61,191.31
3240,"2022-03-09","2022-03-09",0,1,85.03,85.03,85.03
3241,"2023-03-09","2023-09-23",198,2,172.80,345.60,172.80
3242,"2022-08-12","2024-07-06",694,3,137.81,413.43,137.81
3243,"2021-08-08","2024-05-18",1014,2,203.05,406.10,203.05
3244,"2021-10-10","2024-12-24",1171,3,226.55,679.65,226.55
3246,"2020-01-25","2022-10-24",1003,2,116.85,233.70,116.85
3247,"2022-08-10","2022-08-10",0,1,42.96,42.96,42.96
3248,"2022-11-24","2022-11-24",0,1,70.81,70.81,70.81
3249,"2021-05-08","2024-01-19",986,3,41.95,125.85,41.95
3250,"2020-02-19","2023-12-21",1401,5,33.99,169.95,33.99
3251,"2020-06-29","2025-08-27",1885,4,616.75,2467.01,616.75
3252,"2025-08-04","2025-08-04",0,1,22.01,22.01,22.01
3253,"2024-09-07","2024-09-07",0,1,111.90,111.90,111.90
3254,"2020-12-18","2020-12-18",0,1,41.70,41.70,41.70
3255,"2021-05-24","2022-08-19",452,4,71.08,284.32,71.08
3256,"2020-06-28","2021-07-06",373,2,205.21,410.41,205.21
3257,"2023-01-20","2023-01-20",0,1,422.01,422.01,422.01
3258,"2020-08-21","2024-09-14",1485,3,85.56,256.68,85.56
3259,"2020-08-03","2022-10-15",803,2,49.06,98.12,49.06
3260,"2023-05-03","2025-07-14",803,3,138.06,414.17,138.06
3262,"2022-05-19","2025-05-15",1092,5,46.78,233.89,46.78
3263,"2021-03-24","2023-09-09",899,4,140.65,562.61,140.65
3264,"2020-03-20","2023-05-29",1165,3,265.93,797.80,265.93
3265,"2020-01-25","2024-11-23",1764,4,68.13,272.50,68.13
3266,"2020-03-30","2023-11-30",1340,4,83.56,334.25,83.56
3267,"2022-11-08","2022-11-08",0,1,66.74,66.74,66.74
3268,"2021-03-26","2021-03-26",0,1,24.00,24.00,24.00
3269,"2024-12-05","2024-12-05",0,1,213.43,213.43,213.43
3270,"2022-04-07","2022-04-07",0,1,278.50,278.50,278.50
3272,"2023-06-28","2023-06-28",0,1,154.20,154.20,154.20
3273,"2020-02-18","2020-11-04",260,2,57.20,114.39,57.20
3274,"2021-05-25","2024-11-20",1275,2,35.99,71.97,35.99
3276,"2021-07-27","2025-01-23",1276,3,120.83,362.48,120.83
3278,"2023-10-04","2023-10-04",0,1,114.39,114.39,114.39
3279,"2021-05-04","2021-05-04",0,1,266.35,266.35,266.35
3280,"2020-08-20","2022-10-24",795,2,54.18,108.36,54.18
3282,"2023-06-21","2025-01-28",587,2,188.85,377.70,188.85
3283,"2021-09-08","2021-09-08",0,1,20.14,20.14,20.14
3284,"2023-07-09","2023-07-09",0,1,406.01,406.01,406.01
3287,"2025-03-23","2025-03-23",0,1,199.44,199.44,199.44
3288,"2020-09-14","2020-09-14",0,1,39.93,39.93,39.93
3290,"2021-04-20","2021-07-24",95,2,59.07,118.13,59.07
3291,"2021-06-25","2024-11-12",1236,3,132.42,397.27,132.42
3292,"2022-01-10","2022-02-23",44,2,207.14,414.27,207.14
3293,"2020-05-06","2025-07-07",1888,3,149.22,447.67,149.22
3294,"2023-06-09","2024-10-11",490,3,108.06,324.17,108.06
3295,"2024-12-27","2024-12-27",0,1,50.00,50.00,50.00
3296,"2020-02-15","2023-04-04",1144,2,106.31,212.61,106.31
3298,"2025-08-02","2025-08-02",0,1,172.65,172.65,172.65
3299,"2022-08-25","2024-09-13",750,3,101.74,305.23,101.74
3300,"2020-01-03","2025-08-22",2058,5,137.51,687.53,137.51
3301,"2020-03-06","2024-08-16",1624,4,157.44,629.76,157.44
3302,"2021-09-27","2021-09-27",0,1,94.40,94.40,94.40
3303,"2022-01-25","2024-10-22",1001,3,136.51,409.53,136.51
3305,"2020-03-16","2020-03-16",0,1,54.45,54.45,54.45
3307,"2023-03-17","2025-07-20",856,2,78.97,157.94,78.97
3308,"2023-11-01","2025-01-06",432,2,27.36,54.71,27.36
3309,"2020-07-07","2025-04-08",1736,2,194.66,389.32,194.66
3310,"2022-08-24","2022-08-24",0,1,47.01,47.01,47.01
3311,"2022-12-11","2022-12-11",0,1,153.34,153.34,153.34
3312,"2021-06-12","2021-06-12",0,1,99.76,99.76,99.76
3313,"2021-08-25","2025-08-22",1458,2,114.42,228.84,114.42
3314,"2022-07-30","2023-04-25",269,2,172.74,345.48,172.74
3317,"2023-06-17","2023-06-17",0,1,12.73,12.73,12.73
3318,"2020-02-26","2024-08-01",1618,2,71.54,143.08,71.54
3319,"2021-03-18","2021-03-18",0,1,50.14,50.14,50.14
3320,"2023-02-09","2024-10-17",616,3,274.88,824.65,274.88
3322,"2020-06-30","2024-07-09",1470,4,39.79,159.15,39.79
3323,"2021-03-14","2021-03-14",0,1,37.97,37.97,37.97
3324,"2020-04-20","2023-03-10",1054,3,134.66,403.99,134.66
3325,"2021-12-06","2024-03-12",827,4,131.15,524.58,131.15
3326,"2020-12-01","2025-05-31",1642,4,171.37,685.47,171.37
3329,"2024-04-22","2025-06-17",421,3,203.90,611.69,203.90
3330,"2024-01-07","2024-05-03",117,2,200.87,401.74,200.87
3331,"2021-03-17","2021-03-17",0,1,41.27,41.27,41.27
3333,"2023-01-25","2024-07-10",532,2,156.00,311.99,156.00
3334,"2023-04-27","2023-04-27",0,1,51.38,51.38,51.38
3335,"2021-08-21","2022-11-10",446,2,12.91,25.82,12.91
3336,"2021-11-22","2021-11-22",0,1,84.94,84.94,84.94
3338,"2021-08-10","2025-05-11",1370,2,72.20,144.39,72.20
3339,"2024-06-28","2024-06-28",0,1,178.03,178.03,178.03
3340,"2023-01-10","2023-06-13",154,2,29.22,58.44,29.22
3341,"2020-10-20","2020-10-20",0,1,73.68,73.68,73.68
3342,"2022-02-11","2025-10-12",1339,2,89.27,178.53,89.27
3343,"2020-08-23","2021-04-14",234,2,189.92,379.84,189.92
3347,"2022-05-13","2023-01-22",254,2,123.29,246.58,123.29
3348,"2023-05-03","2023-05-03",0,1,179.40,179.40,179.40
3350,"2020-07-12","2023-08-18",1132,4,75.11,300.44,75.11
3353,"2022-08-07","2023-12-18",498,2,266.55,533.09,266.55
3354,"2025-03-22","2025-03-22",0,1,98.10,98.10,98.10
3355,"2020-10-22","2020-10-22",0,1,275.91,275.91,275.91
3356,"2024-02-15","2024-02-15",0,1,84.54,84.54,84.54
3357,"2022-02-07","2025-08-10",1280,2,58.85,117.70,58.85
3358,"2021-02-23","2025-02-03",1441,3,82.27,246.80,82.27
3359,"2020-07-25","2020-07-25",0,1,116.78,116.78,116.78
3360,"2020-01-01","2024-05-09",1590,4,223.89,895.56,223.89
3361,"2022-11-06","2022-11-06",0,1,21.72,21.72,21.72
3362,"2025-08-12","2025-08-12",0,1,72.10,72.10,72.10
3364,"2024-11-12","2024-11-12",0,1,157.38,157.38,157.38
3365,"2022-11-07","2025-04-11",886,3,30.41,91.23,30.41
3366,"2025-07-07","2025-08-11",35,2,56.05,112.10,56.05
3367,"2020-05-15","2020-05-15",0,1,197.28,197.28,197.28
3368,"2021-09-14","2023-10-20",766,4,81.23,324.90,81.23
3369,"2021-02-11","2025-04-16",1525,4,192.83,771.33,192.83
3371,"2020-06-15","2025-02-16",1707,4,105.86,423.45,105.86
3372,"2020-02-17","2020-02-17",0,1,61.62,61.62,61.62
3373,"2020-09-19","2024-02-24",1253,3,310.75,932.24,310.75
3374,"2024-07-14","2024-07-14",0,1,87.77,87.77,87.77
3376,"2020-04-02","2020-04-02",0,1,136.87,136.87,136.87
3377,"2023-12-30","2024-12-11",347,3,44.29,132.86,44.29
3378,"2021-04-18","2021-04-18",0,1,4.22,4.22,4.22
3379,"2022-09-30","2022-09-30",0,1,35.86,35.86,35.86
3380,"2020-09-19","2023-10-06",1112,3,76.74,230.21,76.74
3382,"2020-09-17","2020-09-17",0,1,115.69,115.69,115.69
3383,"2021-05-06","2024-09-21",1234,5,126.02,630.11,126.02
3384,"2020-05-16","2025-04-19",1799,3,103.25,309.75,103.25
3385,"2020-10-08","2024-06-04",1335,2,77.88,155.76,77.88
3386,"2021-04-20","2025-03-26",1436,3,65.98,197.95,65.98
3388,"2023-03-30","2023-03-30",0,1,331.62,331.62,331.62
3389,"2020-12-15","2023-03-15",820,2,133.73,267.46,133.73
3391,"2021-12-07","2025-04-30",1240,4,210.92,843.67,210.92
3392,"2022-11-16","2022-11-16",0,1,49.78,49.78,49.78
3393,"2021-04-17","2022-09-03",504,2,63.29,126.57,63.29
3394,"2020-02-26","2022-08-18",904,4,180.37,721.48,180.37
3395,"2022-02-26","2024-06-14",839,3,94.03,282.08,94.03
3396,"2020-01-17","2025-04-09",1909,5,93.46,467.28,93.46
3397,"2023-07-25","2023-10-17",84,2,322.24,644.47,322.24
3399,"2023-10-06","2023-12-03",58,2,83.82,167.64,83.82
3400,"2020-03-09","2025-04-22",1870,2,16.64,33.28,16.64
3401,"2022-06-20","2022-06-20",0,1,104.27,104.27,104.27
3402,"2021-10-09","2021-10-09",0,1,100.88,100.88,100.88
3403,"2021-04-23","2021-04-23",0,1,324.94,324.94,324.94
3404,"2022-06-29","2022-06-29",0,1,101.80,101.80,101.80
3405,"2021-03-12","2025-09-19",1652,4,95.98,383.90,95.98
3406,"2021-09-13","2024-01-14",853,3,131.32,393.97,131.32
3407,"2022-02-17","2022-02-17",0,1,88.82,88.82,88.82
3408,"2021-04-02","2021-04-02",0,1,25.73,25.73,25.73
3410,"2020-08-19","2025-10-14",1882,2,139.26,278.52,139.26
3411,"2021-05-13","2025-03-10",1397,5,235.02,1175.10,235.02
3412,"2022-10-23","2023-08-03",284,2,58.18,116.35,58.18
3413,"2020-11-02","2024-03-29",1243,5,119.88,599.39,119.88
3414,"2022-01-19","2025-02-21",1129,2,61.12,122.23,61.12
3415,"2021-07-09","2024-11-08",1218,2,428.54,857.08,428.54
3416,"2023-06-27","2025-01-22",575,2,101.67,203.33,101.67
3417,"2022-07-25","2025-10-14",1177,3,73.56,220.68,73.56
3419,"2023-10-30","2024-09-22",328,2,298.71,597.41,298.71
3423,"2022-08-27","2025-10-18",1148,3,204.30,612.90,204.30
3424,"2021-06-29","2023-05-07",677,3,223.99,671.97,223.99
3426,"2020-08-01","2022-05-09",646,2,161.41,322.82,161.41
3427,"2020-05-19","2024-09-11",1576,3,120.45,361.36,120.45
3428,"2020-07-26","2024-09-01",1498,6,64.66,387.93,64.66
3429,"2020-03-04","2025-08-17",1992,3,120.65,361.95,120.65
3431,"2020-04-17","2024-06-01",1506,3,82.41,247.24,82.41
3432,"2021-01-26","2021-01-26",0,1,6.21,6.21,6.21
3434,"2022-09-02","2022-09-02",0,1,12.32,12.32,12.32
3437,"2023-05-05","2023-05-05",0,1,26.38,26.38,26.38
3439,"2022-02-11","2022-02-11",0,1,370.84,370.84,370.84
3440,"2021-09-01","2025-01-29",1246,3,196.14,588.41,196.14
3441,"2020-06-06","2025-01-15",1684,4,140.48,561.93,140.48
3442,"2021-07-30","2021-07-30",0,1,1452.37,1452.37,1452.37
3443,"2022-04-11","2023-08-12",488,2,316.53,633.06,316.53
3444,"2022-07-11","2024-10-17",829,2,198.05,396.09,198.05
3445,"2020-06-06","2022-09-17",833,2,84.34,168.68,84.34
3446,"2023-04-10","2025-08-28",871,3,136.43,409.30,136.43
3447,"2023-03-22","2023-03-22",0,1,494.39,494.39,494.39
3448,"2020-02-26","2021-12-06",649,3,158.86,476.59,158.86
3449,"2020-12-16","2022-02-21",432,2,259.50,518.99,259.50
3450,"2025-08-19","2025-08-19",0,1,104.54,104.54,104.54
3451,"2022-02-05","2022-02-05",0,1,37.29,37.29,37.29
3452,"2021-11-25","2024-03-27",853,2,66.37,132.73,66.37
3454,"2024-12-18","2024-12-18",0,1,79.84,79.84,79.84
3456,"2020-01-20","2025-05-08",1935,3,145.34,436.03,145.34
3457,"2021-11-29","2021-11-29",0,1,106.22,106.22,106.22
3458,"2021-05-12","2023-10-14",885,2,196.42,392.84,196.42
3459,"2021-01-29","2021-01-29",0,1,425.74,425.74,425.74
3460,"2023-11-09","2025-02-26",475,2,29.71,59.41,29.71
3461,"2021-02-01","2025-04-07",1526,2,70.36,140.71,70.36
3462,"2023-10-24","2023-10-24",0,1,27.60,27.60,27.60
3463,"2020-11-14","2023-12-20",1131,5,66.52,332.58,66.52
3465,"2024-01-17","2025-01-22",371,2,68.97,137.94,68.97
3466,"2022-07-15","2024-01-16",550,2,172.35,344.70,172.35
3467,"2023-04-11","2024-05-10",395,2,96.51,193.01,96.51
3468,"2023-01-29","2023-01-29",0,1,347.33,347.33,347.33
3469,"2020-10-26","2020-10-26",0,1,48.76,48.76,48.76
3471,"2025-07-13","2025-07-13",0,1,167.70,167.70,167.70
3473,"2024-03-08","2024-03-08",0,1,51.92,51.92,51.92
3474,"2020-01-25","2021-04-13",444,2,42.02,84.03,42.02
3475,"2020-08-26","2025-04-11",1689,4,59.43,237.70,59.43
3476,"2022-11-26","2024-11-03",708,5,112.71,563.56,112.71
3477,"2023-04-21","2023-04-21",0,1,68.84,68.84,68.84
3478,"2020-02-26","2020-02-26",0,1,99.27,99.27,99.27
3480,"2020-05-28","2022-08-28",822,2,224.48,448.96,224.48
3481,"2021-11-30","2021-11-30",0,1,270.27,270.27,270.27
3482,"2020-08-29","2021-06-08",283,2,89.21,178.41,89.21
3483,"2022-09-13","2022-09-13",0,1,14.60,14.60,14.60
3484,"2024-08-06","2024-08-06",0,1,72.44,72.44,72.44
3485,"2020-03-30","2020-03-30",0,1,43.88,43.88,43.88
3486,"2024-05-19","2025-03-05",290,2,30.92,61.83,30.92
3489,"2021-04-15","2024-01-27",1017,3,96.93,290.78,96.93
3490,"2020-08-06","2024-08-27",1482,4,161.79,647.16,161.79
3491,"2020-09-05","2022-09-19",744,3,149.90,449.71,149.90
3492,"2020-01-21","2021-03-15",419,2,133.26,266.51,133.26
3496,"2020-01-08","2020-11-24",321,3,66.02,198.07,66.02
3498,"2021-09-15","2024-09-23",1104,2,97.95,195.89,97.95
3499,"2020-07-03","2025-06-28",1821,3,106.70,320.11,106.70
3500,"2023-05-09","2023-07-07",59,2,46.66,93.31,46.66
3501,"2020-01-27","2025-05-24",1944,6,155.17,931.02,155.17
3502,"2022-09-30","2024-09-19",720,2,149.72,299.43,149.72
3503,"2021-09-15","2025-08-26",1441,2,64.12,128.24,64.12
3504,"2024-10-09","2024-10-09",0,1,162.86,162.86,162.86
3505,"2022-01-11","2025-06-08",1244,2,58.67,117.34,58.67
3506,"2020-05-04","2020-05-04",0,1,63.61,63.61,63.61
3507,"2023-03-22","2023-03-22",0,1,107.89,107.89,107.89
3508,"2023-05-15","2023-05-15",0,1,73.34,73.34,73.34
3509,"2021-08-01","2021-08-01",0,1,11.13,11.13,11.13
3510,"2020-02-08","2025-06-03",1942,3,168.60,505.79,168.60
3511,"2024-02-26","2024-03-24",27,2,139.22,278.44,139.22
3512,"2021-01-07","2025-10-27",1754,3,109.23,327.70,109.23
3514,"2021-10-10","2023-04-25",562,3,58.86,176.58,58.86
3516,"2020-10-16","2020-10-16",0,1,18.50,18.50,18.50
3518,"2022-05-25","2024-12-29",949,2,120.54,241.07,120.54
3519,"2024-09-24","2024-09-24",0,1,6.93,6.93,6.93
3521,"2024-02-20","2024-04-26",66,2,109.08,218.16,109.08
3522,"2021-05-27","2025-10-16",1603,3,368.76,1106.28,368.76
3523,"2021-06-04","2021-06-04",0,1,17.08,17.08,17.08
3525,"2021-02-06","2025-03-26",1509,5,191.37,956.85,191.37
3526,"2020-01-03","2024-05-06",1585,2,160.04,320.08,160.04
3527,"2021-11-17","2021-11-17",0,1,72.59,72.59,72.59
3530,"2020-07-29","2022-09-12",775,3,298.06,894.17,298.06
3531,"2025-07-08","2025-07-08",0,1,77.82,77.82,77.82
3532,"2025-10-28","2025-10-28",0,1,45.87,45.87,45.87
3533,"2025-07-09","2025-07-09",0,1,57.52,57.52,57.52
3534,"2021-04-24","2021-04-24",0,1,40.19,40.19,40.19
3537,"2023-05-14","2023-05-14",0,1,207.28,207.28,207.28
3538,"2020-04-30","2020-04-30",0,1,38.71,38.71,38.71
3539,"2021-02-25","2021-02-25",0,1,213.06,213.06,213.06
3540,"2024-07-19","2024-07-19",0,1,44.44,44.44,44.44
3541,"2023-05-16","2023-05-16",0,1,25.59,25.59,25.59
3542,"2024-12-27","2024-12-27",0,1,73.92,73.92,73.92
3543,"2020-01-12","2023-03-13",1156,4,128.69,514.77,128.69
3544,"2020-07-19","2022-05-30",680,2,107.71,215.41,107.71
3545,"2020-07-27","2020-12-09",135,2,238.93,477.86,238.93
3546,"2020-05-11","2025-10-05",1973,3,168.48,505.45,168.48
3548,"2020-08-15","2025-02-19",1649,2,90.63,181.26,90.63
3549,"2021-05-24","2023-02-24",641,4,145.59,582.36,145.59
3550,"2021-09-07","2025-09-24",1478,3,46.86,140.59,46.86
3551,"2025-06-02","2025-10-10",130,2,13.78,27.55,13.78
3552,"2023-12-18","2025-02-23",433,2,104.90,209.79,104.90
3553,"2025-08-28","2025-08-28",0,1,156.07,156.07,156.07
3554,"2023-01-20","2025-03-09",779,3,47.50,142.50,47.50
3555,"2020-06-29","2025-06-10",1807,4,77.01,308.04,77.01
3556,"2021-08-18","2025-10-31",1535,4,101.95,407.78,101.95
3558,"2024-07-16","2024-07-16",0,1,116.98,116.98,116.98
3560,"2022-03-14","2024-05-29",807,3,88.51,265.52,88.51
3563,"2020-05-13","2024-03-23",1410,3,98.86,296.59,98.86
3564,"2022-07-15","2022-07-15",0,1,90.12,90.12,90.12
3565,"2021-01-05","2022-12-05",699,2,91.67,183.33,91.67
3566,"2022-01-17","2022-01-17",0,1,7.51,7.51,7.51
3567,"2020-10-18","2025-04-11",1636,2,12.48,24.95,12.48
3568,"2021-09-24","2025-03-07",1260,3,110.56,331.67,110.56
3569,"2022-11-07","2025-05-29",934,2,64.02,128.04,64.02
3570,"2021-09-25","2021-09-25",0,1,91.97,91.97,91.97
3571,"2020-06-01","2022-10-23",874,2,55.37,110.73,55.37
3572,"2021-12-09","2021-12-09",0,1,141.23,141.23,141.23
3573,"2021-04-24","2021-04-24",0,1,87.31,87.31,87.31
3574,"2020-07-21","2025-04-07",1721,4,45.73,182.91,45.73
3575,"2021-01-01","2021-01-01",0,1,13.00,13.00,13.00
3576,"2022-01-11","2023-03-02",415,2,63.72,127.44,63.72
3577,"2020-03-03","2024-01-10",1408,2,93.77,187.53,93.77
3578,"2020-03-24","2025-02-08",1782,3,227.30,681.91,227.30
3579,"2024-11-18","2024-11-18",0,1,290.55,290.55,290.55
3581,"2020-02-21","2020-02-21",0,1,8.85,8.85,8.85
3585,"2020-09-18","2023-10-26",1133,3,78.31,234.92,78.31
3586,"2021-03-02","2023-12-05",1008,3,295.65,886.95,295.65
3590,"2021-05-09","2025-05-22",1474,4,111.73,446.92,111.73
3591,"2022-05-01","2024-07-13",804,2,87.82,175.63,87.82
3592,"2020-11-10","2021-11-25",380,2,71.15,142.30,71.15
3594,"2020-11-09","2021-08-11",275,2,68.51,137.02,68.51
3595,"2024-02-27","2024-10-07",223,2,139.37,278.74,139.37
3596,"2023-03-14","2023-03-14",0,1,74.33,74.33,74.33
3597,"2022-01-24","2025-09-30",1345,2,60.13,120.26,60.13
3598,"2020-12-19","2024-03-27",1194,3,29.27,87.80,29.27
3599,"2020-02-08","2022-10-13",978,3,179.84,539.53,179.84
3600,"2021-08-17","2025-03-22",1313,4,222.81,891.25,222.81
3601,"2025-03-09","2025-03-09",0,1,9.39,9.39,9.39
3602,"2021-11-19","2021-11-19",0,1,295.47,295.47,295.47
3604,"2020-06-16","2025-02-26",1716,2,176.24,352.47,176.24
3605,"2022-05-28","2025-07-02",1131,3,91.73,275.19,91.73
3606,"2020-03-16","2020-03-16",0,1,137.77,137.77,137.77
3607,"2023-12-24","2023-12-24",0,1,148.57,148.57,148.57
3608,"2023-05-19","2024-01-30",256,2,178.97,357.94,178.97
3609,"2020-04-18","2024-12-12",1699,5,174.83,874.14,174.83
3611,"2022-01-25","2025-06-27",1249,3,118.49,355.47,118.49
3612,"2021-07-29","2021-07-29",0,1,39.27,39.27,39.27
3613,"2023-07-04","2024-12-08",523,2,138.16,276.31,138.16
3614,"2021-01-30","2024-10-24",1363,2,60.30,120.59,60.30
3615,"2020-07-05","2025-09-23",1906,5,148.99,744.96,148.99
3617,"2021-08-07","2024-04-18",985,2,58.13,116.25,58.13
3619,"2020-12-23","2020-12-23",0,1,153.11,153.11,153.11
3621,"2021-10-30","2023-06-06",584,2,25.63,51.26,25.63
3622,"2021-01-04","2021-01-04",0,1,6.82,6.82,6.82
3624,"2022-12-08","2024-02-22",441,2,38.21,76.41,38.21
3625,"2022-02-28","2024-06-16",839,2,68.39,136.78,68.39
3626,"2021-08-28","2021-08-28",0,1,19.05,19.05,19.05
3628,"2024-07-26","2025-09-06",407,2,63.52,127.04,63.52
3629,"2025-10-31","2025-10-31",0,1,31.43,31.43,31.43
3630,"2022-01-28","2024-05-13",836,2,293.20,586.40,293.20
3631,"2022-08-16","2022-08-16",0,1,18.10,18.10,18.10
3634,"2020-06-08","2023-09-20",1199,2,146.97,293.93,146.97
3635,"2021-02-08","2024-02-19",1106,4,95.25,381.01,95.25
3636,"2022-02-16","2022-02-16",0,1,136.33,136.33,136.33
3637,"2020-10-06","2025-09-17",1807,3,117.90,353.69,117.90
3638,"2021-01-09","2022-02-03",390,3,86.90,260.70,86.90
3639,"2020-09-05","2023-10-03",1123,3,126.40,379.20,126.40
3640,"2021-07-22","2024-05-27",1040,2,1061.45,2122.89,1061.45
3641,"2020-02-11","2022-11-06",999,3,274.25,822.76,274.25
3642,"2020-06-08","2025-04-03",1760,3,57.50,172.51,57.50
3643,"2025-09-25","2025-09-25",0,1,77.85,77.85,77.85
3644,"2023-05-24","2024-08-16",450,2,196.00,391.99,196.00
3645,"2022-07-18","2025-07-17",1095,2,144.87,289.74,144.87
3647,"2021-07-05","2023-10-08",825,3,244.44,733.32,244.44
3648,"2020-05-13","2022-07-09",787,3,147.31,441.94,147.31
3650,"2023-11-04","2025-09-09",675,2,106.96,213.92,106.96
3651,"2022-08-18","2023-11-23",462,2,345.83,691.66,345.83
3652,"2020-05-23","2025-07-07",1871,3,124.18,372.55,124.18
3653,"2023-09-03","2023-09-03",0,1,96.96,96.96,96.96
3654,"2020-06-07","2020-06-07",0,1,35.05,35.05,35.05
3655,"2023-07-13","2023-07-13",0,1,69.39,69.39,69.39
3656,"2020-10-28","2020-10-28",0,1,230.29,230.29,230.29
3657,"2023-08-24","2023-08-24",0,1,8.53,8.53,8.53
3658,"2021-11-02","2024-10-28",1091,2,40.71,81.41,40.71
3659,"2020-03-18","2020-03-18",0,1,155.97,155.97,155.97
3660,"2023-10-12","2023-10-12",0,1,171.09,171.09,171.09
3661,"2020-08-22","2021-11-16",451,3,99.78,299.33,99.78
3662,"2023-09-21","2024-05-20",242,2,62.65,125.29,62.65
3663,"2020-05-10","2023-10-09",1247,3,85.21,255.63,85.21
3664,"2024-06-21","2025-10-16",482,2,119.97,239.94,119.97
3665,"2020-06-16","2025-02-27",1717,3,72.63,217.89,72.63
3666,"2020-07-18","2022-05-09",660,2,62.34,124.67,62.34
3667,"2021-06-11","2021-06-11",0,1,187.81,187.81,187.81
3668,"2022-08-09","2022-08-09",0,1,33.88,33.88,33.88
3669,"2022-03-08","2022-10-25",231,4,90.04,360.17,90.04
3670,"2022-06-24","2023-07-20",391,2,65.53,131.06,65.53
3671,"2024-04-14","2024-04-14",0,1,262.72,262.72,262.72
3672,"2021-11-17","2023-06-12",572,3,67.05,201.16,67.05
3673,"2023-01-06","2023-01-06",0,1,142.74,142.74,142.74
3674,"2022-02-02","2022-02-02",0,1,183.48,183.48,183.48
3675,"2023-03-16","2023-03-16",0,1,141.03,141.03,141.03
3676,"2020-12-17","2022-12-28",741,3,175.25,525.76,175.25
3677,"2021-08-21","2025-07-25",1434,4,143.54,574.17,143.54
3678,"2021-08-06","2025-06-04",1398,5,268.03,1340.17,268.03
3679,"2022-04-20","2022-04-20",0,1,119.54,119.54,119.54
3680,"2021-08-09","2024-04-25",990,3,112.25,336.75,112.25
3683,"2022-03-29","2024-12-12",989,3,24.17,72.52,24.17
3684,"2022-05-18","2024-03-22",674,2,138.66,277.31,138.66
3686,"2022-02-13","2023-06-15",487,2,55.53,111.05,55.53
3687,"2024-12-30","2024-12-30",0,1,18.03,18.03,18.03
3688,"2020-02-04","2020-02-04",0,1,18.25,18.25,18.25
3689,"2024-12-23","2024-12-23",0,1,75.95,75.95,75.95
3690,"2020-11-16","2024-10-19",1433,3,207.71,623.13,207.71
3691,"2022-04-14","2025-07-15",1188,2,67.99,135.97,67.99
3696,"2020-01-05","2020-01-05",0,1,49.66,49.66,49.66
3697,"2021-12-07","2024-10-03",1031,4,100.68,402.73,100.68
3698,"2020-07-04","2024-09-13",1532,2,45.27,90.54,45.27
3699,"2020-05-04","2023-03-25",1055,2,301.87,603.74,301.87
3701,"2022-03-01","2022-03-01",0,1,95.22,95.22,95.22
3702,"2023-12-04","2023-12-04",0,1,39.76,39.76,39.76
3703,"2022-04-03","2023-10-19",564,4,163.16,652.62,163.16
3704,"2024-08-12","2025-09-22",406,2,53.79,107.57,53.79
3705,"2024-05-25","2024-05-25",0,1,31.77,31.77,31.77
3706,"2020-05-07","2025-10-01",1973,4,133.18,532.70,133.18
3707,"2022-10-02","2022-10-02",0,1,137.66,137.66,137.66
3708,"2022-03-04","2022-04-04",31,2,381.24,762.48,381.24
3711,"2021-03-16","2025-03-04",1449,2,83.10,166.19,83.10
3712,"2020-01-12","2020-01-12",0,1,88.78,88.78,88.78
3713,"2021-01-26","2022-11-20",663,2,39.73,79.45,39.73
3714,"2020-06-23","2025-04-01",1743,4,89.74,358.97,89.74
3715,"2025-06-16","2025-06-16",0,1,24.76,24.76,24.76
3717,"2022-10-18","2023-04-01",165,3,57.06,171.18,57.06
3718,"2024-10-15","2025-06-08",236,2,166.11,332.21,166.11
3720,"2025-08-26","2025-08-26",0,1,48.70,48.70,48.70
3721,"2020-04-02","2020-04-02",0,1,97.25,97.25,97.25
3722,"2022-09-07","2022-11-12",66,2,27.68,55.35,27.68
3723,"2020-10-22","2023-12-13",1147,4,166.37,665.47,166.37
3725,"2020-11-28","2023-10-08",1044,2,50.72,101.44,50.72
3726,"2020-02-29","2023-11-02",1342,3,28.93,86.79,28.93
3727,"2022-01-13","2024-01-17",734,2,76.09,152.18,76.09
3728,"2021-12-05","2021-12-05",0,1,55.33,55.33,55.33
3729,"2023-04-07","2024-08-08",489,3,61.89,185.66,61.89
3732,"2021-07-13","2025-08-22",1501,2,110.72,221.44,110.72
3733,"2022-03-14","2025-06-06",1180,4,193.99,775.96,193.99
3735,"2021-03-12","2025-01-16",1406,4,84.37,337.48,84.37
3736,"2020-07-31","2024-11-26",1579,3,103.30,309.91,103.30
3737,"2022-10-24","2022-10-24",0,1,211.50,211.50,211.50
3738,"2021-05-13","2023-04-15",702,3,75.70,227.11,75.70
3739,"2022-04-23","2022-09-09",139,2,37.76,75.52,37.76
3740,"2020-04-26","2024-12-20",1699,3,137.67,413.00,137.67
3741,"2023-07-02","2023-07-02",0,1,472.93,472.93,472.93
3742,"2023-12-05","2023-12-05",0,1,27.60,27.60,27.60
3743,"2020-08-29","2023-04-04",948,2,33.19,66.38,33.19
3744,"2020-09-12","2025-08-30",1813,2,56.66,113.31,56.66
3745,"2021-04-01","2025-07-09",1560,3,109.74,329.21,109.74
3746,"2020-05-19","2024-01-08",1329,3,132.56,397.68,132.56
3747,"2023-02-25","2023-02-25",0,1,6.54,6.54,6.54
3748,"2022-11-10","2023-12-27",412,2,91.49,182.98,91.49
3749,"2020-12-09","2021-03-09",90,2,61.46,122.91,61.46
3750,"2020-05-03","2025-03-13",1775,6,57.37,344.23,57.37
3751,"2020-05-05","2024-06-24",1511,2,172.86,345.72,172.86
3753,"2022-06-01","2023-02-01",245,2,83.62,167.24,83.62
3754,"2020-06-09","2024-05-31",1452,3,313.06,939.18,313.06
3755,"2023-01-30","2023-01-30",0,1,61.04,61.04,61.04
3757,"2024-03-22","2025-08-20",516,2,143.49,286.97,143.49
3761,"2021-02-07","2021-02-07",0,1,423.98,423.98,423.98
3762,"2022-03-18","2022-03-18",0,1,95.65,95.65,95.65
3763,"2021-10-13","2025-01-18",1193,4,217.14,868.57,217.14
3764,"2022-01-19","2022-01-19",0,1,216.27,216.27,216.27
3766,"2024-08-02","2024-08-02",0,1,43.69,43.69,43.69
3767,"2025-07-16","2025-10-25",101,2,44.61,89.21,44.61
3768,"2020-12-30","2025-09-24",1729,4,71.18,284.73,71.18
3769,"2020-07-14","2025-06-04",1786,4,458.17,1832.66,458.17
3770,"2021-02-14","2021-02-14",0,1,8.82,8.82,8.82
3772,"2022-12-31","2022-12-31",0,1,15.64,15.64,15.64
3773,"2020-07-04","2020-07-04",0,1,110.22,110.22,110.22
3774,"2022-11-03","2022-11-03",0,1,66.63,66.63,66.63
3775,"2021-07-31","2021-07-31",0,1,40.69,40.69,40.69
3776,"2021-07-08","2021-07-08",0,1,149.98,149.98,149.98
3777,"2021-06-05","2024-01-13",952,2,378.70,757.40,378.70
3778,"2024-09-22","2025-07-01",282,2,47.41,94.81,47.41
3779,"2020-01-25","2025-03-17",1878,4,218.22,872.87,218.22
3780,"2021-02-18","2022-02-26",373,2,18.72,37.43,18.72
3781,"2025-09-07","2025-09-07",0,1,13.68,13.68,13.68
3782,"2025-10-13","2025-10-13",0,1,13.68,13.68,13.68
3783,"2021-08-27","2025-06-16",1389,5,257.10,1285.48,257.10
3784,"2023-11-08","2023-11-08",0,1,276.29,276.29,276.29
3786,"2020-04-05","2022-07-31",847,3,155.54,466.63,155.54
3787,"2020-11-04","2023-01-31",818,2,275.70,551.39,275.70
3788,"2022-11-12","2023-07-23",253,3,145.92,437.75,145.92
3789,"2022-05-05","2022-05-05",0,1,506.69,506.69,506.69
3791,"2020-10-18","2025-05-10",1665,4,161.35,645.41,161.35
3792,"2021-03-02","2025-07-23",1604,2,52.11,104.21,52.11
3793,"2020-09-25","2025-10-31",1862,5,114.40,572.00,114.40
3794,"2021-02-16","2021-02-16",0,1,24.47,24.47,24.47
3795,"2024-11-16","2024-11-16",0,1,133.95,133.95,133.95
3796,"2020-07-09","2022-08-24",776,2,18.90,37.79,18.90
3797,"2022-09-11","2024-01-10",486,2,44.90,89.79,44.90
3798,"2023-10-20","2024-12-12",419,2,190.13,380.26,190.13
3799,"2021-12-15","2024-07-22",950,3,104.62,313.87,104.62
3800,"2020-02-09","2020-02-09",0,1,370.82,370.82,370.82
3801,"2021-05-07","2021-05-07",0,1,13.80,13.80,13.80
3802,"2021-03-01","2024-11-02",1342,4,139.97,559.87,139.97
3803,"2020-12-26","2023-12-23",1092,3,88.24,264.73,88.24
3804,"2020-07-11","2024-04-27",1386,5,25.96,129.81,25.96
3805,"2020-10-28","2025-09-05",1773,3,202.74,608.23,202.74
3806,"2020-10-06","2024-07-24",1387,5,214.31,1071.55,214.31
3807,"2023-02-16","2025-09-19",946,2,69.57,139.13,69.57
3810,"2021-09-15","2023-12-17",823,3,168.57,505.71,168.57
3811,"2021-05-03","2021-05-03",0,1,222.51,222.51,222.51
3812,"2021-02-02","2022-09-28",603,2,83.08,166.15,83.08
3813,"2022-09-11","2022-09-11",0,1,47.58,47.58,47.58
3814,"2023-07-28","2025-04-11",623,4,117.04,468.15,117.04
3816,"2023-01-11","2024-02-13",398,2,173.72,347.43,173.72
3817,"2021-12-27","2021-12-27",0,1,14.42,14.42,14.42
3818,"2022-03-27","2023-06-07",437,2,112.01,224.01,112.01
3819,"2025-10-15","2025-10-15",0,1,102.97,102.97,102.97
3820,"2020-07-06","2020-07-06",0,1,161.14,161.14,161.14
3821,"2021-12-23","2025-03-13",1176,3,147.71,443.13,147.71
3822,"2024-02-07","2024-02-07",0,1,156.05,156.05,156.05
3823,"2021-03-31","2021-03-31",0,1,771.94,771.94,771.94
3824,"2023-05-11","2025-01-06",606,2,139.15,278.30,139.15
3825,"2020-12-30","2020-12-30",0,1,35.60,35.60,35.60
3826,"2025-03-26","2025-03-26",0,1,20.17,20.17,20.17
3827,"2025-03-20","2025-03-20",0,1,10.62,10.62,10.62
3828,"2020-07-22","2024-04-17",1365,2,36.96,73.92,36.96
3829,"2021-12-11","2022-02-20",71,2,209.75,419.49,209.75
3830,"2025-08-15","2025-08-15",0,1,175.29,175.29,175.29
3831,"2024-09-09","2025-05-09",242,2,57.49,114.98,57.49
3832,"2022-08-05","2022-08-05",0,1,60.98,60.98,60.98
3833,"2020-07-22","2022-09-16",786,3,139.29,417.88,139.29
3834,"2020-02-02","2023-06-03",1217,3,176.63,529.89,176.63
3835,"2020-05-04","2024-02-11",1378,2,525.28,1050.55,525.28
3836,"2024-01-15","2024-03-07",52,2,127.81,255.61,127.81
3838,"2021-12-05","2023-12-04",729,3,41.18,123.55,41.18
3839,"2022-10-30","2024-02-16",474,2,247.67,495.34,247.67
3840,"2022-06-14","2024-12-14",914,4,279.31,1117.23,279.31
3843,"2023-09-02","2023-09-02",0,1,147.14,147.14,147.14
3844,"2023-04-10","2024-03-28",353,2,49.87,99.74,49.87
3845,"2021-06-09","2021-06-09",0,1,675.89,675.89,675.89
3847,"2022-08-04","2022-08-04",0,1,104.04,104.04,104.04
3849,"2022-02-04","2024-03-26",781,4,193.43,773.72,193.43
3850,"2022-04-26","2024-09-15",873,3,144.49,433.48,144.49
3851,"2021-11-06","2021-11-06",0,1,24.33,24.33,24.33
3852,"2021-12-08","2023-10-02",663,2,33.57,67.13,33.57
3854,"2020-11-18","2025-06-01",1656,2,195.04,390.07,195.04
3855,"2020-03-01","2024-04-01",1492,4,103.95,415.80,103.95
3856,"2021-10-27","2021-10-27",0,1,135.04,135.04,135.04
3857,"2020-06-11","2020-06-11",0,1,37.23,37.23,37.23
3858,"2023-03-06","2023-03-06",0,1,189.92,189.92,189.92
3859,"2023-07-28","2023-07-28",0,1,314.79,314.79,314.79
3860,"2024-07-14","2024-07-14",0,1,32.99,32.99,32.99
3861,"2021-11-04","2022-08-09",278,2,116.37,232.74,116.37
3862,"2024-06-21","2025-03-18",270,2,98.97,197.94,98.97
3864,"2021-01-20","2021-01-20",0,1,158.58,158.58,158.58
3865,"2023-10-21","2023-10-21",0,1,64.99,64.99,64.99
3867,"2023-04-14","2024-08-05",479,3,63.14,189.42,63.14
3868,"2020-09-04","2024-06-09",1374,4,79.66,318.65,79.66
3869,"2021-05-10","2021-05-10",0,1,296.68,296.68,296.68
3870,"2024-05-01","2025-06-27",422,3,100.01,300.03,100.01
3871,"2024-01-17","2024-10-14",271,2,383.24,766.48,383.24
3872,"2025-03-02","2025-03-02",0,1,187.56,187.56,187.56
3873,"2023-04-27","2023-04-27",0,1,42.24,42.24,42.24
3874,"2023-09-18","2023-09-18",0,1,6.96,6.96,6.96
3875,"2021-05-29","2023-09-29",853,2,188.84,377.68,188.84
3876,"2020-01-04","2025-02-01",1855,2,236.23,472.46,236.23
3877,"2022-01-29","2023-03-26",421,2,84.19,168.38,84.19
3878,"2020-05-29","2020-05-29",0,1,105.73,105.73,105.73
3879,"2021-10-16","2022-02-11",118,3,70.15,210.44,70.15
3882,"2023-05-09","2024-12-13",584,4,141.47,565.86,141.47
3884,"2023-04-11","2023-04-11",0,1,144.27,144.27,144.27
3885,"2024-12-17","2024-12-17",0,1,240.98,240.98,240.98
3886,"2023-09-25","2023-09-25",0,1,85.09,85.09,85.09
3887,"2021-02-14","2021-02-14",0,1,139.25,139.25,139.25
3888,"2024-11-02","2024-11-02",0,1,186.84,186.84,186.84
3889,"2024-10-01","2024-10-01",0,1,175.56,175.56,175.56
3890,"2023-01-18","2023-01-18",0,1,93.45,93.45,93.45
3891,"2023-12-14","2023-12-14",0,1,158.49,158.49,158.49
3892,"2021-02-24","2024-07-20",1242,4,124.32,497.26,124.32
3893,"2023-01-31","2023-01-31",0,1,275.66,275.66,275.66
3894,"2024-12-26","2024-12-26",0,1,110.84,110.84,110.84
3896,"2021-06-01","2024-02-08",982,3,130.21,390.64,130.21
3897,"2023-01-01","2023-01-01",0,1,90.79,90.79,90.79
3898,"2023-08-26","2023-08-26",0,1,65.47,65.47,65.47
3899,"2023-12-31","2023-12-31",0,1,252.15,252.15,252.15
3901,"2024-01-15","2024-01-15",0,1,282.36,282.36,282.36
3902,"2023-06-05","2023-06-05",0,1,482.02,482.02,482.02
3903,"2020-02-17","2025-03-18",1856,4,59.91,239.64,59.91
3905,"2020-10-13","2020-10-13",0,1,109.49,109.49,109.49
3906,"2021-05-08","2021-05-08",0,1,128.02,128.02,128.02
3907,"2024-07-08","2024-12-12",157,2,44.97,89.93,44.97
3908,"2025-06-04","2025-06-04",0,1,32.24,32.24,32.24
3909,"2023-07-22","2024-10-18",454,2,141.72,283.43,141.72
3910,"2022-08-16","2025-03-08",935,2,42.34,84.67,42.34
3912,"2020-10-26","2025-02-06",1564,4,163.52,654.08,163.52
3913,"2023-12-19","2023-12-19",0,1,290.09,290.09,290.09
3914,"2022-02-01","2024-02-26",755,2,60.24,120.48,60.24
3915,"2022-05-01","2025-09-15",1233,4,49.71,198.85,49.71
3916,"2021-09-10","2025-04-13",1311,3,156.59,469.77,156.59
3917,"2025-09-20","2025-09-20",0,1,409.89,409.89,409.89
3918,"2020-07-05","2025-05-26",1786,2,150.01,300.01,150.01
3920,"2020-02-16","2020-02-16",0,1,252.48,252.48,252.48
3921,"2021-07-26","2021-07-26",0,1,43.28,43.28,43.28
3922,"2020-02-06","2022-07-27",902,3,79.10,237.31,79.10
3923,"2020-09-26","2022-05-19",600,2,278.94,557.88,278.94
3924,"2022-08-01","2022-08-01",0,1,58.75,58.75,58.75
3925,"2022-02-27","2022-02-27",0,1,43.17,43.17,43.17
3926,"2021-04-06","2021-07-16",101,2,86.88,173.75,86.88
3927,"2020-05-25","2021-04-30",340,2,73.56,147.12,73.56
3928,"2020-04-02","2023-09-30",1276,2,45.55,91.09,45.55
3930,"2022-06-08","2025-02-18",986,4,194.58,778.30,194.58
3931,"2020-03-02","2025-01-29",1794,3,53.46,160.39,53.46
3934,"2021-11-01","2025-05-03",1279,2,192.62,385.23,192.62
3938,"2023-07-25","2024-07-26",367,2,179.16,358.31,179.16
3939,"2020-12-24","2023-12-24",1095,2,173.96,347.91,173.96
3940,"2020-09-20","2024-09-01",1442,2,80.60,161.20,80.60
3941,"2023-12-22","2023-12-22",0,1,189.80,189.80,189.80
3943,"2020-01-04","2023-04-21",1203,3,111.13,333.38,111.13
3945,"2021-07-19","2021-07-19",0,1,30.82,30.82,30.82
3946,"2022-11-22","2023-05-12",171,2,137.02,274.04,137.02
3947,"2020-01-27","2023-11-18",1391,2,55.84,111.68,55.84
3949,"2020-10-05","2020-10-05",0,1,55.38,55.38,55.38
3950,"2021-01-20","2023-07-04",895,3,48.08,144.23,48.08
3951,"2023-06-14","2023-10-05",113,2,400.90,801.79,400.90
3952,"2025-07-29","2025-07-29",0,1,4.20,4.20,4.20
3953,"2020-08-04","2022-07-04",699,6,106.57,639.43,106.57
3954,"2024-11-21","2024-11-21",0,1,116.69,116.69,116.69
3955,"2020-05-05","2025-03-12",1772,3,234.52,703.57,234.52
3956,"2021-05-30","2024-10-15",1234,2,214.69,429.37,214.69
3957,"2021-10-11","2025-08-10",1399,3,74.79,224.36,74.79
3958,"2020-06-18","2020-06-18",0,1,176.41,176.41,176.41
3959,"2023-05-21","2023-05-21",0,1,80.48,80.48,80.48
3960,"2021-12-19","2022-11-23",339,2,326.10,652.19,326.10
3961,"2022-03-16","2022-05-24",69,2,83.58,167.15,83.58
3962,"2021-06-21","2025-07-02",1472,3,112.01,336.02,112.01
3963,"2021-04-29","2021-04-29",0,1,32.47,32.47,32.47
3965,"2020-01-22","2020-01-22",0,1,106.76,106.76,106.76
3966,"2021-09-18","2021-09-18",0,1,9.93,9.93,9.93
3967,"2023-10-31","2024-11-14",380,2,103.40,206.80,103.40
3968,"2021-05-28","2023-07-09",772,2,58.91,117.81,58.91
3969,"2020-03-10","2020-10-01",205,3,34.06,102.17,34.06
3971,"2023-08-19","2023-08-19",0,1,44.22,44.22,44.22
3972,"2022-06-07","2024-01-19",591,2,126.59,253.18,126.59
3973,"2020-02-03","2023-10-03",1338,4,111.61,446.45,111.61
3974,"2020-05-04","2024-08-08",1557,2,192.95,385.89,192.95
3975,"2021-08-18","2025-04-20",1341,2,111.17,222.34,111.17
3976,"2023-05-23","2023-05-23",0,1,76.45,76.45,76.45
3977,"2020-04-09","2025-07-11",1919,4,75.09,300.34,75.09
3978,"2021-09-12","2021-09-12",0,1,77.72,77.72,77.72
3979,"2022-04-20","2022-04-20",0,1,468.03,468.03,468.03
3981,"2025-02-25","2025-04-08",42,2,40.89,81.78,40.89
3982,"2021-06-17","2024-03-16",1003,4,155.87,623.47,155.87
3983,"2021-10-18","2022-08-26",312,2,62.69,125.38,62.69
3984,"2020-12-18","2025-03-24",1557,3,35.79,107.38,35.79
3986,"2021-06-27","2021-06-27",0,1,232.06,232.06,232.06
3988,"2022-01-05","2025-09-07",1341,2,309.77,619.53,309.77
3989,"2020-08-14","2024-08-26",1473,5,189.75,948.73,189.75
3990,"2021-05-20","2021-09-02",105,2,64.59,129.18,64.59
3993,"2020-09-05","2020-09-05",0,1,5.40,5.40,5.40
3994,"2025-03-27","2025-03-27",0,1,15.35,15.35,15.35
3996,"2021-11-23","2025-03-10",1203,3,106.02,318.06,106.02
3997,"2020-10-14","2020-10-14",0,1,103.42,103.42,103.42
3998,"2020-06-06","2025-10-18",1960,4,155.51,622.02,155.51
3999,"2023-06-22","2023-06-22",0,1,69.87,69.87,69.87
4001,"2021-07-26","2021-07-26",0,1,777.59,777.59,777.59
4003,"2021-07-25","2021-07-25",0,1,52.68,52.68,52.68
4004,"2020-02-03","2023-03-10",1131,3,117.89,353.68,117.89
4005,"2023-02-02","2023-02-02",0,1,80.17,80.17,80.17
4006,"2020-04-02","2020-04-02",0,1,214.92,214.92,214.92
4007,"2023-07-17","2023-07-17",0,1,16.86,16.86,16.86
4008,"2025-08-25","2025-08-25",0,1,110.54,110.54,110.54
4009,"2023-09-22","2023-09-22",0,1,140.59,140.59,140.59
4010,"2021-01-25","2021-01-25",0,1,392.73,392.73,392.73
4011,"2020-08-20","2024-06-19",1399,3,160.11,480.32,160.11
4013,"2023-03-29","2024-09-21",542,2,93.18,186.36,93.18
4015,"2021-04-22","2023-05-19",757,4,98.73,394.90,98.73
4016,"2021-08-21","2021-08-21",0,1,81.79,81.79,81.79
4019,"2022-01-26","2025-01-25",1095,3,145.01,435.02,145.01
4020,"2021-02-08","2021-02-08",0,1,359.00,359.00,359.00
4022,"2021-04-29","2024-03-03",1039,3,107.45,322.36,107.45
4023,"2021-08-07","2025-07-11",1434,2,58.32,116.64,58.32
4024,"2023-05-21","2025-09-22",855,3,120.19,360.57,120.19
4026,"2020-05-13","2025-02-28",1752,2,68.24,136.48,68.24
4027,"2024-06-30","2024-08-13",44,2,177.86,355.72,177.86
4028,"2025-07-23","2025-07-23",0,1,30.27,30.27,30.27
4029,"2021-07-20","2021-07-20",0,1,57.87,57.87,57.87
4031,"2024-11-14","2024-11-14",0,1,132.74,132.74,132.74
4032,"2021-07-24","2025-07-01",1438,3,282.61,847.83,282.61
4033,"2024-06-01","2024-06-01",0,1,21.48,21.48,21.48
4035,"2021-10-22","2023-02-01",467,3,60.83,182.48,60.83
4036,"2025-10-10","2025-10-10",0,1,125.11,125.11,125.11
4037,"2024-07-25","2024-07-25",0,1,102.30,102.30,102.30
4038,"2020-05-18","2020-05-18",0,1,12.96,12.96,12.96
4039,"2024-08-03","2024-08-03",0,1,209.34,209.34,209.34
4040,"2024-01-18","2024-01-18",0,1,13.13,13.13,13.13
4041,"2023-01-22","2025-08-31",952,2,85.23,170.45,85.23
4042,"2020-10-05","2024-03-20",1262,3,129.67,389.00,129.67
4043,"2020-12-10","2023-10-21",1045,4,81.96,327.85,81.96
4044,"2020-06-14","2025-07-21",1863,2,174.46,348.92,174.46
4045,"2020-05-02","2020-05-02",0,1,357.04,357.04,357.04
4046,"2022-10-26","2022-10-26",0,1,94.79,94.79,94.79
4047,"2020-03-27","2020-03-27",0,1,26.76,26.76,26.76
4048,"2023-01-12","2023-01-12",0,1,22.48,22.48,22.48
4049,"2021-07-30","2021-07-30",0,1,136.98,136.98,136.98
4051,"2020-04-12","2025-10-11",2008,2,22.77,45.53,22.77
4052,"2024-01-17","2025-04-26",465,4,116.47,465.89,116.47
4053,"2020-07-16","2024-12-28",1626,3,125.50,376.49,125.50
4054,"2021-07-17","2022-06-14",332,2,117.37,234.73,117.37
4055,"2021-10-25","2024-06-14",963,2,114.17,228.33,114.17
4058,"2020-04-06","2024-10-28",1666,2,103.84,207.68,103.84
4059,"2021-10-11","2025-08-08",1397,3,224.55,673.66,224.55
4060,"2025-07-06","2025-07-06",0,1,4.15,4.15,4.15
4061,"2020-06-08","2023-02-14",981,2,33.65,67.29,33.65
4062,"2021-04-29","2022-11-25",575,2,133.32,266.63,133.32
4063,"2022-01-21","2025-03-06",1140,3,185.65,556.94,185.65
4064,"2021-04-29","2021-09-30",154,2,172.08,344.15,172.08
4067,"2021-07-02","2021-07-02",0,1,84.51,84.51,84.51
4069,"2021-07-15","2021-07-15",0,1,27.05,27.05,27.05
4070,"2022-06-23","2025-02-16",969,2,97.55,195.09,97.55
4071,"2022-01-09","2022-01-09",0,1,102.92,102.92,102.92
4072,"2021-06-23","2024-02-28",980,2,108.76,217.52,108.76
4073,"2020-01-16","2023-04-24",1194,2,206.28,412.56,206.28
4074,"2020-06-01","2025-06-01",1826,2,87.27,174.54,87.27
4076,"2021-12-18","2022-02-18",62,2,88.38,176.76,88.38
4077,"2023-07-21","2025-08-01",742,3,443.16,1329.48,443.16
4078,"2020-07-14","2022-02-28",594,2,163.48,326.96,163.48
4079,"2021-02-03","2023-12-30",1060,4,185.87,743.47,185.87
4080,"2023-04-12","2023-12-27",259,2,40.26,80.51,40.26
4081,"2024-03-01","2025-07-25",511,2,174.77,349.53,174.77
4082,"2023-04-28","2023-04-28",0,1,151.31,151.31,151.31
4083,"2023-10-12","2023-10-12",0,1,219.51,219.51,219.51
4085,"2020-01-04","2022-09-23",993,3,128.87,386.62,128.87
4086,"2020-04-10","2025-04-27",1843,2,380.85,761.70,380.85
4087,"2023-03-09","2023-03-09",0,1,42.43,42.43,42.43
4088,"2023-10-14","2024-02-08",117,2,67.44,134.87,67.44
4089,"2022-12-07","2023-10-30",327,2,131.92,263.83,131.92
4091,"2022-10-10","2022-10-10",0,1,5.40,5.40,5.40
4092,"2025-01-15","2025-01-15",0,1,16.86,16.86,16.86
4093,"2020-12-13","2023-06-14",913,2,24.03,48.06,24.03
4094,"2021-04-07","2023-09-28",904,2,245.74,491.47,245.74
4095,"2022-05-30","2022-05-30",0,1,21.46,21.46,21.46
4096,"2024-08-22","2024-08-22",0,1,177.42,177.42,177.42
4098,"2022-04-04","2022-04-04",0,1,54.73,54.73,54.73
4099,"2023-10-02","2023-10-02",0,1,31.18,31.18,31.18
4100,"2020-03-29","2025-03-19",1816,3,281.92,845.76,281.92
4101,"2023-05-11","2025-04-12",702,4,159.29,637.17,159.29
4102,"2025-03-03","2025-08-09",159,2,59.68,119.36,59.68
4103,"2024-08-26","2024-08-26",0,1,64.94,64.94,64.94
4104,"2021-08-05","2024-01-29",907,2,65.67,131.34,65.67
4105,"2024-11-18","2024-11-18",0,1,62.10,62.10,62.10
4106,"2020-12-25","2024-10-17",1392,2,85.58,171.15,85.58
4107,"2020-10-16","2021-08-31",319,2,42.17,84.34,42.17
4108,"2022-01-15","2022-01-15",0,1,121.43,121.43,121.43
4109,"2020-05-15","2025-09-28",1962,4,184.19,736.77,184.19
4110,"2023-12-01","2023-12-01",0,1,15.86,15.86,15.86
4111,"2020-01-19","2020-07-24",187,2,299.72,599.43,299.72
4112,"2020-05-17","2021-12-17",579,2,152.11,304.22,152.11
4113,"2021-09-29","2024-12-16",1174,2,46.61,93.22,46.61
4116,"2020-12-05","2020-12-05",0,1,27.01,27.01,27.01
4117,"2020-01-04","2024-03-30",1547,2,127.53,255.05,127.53
4118,"2022-03-24","2025-06-27",1191,2,89.98,179.96,89.98
4119,"2021-01-01","2025-07-17",1658,3,106.96,320.87,106.96
4120,"2024-08-26","2024-08-26",0,1,11.26,11.26,11.26
4121,"2021-09-03","2024-01-21",870,2,43.92,87.84,43.92
4122,"2023-06-23","2024-01-04",195,2,171.45,342.89,171.45
4123,"2023-07-09","2024-05-09",305,2,18.15,36.30,18.15
4124,"2023-03-20","2024-05-08",415,3,112.58,337.75,112.58
4125,"2020-01-12","2020-07-15",185,2,30.01,60.02,30.01
4126,"2022-04-13","2022-04-13",0,1,17.09,17.09,17.09
4127,"2020-06-23","2024-12-21",1642,4,59.45,237.78,59.45
4129,"2022-10-11","2023-08-04",297,2,96.18,192.35,96.18
4130,"2023-05-21","2023-05-21",0,1,135.49,135.49,135.49
4131,"2021-10-01","2022-10-31",395,2,106.63,213.25,106.63
4132,"2021-05-10","2024-03-08",1033,2,138.91,277.82,138.91
4133,"2020-01-09","2023-11-06",1397,3,103.80,311.39,103.80
4134,"2020-04-13","2023-06-25",1168,4,85.74,342.95,85.74
4135,"2021-02-06","2023-05-18",831,2,310.56,621.12,310.56
4136,"2021-11-30","2023-01-23",419,2,77.01,154.01,77.01
4137,"2020-09-21","2024-10-09",1479,2,197.80,395.59,197.80
4139,"2020-01-25","2023-01-19",1090,2,50.60,101.20,50.60
4141,"2020-03-08","2024-09-27",1664,3,268.40,805.21,268.40
4142,"2020-12-17","2020-12-17",0,1,55.71,55.71,55.71
4143,"2020-02-10","2025-05-11",1917,6,67.00,401.97,67.00
4145,"2020-01-15","2025-10-23",2108,4,79.58,318.33,79.58
4146,"2025-08-30","2025-08-30",0,1,1101.30,1101.30,1101.30
4147,"2020-02-20","2020-11-19",273,3,93.51,280.53,93.51
4148,"2021-01-11","2021-01-11",0,1,9.58,9.58,9.58
4149,"2020-12-24","2020-12-24",0,1,773.79,773.79,773.79
4150,"2021-05-04","2024-07-06",1159,3,101.12,303.37,101.12
4151,"2023-01-08","2023-01-08",0,1,43.08,43.08,43.08
4152,"2020-12-25","2024-03-21",1182,4,150.37,601.48,150.37
4153,"2021-07-26","2022-01-11",169,3,47.99,143.96,47.99
4154,"2020-12-29","2020-12-29",0,1,93.26,93.26,93.26
4156,"2022-01-31","2024-03-25",784,3,117.90,353.69,117.90
4157,"2023-05-08","2023-05-08",0,1,27.89,27.89,27.89
4158,"2020-10-31","2025-04-06",1618,4,92.01,368.02,92.01
4159,"2022-05-12","2025-09-24",1231,3,79.06,237.18,79.06
4160,"2021-09-30","2024-01-18",840,2,64.97,129.94,64.97
4161,"2024-08-22","2024-08-22",0,1,48.35,48.35,48.35
4162,"2021-07-17","2024-11-13",1215,6,190.56,1143.34,190.56
4163,"2022-09-28","2024-12-21",815,2,146.55,293.09,146.55
4164,"2020-11-27","2025-05-09",1624,3,74.49,223.46,74.49
4165,"2020-07-04","2023-02-10",951,2,6.43,12.85,6.43
4166,"2021-08-28","2024-10-07",1136,3,88.44,265.32,88.44
4167,"2020-01-28","2025-09-13",2055,5,201.53,1007.67,201.53
4169,"2020-02-19","2020-02-19",0,1,14.01,14.01,14.01
4170,"2021-01-19","2025-09-15",1700,2,50.01,100.02,50.01
4171,"2023-07-22","2024-10-25",461,3,33.47,100.42,33.47
4172,"2020-02-04","2023-01-22",1083,3,146.14,438.43,146.14
4173,"2025-08-28","2025-08-28",0,1,148.89,148.89,148.89
4174,"2021-12-05","2021-12-05",0,1,256.23,256.23,256.23
4175,"2020-07-17","2024-02-10",1303,3,30.92,92.77,30.92
4176,"2022-11-09","2022-11-09",0,1,55.18,55.18,55.18
4177,"2022-03-15","2022-03-15",0,1,136.27,136.27,136.27
4178,"2020-01-12","2025-03-25",1899,3,70.75,212.26,70.75
4179,"2020-01-09","2024-04-23",1566,4,158.63,634.53,158.63
4180,"2023-05-19","2023-11-29",194,2,30.57,61.13,30.57
4182,"2021-12-10","2025-09-15",1375,2,60.85,121.70,60.85
4183,"2020-09-11","2020-09-11",0,1,99.09,99.09,99.09
4184,"2020-05-24","2025-07-03",1866,3,188.39,565.18,188.39
4185,"2021-03-29","2023-03-03",704,3,107.42,322.25,107.42
4186,"2020-04-22","2025-06-24",1889,2,144.95,289.89,144.95
4188,"2021-02-26","2024-07-10",1230,2,116.05,232.09,116.05
4189,"2022-04-27","2025-06-16",1146,4,32.85,131.41,32.85
4190,"2023-04-27","2023-04-27",0,1,34.41,34.41,34.41
4191,"2020-05-02","2024-11-06",1649,9,131.04,1179.38,131.04
4192,"2020-01-24","2025-01-27",1830,3,141.98,425.95,141.98
4193,"2020-01-13","2020-01-13",0,1,226.14,226.14,226.14
4194,"2021-12-18","2025-05-30",1259,2,144.84,289.67,144.84
4195,"2021-09-18","2023-07-24",674,2,195.84,391.67,195.84
4196,"2024-12-25","2024-12-25",0,1,27.47,27.47,27.47
4197,"2024-11-28","2024-11-28",0,1,105.81,105.81,105.81
4198,"2021-04-14","2023-06-12",789,2,118.11,236.22,118.11
4199,"2021-07-24","2025-01-18",1274,3,78.11,234.34,78.11
4200,"2021-07-25","2025-05-06",1381,2,169.06,338.11,169.06
4201,"2020-07-30","2025-05-13",1748,2,57.79,115.57,57.79
4202,"2022-07-08","2025-04-11",1008,2,170.75,341.50,170.75
4203,"2021-11-14","2024-06-10",939,3,99.24,297.72,99.24
4204,"2020-01-22","2025-08-18",2035,3,155.17,465.51,155.17
4205,"2023-05-24","2024-12-25",581,2,284.52,569.04,284.52
4206,"2021-03-11","2023-08-25",897,2,61.96,123.91,61.96
4209,"2022-09-03","2023-12-31",484,2,157.12,314.24,157.12
4210,"2023-01-19","2023-07-13",175,2,356.50,712.99,356.50
4211,"2020-02-18","2020-02-18",0,1,10.60,10.60,10.60
4212,"2022-10-18","2022-10-18",0,1,42.35,42.35,42.35
4213,"2021-02-06","2024-10-08",1340,4,310.40,1241.61,310.40
4214,"2023-11-11","2024-09-02",296,2,53.65,107.29,53.65
4215,"2022-04-20","2025-03-02",1047,2,52.60,105.20,52.60
4216,"2021-07-28","2024-11-01",1192,2,105.10,210.20,105.10
4218,"2021-04-30","2022-05-18",383,2,264.23,528.46,264.23
4219,"2020-03-19","2020-03-19",0,1,179.83,179.83,179.83
4221,"2020-03-28","2020-03-28",0,1,96.72,96.72,96.72
4222,"2021-05-31","2022-01-28",242,2,77.59,155.17,77.59
4223,"2023-09-17","2023-09-17",0,1,18.25,18.25,18.25
4226,"2022-11-04","2024-02-25",478,2,371.07,742.13,371.07
4227,"2021-06-16","2022-11-19",521,2,78.49,156.98,78.49
4228,"2023-01-11","2023-01-11",0,1,5.71,5.71,5.71
4229,"2021-07-05","2023-04-05",639,3,52.56,157.68,52.56
4230,"2024-03-29","2024-03-29",0,1,47.14,47.14,47.14
4231,"2023-07-02","2024-07-03",367,2,257.09,514.17,257.09
4232,"2023-03-12","2023-03-12",0,1,11.39,11.39,11.39
4233,"2024-03-11","2024-03-11",0,1,156.29,156.29,156.29
4234,"2021-01-17","2021-01-22",5,2,70.24,140.48,70.24
4235,"2021-06-27","2025-08-05",1500,4,166.49,665.94,166.49
4236,"2020-04-16","2021-02-19",309,2,160.05,320.10,160.05
4238,"2024-12-01","2024-12-01",0,1,10.04,10.04,10.04
4239,"2022-11-03","2022-11-03",0,1,134.27,134.27,134.27
4240,"2024-05-17","2024-05-17",0,1,27.51,27.51,27.51
4241,"2020-03-13","2023-05-18",1161,3,50.61,151.83,50.61
4242,"2021-11-16","2025-01-08",1149,3,78.02,234.05,78.02
4243,"2020-01-25","2025-10-03",2078,4,64.16,256.63,64.16
4246,"2021-12-14","2025-02-12",1156,2,173.92,347.83,173.92
4247,"2022-06-26","2023-04-21",299,2,114.68,229.35,114.68
4248,"2023-08-31","2025-07-28",697,2,359.44,718.88,359.44
4249,"2023-09-15","2023-09-15",0,1,31.89,31.89,31.89
4250,"2020-10-11","2024-07-11",1369,2,45.67,91.34,45.67
4252,"2022-10-10","2024-04-03",541,3,69.56,208.68,69.56
4254,"2020-03-08","2025-05-17",1896,2,64.92,129.84,64.92
4255,"2021-08-12","2022-07-14",336,2,44.85,89.69,44.85
4257,"2020-07-01","2022-06-14",713,2,14.84,29.68,14.84
4258,"2024-03-17","2024-03-17",0,1,296.06,296.06,296.06
4259,"2023-02-14","2023-02-14",0,1,6.52,6.52,6.52
4260,"2021-04-21","2022-02-07",292,2,35.87,71.74,35.87
4261,"2020-12-01","2021-05-23",173,2,20.71,41.42,20.71
4262,"2022-01-09","2022-01-09",0,1,25.41,25.41,25.41
4263,"2025-08-16","2025-08-16",0,1,28.05,28.05,28.05
4264,"2024-09-12","2024-09-12",0,1,45.69,45.69,45.69
4266,"2021-07-12","2021-09-29",79,2,97.84,195.68,97.84
4267,"2020-06-07","2020-06-07",0,1,69.21,69.21,69.21
4268,"2023-11-22","2023-11-22",0,1,87.96,87.96,87.96
4269,"2020-11-28","2024-04-14",1233,5,90.34,451.68,90.34
4270,"2021-06-24","2025-02-05",1322,2,286.53,573.06,286.53
4271,"2022-02-02","2023-12-04",670,2,197.90,395.79,197.90
4272,"2025-02-09","2025-02-09",0,1,58.31,58.31,58.31
4275,"2025-03-02","2025-10-07",219,2,85.50,171.00,85.50
4276,"2023-02-11","2023-02-11",0,1,215.69,215.69,215.69
4278,"2023-10-29","2025-01-12",441,3,88.95,266.84,88.95
4279,"2023-06-02","2023-06-02",0,1,44.56,44.56,44.56
4280,"2023-05-15","2023-05-15",0,1,156.27,156.27,156.27
4281,"2020-07-02","2022-08-20",779,2,114.16,228.31,114.16
4284,"2024-05-25","2025-07-11",412,2,28.10,56.20,28.10
4285,"2022-05-27","2023-11-04",526,2,167.96,335.92,167.96
4288,"2022-03-03","2022-12-12",284,2,98.02,196.03,98.02
4289,"2022-05-22","2022-05-22",0,1,121.13,121.13,121.13
4290,"2024-07-18","2024-07-18",0,1,607.38,607.38,607.38
4291,"2023-08-25","2024-08-15",356,2,125.28,250.55,125.28
4292,"2021-01-08","2023-12-07",1063,2,523.13,1046.26,523.13
4293,"2022-06-21","2023-03-01",253,2,51.73,103.45,51.73
4294,"2021-08-14","2021-08-14",0,1,113.38,113.38,113.38
4295,"2021-09-17","2024-09-07",1086,2,154.22,308.44,154.22
4296,"2021-01-14","2022-12-06",691,3,86.66,259.99,86.66
4297,"2022-06-26","2025-04-23",1032,3,60.85,182.54,60.85
4298,"2021-05-06","2021-05-06",0,1,26.70,26.70,26.70
4299,"2021-12-19","2023-03-16",452,2,44.91,89.81,44.91
4300,"2021-10-13","2021-10-13",0,1,128.46,128.46,128.46
4301,"2020-03-04","2022-08-08",887,2,77.92,155.83,77.92
4302,"2021-08-17","2024-01-21",887,3,590.42,1771.27,590.42
4303,"2021-03-10","2024-11-08",1339,2,33.10,66.19,33.10
4305,"2022-01-18","2024-05-03",836,3,135.29,405.88,135.29
4306,"2022-03-22","2022-03-22",0,1,18.25,18.25,18.25
4307,"2020-11-17","2022-02-11",451,2,161.74,323.47,161.74
4308,"2025-05-29","2025-05-29",0,1,10.64,10.64,10.64
4309,"2020-02-28","2024-04-13",1506,2,85.41,170.82,85.41
4310,"2024-12-10","2024-12-10",0,1,38.33,38.33,38.33
4311,"2024-11-03","2024-11-03",0,1,27.05,27.05,27.05
4312,"2021-06-07","2023-03-20",651,2,136.45,272.89,136.45
4314,"2022-11-11","2022-11-11",0,1,673.98,673.98,673.98
4315,"2024-11-28","2024-11-28",0,1,621.33,621.33,621.33
4317,"2021-05-15","2024-05-09",1090,3,161.32,483.95,161.32
4318,"2023-06-07","2024-12-11",553,4,83.19,332.75,83.19
4320,"2020-07-22","2025-06-05",1779,4,167.71,670.85,167.71
4322,"2021-09-15","2021-09-15",0,1,279.20,279.20,279.20
4325,"2022-03-17","2022-08-28",164,2,74.82,149.64,74.82
4326,"2020-09-30","2024-12-16",1538,5,52.98,264.88,52.98
4327,"2022-07-24","2022-11-10",109,2,40.49,80.97,40.49
4328,"2020-05-01","2025-03-18",1782,4,251.55,1006.18,251.55
4329,"2020-06-04","2020-06-27",23,2,181.94,363.88,181.94
4330,"2022-10-31","2022-10-31",0,1,111.50,111.50,111.50
4331,"2021-06-01","2021-06-01",0,1,110.04,110.04,110.04
4332,"2022-03-26","2022-03-26",0,1,809.42,809.42,809.42
4333,"2022-08-28","2022-08-28",0,1,172.79,172.79,172.79
4334,"2023-01-27","2025-08-23",939,4,243.99,975.94,243.99
4335,"2020-08-20","2020-08-20",0,1,80.22,80.22,80.22
4336,"2025-10-25","2025-10-25",0,1,114.98,114.98,114.98
4337,"2020-03-08","2022-06-11",825,3,61.24,183.73,61.24
4338,"2024-02-12","2024-02-12",0,1,40.76,40.76,40.76
4339,"2024-08-01","2024-08-01",0,1,328.31,328.31,328.31
4340,"2023-02-11","2023-02-11",0,1,357.26,357.26,357.26
4342,"2021-09-30","2022-04-11",193,2,152.23,304.46,152.23
4343,"2020-08-12","2024-07-11",1429,6,114.66,687.95,114.66
4344,"2020-12-02","2024-02-11",1166,2,264.84,529.68,264.84
4345,"2021-10-11","2021-10-11",0,1,105.11,105.11,105.11
4346,"2025-10-04","2025-10-04",0,1,15.06,15.06,15.06
4347,"2020-10-14","2023-08-26",1046,2,242.17,484.33,242.17
4349,"2022-08-21","2022-08-21",0,1,47.57,47.57,47.57
4350,"2021-06-10","2021-06-10",0,1,17.60,17.60,17.60
4353,"2020-02-02","2024-03-25",1513,3,94.10,282.29,94.10
4354,"2020-05-15","2023-10-06",1239,6,137.20,823.17,137.20
4355,"2025-10-06","2025-10-06",0,1,28.94,28.94,28.94
4357,"2024-12-28","2024-12-28",0,1,262.57,262.57,262.57
4358,"2022-01-05","2022-01-05",0,1,7.42,7.42,7.42
4359,"2022-05-05","2022-05-05",0,1,143.25,143.25,143.25
4360,"2023-08-13","2024-10-14",428,2,132.94,265.88,132.94
4362,"2020-01-25","2024-08-15",1664,4,175.11,700.42,175.11
4363,"2024-11-08","2024-11-08",0,1,69.47,69.47,69.47
4364,"2020-08-11","2025-06-28",1782,4,105.91,423.63,105.91
4365,"2020-04-18","2024-08-16",1581,2,147.95,295.89,147.95
4368,"2020-11-03","2023-01-16",804,2,48.10,96.19,48.10
4369,"2024-02-03","2024-11-05",276,2,91.83,183.66,91.83
4370,"2021-05-26","2025-06-22",1488,2,115.40,230.79,115.40
4371,"2021-03-10","2022-01-20",316,2,19.92,39.84,19.92
4372,"2021-05-23","2024-06-24",1128,2,104.79,209.57,104.79
4373,"2020-06-13","2025-04-21",1773,2,94.34,188.67,94.34
4374,"2021-11-14","2021-11-14",0,1,277.43,277.43,277.43
4376,"2020-02-06","2025-04-20",1900,3,110.68,332.03,110.68
4380,"2023-03-05","2023-03-05",0,1,23.31,23.31,23.31
4381,"2021-02-15","2021-07-10",145,2,98.43,196.86,98.43
4383,"2021-08-22","2021-08-22",0,1,223.66,223.66,223.66
4384,"2020-11-17","2021-12-04",382,2,96.93,193.86,96.93
4385,"2022-09-26","2022-09-26",0,1,55.22,55.22,55.22
4386,"2023-02-26","2025-06-16",841,3,208.36,625.09,208.36
4387,"2024-01-07","2024-01-07",0,1,102.67,102.67,102.67
4388,"2023-06-12","2024-03-16",278,3,248.48,745.43,248.48
4389,"2021-11-20","2022-03-08",108,2,16.51,33.01,16.51
4391,"2024-02-20","2024-02-20",0,1,297.92,297.92,297.92
4393,"2021-01-01","2021-01-01",0,1,193.13,193.13,193.13
4395,"2021-02-12","2022-11-25",651,3,146.23,438.69,146.23
4396,"2022-02-19","2022-02-20",1,2,141.89,283.78,141.89
4397,"2020-09-22","2020-09-22",0,1,53.28,53.28,53.28
4398,"2023-12-01","2025-05-25",541,2,37.54,75.07,37.54
4399,"2023-01-25","2023-01-25",0,1,865.60,865.60,865.60
4400,"2021-08-02","2021-08-02",0,1,50.99,50.99,50.99
4401,"2022-02-12","2022-08-06",175,2,351.77,703.53,351.77
4402,"2023-09-03","2023-09-03",0,1,110.16,110.16,110.16
4403,"2020-09-19","2025-03-28",1651,5,174.91,874.53,174.91
4404,"2020-10-17","2020-10-17",0,1,196.37,196.37,196.37
4405,"2020-03-04","2024-07-24",1603,3,204.32,612.96,204.32
4406,"2020-02-01","2024-07-03",1614,3,546.60,1639.79,546.60
4407,"2021-11-15","2024-01-05",781,2,95.55,191.09,95.55
4408,"2024-04-06","2024-04-06",0,1,17.91,17.91,17.91
4410,"2022-05-15","2025-03-23",1043,2,89.35,178.69,89.35
4411,"2022-02-24","2024-01-17",692,3,142.06,426.17,142.06
4412,"2021-02-11","2022-12-02",659,2,42.23,84.45,42.23
4413,"2023-08-03","2025-02-03",550,3,325.22,975.65,325.22
4414,"2021-09-10","2024-12-22",1199,3,502.30,1506.91,502.30
4415,"2022-11-22","2022-11-22",0,1,64.50,64.50,64.50
4417,"2022-05-08","2024-09-27",873,2,60.02,120.03,60.02
4419,"2022-12-22","2024-10-24",672,2,62.91,125.82,62.91
4420,"2020-10-22","2023-07-16",997,2,115.32,230.63,115.32
4421,"2021-03-09","2023-02-21",714,2,96.82,193.63,96.82
4423,"2021-06-04","2021-06-04",0,1,103.92,103.92,103.92
4424,"2021-01-29","2025-02-23",1486,5,58.16,290.78,58.16
4425,"2021-07-29","2022-07-02",338,2,55.49,110.97,55.49
4426,"2023-07-05","2023-07-05",0,1,26.10,26.10,26.10
4427,"2021-11-08","2024-06-01",936,2,83.90,167.80,83.90
4428,"2021-11-17","2023-01-01",410,2,65.81,131.62,65.81
4429,"2022-07-16","2022-07-16",0,1,538.80,538.80,538.80
4430,"2020-04-29","2023-05-20",1116,3,98.27,294.81,98.27
4431,"2020-03-14","2021-10-15",580,4,124.83,499.31,124.83
4432,"2022-01-29","2022-07-10",162,2,308.68,617.35,308.68
4434,"2020-04-06","2023-09-16",1258,2,140.85,281.70,140.85
4436,"2021-07-02","2021-11-23",144,3,144.98,434.93,144.98
4437,"2021-02-26","2023-03-10",742,2,75.66,151.32,75.66
4438,"2020-05-19","2024-04-30",1442,2,209.82,419.63,209.82
4440,"2021-04-24","2021-04-24",0,1,56.02,56.02,56.02
4441,"2020-08-12","2023-06-03",1025,2,147.55,295.10,147.55
4442,"2020-02-09","2025-09-01",2031,2,111.83,223.65,111.83
4443,"2021-06-07","2024-04-24",1052,3,76.95,230.84,76.95
4445,"2024-09-01","2024-09-01",0,1,71.64,71.64,71.64
4446,"2020-08-03","2022-10-27",815,3,123.36,370.08,123.36
4447,"2023-08-09","2024-09-01",389,2,466.65,933.29,466.65
4448,"2023-07-27","2023-07-27",0,1,737.50,737.50,737.50
4449,"2022-03-29","2025-06-16",1175,2,163.82,327.63,163.82
4450,"2020-02-04","2024-07-06",1614,5,195.56,977.79,195.56
4451,"2025-05-16","2025-05-16",0,1,67.97,67.97,67.97
4452,"2021-07-01","2024-09-08",1165,3,207.66,622.97,207.66
4453,"2021-04-12","2025-08-22",1593,2,86.31,172.61,86.31
4454,"2020-04-13","2025-02-23",1777,4,90.16,360.64,90.16
4455,"2023-03-30","2023-03-30",0,1,70.77,70.77,70.77
4456,"2025-04-22","2025-04-22",0,1,149.22,149.22,149.22
4457,"2022-03-30","2024-11-10",956,3,41.48,124.43,41.48
4458,"2021-09-08","2022-03-23",196,2,229.13,458.26,229.13
4459,"2022-08-26","2022-08-26",0,1,83.46,83.46,83.46
4460,"2023-03-13","2023-03-13",0,1,29.29,29.29,29.29
4461,"2020-08-27","2020-08-27",0,1,75.47,75.47,75.47
4462,"2022-08-23","2022-08-23",0,1,223.01,223.01,223.01
4464,"2024-11-10","2024-12-21",41,2,87.61,175.21,87.61
4465,"2025-05-02","2025-05-02",0,1,22.89,22.89,22.89
4466,"2023-06-22","2023-06-22",0,1,91.63,91.63,91.63
4468,"2021-03-15","2025-02-08",1426,2,60.19,120.38,60.19
4471,"2022-08-20","2022-08-20",0,1,308.19,308.19,308.19
4472,"2022-11-30","2025-09-17",1022,3,253.75,761.25,253.75
4473,"2023-06-12","2023-06-12",0,1,273.09,273.09,273.09
4474,"2025-10-27","2025-10-27",0,1,7.67,7.67,7.67
4475,"2020-03-27","2023-11-04",1317,2,98.09,196.18,98.09
4476,"2025-06-02","2025-06-02",0,1,100.00,100.00,100.00
4477,"2022-11-19","2022-11-19",0,1,303.81,303.81,303.81
4478,"2020-12-11","2023-04-29",869,4,155.89,623.55,155.89
4479,"2022-03-06","2022-03-06",0,1,56.49,56.49,56.49
4480,"2020-08-19","2024-01-28",1257,5,152.77,763.83,152.77
4481,"2021-03-15","2021-03-15",0,1,193.85,193.85,193.85
4482,"2021-11-01","2025-05-09",1285,3,128.15,384.44,128.15
4483,"2021-01-01","2023-01-16",745,2,48.67,97.34,48.67
4485,"2020-05-06","2023-08-25",1206,2,159.22,318.44,159.22
4486,"2021-12-23","2021-12-23",0,1,84.25,84.25,84.25
4487,"2022-10-02","2024-11-17",777,2,36.15,72.30,36.15
4488,"2021-11-09","2023-08-14",643,3,130.46,391.37,130.46
4490,"2020-08-30","2021-04-08",221,2,45.04,90.07,45.04
4491,"2020-02-27","2025-10-25",2067,5,121.01,605.07,121.01
4492,"2021-05-04","2024-06-18",1141,2,203.81,407.61,203.81
4493,"2020-10-09","2024-08-07",1398,6,136.26,817.54,136.26
4494,"2021-02-05","2024-11-29",1393,4,102.74,410.94,102.74
4495,"2024-06-30","2025-03-22",265,2,26.58,53.16,26.58
4496,"2022-06-05","2022-06-05",0,1,31.32,31.32,31.32
4497,"2022-06-23","2025-09-30",1195,5,81.51,407.55,81.51
4498,"2023-06-20","2023-06-20",0,1,79.30,79.30,79.30
4501,"2025-08-03","2025-09-14",42,2,150.70,301.40,150.70
4502,"2023-10-02","2023-10-02",0,1,102.76,102.76,102.76
4504,"2020-10-20","2020-10-20",0,1,91.63,91.63,91.63
4505,"2022-06-25","2022-06-25",0,1,126.33,126.33,126.33
4506,"2020-11-14","2024-06-17",1311,2,61.77,123.53,61.77
4507,"2020-07-17","2022-09-04",779,2,25.90,51.80,25.90
4508,"2021-09-29","2024-05-04",948,5,152.40,762.00,152.40
4509,"2023-01-28","2023-01-28",0,1,5.53,5.53,5.53
4510,"2020-08-17","2025-09-01",1841,3,43.56,130.68,43.56
4511,"2021-11-27","2025-09-14",1387,3,36.02,108.05,36.02
4512,"2022-08-03","2023-06-16",317,2,326.64,653.28,326.64
4513,"2024-03-04","2024-06-01",89,2,68.32,136.63,68.32
4515,"2022-01-01","2024-12-21",1085,3,308.23,924.69,308.23
4518,"2024-06-10","2024-06-10",0,1,90.53,90.53,90.53
4520,"2020-08-01","2024-12-14",1596,2,73.40,146.79,73.40
4521,"2025-09-16","2025-09-16",0,1,42.06,42.06,42.06
4522,"2021-05-06","2023-09-10",857,2,60.48,120.95,60.48
4523,"2020-11-18","2020-11-18",0,1,39.06,39.06,39.06
4524,"2023-06-05","2025-05-15",710,3,207.44,622.33,207.44
4525,"2021-03-10","2023-10-28",962,2,332.53,665.05,332.53
4526,"2023-09-03","2023-11-16",74,2,119.69,239.37,119.69
4528,"2022-05-13","2022-05-13",0,1,81.26,81.26,81.26
4531,"2021-11-05","2023-12-20",775,3,148.81,446.42,148.81
4532,"2022-08-29","2025-08-01",1068,2,63.17,126.34,63.17
4533,"2020-11-16","2025-05-08",1634,3,133.52,400.55,133.52
4534,"2021-05-13","2025-08-30",1570,3,386.44,1159.32,386.44
4535,"2020-06-15","2023-10-04",1206,4,87.27,349.09,87.27
4536,"2022-09-24","2025-10-04",1106,3,143.73,431.19,143.73
4538,"2024-10-28","2024-10-28",0,1,138.63,138.63,138.63
4539,"2024-09-08","2024-09-08",0,1,40.78,40.78,40.78
4540,"2022-01-12","2024-04-14",823,2,54.51,109.01,54.51
4541,"2021-05-05","2024-08-05",1188,5,102.81,514.07,102.81
4543,"2023-01-17","2024-08-17",578,3,62.35,187.06,62.35
4544,"2020-01-16","2023-05-09",1209,2,22.46,44.92,22.46
4545,"2020-03-17","2020-03-17",0,1,70.70,70.70,70.70
4546,"2024-07-05","2025-04-11",280,2,252.15,504.30,252.15
4547,"2021-05-27","2025-10-26",1613,2,248.48,496.95,248.48
4548,"2020-06-04","2022-10-14",862,3,82.58,247.74,82.58
4549,"2021-01-03","2024-09-15",1351,6,154.45,926.72,154.45
4550,"2022-03-21","2025-05-17",1153,2,70.09,140.18,70.09
4551,"2024-12-13","2024-12-13",0,1,85.51,85.51,85.51
4552,"2021-12-08","2025-05-15",1254,3,190.09,570.27,190.09
4553,"2020-01-21","2021-07-11",537,2,179.78,359.55,179.78
4554,"2021-07-06","2024-07-25",1115,3,137.81,413.44,137.81
4555,"2024-07-20","2024-07-20",0,1,26.50,26.50,26.50
4556,"2024-04-30","2025-09-16",504,2,45.78,91.56,45.78
4557,"2023-04-17","2025-02-12",667,3,60.68,182.03,60.68
4558,"2021-09-25","2023-06-19",632,2,136.39,272.78,136.39
4559,"2025-03-13","2025-03-13",0,1,25.79,25.79,25.79
4560,"2020-07-08","2020-07-08",0,1,294.48,294.48,294.48
4562,"2020-12-12","2022-12-19",737,3,82.54,247.63,82.54
4563,"2021-08-02","2025-06-08",1406,4,196.32,785.26,196.32
4565,"2021-01-03","2024-11-18",1415,3,57.77,173.31,57.77
4567,"2021-11-29","2021-11-29",0,1,211.45,211.45,211.45
4568,"2020-01-09","2022-12-23",1079,2,181.60,363.19,181.60
4569,"2023-11-11","2023-11-11",0,1,118.70,118.70,118.70
4570,"2020-07-29","2022-09-26",789,2,94.82,189.63,94.82
4571,"2020-08-25","2021-08-20",360,2,230.16,460.32,230.16
4572,"2023-11-13","2024-06-01",201,2,181.88,363.76,181.88
4573,"2023-08-06","2025-07-23",717,3,126.85,380.54,126.85
4574,"2021-05-02","2023-12-28",970,4,123.79,495.14,123.79
4577,"2023-06-11","2023-06-11",0,1,38.16,38.16,38.16
4578,"2024-10-16","2024-10-16",0,1,144.39,144.39,144.39
4579,"2023-03-02","2023-03-02",0,1,83.31,83.31,83.31
4581,"2021-01-09","2023-12-17",1072,2,176.72,353.44,176.72
4582,"2021-06-15","2022-06-26",376,2,95.76,191.51,95.76
4583,"2022-12-19","2023-11-11",327,2,28.41,56.81,28.41
4584,"2024-10-14","2024-12-24",71,2,845.58,1691.16,845.58
4585,"2023-10-25","2023-10-25",0,1,17.42,17.42,17.42
4587,"2024-03-15","2024-03-15",0,1,95.49,95.49,95.49
4589,"2021-12-16","2021-12-16",0,1,232.86,232.86,232.86
4590,"2023-11-20","2025-08-23",642,2,166.55,333.09,166.55
4591,"2021-04-13","2021-04-13",0,1,45.78,45.78,45.78
4592,"2021-02-09","2022-06-06",482,2,12.01,24.01,12.01
4593,"2024-05-03","2024-05-03",0,1,61.51,61.51,61.51
4594,"2023-12-25","2023-12-25",0,1,12.73,12.73,12.73
4595,"2024-06-08","2024-06-08",0,1,7.39,7.39,7.39
4597,"2020-06-16","2020-06-16",0,1,76.01,76.01,76.01
4598,"2020-07-20","2025-10-24",1922,2,91.00,182.00,91.00
4599,"2024-10-24","2024-10-24",0,1,168.27,168.27,168.27
4600,"2021-12-19","2025-09-04",1355,3,76.47,229.42,76.47
4601,"2021-10-15","2024-02-01",839,3,156.57,469.72,156.57
4602,"2023-04-20","2023-04-26",6,2,31.21,62.42,31.21
4604,"2022-04-06","2022-04-06",0,1,33.58,33.58,33.58
4605,"2023-04-29","2024-04-20",357,2,56.27,112.53,56.27
4606,"2023-11-02","2023-11-02",0,1,19.35,19.35,19.35
4607,"2021-05-21","2023-01-31",620,2,53.55,107.09,53.55
4608,"2022-05-14","2023-01-16",247,2,136.75,273.50,136.75
4609,"2022-03-18","2024-10-11",938,2,48.65,97.30,48.65
4610,"2022-01-31","2022-01-31",0,1,19.58,19.58,19.58
4611,"2020-12-01","2021-01-20",50,2,144.97,289.94,144.97
4612,"2020-02-01","2025-09-24",2062,3,197.97,593.90,197.97
4613,"2021-09-14","2025-03-27",1290,2,108.72,217.43,108.72
4614,"2020-04-28","2020-06-26",59,2,145.70,291.40,145.70
4616,"2025-05-18","2025-05-18",0,1,27.45,27.45,27.45
4618,"2021-11-07","2021-11-07",0,1,7.27,7.27,7.27
4619,"2021-03-08","2024-08-28",1269,2,240.58,481.16,240.58
4621,"2024-11-17","2025-03-13",116,2,157.64,315.28,157.64
4622,"2022-07-18","2024-09-17",792,2,135.58,271.16,135.58
4623,"2020-09-21","2022-06-04",621,3,138.65,415.95,138.65
4625,"2021-11-27","2024-07-14",960,2,151.03,302.06,151.03
4626,"2022-01-06","2022-01-06",0,1,179.51,179.51,179.51
4627,"2022-10-30","2022-10-30",0,1,372.14,372.14,372.14
4629,"2020-03-22","2025-07-22",1948,5,112.24,561.21,112.24
4630,"2023-11-18","2023-11-18",0,1,612.54,612.54,612.54
4631,"2021-04-16","2021-11-19",217,2,395.82,791.63,395.82
4632,"2020-05-27","2025-01-29",1708,3,161.21,483.62,161.21
4633,"2021-12-19","2025-08-14",1334,2,136.22,272.43,136.22
4634,"2023-01-22","2023-01-22",0,1,61.54,61.54,61.54
4635,"2021-02-28","2024-09-16",1296,4,92.25,368.99,92.25
4636,"2021-11-09","2025-01-25",1173,4,158.93,635.72,158.93
4637,"2023-10-23","2025-03-10",504,3,117.90,353.69,117.90
4638,"2020-02-16","2024-04-13",1518,2,302.24,604.48,302.24
4640,"2021-05-03","2025-03-16",1413,4,156.83,627.30,156.83
4641,"2020-12-19","2024-09-29",1380,5,126.43,632.16,126.43
4643,"2025-05-27","2025-05-27",0,1,192.98,192.98,192.98
4644,"2020-03-09","2021-02-21",349,2,122.23,244.45,122.23
4645,"2022-03-22","2022-03-22",0,1,29.29,29.29,29.29
4646,"2023-06-15","2023-06-15",0,1,97.28,97.28,97.28
4647,"2021-01-13","2023-07-28",926,2,877.93,1755.86,877.93
4648,"2021-04-03","2024-12-30",1367,3,121.62,364.85,121.62
4649,"2024-12-26","2024-12-26",0,1,7.04,7.04,7.04
4650,"2022-01-06","2025-04-17",1197,3,199.08,597.24,199.08
4651,"2020-11-19","2021-06-08",201,2,60.04,120.08,60.04
4652,"2023-07-07","2023-07-07",0,1,55.94,55.94,55.94
4653,"2021-10-05","2025-01-03",1186,2,154.39,308.77,154.39
4654,"2020-12-09","2020-12-09",0,1,361.44,361.44,361.44
4656,"2020-08-02","2024-06-18",1416,5,253.68,1268.41,253.68
4659,"2021-04-16","2025-05-24",1499,5,61.23,306.13,61.23
4660,"2020-10-21","2021-05-20",211,3,28.74,86.21,28.74
4661,"2025-06-22","2025-06-22",0,1,74.14,74.14,74.14
4663,"2024-01-03","2024-12-27",359,2,147.83,295.65,147.83
4664,"2021-07-17","2021-07-17",0,1,35.49,35.49,35.49
4665,"2020-04-18","2023-06-15",1153,3,97.27,291.81,97.27
4666,"2021-08-01","2021-08-28",27,2,134.33,268.66,134.33
4667,"2023-04-16","2023-04-16",0,1,29.53,29.53,29.53
4668,"2023-04-10","2024-08-06",484,3,66.13,198.38,66.13
4669,"2024-09-29","2024-09-29",0,1,287.39,287.39,287.39
4670,"2024-02-12","2024-02-12",0,1,43.66,43.66,43.66
4672,"2023-06-19","2023-06-19",0,1,464.48,464.48,464.48
4673,"2020-02-28","2020-02-28",0,1,220.78,220.78,220.78
4674,"2021-04-13","2021-12-12",243,2,226.28,452.55,226.28
4675,"2020-03-25","2023-03-21",1091,3,183.84,551.52,183.84
4676,"2021-07-03","2025-06-20",1448,3,137.48,412.45,137.48
4677,"2021-03-31","2023-01-15",655,2,139.63,279.25,139.63
4678,"2023-04-04","2025-01-19",656,2,21.19,42.38,21.19
4679,"2021-09-22","2022-12-17",451,2,155.84,311.68,155.84
4680,"2023-05-06","2023-06-28",53,2,111.01,222.01,111.01
4681,"2023-10-06","2024-09-27",357,3,79.10,237.30,79.10
4682,"2020-08-30","2025-02-20",1635,2,318.68,637.36,318.68
4683,"2024-03-06","2024-11-12",251,2,42.57,85.14,42.57
4684,"2023-02-01","2025-05-30",849,3,124.51,373.52,124.51
4686,"2021-06-15","2021-06-15",0,1,146.84,146.84,146.84
4687,"2023-07-15","2023-11-29",137,2,141.17,282.34,141.17
4688,"2025-01-02","2025-01-02",0,1,108.85,108.85,108.85
4689,"2020-08-05","2020-08-05",0,1,89.20,89.20,89.20
4690,"2024-11-06","2024-11-06",0,1,48.54,48.54,48.54
4691,"2020-05-10","2020-05-10",0,1,24.33,24.33,24.33
4692,"2022-04-04","2023-06-06",428,2,79.08,158.16,79.08
4693,"2021-07-22","2021-07-22",0,1,223.62,223.62,223.62
4694,"2020-10-16","2025-05-01",1658,2,61.12,122.23,61.12
4696,"2024-03-30","2024-03-30",0,1,66.53,66.53,66.53
4697,"2020-04-14","2020-05-21",37,2,93.77,187.54,93.77
4698,"2023-05-12","2025-07-11",791,3,71.35,214.04,71.35
4699,"2022-11-09","2025-07-18",982,3,80.40,241.21,80.40
4700,"2022-03-12","2025-08-11",1248,3,169.13,507.39,169.13
4702,"2022-10-13","2022-10-13",0,1,88.96,88.96,88.96
4703,"2025-09-08","2025-09-08",0,1,25.31,25.31,25.31
4704,"2021-10-20","2022-01-05",77,2,144.67,289.33,144.67
4705,"2024-02-01","2025-08-12",558,3,151.22,453.66,151.22
4706,"2022-03-25","2022-03-25",0,1,57.52,57.52,57.52
4707,"2020-09-19","2020-09-19",0,1,61.50,61.50,61.50
4708,"2022-12-19","2022-12-19",0,1,421.64,421.64,421.64
4709,"2020-05-08","2020-11-21",197,2,107.31,214.62,107.31
4710,"2024-09-20","2024-09-20",0,1,136.09,136.09,136.09
4714,"2022-09-13","2022-09-13",0,1,178.35,178.35,178.35
4715,"2020-12-28","2022-11-07",679,2,83.78,167.55,83.78
4717,"2020-11-30","2025-05-15",1627,3,93.45,280.36,93.45
4719,"2024-05-23","2024-05-23",0,1,78.00,78.00,78.00
4720,"2020-12-28","2025-01-23",1487,2,42.85,85.69,42.85
4721,"2023-05-22","2024-08-18",454,2,110.31,220.62,110.31
4722,"2021-09-28","2024-11-20",1149,4,100.52,402.09,100.52
4723,"2020-02-21","2020-02-21",0,1,165.74,165.74,165.74
4724,"2023-01-17","2023-01-17",0,1,203.61,203.61,203.61
4725,"2024-08-18","2024-08-18",0,1,28.73,28.73,28.73
4726,"2021-01-27","2025-10-19",1726,5,149.02,745.12,149.02
4727,"2022-10-30","2025-04-27",910,4,67.89,271.55,67.89
4728,"2021-11-21","2024-06-20",942,2,86.30,172.60,86.30
4729,"2020-01-23","2023-09-21",1337,3,77.89,233.67,77.89
4730,"2022-12-15","2025-05-26",893,4,237.45,949.78,237.45
4732,"2022-05-09","2024-07-22",805,3,75.04,225.12,75.04
4733,"2024-10-25","2024-10-25",0,1,113.32,113.32,113.32
4735,"2024-10-29","2025-06-16",230,3,260.94,782.83,260.94
4736,"2023-05-28","2023-05-28",0,1,24.73,24.73,24.73
4737,"2021-09-12","2021-09-12",0,1,131.00,131.00,131.00
4738,"2024-04-12","2025-10-22",558,3,34.99,104.97,34.99
4739,"2023-11-02","2025-07-22",628,2,43.88,87.75,43.88
4740,"2020-10-06","2025-06-05",1703,3,192.04,576.11,192.04
4741,"2022-10-26","2023-04-21",177,2,47.51,95.02,47.51
4742,"2021-01-09","2025-03-29",1540,3,79.64,238.93,79.64
4743,"2022-08-10","2024-08-22",743,2,134.05,268.09,134.05
4744,"2021-07-15","2023-04-01",625,3,64.30,192.91,64.30
4745,"2022-09-20","2022-09-20",0,1,63.56,63.56,63.56
4746,"2022-04-24","2022-04-24",0,1,53.96,53.96,53.96
4748,"2021-09-02","2025-06-25",1392,2,70.26,140.52,70.26
4749,"2021-03-24","2023-06-20",818,3,352.84,1058.53,352.84
4750,"2021-10-21","2021-10-21",0,1,73.44,73.44,73.44
4751,"2024-07-12","2025-04-13",275,2,253.10,506.19,253.10
4752,"2022-01-20","2025-10-23",1372,2,182.34,364.67,182.34
4753,"2021-06-12","2023-02-04",602,3,78.92,236.75,78.92
4754,"2021-01-27","2022-06-05",494,2,66.59,133.17,66.59
4757,"2020-03-22","2021-10-28",585,4,78.13,312.53,78.13
4758,"2020-07-24","2020-12-05",134,2,101.22,202.44,101.22
4760,"2020-04-08","2024-07-10",1554,3,68.89,206.66,68.89
4762,"2022-07-22","2022-07-22",0,1,28.59,28.59,28.59
4763,"2020-06-25","2025-05-03",1773,3,57.25,171.74,57.25
4764,"2021-02-13","2025-07-18",1616,2,85.27,170.53,85.27
4765,"2020-01-13","2024-06-09",1609,3,71.58,214.74,71.58
4766,"2020-05-01","2020-05-01",0,1,103.64,103.64,103.64
4767,"2020-02-06","2023-09-26",1328,3,68.91,206.74,68.91
4768,"2020-04-25","2020-05-30",35,2,17.89,35.78,17.89
4769,"2020-10-06","2020-10-06",0,1,97.33,97.33,97.33
4770,"2024-08-31","2025-03-11",192,2,277.75,555.49,277.75
4771,"2022-08-24","2022-08-24",0,1,192.69,192.69,192.69
4772,"2021-11-28","2023-04-25",513,4,202.49,809.96,202.49
4773,"2021-08-13","2021-08-13",0,1,172.55,172.55,172.55
4774,"2020-10-25","2025-05-21",1669,4,63.10,252.39,63.10
4775,"2021-03-08","2022-03-20",377,2,184.07,368.14,184.07
4776,"2025-10-07","2025-10-07",0,1,262.57,262.57,262.57
4777,"2021-04-27","2021-04-27",0,1,83.09,83.09,83.09
4778,"2021-02-03","2021-08-27",205,2,114.09,228.18,114.09
4779,"2023-06-04","2025-08-07",795,3,205.46,616.38,205.46
4780,"2022-02-21","2022-02-21",0,1,30.89,30.89,30.89
4782,"2021-04-17","2024-07-10",1180,3,175.57,526.70,175.57
4783,"2021-07-28","2021-07-28",0,1,188.07,188.07,188.07
4784,"2020-11-14","2022-01-01",413,2,111.82,223.64,111.82
4786,"2024-04-11","2024-04-11",0,1,11.22,11.22,11.22
4787,"2020-04-24","2022-06-10",777,2,64.09,128.18,64.09
4788,"2025-01-05","2025-01-05",0,1,501.65,501.65,501.65
4790,"2020-11-01","2025-07-01",1703,4,141.08,564.33,141.08
4791,"2020-02-12","2024-10-11",1703,3,380.83,1142.50,380.83
4792,"2025-07-25","2025-07-25",0,1,201.78,201.78,201.78
4793,"2025-05-04","2025-05-04",0,1,544.54,544.54,544.54
4794,"2021-01-15","2025-08-28",1686,3,172.15,516.44,172.15
4795,"2020-04-30","2025-10-21",2000,6,98.96,593.74,98.96
4796,"2020-05-02","2021-05-02",365,3,182.12,546.35,182.12
4799,"2022-09-16","2023-08-03",321,3,141.30,423.90,141.30
4800,"2021-02-05","2025-07-04",1610,5,170.10,850.49,170.10
4801,"2025-08-10","2025-08-10",0,1,236.52,236.52,236.52
4802,"2021-06-06","2024-02-21",990,2,61.97,123.94,61.97
4803,"2021-03-20","2022-07-01",468,4,97.90,391.60,97.90
4806,"2025-01-28","2025-01-28",0,1,41.67,41.67,41.67
4807,"2023-09-13","2023-09-13",0,1,25.74,25.74,25.74
4808,"2020-10-25","2020-10-25",0,1,141.18,141.18,141.18
4809,"2022-06-23","2024-06-13",721,3,239.14,717.41,239.14
4810,"2020-07-16","2025-01-23",1652,4,95.50,382.01,95.50
4811,"2020-10-23","2022-05-19",573,2,89.09,178.17,89.09
4812,"2020-09-10","2024-08-14",1434,4,54.29,217.16,54.29
4813,"2022-06-30","2022-08-17",48,2,16.03,32.06,16.03
4814,"2021-09-27","2025-04-29",1310,4,53.41,213.63,53.41
4815,"2024-02-08","2024-02-08",0,1,102.13,102.13,102.13
4818,"2021-11-30","2025-01-25",1152,2,136.31,272.61,136.31
4819,"2021-05-24","2021-05-24",0,1,151.66,151.66,151.66
4820,"2021-06-30","2023-06-11",711,3,106.00,318.01,106.00
4821,"2024-09-20","2024-09-20",0,1,34.62,34.62,34.62
4822,"2022-02-15","2025-04-24",1164,4,124.02,496.08,124.02
4824,"2020-10-31","2025-01-29",1551,4,111.01,444.04,111.01
4825,"2020-03-26","2025-01-16",1757,3,42.54,127.63,42.54
4827,"2023-12-16","2023-12-16",0,1,12.44,12.44,12.44
4828,"2021-06-14","2022-07-17",398,2,70.33,140.65,70.33
4829,"2020-09-11","2023-12-29",1204,2,345.19,690.37,345.19
4831,"2020-10-28","2025-10-24",1822,2,215.32,430.64,215.32
4833,"2023-10-20","2024-10-03",349,2,99.89,199.78,99.89
4834,"2024-09-19","2024-09-19",0,1,38.63,38.63,38.63
4836,"2021-09-06","2024-02-11",888,2,113.06,226.11,113.06
4837,"2022-04-16","2022-04-16",0,1,91.12,91.12,91.12
4838,"2021-09-01","2025-03-11",1287,3,67.29,201.88,67.29
4839,"2021-02-20","2023-04-08",777,3,187.02,561.05,187.02
4840,"2021-07-24","2023-06-04",680,2,400.55,801.09,400.55
4841,"2024-05-30","2024-05-30",0,1,180.78,180.78,180.78
4842,"2024-10-31","2025-08-15",288,3,239.10,717.29,239.10
4843,"2022-12-21","2022-12-21",0,1,49.02,49.02,49.02
4845,"2025-04-14","2025-04-14",0,1,12.09,12.09,12.09
4847,"2021-08-12","2022-03-20",220,2,261.09,522.18,261.09
4848,"2020-05-25","2020-05-25",0,1,44.98,44.98,44.98
4849,"2022-11-02","2022-11-02",0,1,41.50,41.50,41.50
4850,"2020-01-06","2022-08-28",965,2,206.94,413.88,206.94
4852,"2021-07-20","2021-07-20",0,1,479.80,479.80,479.80
4853,"2021-09-14","2025-10-29",1506,3,127.81,383.42,127.81
4854,"2022-08-22","2022-08-22",0,1,49.05,49.05,49.05
4855,"2021-08-21","2021-12-06",107,2,323.91,647.81,323.91
4856,"2021-03-23","2025-09-22",1644,4,155.87,623.47,155.87
4857,"2022-02-26","2025-06-18",1208,2,20.37,40.74,20.37
4858,"2021-01-04","2024-06-08",1251,3,96.62,289.85,96.62
4859,"2020-06-12","2024-05-20",1438,2,160.55,321.09,160.55
4860,"2024-09-20","2024-09-20",0,1,10.38,10.38,10.38
4862,"2021-04-03","2025-08-30",1610,3,32.00,96.01,32.00
4863,"2022-11-20","2022-11-20",0,1,23.62,23.62,23.62
4866,"2020-01-17","2024-12-03",1782,5,133.08,665.41,133.08
4867,"2022-06-16","2025-04-28",1047,4,124.13,496.50,124.13
4868,"2025-01-09","2025-01-09",0,1,367.40,367.40,367.40
4869,"2022-02-28","2022-02-28",0,1,71.35,71.35,71.35
4871,"2021-06-03","2021-06-03",0,1,208.56,208.56,208.56
4872,"2025-01-01","2025-01-01",0,1,21.90,21.90,21.90
4873,"2022-08-25","2023-01-28",156,2,229.19,458.37,229.19
4874,"2024-08-12","2024-08-12",0,1,38.88,38.88,38.88
4878,"2023-09-07","2023-09-07",0,1,12.41,12.41,12.41
4880,"2022-03-02","2022-03-02",0,1,170.09,170.09,170.09
4881,"2020-06-05","2024-06-07",1463,2,32.38,64.76,32.38
4882,"2022-12-20","2024-08-09",598,3,202.37,607.11,202.37
4883,"2021-09-04","2021-09-04",0,1,98.83,98.83,98.83
4884,"2020-06-04","2024-10-08",1587,3,61.49,184.46,61.49
4886,"2024-09-25","2024-09-25",0,1,113.81,113.81,113.81
4887,"2022-06-29","2025-04-05",1011,3,86.90,260.69,86.90
4888,"2020-01-13","2025-02-07",1852,4,109.39,437.56,109.39
4890,"2020-01-04","2025-06-14",1988,4,161.57,646.28,161.57
4891,"2022-01-17","2022-01-17",0,1,221.34,221.34,221.34
4892,"2021-01-19","2024-11-08",1389,2,143.86,287.72,143.86
4893,"2021-04-03","2022-02-17",320,2,81.37,162.73,81.37
4894,"2023-10-30","2023-10-30",0,1,4.73,4.73,4.73
4895,"2021-10-22","2023-03-17",511,2,125.09,250.18,125.09
4897,"2021-01-12","2021-01-12",0,1,144.75,144.75,144.75
4898,"2020-10-08","2025-04-29",1664,3,48.40,145.21,48.40
4899,"2020-06-23","2021-12-17",542,2,96.39,192.77,96.39
4900,"2021-07-18","2022-02-02",199,4,453.76,1815.04,453.76
4901,"2020-05-30","2025-03-06",1741,2,231.32,462.63,231.32
4904,"2024-07-11","2024-07-11",0,1,130.26,130.26,130.26
4905,"2021-09-13","2021-09-13",0,1,146.03,146.03,146.03
4906,"2023-10-11","2023-10-11",0,1,186.18,186.18,186.18
4907,"2021-06-08","2023-10-29",873,3,117.57,352.71,117.57
4908,"2020-05-14","2025-06-24",1867,3,46.89,140.68,46.89
4910,"2023-06-10","2023-06-10",0,1,118.78,118.78,118.78
4911,"2020-09-18","2020-09-18",0,1,124.88,124.88,124.88
4912,"2021-03-30","2021-03-30",0,1,143.62,143.62,143.62
4913,"2023-10-23","2023-10-23",0,1,111.49,111.49,111.49
4914,"2023-06-17","2024-08-11",421,2,215.38,430.76,215.38
4915,"2022-04-18","2023-03-06",322,2,103.12,206.24,103.12
4916,"2020-04-05","2020-06-17",73,2,19.05,38.10,19.05
4920,"2023-05-07","2023-05-07",0,1,173.78,173.78,173.78
4922,"2022-08-16","2022-08-16",0,1,656.73,656.73,656.73
4924,"2023-10-12","2023-10-12",0,1,33.14,33.14,33.14
4925,"2022-10-13","2022-10-13",0,1,305.26,305.26,305.26
4926,"2020-12-21","2023-11-26",1070,2,87.82,175.64,87.82
4927,"2020-02-11","2025-05-20",1925,3,70.20,210.61,70.20
4929,"2023-03-09","2023-03-09",0,1,45.31,45.31,45.31
4931,"2021-11-08","2024-09-04",1031,2,132.64,265.28,132.64
4932,"2022-06-14","2025-05-28",1079,3,79.08,237.24,79.08
4933,"2020-10-12","2025-02-18",1590,5,171.35,856.77,171.35
4934,"2021-01-23","2022-12-24",700,2,406.10,812.19,406.10
4935,"2020-04-13","2023-02-07",1030,2,165.71,331.42,165.71
4936,"2023-02-09","2025-08-27",930,2,355.80,711.59,355.80
4938,"2023-02-26","2023-02-26",0,1,123.94,123.94,123.94
4939,"2023-12-16","2024-04-24",130,3,114.55,343.66,114.55
4940,"2020-10-03","2021-05-23",232,3,215.36,646.09,215.36
4941,"2021-01-16","2021-04-25",99,2,267.84,535.67,267.84
4942,"2021-09-08","2023-11-26",809,2,91.46,182.92,91.46
4943,"2020-04-20","2022-04-26",736,2,50.42,100.83,50.42
4944,"2025-10-04","2025-10-04",0,1,35.02,35.02,35.02
4946,"2020-04-29","2020-04-29",0,1,81.10,81.10,81.10
4947,"2020-02-09","2022-05-06",817,2,42.51,85.01,42.51
4948,"2024-09-16","2024-09-16",0,1,104.60,104.60,104.60
4949,"2021-03-10","2021-03-10",0,1,28.89,28.89,28.89
4950,"2021-05-20","2024-08-18",1186,4,211.55,846.21,211.55
4951,"2020-09-02","2022-09-27",755,2,192.76,385.51,192.76
4952,"2020-05-24","2023-11-11",1266,2,57.32,114.64,57.32
4953,"2020-03-03","2024-06-07",1557,2,204.65,409.30,204.65
4954,"2025-01-21","2025-01-21",0,1,42.86,42.86,42.86
4955,"2020-06-20","2020-06-20",0,1,160.12,160.12,160.12
4956,"2024-12-19","2024-12-19",0,1,97.37,97.37,97.37
4957,"2023-04-12","2023-04-12",0,1,91.41,91.41,91.41
4958,"2024-02-04","2024-02-04",0,1,14.84,14.84,14.84
4959,"2023-01-24","2025-05-07",834,4,306.58,1226.30,306.58
4960,"2020-09-14","2023-03-31",928,4,104.83,419.30,104.83
4962,"2022-07-13","2022-07-13",0,1,14.02,14.02,14.02
4963,"2021-02-25","2025-06-20",1576,6,80.28,481.67,80.28
4964,"2021-05-13","2025-07-04",1513,3,52.76,158.28,52.76
4965,"2020-01-24","2024-06-25",1614,3,172.14,516.41,172.14
4966,"2022-01-20","2023-07-29",555,2,57.62,115.24,57.62
4968,"2022-02-07","2022-07-10",153,2,131.50,262.99,131.50
4969,"2023-08-15","2025-07-12",697,3,39.72,119.16,39.72
4970,"2020-05-05","2025-09-28",1972,2,88.93,177.86,88.93
4971,"2022-03-24","2025-09-24",1280,2,61.63,123.26,61.63
4972,"2021-04-14","2025-05-17",1494,2,53.61,107.22,53.61
4973,"2020-07-26","2021-05-15",293,2,156.91,313.82,156.91
4974,"2020-04-10","2024-12-04",1699,3,103.88,311.65,103.88
4975,"2020-04-09","2023-02-13",1040,3,121.56,364.67,121.56
4976,"2022-10-27","2022-10-27",0,1,270.76,270.76,270.76
4977,"2023-03-03","2024-04-03",397,2,162.97,325.93,162.97
4978,"2020-01-07","2020-06-06",151,2,132.61,265.22,132.61
4981,"2021-01-18","2021-12-20",336,2,145.63,291.26,145.63
4982,"2022-10-03","2022-10-03",0,1,269.73,269.73,269.73
4983,"2020-06-06","2023-01-18",956,6,173.81,1042.86,173.81
4984,"2022-08-03","2022-08-03",0,1,75.86,75.86,75.86
4985,"2022-04-17","2022-04-17",0,1,504.18,504.18,504.18
4986,"2023-04-05","2023-04-05",0,1,495.58,495.58,495.58
4987,"2020-05-08","2021-11-20",561,2,95.59,191.17,95.59
4988,"2023-10-09","2025-10-24",746,2,137.16,274.31,137.16
4989,"2022-08-12","2022-08-12",0,1,72.63,72.63,72.63
4990,"2020-01-15","2022-01-16",732,2,306.88,613.76,306.88
4991,"2021-08-27","2021-08-27",0,1,113.27,113.27,113.27
4993,"2020-05-15","2021-02-12",273,3,109.83,329.50,109.83
4994,"2020-05-19","2025-05-29",1836,5,135.92,679.60,135.92
4995,"2023-09-27","2023-09-27",0,1,97.38,97.38,97.38
4996,"2025-08-02","2025-08-02",0,1,161.20,161.20,161.20
4997,"2021-08-29","2021-08-29",0,1,14.52,14.52,14.52
4998,"2023-09-17","2023-09-17",0,1,129.37,129.37,129.37
4999,"2025-08-01","2025-08-01",0,1,321.96,321.96,321.96
5001,"2021-09-19","2025-08-12",1423,2,74.17,148.34,74.17
5002,"2022-09-04","2023-05-15",253,2,162.69,325.37,162.69
5003,"2024-06-14","2024-06-14",0,1,257.35,257.35,257.35
5004,"2021-02-12","2021-02-12",0,1,103.38,103.38,103.38
5005,"2022-08-26","2022-08-26",0,1,122.42,122.42,122.42
5006,"2020-04-15","2022-08-17",854,2,135.50,271.00,135.50
5008,"2021-01-11","2023-09-19",981,2,27.13,54.25,27.13
5009,"2024-06-27","2024-06-27",0,1,104.91,104.91,104.91
5010,"2022-01-25","2025-08-15",1298,2,329.66,659.31,329.66
5012,"2021-11-18","2025-07-04",1324,3,63.01,189.02,63.01
5013,"2023-01-23","2023-01-23",0,1,28.65,28.65,28.65
5014,"2021-10-05","2024-10-21",1112,2,229.24,458.47,229.24
5015,"2021-08-15","2025-07-10",1425,3,185.06,555.19,185.06
5016,"2024-05-30","2024-05-30",0,1,303.61,303.61,303.61
5017,"2024-01-18","2024-01-18",0,1,42.36,42.36,42.36
5018,"2020-11-12","2024-02-14",1189,3,39.55,118.66,39.55
5021,"2021-04-18","2021-04-18",0,1,283.94,283.94,283.94
5022,"2024-11-02","2024-11-02",0,1,297.88,297.88,297.88
5023,"2022-06-09","2024-12-25",930,3,73.37,220.10,73.37
5025,"2022-08-14","2022-08-14",0,1,97.42,97.42,97.42
5026,"2020-12-19","2022-06-17",545,3,22.58,67.75,22.58
5028,"2023-01-26","2025-08-19",936,2,22.81,45.62,22.81
5029,"2022-10-31","2025-03-14",865,3,211.30,633.90,211.30
5030,"2021-03-19","2023-08-18",882,3,91.78,275.35,91.78
5031,"2021-10-22","2021-10-22",0,1,38.40,38.40,38.40
5032,"2020-03-07","2024-01-04",1398,3,130.43,391.29,130.43
5034,"2020-12-01","2020-12-01",0,1,37.18,37.18,37.18
5035,"2021-04-23","2025-07-30",1559,3,83.09,249.26,83.09
5036,"2025-10-08","2025-10-08",0,1,221.28,221.28,221.28
5037,"2020-04-03","2021-04-25",387,3,89.05,267.16,89.05
5038,"2023-08-08","2025-09-12",766,2,90.38,180.75,90.38
5039,"2023-08-31","2024-07-26",330,2,182.12,364.24,182.12
5040,"2024-06-01","2025-02-27",271,2,89.48,178.95,89.48
5041,"2020-08-17","2023-04-28",984,5,221.25,1106.25,221.25
5042,"2020-12-30","2022-11-11",681,2,115.99,231.98,115.99
5043,"2023-04-20","2025-01-14",635,2,118.89,237.78,118.89
5044,"2020-06-19","2023-07-15",1121,5,108.15,540.74,108.15
5045,"2021-08-31","2021-08-31",0,1,26.40,26.40,26.40
5046,"2023-10-09","2023-10-09",0,1,265.08,265.08,265.08
5047,"2021-07-22","2024-10-21",1187,3,45.01,135.02,45.01
5048,"2021-10-06","2021-10-06",0,1,20.46,20.46,20.46
5049,"2023-04-11","2025-09-23",896,2,82.10,164.20,82.10
5050,"2022-01-26","2025-06-11",1232,3,143.95,431.84,143.95
5051,"2023-11-11","2023-11-11",0,1,85.46,85.46,85.46
5052,"2024-02-28","2024-02-28",0,1,365.75,365.75,365.75
5053,"2022-02-19","2022-02-19",0,1,177.22,177.22,177.22
5054,"2024-05-12","2024-12-08",210,2,87.09,174.17,87.09
5055,"2024-05-20","2024-05-20",0,1,23.90,23.90,23.90
5056,"2023-08-16","2023-08-16",0,1,164.22,164.22,164.22
5057,"2020-12-10","2022-05-01",507,2,84.90,169.80,84.90
5058,"2024-05-18","2024-10-26",161,2,22.62,45.24,22.62
5059,"2025-03-05","2025-03-05",0,1,403.42,403.42,403.42
5061,"2022-12-28","2025-10-13",1020,3,58.07,174.20,58.07
5062,"2020-10-24","2023-06-18",967,2,85.63,171.26,85.63
5063,"2025-04-30","2025-04-30",0,1,446.23,446.23,446.23
5064,"2020-12-01","2024-08-03",1341,4,54.65,218.61,54.65
5065,"2023-01-04","2023-05-07",123,2,148.78,297.56,148.78
5066,"2021-10-27","2022-06-14",230,2,33.09,66.17,33.09
5067,"2022-06-02","2024-12-15",927,3,184.52,553.56,184.52
5069,"2023-02-05","2023-02-11",6,2,37.38,74.76,37.38
5070,"2023-09-06","2025-04-26",598,2,60.27,120.53,60.27
5071,"2023-01-02","2025-05-15",864,2,16.49,32.98,16.49
5072,"2020-05-08","2021-09-30",510,2,168.55,337.10,168.55
5073,"2020-05-01","2024-06-21",1512,4,30.11,120.43,30.11
5074,"2021-04-07","2023-01-02",635,5,74.96,374.78,74.96
5076,"2020-06-06","2024-11-25",1633,4,122.10,488.41,122.10
5077,"2021-11-13","2025-07-26",1351,3,73.18,219.53,73.18
5078,"2020-06-21","2025-09-11",1908,5,146.34,731.69,146.34
5079,"2024-12-13","2024-12-13",0,1,71.07,71.07,71.07
5080,"2020-11-28","2025-10-09",1776,2,113.91,227.82,113.91
5082,"2022-11-25","2025-09-26",1036,2,76.29,152.57,76.29
5083,"2023-06-24","2023-06-24",0,1,544.18,544.18,544.18
5085,"2022-05-04","2025-09-19",1234,2,265.90,531.79,265.90
5086,"2024-03-01","2024-03-01",0,1,30.82,30.82,30.82
5087,"2020-01-28","2020-01-28",0,1,17.73,17.73,17.73
5088,"2021-02-16","2021-07-01",135,2,64.59,129.18,64.59
5090,"2025-09-07","2025-09-24",17,2,225.59,451.17,225.59
5091,"2020-10-11","2025-06-22",1715,3,475.79,1427.36,475.79
5092,"2023-03-12","2025-01-20",680,2,143.23,286.46,143.23
5093,"2022-10-21","2023-04-12",173,2,143.91,287.81,143.91
5094,"2021-05-31","2025-05-13",1443,2,76.81,153.62,76.81
5095,"2021-02-20","2025-06-12",1573,2,33.89,67.77,33.89
5097,"2021-07-06","2025-05-03",1397,5,70.05,350.26,70.05
5098,"2020-07-23","2023-09-30",1164,3,138.24,414.73,138.24
5099,"2020-03-12","2022-03-23",741,2,27.48,54.96,27.48
5101,"2020-08-21","2022-12-26",857,2,137.54,275.08,137.54
5103,"2020-06-01","2021-01-30",243,2,140.60,281.19,140.60
5104,"2022-04-07","2024-11-16",954,2,292.87,585.73,292.87
5105,"2020-02-03","2020-02-03",0,1,29.44,29.44,29.44
5106,"2025-10-12","2025-10-12",0,1,50.01,50.01,50.01
5107,"2021-11-22","2022-11-22",365,3,200.38,601.15,200.38
5109,"2020-10-25","2025-05-09",1657,2,109.24,218.48,109.24
5110,"2025-10-31","2025-10-31",0,1,216.36,216.36,216.36
5111,"2020-06-24","2024-07-26",1493,4,80.05,320.18,80.05
5113,"2021-01-27","2021-01-27",0,1,83.73,83.73,83.73
5114,"2023-08-09","2023-10-12",64,2,60.00,120.00,60.00
5115,"2020-12-26","2023-08-28",975,3,250.95,752.84,250.95
5116,"2022-12-09","2022-12-09",0,1,57.08,57.08,57.08
5117,"2020-09-23","2023-06-13",993,4,177.88,711.50,177.88
5118,"2021-03-04","2023-12-22",1023,3,213.45,640.35,213.45
5119,"2020-07-27","2025-08-09",1839,3,31.65,94.96,31.65
5120,"2021-10-11","2021-10-11",0,1,150.37,150.37,150.37
5121,"2020-01-18","2023-12-23",1435,4,156.68,626.72,156.68
5122,"2023-04-28","2023-04-28",0,1,122.56,122.56,122.56
5123,"2022-08-09","2022-08-09",0,1,152.75,152.75,152.75
5125,"2022-09-15","2025-07-20",1039,2,127.59,255.17,127.59
5126,"2025-04-28","2025-04-28",0,1,7.04,7.04,7.04
5127,"2023-01-06","2023-01-06",0,1,213.18,213.18,213.18
5128,"2020-01-03","2025-04-21",1935,3,34.10,102.31,34.10
5129,"2021-03-04","2021-03-04",0,1,16.72,16.72,16.72
5130,"2023-07-20","2023-07-20",0,1,71.73,71.73,71.73
5131,"2021-08-20","2021-08-20",0,1,273.70,273.70,273.70
5132,"2020-01-09","2025-03-14",1891,3,366.56,1099.67,366.56
5133,"2020-09-10","2024-11-21",1533,6,140.40,842.42,140.40
5134,"2021-05-21","2021-05-21",0,1,143.75,143.75,143.75
5135,"2020-09-05","2022-02-26",539,2,172.43,344.86,172.43
5137,"2020-03-16","2025-06-11",1913,4,59.88,239.53,59.88
5139,"2023-09-02","2023-09-02",0,1,79.63,79.63,79.63
5140,"2020-12-30","2022-04-07",463,3,36.86,110.59,36.86
5141,"2023-01-31","2023-01-31",0,1,134.00,134.00,134.00
5142,"2022-03-01","2025-08-19",1267,3,57.60,172.80,57.60
5143,"2022-06-19","2022-09-28",101,2,189.80,379.59,189.80
5144,"2021-01-15","2021-01-15",0,1,378.55,378.55,378.55
5147,"2025-07-04","2025-07-04",0,1,27.52,27.52,27.52
5148,"2021-04-03","2025-09-20",1631,5,130.50,652.49,130.50
5149,"2023-04-06","2023-04-06",0,1,37.23,37.23,37.23
5153,"2020-06-02","2023-12-09",1285,5,70.62,353.09,70.62
5154,"2022-01-23","2022-01-23",0,1,26.13,26.13,26.13
5155,"2023-03-31","2025-04-28",759,2,33.31,66.62,33.31
5157,"2022-06-22","2022-06-22",0,1,28.12,28.12,28.12
5158,"2021-10-23","2025-02-27",1223,3,97.15,291.45,97.15
5159,"2021-10-06","2021-10-06",0,1,30.61,30.61,30.61
5160,"2023-01-24","2025-07-22",910,3,193.33,579.99,193.33
5161,"2021-01-05","2021-01-05",0,1,126.55,126.55,126.55
5162,"2021-06-25","2024-09-02",1165,3,112.04,336.13,112.04
5163,"2022-02-23","2022-10-11",230,2,281.38,562.75,281.38
5164,"2020-12-13","2023-06-08",907,3,295.27,885.82,295.27
5165,"2022-02-13","2022-02-13",0,1,67.78,67.78,67.78
5166,"2020-10-30","2024-01-29",1186,4,160.58,642.33,160.58
5167,"2024-07-12","2024-11-29",140,3,73.56,220.68,73.56
5168,"2020-10-01","2021-04-18",199,2,146.06,292.12,146.06
5170,"2020-07-17","2025-05-21",1769,2,174.42,348.83,174.42
5171,"2025-06-30","2025-06-30",0,1,281.60,281.60,281.60
5172,"2023-10-01","2023-10-01",0,1,31.51,31.51,31.51
5173,"2022-01-04","2024-12-11",1072,4,120.85,483.40,120.85
5174,"2022-11-24","2025-06-15",934,4,34.21,136.84,34.21
5175,"2024-02-25","2025-05-17",447,4,186.14,744.55,186.14
5177,"2023-09-30","2024-12-17",444,3,62.12,186.35,62.12
5178,"2020-09-27","2023-04-07",922,4,152.80,611.20,152.80
5179,"2021-04-25","2025-06-13",1510,2,129.23,258.45,129.23
5180,"2020-04-01","2025-01-18",1753,2,77.45,154.89,77.45
5182,"2020-08-03","2024-12-04",1584,2,77.92,155.84,77.92
5183,"2022-10-10","2022-10-10",0,1,202.25,202.25,202.25
5184,"2023-01-27","2023-01-27",0,1,102.51,102.51,102.51
5185,"2022-11-20","2022-11-20",0,1,82.71,82.71,82.71
5186,"2023-09-20","2023-09-20",0,1,102.00,102.00,102.00
5187,"2025-03-13","2025-03-13",0,1,31.42,31.42,31.42
5188,"2021-11-25","2025-07-12",1325,3,141.46,424.38,141.46
5189,"2020-12-02","2025-08-13",1715,2,116.35,232.69,116.35
5190,"2020-09-20","2020-09-20",0,1,47.00,47.00,47.00
5192,"2024-11-11","2024-11-11",0,1,180.71,180.71,180.71
5194,"2024-08-20","2024-08-20",0,1,40.78,40.78,40.78
5195,"2021-09-18","2021-09-18",0,1,146.96,146.96,146.96
5196,"2022-06-18","2025-06-19",1097,2,40.11,80.22,40.11
5197,"2024-06-29","2024-06-29",0,1,87.71,87.71,87.71
5198,"2022-02-13","2025-04-05",1147,3,46.95,140.84,46.95
5199,"2022-01-29","2025-09-26",1336,5,264.78,1323.92,264.78
5200,"2024-05-18","2025-10-17",517,3,153.17,459.50,153.17
5201,"2023-05-07","2023-05-07",0,1,60.40,60.40,60.40
5203,"2021-02-08","2021-02-08",0,1,38.79,38.79,38.79
5204,"2023-11-05","2023-11-05",0,1,76.20,76.20,76.20
5205,"2020-11-13","2023-04-15",883,2,59.77,119.53,59.77
5206,"2021-06-24","2025-08-04",1502,3,114.12,342.37,114.12
5208,"2021-04-28","2021-04-28",0,1,173.75,173.75,173.75
5209,"2021-11-05","2022-01-09",65,2,140.17,280.34,140.17
5211,"2025-04-06","2025-04-06",0,1,275.86,275.86,275.86
5212,"2021-01-04","2022-01-28",389,2,193.32,386.64,193.32
5213,"2021-01-30","2025-06-28",1610,4,119.62,478.46,119.62
5214,"2023-09-13","2023-09-13",0,1,92.90,92.90,92.90
5215,"2020-02-06","2023-07-25",1265,3,156.72,470.16,156.72
5216,"2021-12-30","2021-12-30",0,1,135.97,135.97,135.97
5218,"2025-03-04","2025-03-04",0,1,229.34,229.34,229.34
5220,"2020-06-15","2024-09-04",1542,3,407.93,1223.80,407.93
5222,"2021-02-15","2021-10-12",239,2,18.80,37.60,18.80
5223,"2020-05-25","2021-02-24",275,2,25.72,51.44,25.72
5224,"2020-12-30","2025-04-19",1571,3,159.40,478.20,159.40
5226,"2021-05-25","2024-07-11",1143,2,178.97,357.93,178.97
5227,"2022-08-15","2022-08-15",0,1,613.03,613.03,613.03
5228,"2023-06-28","2023-06-28",0,1,77.72,77.72,77.72
5229,"2022-02-13","2025-02-27",1110,3,92.45,277.35,92.45
5230,"2020-05-31","2025-02-22",1728,3,226.58,679.74,226.58
5231,"2022-03-05","2024-08-10",889,2,163.04,326.08,163.04
5232,"2021-09-17","2021-09-17",0,1,163.30,163.30,163.30
5233,"2025-03-30","2025-03-30",0,1,18.51,18.51,18.51
5234,"2020-05-31","2025-05-27",1822,5,94.23,471.15,94.23
5235,"2020-12-19","2025-05-19",1612,3,158.56,475.69,158.56
5236,"2020-01-28","2023-09-17",1328,2,107.62,215.24,107.62
5237,"2022-01-07","2025-03-31",1179,2,20.02,40.03,20.02
5238,"2021-01-30","2022-03-24",418,2,39.60,79.20,39.60
5239,"2020-08-13","2020-08-13",0,1,203.24,203.24,203.24
5241,"2022-07-08","2022-07-08",0,1,146.18,146.18,146.18
5242,"2021-07-22","2023-01-01",528,2,62.21,124.42,62.21
5243,"2021-04-20","2021-11-13",207,2,136.41,272.82,136.41
5245,"2020-02-18","2025-01-24",1802,2,19.47,38.93,19.47
5246,"2022-11-15","2024-12-03",749,2,67.56,135.11,67.56
5247,"2020-07-21","2020-07-21",0,1,407.50,407.50,407.50
5248,"2023-02-14","2025-06-15",852,2,86.99,173.98,86.99
5249,"2022-06-15","2023-06-18",368,2,12.52,25.04,12.52
5250,"2020-04-25","2025-04-27",1828,3,162.26,486.77,162.26
5251,"2021-01-01","2022-02-19",414,2,26.43,52.86,26.43
5252,"2022-11-03","2022-11-03",0,1,48.51,48.51,48.51
5254,"2022-04-05","2024-01-13",648,3,109.71,329.13,109.71
5255,"2023-07-22","2023-07-22",0,1,15.17,15.17,15.17
5256,"2023-02-08","2023-02-08",0,1,19.33,19.33,19.33
5257,"2023-02-13","2023-06-10",117,2,176.01,352.02,176.01
5258,"2020-03-20","2022-05-25",796,5,257.34,1286.71,257.34
5260,"2023-11-01","2023-11-01",0,1,54.41,54.41,54.41
5262,"2020-08-02","2023-03-30",970,2,119.35,238.70,119.35
5263,"2021-08-04","2025-05-31",1396,3,105.49,316.48,105.49
5264,"2020-03-14","2025-09-05",2001,4,92.22,368.86,92.22
5265,"2024-01-14","2024-09-23",253,2,39.70,79.40,39.70
5267,"2021-01-11","2021-01-11",0,1,45.25,45.25,45.25
5269,"2023-08-26","2023-08-26",0,1,10.23,10.23,10.23
5271,"2023-02-09","2025-04-12",793,3,65.08,195.24,65.08
5272,"2021-04-29","2021-04-29",0,1,245.94,245.94,245.94
5273,"2022-09-29","2022-09-29",0,1,453.96,453.96,453.96
5274,"2020-03-07","2024-06-21",1567,2,179.05,358.10,179.05
5276,"2020-02-13","2020-02-13",0,1,102.65,102.65,102.65
5277,"2022-08-29","2022-08-29",0,1,14.04,14.04,14.04
5278,"2024-11-11","2024-11-11",0,1,18.50,18.50,18.50
5279,"2021-07-05","2024-12-15",1259,3,232.20,696.59,232.20
5280,"2020-12-03","2021-03-09",96,3,235.17,705.50,235.17
5282,"2021-01-04","2024-08-14",1318,2,16.61,33.22,16.61
5284,"2021-12-28","2023-12-04",706,2,177.04,354.07,177.04
5286,"2021-01-04","2025-03-20",1536,2,118.50,236.99,118.50
5287,"2024-04-17","2025-10-04",535,2,41.52,83.04,41.52
5289,"2020-07-05","2023-04-25",1024,2,132.44,264.87,132.44
5290,"2020-07-11","2021-12-01",508,2,27.10,54.19,27.10
5291,"2025-05-25","2025-05-25",0,1,11.57,11.57,11.57
5292,"2020-06-07","2025-09-01",1912,3,334.22,1002.65,334.22
5293,"2022-05-27","2023-10-16",507,2,18.80,37.59,18.80
5294,"2020-07-31","2025-02-17",1662,4,179.04,716.16,179.04
5295,"2021-01-18","2021-01-18",0,1,85.42,85.42,85.42
5297,"2020-05-04","2021-05-12",373,2,82.34,164.67,82.34
5298,"2023-09-13","2025-08-02",689,2,43.68,87.35,43.68
5299,"2020-03-11","2025-09-25",2024,3,123.67,371.02,123.67
5300,"2021-10-24","2021-10-24",0,1,64.57,64.57,64.57
5301,"2021-05-14","2021-07-22",69,2,72.74,145.47,72.74
5302,"2022-03-04","2023-04-14",406,2,105.05,210.10,105.05
5303,"2021-08-02","2024-11-03",1189,2,40.19,80.37,40.19
5304,"2020-02-12","2025-10-15",2072,4,91.06,364.24,91.06
5305,"2021-07-04","2025-05-13",1409,2,546.91,1093.81,546.91
5306,"2021-05-23","2022-06-15",388,2,78.16,156.31,78.16
5307,"2020-04-13","2024-02-25",1413,3,129.95,389.86,129.95
5308,"2020-11-07","2023-09-10",1037,2,268.45,536.90,268.45
5310,"2024-12-21","2024-12-21",0,1,167.13,167.13,167.13
5311,"2021-07-16","2021-07-16",0,1,35.16,35.16,35.16
5313,"2020-06-15","2025-07-12",1853,3,150.43,451.29,150.43
5314,"2020-09-05","2024-03-11",1283,3,88.38,265.14,88.38
5315,"2021-02-11","2021-02-11",0,1,101.85,101.85,101.85
5316,"2020-05-13","2020-05-13",0,1,5.41,5.41,5.41
5317,"2024-10-22","2025-08-17",299,2,510.20,1020.40,510.20
5318,"2023-07-17","2025-09-28",804,3,161.57,484.72,161.57
5319,"2020-01-26","2020-01-26",0,1,32.73,32.73,32.73
5320,"2021-04-04","2023-07-27",844,2,262.69,525.37,262.69
5321,"2021-08-16","2021-08-16",0,1,40.96,40.96,40.96
5322,"2020-08-04","2025-02-06",1647,6,117.87,707.20,117.87
5325,"2021-05-27","2024-05-02",1071,2,42.35,84.70,42.35
5326,"2023-06-20","2023-08-20",61,2,122.78,245.55,122.78
5328,"2020-11-04","2023-10-30",1090,2,81.21,162.41,81.21
5329,"2020-03-31","2023-07-14",1200,3,384.68,1154.05,384.68
5330,"2020-05-27","2020-05-27",0,1,30.96,30.96,30.96
5331,"2021-09-25","2022-06-29",277,2,95.28,190.56,95.28
5333,"2025-01-10","2025-01-10",0,1,928.65,928.65,928.65
5334,"2025-04-21","2025-08-15",116,2,172.78,345.55,172.78
5336,"2023-06-23","2024-08-01",405,3,25.74,77.21,25.74
5337,"2024-06-27","2025-09-04",434,2,104.19,208.38,104.19
5338,"2020-06-30","2024-01-14",1293,2,57.63,115.26,57.63
5339,"2022-02-10","2023-12-06",664,2,205.81,411.61,205.81
5340,"2023-09-06","2023-09-06",0,1,171.52,171.52,171.52
5341,"2022-11-30","2023-11-29",364,2,60.58,121.16,60.58
5342,"2020-09-10","2022-11-04",785,2,153.38,306.76,153.38
5344,"2024-03-27","2024-03-27",0,1,237.27,237.27,237.27
5347,"2023-06-17","2024-04-23",311,2,123.05,246.09,123.05
5348,"2024-02-01","2025-09-26",603,2,8.16,16.32,8.16
5349,"2023-01-04","2024-01-03",364,2,10.63,21.25,10.63
5351,"2022-03-24","2022-03-24",0,1,209.32,209.32,209.32
5354,"2020-12-06","2020-12-06",0,1,3.94,3.94,3.94
5357,"2020-03-08","2022-11-13",980,4,41.47,165.89,41.47
5358,"2023-07-04","2023-07-04",0,1,441.69,441.69,441.69
5359,"2020-05-26","2021-08-06",437,2,251.81,503.62,251.81
5360,"2021-01-26","2021-01-26",0,1,207.40,207.40,207.40
5362,"2020-07-10","2020-07-10",0,1,193.43,193.43,193.43
5363,"2020-03-07","2024-08-16",1623,3,198.00,593.99,198.00
5364,"2024-02-01","2024-02-01",0,1,278.39,278.39,278.39
5365,"2022-08-23","2025-04-08",959,2,54.98,109.96,54.98
5367,"2022-12-27","2022-12-27",0,1,15.01,15.01,15.01
5368,"2022-03-20","2022-03-20",0,1,78.53,78.53,78.53
5369,"2022-08-22","2023-08-26",369,2,76.44,152.87,76.44
5370,"2020-12-19","2022-03-31",467,3,137.43,412.30,137.43
5371,"2023-10-04","2023-10-04",0,1,195.53,195.53,195.53
5372,"2021-01-11","2021-09-17",249,2,136.29,272.57,136.29
5373,"2023-12-07","2023-12-07",0,1,21.69,21.69,21.69
5374,"2020-07-09","2025-02-16",1683,2,411.84,823.67,411.84
5375,"2023-11-08","2023-11-08",0,1,313.61,313.61,313.61
5377,"2021-05-28","2025-01-13",1326,3,167.06,501.19,167.06
5378,"2022-04-19","2022-04-19",0,1,128.10,128.10,128.10
5379,"2020-01-08","2020-01-08",0,1,249.70,249.70,249.70
5381,"2021-05-19","2021-06-29",41,2,40.80,81.60,40.80
5382,"2023-05-31","2023-09-23",115,3,264.52,793.56,264.52
5383,"2021-08-31","2023-12-04",825,2,81.74,163.48,81.74
5384,"2024-03-07","2024-05-07",61,2,203.61,407.22,203.61
5385,"2021-04-23","2025-06-29",1528,3,45.38,136.15,45.38
5386,"2024-07-30","2024-07-30",0,1,73.69,73.69,73.69
5387,"2023-06-02","2023-06-02",0,1,84.54,84.54,84.54
5388,"2023-01-29","2023-01-29",0,1,153.17,153.17,153.17
5389,"2020-09-15","2025-03-30",1657,3,130.25,390.76,130.25
5391,"2022-05-20","2025-03-01",1016,2,396.36,792.72,396.36
5392,"2020-05-06","2023-01-01",970,3,88.07,264.21,88.07
5393,"2021-09-18","2021-09-18",0,1,183.52,183.52,183.52
5395,"2023-08-15","2025-09-29",776,2,106.44,212.87,106.44
5396,"2022-08-17","2022-08-17",0,1,29.18,29.18,29.18
5397,"2024-10-26","2025-07-17",264,3,42.20,126.61,42.20
5398,"2023-03-20","2023-03-20",0,1,117.19,117.19,117.19
5400,"2022-10-16","2022-10-16",0,1,65.73,65.73,65.73
5401,"2023-01-20","2024-10-18",637,5,99.99,499.94,99.99
5402,"2020-12-21","2025-08-08",1691,5,181.48,907.40,181.48
5403,"2022-08-18","2025-02-28",925,2,204.88,409.75,204.88
5405,"2024-03-15","2025-07-27",499,3,102.81,308.42,102.81
5406,"2022-06-07","2023-08-20",439,2,27.52,55.04,27.52
5408,"2022-10-24","2024-04-09",533,2,124.43,248.85,124.43
5409,"2022-08-11","2024-04-15",613,3,164.56,493.69,164.56
5410,"2025-09-18","2025-09-18",0,1,512.71,512.71,512.71
5411,"2021-04-26","2025-05-09",1474,2,96.15,192.29,96.15
5412,"2020-05-12","2020-06-26",45,2,158.75,317.49,158.75
5413,"2022-04-26","2022-04-26",0,1,87.00,87.00,87.00
5415,"2020-03-12","2024-11-02",1696,2,185.33,370.65,185.33
5416,"2021-11-18","2021-11-18",0,1,184.77,184.77,184.77
5417,"2024-04-21","2024-04-21",0,1,83.73,83.73,83.73
5418,"2022-06-04","2022-06-04",0,1,39.25,39.25,39.25
5419,"2020-08-08","2024-09-30",1514,3,119.20,357.59,119.20
5420,"2021-02-16","2025-03-20",1493,4,83.37,333.48,83.37
5421,"2022-11-16","2022-11-16",0,1,54.88,54.88,54.88
5423,"2024-12-24","2025-01-11",18,2,206.34,412.67,206.34
5424,"2022-05-16","2022-05-16",0,1,32.05,32.05,32.05
5425,"2025-02-25","2025-02-25",0,1,101.81,101.81,101.81
5426,"2025-10-30","2025-10-30",0,1,231.91,231.91,231.91
5427,"2022-05-03","2022-05-03",0,1,543.59,543.59,543.59
5428,"2020-09-28","2020-11-06",39,2,105.35,210.70,105.35
5429,"2022-09-14","2025-07-22",1042,3,363.53,1090.60,363.53
5431,"2024-03-30","2024-03-30",0,1,201.26,201.26,201.26
5433,"2024-04-08","2024-04-08",0,1,131.44,131.44,131.44
5434,"2021-09-05","2025-08-20",1445,4,71.62,286.49,71.62
5435,"2020-07-18","2025-06-27",1805,5,85.30,426.48,85.30
5436,"2023-03-07","2023-03-07",0,1,139.11,139.11,139.11
5438,"2021-02-19","2025-01-21",1432,3,124.69,374.07,124.69
5439,"2020-08-17","2025-09-26",1866,3,109.60,328.79,109.60
5441,"2023-11-15","2024-08-30",289,2,131.49,262.97,131.49
5443,"2020-07-28","2024-12-05",1591,3,95.33,285.98,95.33
5444,"2025-02-11","2025-02-11",0,1,293.61,293.61,293.61
5446,"2022-02-06","2022-02-06",0,1,277.65,277.65,277.65
5447,"2020-02-21","2025-07-11",1967,4,140.84,563.36,140.84
5448,"2025-09-15","2025-09-15",0,1,57.64,57.64,57.64
5449,"2021-08-23","2022-01-05",135,2,112.65,225.30,112.65
5450,"2020-02-07","2025-05-15",1924,6,221.05,1326.29,221.05
5452,"2023-04-15","2023-04-15",0,1,87.15,87.15,87.15
5453,"2023-02-28","2023-02-28",0,1,5.81,5.81,5.81
5455,"2021-02-15","2021-02-15",0,1,279.24,279.24,279.24
5456,"2021-08-27","2024-05-01",978,2,295.19,590.38,295.19
5457,"2021-02-27","2021-10-27",242,2,220.73,441.46,220.73
5459,"2025-01-15","2025-04-04",79,2,122.56,245.12,122.56
5460,"2022-02-26","2025-05-27",1186,3,168.26,504.79,168.26
5462,"2020-11-06","2022-01-11",431,2,127.65,255.29,127.65
5463,"2022-09-29","2025-06-30",1005,2,106.53,213.05,106.53
5464,"2020-05-11","2024-04-15",1435,2,38.60,77.19,38.60
5467,"2020-06-10","2023-01-09",943,2,97.07,194.14,97.07
5468,"2022-10-31","2022-10-31",0,1,50.38,50.38,50.38
5469,"2021-01-09","2022-06-27",534,2,92.58,185.16,92.58
5470,"2021-12-24","2024-05-11",869,3,128.72,386.16,128.72
5473,"2020-01-25","2024-12-21",1792,3,61.85,185.56,61.85
5475,"2021-09-26","2023-05-30",611,3,145.42,436.27,145.42
5476,"2022-04-25","2022-04-25",0,1,132.54,132.54,132.54
5478,"2020-05-07","2025-03-20",1778,2,55.63,111.25,55.63
5479,"2020-01-01","2023-06-02",1248,2,234.45,468.90,234.45
5481,"2020-12-02","2023-02-22",812,4,161.54,646.17,161.54
5483,"2020-10-29","2020-10-29",0,1,104.00,104.00,104.00
5484,"2022-04-15","2022-04-15",0,1,179.26,179.26,179.26
5485,"2022-03-03","2024-11-22",995,2,165.90,331.80,165.90
5486,"2022-08-04","2025-09-04",1127,5,100.20,501.02,100.20
5487,"2020-07-30","2020-07-30",0,1,59.49,59.49,59.49
5489,"2021-05-31","2025-07-26",1517,2,80.09,160.17,80.09
5490,"2023-01-28","2023-01-28",0,1,287.09,287.09,287.09
5492,"2022-01-01","2022-01-01",0,1,28.57,28.57,28.57
5493,"2022-10-17","2023-12-01",410,3,48.85,146.55,48.85
5494,"2021-11-06","2022-07-06",242,2,118.85,237.69,118.85
5495,"2020-02-29","2020-02-29",0,1,69.04,69.04,69.04
5497,"2022-10-12","2023-05-07",207,3,48.68,146.05,48.68
5498,"2020-04-10","2024-08-07",1580,4,381.10,1524.38,381.10
5499,"2020-03-13","2020-03-13",0,1,159.80,159.80,159.80
5500,"2024-09-15","2024-09-15",0,1,67.97,67.97,67.97
5501,"2020-12-24","2021-03-31",97,2,262.15,524.29,262.15
5502,"2022-06-30","2022-06-30",0,1,26.58,26.58,26.58
5503,"2020-07-11","2022-08-23",773,2,223.80,447.60,223.80
5505,"2020-04-24","2024-12-17",1698,3,262.50,787.51,262.50
5506,"2020-05-31","2020-05-31",0,1,401.80,401.80,401.80
5507,"2022-06-29","2023-04-01",276,2,150.88,301.75,150.88
5508,"2022-05-13","2022-05-13",0,1,39.78,39.78,39.78
5509,"2020-09-09","2025-10-25",1872,2,126.11,252.21,126.11
5511,"2020-10-03","2023-08-19",1050,2,66.01,132.02,66.01
5512,"2022-04-22","2022-04-22",0,1,54.63,54.63,54.63
5514,"2024-03-13","2024-03-13",0,1,21.43,21.43,21.43
5516,"2024-07-14","2024-07-14",0,1,227.57,227.57,227.57
5517,"2020-08-29","2020-08-29",0,1,30.12,30.12,30.12
5518,"2023-09-22","2025-05-21",607,4,148.99,595.97,148.99
5519,"2022-05-02","2025-10-11",1258,2,54.39,108.78,54.39
5520,"2020-06-10","2025-03-31",1755,4,15.17,60.66,15.17
5521,"2021-04-14","2025-02-01",1389,3,72.92,218.75,72.92
5523,"2021-09-09","2024-07-25",1050,3,100.77,302.30,100.77
5524,"2021-09-20","2021-09-20",0,1,9.19,9.19,9.19
5525,"2022-03-29","2025-10-20",1301,2,182.43,364.85,182.43
5526,"2020-05-04","2020-06-01",28,2,189.59,379.17,189.59
5527,"2024-02-04","2024-02-04",0,1,254.94,254.94,254.94
5530,"2022-08-26","2022-08-26",0,1,256.14,256.14,256.14
5531,"2021-07-10","2021-07-10",0,1,193.90,193.90,193.90
5532,"2022-01-02","2025-07-26",1301,2,121.76,243.52,121.76
5533,"2020-02-06","2024-02-02",1457,2,56.09,112.18,56.09
5534,"2021-09-30","2021-09-30",0,1,83.38,83.38,83.38
5535,"2021-04-12","2021-04-12",0,1,116.75,116.75,116.75
5536,"2020-11-11","2020-11-11",0,1,37.57,37.57,37.57
5537,"2023-04-12","2023-04-12",0,1,118.42,118.42,118.42
5538,"2021-04-02","2021-04-02",0,1,180.17,180.17,180.17
5539,"2021-05-01","2024-06-02",1128,3,147.12,441.37,147.12
5543,"2021-01-19","2021-10-18",272,3,129.95,389.84,129.95
5544,"2022-05-29","2025-04-09",1046,4,118.91,475.65,118.91
5545,"2022-08-22","2025-07-29",1072,5,94.91,474.53,94.91
5546,"2023-11-14","2023-11-14",0,1,95.95,95.95,95.95
5547,"2024-06-18","2024-06-18",0,1,8.47,8.47,8.47
5548,"2023-10-11","2023-10-11",0,1,198.33,198.33,198.33
5549,"2020-09-24","2025-09-19",1821,2,178.47,356.93,178.47
5550,"2025-03-24","2025-03-24",0,1,311.72,311.72,311.72
5551,"2025-06-01","2025-06-01",0,1,37.23,37.23,37.23
5552,"2020-02-02","2024-05-24",1573,2,48.47,96.93,48.47
5554,"2021-02-25","2025-07-30",1616,3,138.31,414.92,138.31
5555,"2020-01-25","2022-10-12",991,4,106.37,425.47,106.37
5556,"2024-05-10","2024-12-04",208,2,60.82,121.63,60.82
5558,"2023-01-30","2023-04-21",81,2,39.38,78.75,39.38
5559,"2021-02-08","2023-09-19",953,2,200.74,401.48,200.74
5561,"2020-03-26","2024-12-07",1717,3,128.45,385.36,128.45
5562,"2021-08-14","2021-08-14",0,1,117.86,117.86,117.86
5563,"2020-07-11","2024-11-19",1592,3,96.03,288.09,96.03
5564,"2024-04-02","2024-04-02",0,1,512.86,512.86,512.86
5565,"2020-10-06","2024-12-01",1517,2,225.42,450.84,225.42
5566,"2020-11-11","2025-09-15",1769,5,89.29,446.47,89.29
5567,"2025-08-18","2025-08-18",0,1,50.14,50.14,50.14
5568,"2023-08-07","2023-08-07",0,1,96.87,96.87,96.87
5570,"2020-02-13","2025-05-04",1907,7,119.37,835.56,119.37
5571,"2021-04-28","2025-06-07",1501,4,79.47,317.88,79.47
5572,"2025-04-26","2025-04-26",0,1,847.03,847.03,847.03
5573,"2020-11-26","2022-05-23",543,2,16.03,32.06,16.03
5574,"2020-11-30","2024-06-13",1291,3,105.80,317.41,105.80
5575,"2022-03-31","2022-03-31",0,1,181.19,181.19,181.19
5576,"2025-03-26","2025-03-26",0,1,219.44,219.44,219.44
5577,"2024-04-18","2024-04-18",0,1,50.35,50.35,50.35
5578,"2020-10-19","2023-06-06",960,2,162.42,324.83,162.42
5579,"2023-10-12","2024-05-30",231,2,135.45,270.90,135.45
5580,"2020-04-25","2024-05-24",1490,2,136.78,273.56,136.78
5581,"2023-01-25","2023-07-01",157,2,134.09,268.18,134.09
5582,"2024-04-18","2024-04-18",0,1,54.43,54.43,54.43
5583,"2020-03-10","2020-03-10",0,1,117.24,117.24,117.24
5584,"2020-10-26","2023-06-09",956,3,313.01,939.02,313.01
5585,"2021-05-02","2025-09-08",1590,2,147.26,294.52,147.26
5586,"2021-05-20","2025-08-21",1554,4,19.51,78.03,19.51
5587,"2020-04-22","2025-07-07",1902,3,102.80,308.41,102.80
5588,"2024-08-05","2024-12-18",135,2,196.49,392.98,196.49
5590,"2020-12-17","2025-08-02",1689,4,77.66,310.63,77.66
5591,"2024-09-11","2024-09-11",0,1,72.25,72.25,72.25
5592,"2020-07-28","2025-08-10",1839,3,461.08,1383.25,461.08
5593,"2023-10-04","2023-10-04",0,1,85.94,85.94,85.94
5594,"2024-10-30","2024-10-30",0,1,294.14,294.14,294.14
5595,"2024-08-19","2024-08-19",0,1,654.42,654.42,654.42
5596,"2022-10-31","2025-09-28",1063,2,96.34,192.67,96.34
5599,"2024-11-29","2024-11-29",0,1,128.69,128.69,128.69
5600,"2022-12-09","2024-12-28",750,2,100.35,200.70,100.35
5601,"2020-01-30","2022-07-15",897,2,150.64,301.27,150.64
5602,"2020-10-29","2025-03-16",1599,3,47.63,142.90,47.63
5604,"2020-06-12","2024-11-07",1609,3,104.66,313.99,104.66
5605,"2020-12-20","2025-05-07",1599,4,116.12,464.48,116.12
5606,"2022-06-11","2022-06-11",0,1,190.85,190.85,190.85
5607,"2021-11-21","2021-11-21",0,1,7.58,7.58,7.58
5608,"2020-07-14","2021-02-26",227,2,141.44,282.87,141.44
5609,"2021-09-10","2025-02-17",1256,3,45.62,136.86,45.62
5610,"2022-04-28","2022-04-28",0,1,163.84,163.84,163.84
5611,"2022-04-28","2025-07-06",1165,2,40.29,80.57,40.29
5612,"2021-02-02","2021-02-02",0,1,112.75,112.75,112.75
5613,"2021-10-03","2022-05-15",224,2,45.78,91.55,45.78
5614,"2025-10-11","2025-10-11",0,1,386.49,386.49,386.49
5615,"2021-01-05","2023-05-12",857,2,75.54,151.08,75.54
5616,"2023-01-03","2023-01-03",0,1,216.02,216.02,216.02
5617,"2020-09-27","2020-09-27",0,1,65.05,65.05,65.05
5618,"2021-05-28","2021-05-28",0,1,212.52,212.52,212.52
5619,"2020-05-24","2023-03-18",1028,2,95.99,191.98,95.99
5621,"2025-07-15","2025-07-15",0,1,64.05,64.05,64.05
5622,"2020-04-28","2020-04-28",0,1,63.92,63.92,63.92
5623,"2022-02-18","2022-02-18",0,1,23.40,23.40,23.40
5624,"2024-03-30","2024-10-21",205,2,88.42,176.83,88.42
5626,"2021-03-13","2024-09-07",1274,3,46.03,138.10,46.03
5627,"2025-01-06","2025-01-06",0,1,21.75,21.75,21.75
5628,"2020-01-01","2023-03-08",1162,3,88.13,264.39,88.13
5630,"2021-11-06","2024-10-06",1065,3,220.57,661.70,220.57
5631,"2023-06-25","2023-06-25",0,1,77.70,77.70,77.70
5633,"2023-04-10","2023-07-29",110,2,111.55,223.09,111.55
5634,"2021-08-20","2025-05-06",1355,4,263.64,1054.57,263.64
5636,"2020-03-01","2024-07-27",1609,3,29.99,89.97,29.99
5637,"2020-07-26","2021-12-02",494,3,39.02,117.07,39.02
5640,"2020-08-31","2023-03-14",925,2,200.64,401.28,200.64
5641,"2024-01-31","2025-06-07",493,2,180.76,361.51,180.76
5642,"2024-06-03","2024-06-03",0,1,167.91,167.91,167.91
5643,"2022-08-10","2023-12-01",478,2,175.45,350.89,175.45
5644,"2023-03-10","2024-10-26",596,2,189.85,379.69,189.85
5646,"2021-01-24","2021-01-24",0,1,47.55,47.55,47.55
5647,"2021-10-09","2024-09-14",1071,5,136.07,680.33,136.07
5649,"2021-06-24","2024-05-01",1042,2,55.12,110.24,55.12
5650,"2022-10-06","2022-12-22",77,2,74.70,149.39,74.70
5651,"2024-03-04","2025-03-04",365,3,89.50,268.49,89.50
5652,"2020-04-16","2023-11-21",1314,5,70.68,353.39,70.68
5653,"2020-10-05","2024-01-15",1197,2,107.14,214.28,107.14
5654,"2023-06-30","2025-05-13",683,2,340.35,680.70,340.35
5655,"2022-10-27","2022-10-27",0,1,189.14,189.14,189.14
5656,"2023-04-29","2023-12-07",222,3,65.85,197.56,65.85
5657,"2021-09-09","2021-09-09",0,1,60.03,60.03,60.03
5658,"2021-10-12","2022-07-27",288,2,24.95,49.89,24.95
5659,"2024-06-19","2024-06-19",0,1,204.33,204.33,204.33
5661,"2023-10-24","2023-10-24",0,1,57.76,57.76,57.76
5662,"2020-05-02","2025-03-06",1769,3,174.98,524.95,174.98
5663,"2020-08-03","2020-08-03",0,1,67.39,67.39,67.39
5664,"2020-10-22","2023-09-23",1066,3,102.47,307.42,102.47
5666,"2023-12-01","2023-12-01",0,1,59.98,59.98,59.98
5667,"2023-06-11","2024-07-03",388,2,261.35,522.70,261.35
5668,"2023-07-19","2024-07-30",377,3,298.08,894.25,298.08
5669,"2022-05-21","2022-05-21",0,1,60.90,60.90,60.90
5671,"2021-06-26","2025-10-06",1563,5,52.35,261.73,52.35
5674,"2021-03-07","2024-07-15",1226,3,276.17,828.52,276.17
5675,"2022-10-26","2022-10-26",0,1,136.10,136.10,136.10
5676,"2020-03-23","2020-09-10",171,2,49.20,98.40,49.20
5677,"2020-09-08","2023-05-31",995,3,78.26,234.79,78.26
5678,"2021-04-14","2021-04-14",0,1,105.20,105.20,105.20
5679,"2020-10-04","2025-10-28",1850,2,206.64,413.28,206.64
5680,"2021-06-22","2025-03-08",1355,2,25.13,50.26,25.13
5681,"2024-02-13","2024-02-13",0,1,141.71,141.71,141.71
5682,"2024-05-11","2024-05-11",0,1,103.65,103.65,103.65
5683,"2025-05-09","2025-05-09",0,1,798.61,798.61,798.61
5684,"2022-06-30","2024-09-04",797,3,61.94,185.81,61.94
5685,"2020-05-13","2023-06-05",1118,2,191.18,382.35,191.18
5686,"2022-03-24","2025-09-24",1280,3,196.21,588.62,196.21
5688,"2021-05-10","2021-12-03",207,2,42.11,84.22,42.11
5689,"2025-02-22","2025-02-22",0,1,124.55,124.55,124.55
5690,"2021-09-28","2025-09-21",1454,4,155.31,621.25,155.31
5691,"2021-02-13","2021-02-13",0,1,37.15,37.15,37.15
5692,"2023-09-10","2025-03-17",554,4,91.25,364.99,91.25
5693,"2023-08-13","2023-11-21",100,2,231.21,462.42,231.21
5694,"2021-12-30","2025-04-27",1214,2,159.60,319.20,159.60
5695,"2022-08-15","2022-08-15",0,1,32.82,32.82,32.82
5696,"2023-01-22","2023-01-22",0,1,296.48,296.48,296.48
5697,"2020-01-09","2025-10-10",2101,2,149.55,299.10,149.55
5698,"2023-04-15","2023-04-15",0,1,113.07,113.07,113.07
5699,"2020-09-29","2021-03-25",177,2,346.77,693.53,346.77
5702,"2020-05-23","2024-08-28",1558,3,128.81,386.42,128.81
5703,"2020-07-01","2024-01-26",1304,4,145.51,582.04,145.51
5704,"2021-04-04","2021-09-07",156,2,217.28,434.56,217.28
5705,"2024-10-26","2024-10-26",0,1,64.91,64.91,64.91
5706,"2020-11-03","2022-09-18",684,3,55.44,166.33,55.44
5707,"2024-07-27","2024-07-27",0,1,46.92,46.92,46.92
5708,"2024-12-08","2024-12-08",0,1,24.77,24.77,24.77
5710,"2020-12-03","2025-08-12",1713,5,63.24,316.19,63.24
5711,"2024-11-15","2024-11-15",0,1,45.17,45.17,45.17
5712,"2021-01-06","2025-10-30",1758,3,108.21,324.63,108.21
5713,"2023-07-16","2023-07-16",0,1,117.16,117.16,117.16
5715,"2023-04-20","2024-04-30",376,4,125.80,503.19,125.80
5716,"2021-09-04","2025-10-05",1492,3,293.63,880.88,293.63
5717,"2023-12-11","2023-12-11",0,1,89.68,89.68,89.68
5718,"2025-10-13","2025-10-13",0,1,32.47,32.47,32.47
5719,"2025-05-28","2025-08-29",93,2,132.78,265.55,132.78
5720,"2020-06-27","2025-02-24",1703,2,193.34,386.68,193.34
5722,"2025-10-10","2025-10-10",0,1,86.31,86.31,86.31
5723,"2023-11-10","2025-03-12",488,2,98.54,197.08,98.54
5724,"2020-06-03","2023-06-08",1100,3,90.36,271.09,90.36
5725,"2020-03-07","2024-01-03",1397,3,72.02,216.07,72.02
5726,"2020-11-22","2020-11-22",0,1,484.55,484.55,484.55
5727,"2020-10-22","2025-10-07",1811,3,45.99,137.97,45.99
5729,"2025-07-13","2025-07-13",0,1,90.69,90.69,90.69
5731,"2022-09-05","2025-02-04",883,3,211.67,635.02,211.67
5732,"2022-03-31","2025-10-17",1296,3,149.15,447.46,149.15
5733,"2022-04-24","2024-11-25",946,3,101.78,305.33,101.78
5734,"2020-01-08","2020-01-08",0,1,75.09,75.09,75.09
5735,"2022-07-13","2024-12-09",880,2,197.46,394.92,197.46
5736,"2022-06-12","2024-04-04",662,3,37.51,112.54,37.51
5737,"2022-08-21","2022-08-21",0,1,459.20,459.20,459.20
5738,"2023-03-10","2023-03-10",0,1,39.93,39.93,39.93
5739,"2024-04-03","2025-05-12",404,2,151.88,303.75,151.88
5741,"2023-04-20","2025-09-16",880,3,148.76,446.28,148.76
5742,"2024-10-15","2024-10-15",0,1,17.19,17.19,17.19
5743,"2021-04-02","2023-04-28",756,2,214.46,428.91,214.46
5744,"2021-07-10","2021-07-10",0,1,404.00,404.00,404.00
5745,"2023-01-04","2025-02-10",768,3,109.59,328.77,109.59
5746,"2020-02-20","2025-08-27",2015,4,86.34,345.34,86.34
5747,"2022-01-27","2022-01-27",0,1,206.38,206.38,206.38
5748,"2021-08-08","2021-08-08",0,1,143.55,143.55,143.55
5749,"2021-05-09","2021-06-04",26,2,47.02,94.03,47.02
5751,"2022-03-23","2024-06-15",815,2,61.15,122.30,61.15
5752,"2020-09-29","2025-08-29",1795,6,393.61,2361.67,393.61
5753,"2020-08-30","2024-07-08",1408,2,136.03,272.05,136.03
5754,"2020-02-01","2022-10-24",996,3,126.87,380.60,126.87
5755,"2020-10-14","2023-12-29",1171,4,48.87,195.48,48.87
5756,"2024-04-03","2024-04-03",0,1,376.12,376.12,376.12
5757,"2022-01-14","2024-12-09",1060,4,43.70,174.80,43.70
5759,"2020-08-12","2021-11-30",475,3,197.27,591.82,197.27
5760,"2023-05-04","2023-05-04",0,1,216.18,216.18,216.18
5761,"2021-10-20","2024-01-07",809,3,101.11,303.33,101.11
5762,"2020-06-09","2024-06-21",1473,5,66.30,331.51,66.30
5763,"2023-09-22","2024-12-03",438,3,45.72,137.17,45.72
5764,"2020-10-26","2020-10-26",0,1,196.57,196.57,196.57
5765,"2024-10-03","2024-10-03",0,1,37.23,37.23,37.23
5767,"2021-01-16","2023-11-26",1044,2,141.72,283.43,141.72
5768,"2020-03-08","2025-01-11",1770,5,187.81,939.06,187.81
5769,"2020-02-29","2025-08-27",2006,2,336.60,673.20,336.60
5770,"2025-03-18","2025-03-18",0,1,85.03,85.03,85.03
5771,"2022-09-06","2022-11-13",68,2,32.86,65.71,32.86
5772,"2021-05-04","2024-03-17",1048,4,195.97,783.88,195.97
5773,"2020-03-11","2020-03-11",0,1,18.52,18.52,18.52
5774,"2023-03-05","2023-03-05",0,1,130.65,130.65,130.65
5775,"2024-04-01","2025-09-04",521,3,100.61,301.84,100.61
5776,"2023-11-29","2023-11-29",0,1,127.72,127.72,127.72
5777,"2021-05-26","2025-02-14",1360,3,56.21,168.63,56.21
5778,"2020-11-22","2024-04-25",1250,4,169.93,679.73,169.93
5779,"2020-10-23","2024-04-27",1282,3,198.93,596.80,198.93
5780,"2020-02-14","2021-03-14",394,2,23.55,47.09,23.55
5782,"2022-08-13","2022-08-13",0,1,517.00,517.00,517.00
5783,"2023-04-21","2025-09-06",869,3,59.76,179.29,59.76
5784,"2020-04-25","2021-09-27",520,2,94.45,188.90,94.45
5785,"2023-12-28","2025-10-21",663,2,76.91,153.81,76.91
5786,"2020-06-08","2023-04-03",1029,3,159.71,479.12,159.71
5787,"2024-12-06","2025-03-19",103,2,104.44,208.88,104.44
5788,"2020-07-01","2025-07-20",1845,2,52.43,104.86,52.43
5789,"2021-10-03","2024-04-17",927,2,148.49,296.97,148.49
5790,"2021-08-09","2021-08-09",0,1,252.22,252.22,252.22
5791,"2022-04-28","2022-04-28",0,1,365.98,365.98,365.98
5792,"2020-06-22","2020-06-22",0,1,383.53,383.53,383.53
5793,"2020-08-26","2023-08-26",1095,3,53.19,159.57,53.19
5794,"2025-06-03","2025-06-03",0,1,442.90,442.90,442.90
5795,"2025-04-30","2025-04-30",0,1,128.62,128.62,128.62
5796,"2020-11-25","2020-11-25",0,1,64.01,64.01,64.01
5798,"2025-02-20","2025-09-24",216,2,158.32,316.63,158.32
5799,"2022-01-23","2022-11-09",290,2,82.86,165.72,82.86
5800,"2022-05-11","2022-05-11",0,1,160.76,160.76,160.76
5801,"2021-12-24","2024-05-13",871,3,109.81,329.42,109.81
5802,"2020-01-16","2025-08-04",2027,3,61.85,185.55,61.85
5804,"2024-08-17","2024-08-17",0,1,85.68,85.68,85.68
5805,"2020-12-05","2021-06-13",190,2,86.89,173.78,86.89
5806,"2021-03-13","2024-11-02",1330,3,119.87,359.60,119.87
5807,"2020-07-17","2024-07-18",1462,3,207.60,622.81,207.60
5808,"2024-11-19","2024-11-19",0,1,9.25,9.25,9.25
5809,"2022-04-15","2025-07-18",1190,3,88.90,266.70,88.90
5810,"2020-11-14","2020-11-14",0,1,45.61,45.61,45.61
5811,"2024-07-31","2024-07-31",0,1,186.87,186.87,186.87
5812,"2023-06-20","2025-08-04",776,3,77.01,231.02,77.01
5813,"2020-09-30","2021-06-15",258,3,300.56,901.68,300.56
5814,"2024-11-22","2025-10-25",337,2,192.62,385.23,192.62
5815,"2020-02-10","2021-08-01",538,3,137.07,411.21,137.07
5816,"2024-11-18","2025-03-09",111,2,26.25,52.50,26.25
5817,"2021-06-05","2023-05-19",713,2,38.90,77.80,38.90
5819,"2020-04-05","2022-01-11",646,2,100.13,200.25,100.13
5820,"2021-07-18","2023-09-16",790,2,167.75,335.50,167.75
5821,"2024-03-05","2024-03-05",0,1,316.26,316.26,316.26
5822,"2022-03-19","2023-03-15",361,2,111.65,223.29,111.65
5823,"2021-02-16","2021-02-16",0,1,25.73,25.73,25.73
5824,"2021-12-31","2021-12-31",0,1,112.06,112.06,112.06
5825,"2022-08-24","2022-08-24",0,1,11.13,11.13,11.13
5826,"2020-08-02","2020-11-28",118,2,191.65,383.30,191.65
5827,"2022-12-16","2022-12-16",0,1,13.33,13.33,13.33
5828,"2020-01-01","2020-01-01",0,1,87.26,87.26,87.26
5829,"2025-07-16","2025-07-16",0,1,26.38,26.38,26.38
5830,"2021-02-08","2025-03-16",1497,2,150.66,301.31,150.66
5831,"2022-11-19","2023-06-06",199,2,53.13,106.25,53.13
5832,"2023-09-12","2023-09-12",0,1,258.29,258.29,258.29
5833,"2023-09-16","2025-05-24",616,2,70.62,141.23,70.62
5834,"2024-12-26","2024-12-26",0,1,48.51,48.51,48.51
5836,"2022-01-31","2025-09-20",1328,4,84.57,338.28,84.57
5837,"2020-04-18","2025-10-06",1997,2,319.38,638.76,319.38
5838,"2020-02-14","2022-11-28",1018,2,263.34,526.68,263.34
5839,"2024-01-08","2024-07-26",200,3,71.88,215.64,71.88
5840,"2020-04-07","2024-05-30",1514,3,59.55,178.64,59.55
5841,"2020-02-22","2022-01-19",697,2,67.16,134.31,67.16
5844,"2022-02-12","2022-02-12",0,1,90.16,90.16,90.16
5846,"2020-08-01","2020-08-01",0,1,166.39,166.39,166.39
5847,"2022-01-10","2025-09-11",1340,2,37.88,75.76,37.88
5848,"2020-05-28","2025-03-03",1740,3,92.46,277.38,92.46
5849,"2020-02-24","2025-05-02",1894,2,132.89,265.77,132.89
5850,"2021-08-28","2021-11-29",93,2,61.92,123.84,61.92
5851,"2023-03-13","2025-05-14",793,3,60.11,180.32,60.11
5853,"2024-03-06","2024-03-06",0,1,201.95,201.95,201.95
5854,"2020-03-10","2023-08-12",1250,2,106.79,213.57,106.79
5855,"2020-03-21","2024-05-27",1528,3,49.17,147.51,49.17
5856,"2023-03-29","2023-03-29",0,1,58.88,58.88,58.88
5857,"2023-04-02","2025-02-19",689,3,43.08,129.23,43.08
5858,"2021-06-10","2025-09-05",1548,4,186.38,745.50,186.38
5859,"2022-09-07","2022-09-07",0,1,22.22,22.22,22.22
5861,"2022-05-24","2022-05-24",0,1,13.72,13.72,13.72
5864,"2021-02-26","2024-01-10",1048,3,182.20,546.59,182.20
5865,"2020-04-09","2023-07-01",1178,6,168.54,1011.23,168.54
5866,"2020-09-03","2020-09-03",0,1,176.19,176.19,176.19
5867,"2022-02-08","2024-02-05",727,2,79.26,158.51,79.26
5868,"2020-01-25","2022-12-22",1062,3,133.18,399.54,133.18
5869,"2023-01-24","2023-01-24",0,1,46.81,46.81,46.81
5871,"2022-12-26","2022-12-26",0,1,12.37,12.37,12.37
5873,"2023-03-03","2023-06-26",115,2,118.13,236.25,118.13
5876,"2025-03-19","2025-03-19",0,1,67.67,67.67,67.67
5878,"2020-11-30","2022-04-09",495,2,51.91,103.82,51.91
5879,"2023-12-22","2023-12-22",0,1,135.13,135.13,135.13
5880,"2020-06-05","2023-09-29",1211,2,65.56,131.12,65.56
5881,"2020-08-02","2023-10-27",1181,2,31.58,63.15,31.58
5882,"2021-06-12","2021-06-12",0,1,149.70,149.70,149.70
5885,"2021-11-21","2021-11-21",0,1,96.90,96.90,96.90
5886,"2024-08-07","2024-11-25",110,2,81.16,162.31,81.16
5887,"2020-02-04","2020-06-29",146,2,335.26,670.51,335.26
5888,"2024-08-24","2024-08-24",0,1,160.98,160.98,160.98
5890,"2021-08-21","2025-09-01",1472,2,25.17,50.34,25.17
5891,"2023-04-28","2023-04-28",0,1,136.70,136.70,136.70
5893,"2022-05-05","2023-07-13",434,3,47.19,141.56,47.19
5894,"2022-01-15","2023-11-02",656,2,167.90,335.79,167.90
5895,"2020-05-17","2023-10-09",1240,4,78.25,313.01,78.25
5896,"2020-11-06","2025-08-17",1745,2,362.97,725.93,362.97
5897,"2020-06-19","2025-09-03",1902,3,125.51,376.52,125.51
5898,"2021-10-14","2023-08-28",683,3,73.78,221.35,73.78
5899,"2023-06-02","2025-09-23",844,3,54.03,162.10,54.03
5901,"2023-06-24","2024-11-13",508,2,413.94,827.87,413.94
5902,"2020-11-23","2025-03-03",1561,4,122.43,489.70,122.43
5903,"2024-09-26","2024-09-26",0,1,242.24,242.24,242.24
5905,"2024-03-04","2024-11-13",254,2,144.24,288.48,144.24
5906,"2021-06-17","2023-07-16",759,2,101.76,203.52,101.76
5908,"2020-11-09","2025-08-06",1731,2,95.54,191.08,95.54
5909,"2021-01-14","2025-06-06",1604,3,40.47,121.40,40.47
5911,"2020-05-06","2020-05-06",0,1,149.40,149.40,149.40
5912,"2020-04-06","2025-01-11",1741,4,118.72,474.86,118.72
5913,"2020-08-04","2020-08-04",0,1,79.45,79.45,79.45
5914,"2024-08-14","2024-08-14",0,1,5.25,5.25,5.25
5915,"2023-11-10","2023-11-10",0,1,22.24,22.24,22.24
5916,"2024-07-03","2025-10-10",464,2,95.29,190.57,95.29
5917,"2024-05-15","2025-07-15",426,2,95.31,190.62,95.31
5918,"2024-11-26","2024-11-26",0,1,208.40,208.40,208.40
5919,"2023-07-31","2023-07-31",0,1,119.90,119.90,119.90
5920,"2024-01-17","2024-01-17",0,1,165.09,165.09,165.09
5921,"2020-06-21","2025-10-12",1939,2,54.49,108.98,54.49
5922,"2020-01-19","2020-05-27",129,2,468.97,937.94,468.97
5925,"2023-02-01","2025-10-16",988,3,227.10,681.29,227.10
5926,"2023-05-07","2023-07-18",72,2,138.12,276.24,138.12
5927,"2020-04-27","2024-12-02",1680,2,381.16,762.31,381.16
5928,"2022-01-15","2024-10-02",991,2,148.05,296.10,148.05
5929,"2024-08-02","2024-08-02",0,1,35.70,35.70,35.70
5933,"2024-02-29","2025-07-25",512,2,43.44,86.87,43.44
5934,"2020-11-27","2025-02-02",1528,3,57.86,173.58,57.86
5935,"2020-02-23","2020-02-23",0,1,64.90,64.90,64.90
5936,"2024-03-03","2024-03-03",0,1,32.33,32.33,32.33
5937,"2021-05-29","2022-02-09",256,2,123.18,246.36,123.18
5941,"2024-05-30","2024-06-15",16,2,73.85,147.69,73.85
5944,"2024-05-15","2024-05-15",0,1,6.52,6.52,6.52
5945,"2021-01-01","2023-04-02",821,3,167.46,502.37,167.46
5946,"2020-10-02","2023-06-01",972,3,296.91,890.72,296.91
5948,"2020-04-15","2023-08-24",1226,2,76.11,152.21,76.11
5950,"2021-04-12","2023-03-06",693,5,53.74,268.72,53.74
5952,"2021-04-08","2022-03-04",330,2,89.49,178.97,89.49
5954,"2022-02-25","2022-02-25",0,1,37.79,37.79,37.79
5955,"2022-02-12","2023-01-03",325,3,74.12,222.37,74.12
5956,"2020-10-21","2023-03-31",891,3,50.47,151.42,50.47
5958,"2020-12-17","2025-05-29",1624,4,66.77,267.09,66.77
5959,"2021-11-13","2025-02-13",1188,3,136.19,408.56,136.19
5960,"2023-04-07","2024-12-23",626,3,171.58,514.74,171.58
5962,"2023-04-15","2024-09-22",526,2,22.91,45.82,22.91
5963,"2021-06-24","2025-09-02",1531,6,134.24,805.46,134.24
5964,"2020-02-12","2023-07-30",1264,2,33.34,66.68,33.34
5966,"2024-10-06","2024-10-06",0,1,312.20,312.20,312.20
5967,"2023-11-17","2025-07-31",622,2,168.12,336.23,168.12
5968,"2021-02-11","2025-01-04",1423,3,168.57,505.70,168.57
5969,"2020-05-13","2024-05-23",1471,5,64.87,324.35,64.87
5970,"2021-07-13","2021-11-19",129,2,28.79,57.58,28.79
5971,"2020-03-01","2024-06-13",1565,3,256.25,768.75,256.25
5972,"2025-02-25","2025-02-25",0,1,135.34,135.34,135.34
5973,"2022-05-08","2023-09-23",503,3,97.37,292.12,97.37
5974,"2023-01-23","2023-01-23",0,1,121.67,121.67,121.67
5975,"2020-08-11","2022-08-08",727,2,38.64,77.28,38.64
5977,"2021-03-24","2022-11-18",604,3,141.89,425.68,141.89
5978,"2020-09-02","2025-06-06",1738,4,60.68,242.71,60.68
5979,"2023-06-24","2023-06-24",0,1,172.31,172.31,172.31
5981,"2020-05-15","2023-06-15",1126,3,214.25,642.75,214.25
5982,"2022-05-17","2022-05-17",0,1,78.67,78.67,78.67
5985,"2021-06-22","2021-06-22",0,1,74.77,74.77,74.77
5986,"2020-06-11","2020-06-11",0,1,59.22,59.22,59.22
5987,"2020-04-11","2021-04-01",355,2,338.36,676.71,338.36
5988,"2021-11-21","2021-11-21",0,1,382.34,382.34,382.34
5989,"2023-12-26","2023-12-26",0,1,152.28,152.28,152.28
5990,"2020-05-03","2025-07-30",1914,2,119.91,239.82,119.91
5991,"2022-06-16","2025-09-30",1202,2,130.41,260.81,130.41
5992,"2020-10-09","2022-11-17",769,2,103.32,206.64,103.32
5993,"2020-12-22","2023-03-09",807,2,119.44,238.87,119.44
5994,"2023-03-12","2025-02-01",692,2,114.02,228.04,114.02
5995,"2021-09-14","2023-05-05",598,3,117.47,352.41,117.47
5996,"2023-03-08","2025-02-22",717,2,47.17,94.33,47.17
5997,"2021-09-18","2025-08-27",1439,3,46.50,139.49,46.50
5998,"2020-06-06","2023-07-01",1120,4,197.79,791.16,197.79
5999,"2024-10-08","2024-10-08",0,1,32.07,32.07,32.07
6000,"2023-11-22","2025-04-18",513,2,58.68,117.36,58.68
6001,"2020-02-03","2022-06-05",853,3,166.40,499.21,166.40
6002,"2022-09-14","2025-08-16",1067,4,123.07,492.28,123.07
6003,"2021-01-14","2022-03-17",427,2,443.72,887.44,443.72
6004,"2020-10-12","2020-10-12",0,1,194.96,194.96,194.96
6005,"2020-05-08","2022-08-06",820,2,484.59,969.17,484.59
6006,"2021-05-16","2021-05-16",0,1,39.99,39.99,39.99
6007,"2023-10-08","2023-10-08",0,1,111.90,111.90,111.90
6008,"2023-05-03","2024-04-08",341,2,62.02,124.04,62.02
6009,"2022-08-03","2022-08-03",0,1,115.34,115.34,115.34
6010,"2021-07-27","2023-04-15",627,2,57.31,114.62,57.31
6012,"2021-04-20","2024-01-30",1015,3,37.09,111.27,37.09
6013,"2022-08-19","2025-03-09",933,2,514.02,1028.03,514.02
6014,"2021-02-26","2025-04-01",1495,2,74.12,148.24,74.12
6015,"2025-08-17","2025-08-17",0,1,74.15,74.15,74.15
6016,"2022-12-03","2024-01-03",396,2,42.47,84.94,42.47
6017,"2020-08-03","2025-07-01",1793,5,159.52,797.61,159.52
6018,"2021-06-07","2021-06-07",0,1,143.95,143.95,143.95
6019,"2023-10-13","2025-08-29",686,2,206.01,412.01,206.01
6020,"2024-04-04","2024-04-04",0,1,122.53,122.53,122.53
6021,"2020-02-03","2025-09-11",2047,5,51.41,257.06,51.41
6022,"2021-10-13","2024-10-30",1113,2,100.29,200.57,100.29
6023,"2023-07-15","2025-07-21",737,2,121.11,242.21,121.11
6024,"2025-10-15","2025-10-15",0,1,607.66,607.66,607.66
6025,"2022-03-24","2023-11-22",608,4,196.82,787.26,196.82
6026,"2024-12-17","2024-12-17",0,1,147.52,147.52,147.52
6028,"2022-12-24","2022-12-24",0,1,42.32,42.32,42.32
6029,"2023-05-04","2024-10-11",526,2,33.42,66.84,33.42
6030,"2023-01-16","2024-12-27",711,2,68.24,136.47,68.24
6032,"2021-02-24","2025-09-19",1668,3,189.90,569.71,189.90
6033,"2021-07-28","2023-04-23",634,2,30.85,61.70,30.85
6034,"2022-10-26","2022-10-26",0,1,17.91,17.91,17.91
6035,"2022-06-11","2024-06-10",730,3,59.66,178.97,59.66
6036,"2023-02-01","2024-12-24",692,2,136.44,272.88,136.44
6037,"2022-06-19","2025-06-30",1107,2,72.71,145.42,72.71
6038,"2021-03-02","2023-03-26",754,3,149.41,448.22,149.41
6039,"2020-04-11","2020-04-11",0,1,185.12,185.12,185.12
6041,"2020-04-27","2025-04-04",1803,3,96.29,288.86,96.29
6043,"2021-01-12","2024-05-18",1222,3,225.96,677.88,225.96
6044,"2020-03-14","2024-02-25",1443,2,281.50,563.00,281.50
6045,"2023-02-17","2025-04-07",780,2,252.98,505.95,252.98
6048,"2021-03-16","2021-03-16",0,1,194.74,194.74,194.74
6049,"2020-01-05","2020-01-05",0,1,116.76,116.76,116.76
6051,"2021-11-22","2024-09-26",1039,4,273.21,1092.85,273.21
6052,"2022-04-09","2023-03-06",331,2,77.54,155.07,77.54
6053,"2020-07-26","2025-04-24",1733,3,146.83,440.50,146.83
6055,"2024-11-11","2024-11-11",0,1,27.66,27.66,27.66
6056,"2024-05-30","2024-05-30",0,1,165.67,165.67,165.67
6057,"2021-04-19","2021-04-19",0,1,40.58,40.58,40.58
6058,"2020-08-31","2020-08-31",0,1,86.95,86.95,86.95
6059,"2023-07-15","2023-07-15",0,1,87.86,87.86,87.86
6060,"2021-06-14","2023-11-29",898,2,23.23,46.45,23.23
6061,"2024-03-09","2025-03-30",386,2,46.75,93.49,46.75
6063,"2021-08-27","2024-07-29",1067,4,292.80,1171.18,292.80
6064,"2023-01-03","2025-09-02",973,2,88.27,176.53,88.27
6066,"2021-10-30","2021-10-30",0,1,178.43,178.43,178.43
6067,"2023-09-05","2023-09-28",23,2,126.91,253.81,126.91
6068,"2020-05-20","2022-10-02",865,4,335.14,1340.56,335.14
6069,"2020-03-23","2020-05-23",61,2,41.34,82.67,41.34
6070,"2021-04-16","2021-04-16",0,1,7.82,7.82,7.82
6071,"2020-07-17","2020-07-17",0,1,273.54,273.54,273.54
6073,"2023-07-19","2023-07-19",0,1,383.01,383.01,383.01
6074,"2022-03-03","2024-09-17",929,3,149.29,447.87,149.29
6075,"2021-08-13","2025-01-11",1247,3,221.10,663.31,221.10
6076,"2022-06-30","2024-01-03",552,2,48.87,97.73,48.87
6078,"2020-08-30","2024-03-06",1284,2,32.90,65.79,32.90
6079,"2020-04-25","2025-04-22",1823,3,65.74,197.23,65.74
6080,"2023-03-03","2023-06-30",119,2,93.59,187.17,93.59
6081,"2020-10-25","2024-02-01",1194,2,69.69,139.38,69.69
6082,"2023-03-19","2023-05-12",54,2,155.73,311.45,155.73
6083,"2023-02-26","2025-02-08",713,3,99.92,299.77,99.92
6084,"2020-05-15","2022-08-20",827,3,91.39,274.16,91.39
6086,"2024-04-20","2024-04-20",0,1,222.55,222.55,222.55
6087,"2020-10-09","2024-06-13",1343,3,111.31,333.93,111.31
6088,"2020-09-08","2020-09-08",0,1,87.47,87.47,87.47
6089,"2024-04-25","2024-04-25",0,1,34.11,34.11,34.11
6090,"2021-04-08","2025-02-26",1420,4,143.75,575.01,143.75
6093,"2021-07-28","2021-07-28",0,1,725.57,725.57,725.57
6094,"2020-10-15","2023-02-06",844,2,74.69,149.37,74.69
6095,"2020-10-30","2023-10-15",1080,4,40.44,161.76,40.44
6096,"2020-11-15","2020-11-15",0,1,12.14,12.14,12.14
6097,"2020-10-18","2024-05-18",1308,5,47.55,237.74,47.55
6100,"2021-07-22","2021-07-22",0,1,126.03,126.03,126.03
6101,"2021-09-02","2025-03-24",1299,3,171.43,514.30,171.43
6102,"2021-03-08","2023-10-26",962,2,71.22,142.43,71.22
6103,"2022-09-23","2023-01-08",107,2,97.99,195.97,97.99
6104,"2020-05-18","2024-12-18",1675,3,115.66,346.99,115.66
6105,"2020-08-30","2024-07-02",1402,2,293.51,587.02,293.51
6106,"2022-11-24","2025-05-07",895,2,85.83,171.65,85.83
6108,"2020-09-21","2025-01-26",1588,3,19.37,58.11,19.37
6110,"2021-01-09","2025-03-17",1528,3,150.85,452.56,150.85
6111,"2021-09-02","2023-11-30",819,2,66.80,133.59,66.80
6112,"2020-02-07","2024-07-13",1618,2,184.90,369.80,184.90
6113,"2024-12-27","2024-12-27",0,1,91.52,91.52,91.52
6114,"2022-04-03","2022-04-03",0,1,18.87,18.87,18.87
6115,"2020-12-26","2025-09-11",1720,2,16.94,33.87,16.94
6116,"2022-06-09","2025-10-22",1231,3,60.70,182.09,60.70
6117,"2020-12-30","2023-06-08",890,2,41.81,83.61,41.81
6118,"2023-03-15","2023-03-15",0,1,557.19,557.19,557.19
6119,"2022-06-09","2024-07-16",768,3,143.81,431.42,143.81
6120,"2022-12-06","2023-08-01",238,2,54.04,108.07,54.04
6122,"2022-04-05","2023-07-03",454,2,291.34,582.68,291.34
6123,"2020-09-11","2025-10-03",1848,3,33.18,99.54,33.18
6124,"2023-11-09","2023-11-09",0,1,181.44,181.44,181.44
6126,"2023-06-08","2024-08-23",442,2,149.63,299.26,149.63
6127,"2020-06-06","2021-11-26",538,2,164.03,328.05,164.03
6128,"2020-12-06","2025-03-27",1572,2,59.71,119.42,59.71
6129,"2022-10-03","2022-10-03",0,1,217.12,217.12,217.12
6130,"2021-01-06","2025-09-13",1711,2,258.18,516.35,258.18
6131,"2022-03-24","2022-10-28",218,2,135.60,271.19,135.60
6132,"2021-09-02","2021-09-02",0,1,227.76,227.76,227.76
6133,"2022-06-20","2023-11-28",526,2,430.57,861.13,430.57
6134,"2020-01-01","2024-04-30",1581,4,77.50,309.98,77.50
6137,"2020-08-02","2023-04-08",979,2,114.46,228.91,114.46
6138,"2021-04-22","2023-11-10",932,3,103.57,310.70,103.57
6139,"2020-12-01","2025-02-21",1543,2,47.42,94.83,47.42
6141,"2023-08-22","2023-08-22",0,1,74.93,74.93,74.93
6142,"2021-04-08","2021-04-08",0,1,37.11,37.11,37.11
6144,"2020-11-02","2025-10-19",1812,4,215.21,860.85,215.21
6145,"2021-03-25","2024-12-04",1350,2,171.54,343.07,171.54
6146,"2022-10-12","2022-10-12",0,1,10.91,10.91,10.91
6147,"2023-07-06","2023-07-06",0,1,131.20,131.20,131.20
6148,"2020-08-29","2023-10-18",1145,4,95.54,382.16,95.54
6150,"2025-10-26","2025-10-26",0,1,522.28,522.28,522.28
6151,"2023-03-30","2023-03-30",0,1,239.83,239.83,239.83
6152,"2022-06-05","2025-08-21",1173,2,471.65,943.30,471.65
6153,"2024-12-22","2024-12-22",0,1,79.63,79.63,79.63
6154,"2021-04-12","2024-07-26",1201,3,49.76,149.29,49.76
6156,"2025-07-08","2025-07-08",0,1,106.49,106.49,106.49
6157,"2024-04-13","2024-04-13",0,1,60.04,60.04,60.04
6159,"2024-02-19","2025-08-10",538,2,197.71,395.42,197.71
6160,"2021-05-08","2024-12-28",1330,3,95.16,285.48,95.16
6164,"2022-02-16","2022-12-23",310,3,52.29,156.86,52.29
6165,"2021-06-17","2023-07-10",753,2,79.00,158.00,79.00
6166,"2022-02-01","2025-09-10",1317,6,273.12,1638.69,273.12
6167,"2020-01-17","2021-01-23",372,2,162.07,324.14,162.07
6168,"2021-01-23","2022-04-18",450,2,130.52,261.04,130.52
6169,"2021-01-28","2022-03-25",421,4,112.18,448.71,112.18
6170,"2020-01-03","2025-08-15",2051,2,84.29,168.58,84.29
6171,"2021-08-28","2022-07-25",331,3,73.50,220.50,73.50
6172,"2024-03-14","2024-12-05",266,2,101.07,202.14,101.07
6174,"2023-06-27","2025-01-11",564,3,92.76,278.28,92.76
6175,"2023-03-08","2023-03-08",0,1,103.66,103.66,103.66
6176,"2022-01-22","2025-05-10",1204,4,145.84,583.37,145.84
6178,"2024-10-14","2024-10-14",0,1,89.09,89.09,89.09
6179,"2023-08-26","2023-08-26",0,1,194.83,194.83,194.83
6180,"2020-10-20","2024-05-24",1312,2,82.13,164.26,82.13
6181,"2021-02-11","2025-07-18",1618,4,169.62,678.46,169.62
6182,"2020-01-16","2024-01-14",1459,3,160.07,480.22,160.07
6183,"2023-08-18","2023-08-18",0,1,8.92,8.92,8.92
6184,"2023-08-11","2024-09-05",391,2,29.99,59.97,29.99
6185,"2020-05-11","2025-02-24",1750,3,117.53,352.58,117.53
6187,"2022-05-17","2022-05-17",0,1,160.38,160.38,160.38
6190,"2023-05-29","2025-10-26",881,4,96.16,384.64,96.16
6192,"2022-09-16","2025-03-29",925,2,109.14,218.27,109.14
6193,"2022-11-15","2025-04-26",893,2,162.52,325.03,162.52
6194,"2024-12-05","2024-12-05",0,1,146.88,146.88,146.88
6195,"2020-03-31","2020-03-31",0,1,392.73,392.73,392.73
6196,"2020-07-22","2020-07-22",0,1,70.97,70.97,70.97
6197,"2021-09-16","2022-03-07",172,2,45.37,90.74,45.37
6199,"2020-01-19","2020-01-19",0,1,95.11,95.11,95.11
6200,"2021-01-21","2021-09-03",225,2,58.36,116.71,58.36
6201,"2023-05-30","2025-10-28",882,2,395.02,790.03,395.02
6202,"2020-10-02","2025-10-14",1838,2,92.89,185.78,92.89
6203,"2021-09-22","2022-01-03",103,2,54.54,109.08,54.54
6204,"2020-02-20","2022-09-05",928,3,58.19,174.56,58.19
6206,"2021-11-10","2024-11-11",1097,3,144.53,433.60,144.53
6207,"2021-07-25","2021-07-25",0,1,134.73,134.73,134.73
6208,"2020-06-28","2021-06-07",344,2,82.49,164.97,82.49
6209,"2022-09-13","2024-12-08",817,3,153.87,461.61,153.87
6210,"2022-12-01","2024-01-03",398,3,197.45,592.35,197.45
6211,"2020-01-13","2025-01-02",1816,3,107.60,322.81,107.60
6212,"2020-02-02","2024-05-27",1576,3,123.27,369.80,123.27
6213,"2024-11-11","2024-11-11",0,1,259.09,259.09,259.09
6214,"2021-08-30","2021-08-30",0,1,30.71,30.71,30.71
6215,"2020-10-09","2022-02-12",491,2,80.77,161.54,80.77
6216,"2022-05-30","2024-03-01",641,2,397.31,794.62,397.31
6217,"2022-04-24","2025-01-09",991,3,182.88,548.64,182.88
6219,"2021-06-04","2025-03-30",1395,2,105.14,210.27,105.14
6220,"2022-01-30","2025-08-13",1291,5,213.79,1068.94,213.79
6221,"2020-04-01","2025-05-17",1872,2,45.44,90.87,45.44
6223,"2021-03-28","2024-01-02",1010,3,136.25,408.75,136.25
6225,"2020-01-13","2024-03-13",1521,2,48.16,96.32,48.16
6226,"2020-02-04","2022-10-16",985,2,89.58,179.15,89.58
6227,"2021-02-11","2021-02-11",0,1,112.95,112.95,112.95
6228,"2020-11-08","2022-12-29",781,2,69.92,139.84,69.92
6231,"2020-11-23","2024-09-28",1405,3,146.62,439.85,146.62
6232,"2021-09-18","2024-01-16",850,2,103.45,206.89,103.45
6233,"2021-08-13","2021-08-13",0,1,109.48,109.48,109.48
6234,"2020-01-02","2023-12-13",1441,4,178.70,714.78,178.70
6235,"2023-11-08","2025-07-02",602,3,99.42,298.25,99.42
6236,"2023-04-27","2023-04-27",0,1,116.73,116.73,116.73
6237,"2021-08-06","2025-08-05",1460,4,68.26,273.02,68.26
6238,"2020-12-16","2021-11-30",349,2,76.60,153.20,76.60
6239,"2025-10-05","2025-10-05",0,1,189.61,189.61,189.61
6240,"2020-09-26","2024-12-15",1541,4,100.96,403.84,100.96
6241,"2020-04-01","2025-06-06",1892,3,136.26,408.78,136.26
6242,"2020-08-05","2025-01-21",1630,4,408.86,1635.43,408.86
6243,"2025-07-10","2025-07-10",0,1,12.08,12.08,12.08
6246,"2023-06-06","2025-01-15",589,2,135.70,271.39,135.70
6247,"2020-03-21","2022-02-26",707,2,121.37,242.74,121.37
6248,"2025-03-27","2025-03-27",0,1,15.53,15.53,15.53
6249,"2020-06-28","2023-02-24",971,2,26.76,53.52,26.76
6251,"2021-10-06","2024-04-05",912,4,124.02,496.07,124.02
6253,"2020-08-16","2020-08-16",0,1,54.40,54.40,54.40
6254,"2021-05-20","2021-05-20",0,1,5.93,5.93,5.93
6255,"2020-09-07","2022-06-25",656,2,73.30,146.59,73.30
6258,"2025-07-28","2025-07-28",0,1,42.94,42.94,42.94
6259,"2020-05-16","2020-11-09",177,2,89.17,178.34,89.17
6263,"2023-12-09","2023-12-09",0,1,387.48,387.48,387.48
6264,"2020-12-13","2020-12-13",0,1,16.33,16.33,16.33
6265,"2020-03-18","2025-09-25",2017,2,71.11,142.22,71.11
6266,"2025-05-30","2025-05-30",0,1,120.00,120.00,120.00
6267,"2024-01-17","2024-01-17",0,1,47.06,47.06,47.06
6268,"2023-01-23","2023-01-23",0,1,421.72,421.72,421.72
6269,"2025-06-04","2025-06-04",0,1,290.01,290.01,290.01
6272,"2023-06-06","2023-06-06",0,1,53.69,53.69,53.69
6274,"2024-03-05","2024-10-02",211,2,87.22,174.43,87.22
6275,"2022-05-26","2024-08-24",821,3,100.01,300.03,100.01
6278,"2021-07-20","2025-07-30",1471,3,139.63,418.88,139.63
6279,"2024-03-15","2024-12-31",291,2,118.73,237.45,118.73
6280,"2020-04-28","2025-01-17",1725,4,65.88,263.53,65.88
6281,"2024-08-19","2024-11-22",95,2,127.75,255.49,127.75
6282,"2021-03-23","2025-02-19",1429,3,178.16,534.49,178.16
6283,"2020-12-16","2025-06-16",1643,2,64.56,129.12,64.56
6285,"2021-04-12","2021-04-12",0,1,106.43,106.43,106.43
6286,"2020-03-09","2021-11-19",620,2,42.72,85.43,42.72
6287,"2023-08-08","2023-08-08",0,1,341.42,341.42,341.42
6288,"2020-02-22","2020-02-22",0,1,103.92,103.92,103.92
6289,"2022-05-01","2022-12-01",214,2,45.86,91.72,45.86
6290,"2023-07-17","2023-07-17",0,1,101.03,101.03,101.03
6291,"2020-09-11","2022-03-08",543,2,105.70,211.39,105.70
6292,"2021-08-25","2023-05-27",640,3,201.25,603.76,201.25
6293,"2020-04-07","2023-08-29",1239,3,316.26,948.77,316.26
6294,"2022-08-07","2022-08-07",0,1,142.96,142.96,142.96
6295,"2021-04-11","2021-04-11",0,1,36.70,36.70,36.70
6296,"2022-02-10","2025-07-31",1267,2,181.23,362.46,181.23
6297,"2023-03-31","2023-03-31",0,1,38.75,38.75,38.75
6298,"2020-03-31","2023-03-18",1082,3,20.21,60.64,20.21
6299,"2020-12-09","2024-04-11",1219,3,110.51,331.54,110.51
6301,"2025-04-23","2025-04-23",0,1,69.48,69.48,69.48
6302,"2021-05-02","2022-03-09",311,2,172.60,345.19,172.60
6305,"2022-06-29","2022-06-29",0,1,63.50,63.50,63.50
6306,"2020-09-09","2020-09-09",0,1,124.61,124.61,124.61
6307,"2021-02-13","2022-07-07",509,3,59.39,178.18,59.39
6308,"2020-02-09","2024-03-13",1494,3,63.17,189.50,63.17
6309,"2021-05-24","2024-03-14",1025,3,32.80,98.40,32.80
6310,"2020-01-06","2023-09-16",1349,2,88.69,177.37,88.69
6311,"2022-05-23","2025-03-30",1042,5,135.03,675.15,135.03
6312,"2020-03-01","2024-01-24",1424,4,127.86,511.43,127.86
6314,"2025-01-13","2025-01-13",0,1,13.10,13.10,13.10
6316,"2022-03-20","2025-09-02",1262,2,150.76,301.52,150.76
6317,"2022-05-09","2024-11-26",932,2,19.18,38.36,19.18
6318,"2021-03-31","2022-07-13",469,2,19.37,38.73,19.37
6319,"2020-06-05","2020-06-05",0,1,4.71,4.71,4.71
6320,"2021-01-17","2023-08-20",945,2,284.59,569.17,284.59
6321,"2024-03-06","2024-03-06",0,1,49.69,49.69,49.69
6322,"2020-03-22","2023-01-11",1025,4,557.67,2230.66,557.67
6324,"2021-07-30","2025-05-02",1372,3,259.84,779.53,259.84
6325,"2021-05-12","2025-08-31",1572,3,149.97,449.90,149.97
6327,"2020-12-04","2021-08-24",263,3,122.75,368.26,122.75
6329,"2021-10-01","2021-10-01",0,1,253.14,253.14,253.14
6330,"2021-01-13","2025-05-28",1596,3,187.23,561.70,187.23
6331,"2024-03-17","2024-03-17",0,1,94.21,94.21,94.21
6332,"2022-11-24","2025-08-19",999,2,484.52,969.03,484.52
6333,"2021-03-25","2025-02-01",1409,3,163.32,489.95,163.32
6334,"2020-08-25","2024-11-15",1543,3,122.07,366.21,122.07
6337,"2023-06-01","2023-11-23",175,2,86.96,173.91,86.96
6338,"2021-04-01","2022-06-03",428,3,164.44,493.33,164.44
6341,"2020-06-24","2020-06-24",0,1,53.96,53.96,53.96
6342,"2021-06-13","2024-06-06",1089,3,183.29,549.87,183.29
6343,"2020-01-04","2024-07-24",1663,2,107.64,215.27,107.64
6344,"2021-08-31","2025-08-10",1440,2,65.29,130.58,65.29
6345,"2023-07-15","2023-07-15",0,1,69.77,69.77,69.77
6346,"2022-06-24","2025-04-13",1024,3,43.99,131.96,43.99
6349,"2024-08-27","2024-08-27",0,1,53.77,53.77,53.77
6350,"2020-08-27","2023-09-14",1113,3,170.07,510.20,170.07
6352,"2021-11-12","2021-11-12",0,1,256.91,256.91,256.91
6353,"2022-10-12","2022-10-12",0,1,59.50,59.50,59.50
6354,"2020-01-22","2020-01-22",0,1,81.98,81.98,81.98
6355,"2023-08-24","2025-07-08",684,3,113.75,341.26,113.75
6356,"2020-08-27","2025-06-10",1748,2,278.65,557.30,278.65
6357,"2020-11-02","2024-02-04",1189,3,141.70,425.09,141.70
6359,"2021-04-26","2021-11-25",213,2,99.64,199.28,99.64
6360,"2023-07-09","2023-07-09",0,1,85.63,85.63,85.63
6361,"2025-10-01","2025-10-01",0,1,122.51,122.51,122.51
6364,"2020-11-27","2025-05-17",1632,2,150.66,301.31,150.66
6365,"2020-02-17","2022-11-13",1000,2,376.66,753.31,376.66
6366,"2020-05-13","2021-10-15",520,3,201.13,603.40,201.13
6367,"2024-12-23","2025-03-26",93,2,47.73,95.46,47.73
6368,"2020-04-20","2025-10-02",1991,2,147.93,295.85,147.93
6369,"2022-11-05","2025-05-31",938,3,58.70,176.10,58.70
6370,"2021-03-26","2021-03-26",0,1,27.91,27.91,27.91
6371,"2020-04-12","2020-04-12",0,1,47.75,47.75,47.75
6372,"2023-07-05","2023-07-05",0,1,206.55,206.55,206.55
6373,"2021-06-24","2023-10-18",846,2,68.03,136.06,68.03
6374,"2024-07-19","2025-01-17",182,2,114.14,228.28,114.14
6375,"2021-11-11","2023-05-15",550,2,481.23,962.46,481.23
6376,"2020-07-16","2021-03-17",244,2,58.16,116.31,58.16
6377,"2020-11-23","2025-08-08",1719,5,70.48,352.41,70.48
6378,"2021-10-10","2023-08-31",690,2,92.88,185.76,92.88
6379,"2020-08-26","2020-08-26",0,1,90.31,90.31,90.31
6380,"2020-03-06","2020-03-06",0,1,141.03,141.03,141.03
6381,"2021-10-09","2025-04-19",1288,3,149.22,447.67,149.22
6382,"2020-07-16","2024-10-05",1542,5,119.06,595.30,119.06
6383,"2025-03-21","2025-08-18",150,2,59.24,118.48,59.24
6385,"2020-02-28","2024-03-18",1480,2,38.11,76.22,38.11
6386,"2022-06-15","2023-05-21",340,2,71.83,143.66,71.83
6387,"2022-06-18","2022-06-18",0,1,70.76,70.76,70.76
6388,"2024-01-13","2024-01-13",0,1,43.90,43.90,43.90
6389,"2021-08-17","2023-10-13",787,2,66.58,133.16,66.58
6391,"2022-10-14","2022-10-14",0,1,109.33,109.33,109.33
6392,"2025-06-23","2025-06-23",0,1,525.97,525.97,525.97
6393,"2020-06-23","2023-04-26",1037,3,196.46,589.38,196.46
6394,"2021-11-18","2021-11-18",0,1,43.01,43.01,43.01
6395,"2025-09-07","2025-09-07",0,1,44.41,44.41,44.41
6396,"2023-05-22","2025-05-06",715,3,212.94,638.81,212.94
6397,"2022-10-20","2022-10-20",0,1,221.31,221.31,221.31
6398,"2022-07-09","2022-07-09",0,1,45.50,45.50,45.50
6399,"2021-08-22","2021-08-22",0,1,94.38,94.38,94.38
6400,"2021-04-23","2021-04-23",0,1,40.88,40.88,40.88
6401,"2021-12-07","2024-01-14",768,2,33.67,67.34,33.67
6402,"2024-05-20","2024-05-20",0,1,516.51,516.51,516.51
6403,"2023-07-01","2023-07-01",0,1,67.84,67.84,67.84
6404,"2021-05-07","2025-05-09",1463,4,101.91,407.64,101.91
6405,"2021-12-20","2021-12-20",0,1,618.92,618.92,618.92
6406,"2020-05-30","2020-05-30",0,1,92.80,92.80,92.80
6408,"2021-06-08","2021-06-08",0,1,69.26,69.26,69.26
6409,"2020-12-11","2024-02-07",1153,3,195.62,586.87,195.62
6410,"2020-07-22","2020-07-22",0,1,208.49,208.49,208.49
6412,"2020-02-01","2020-02-01",0,1,239.45,239.45,239.45
6413,"2025-01-28","2025-04-23",85,2,335.35,670.69,335.35
6414,"2023-02-15","2023-02-15",0,1,7.90,7.90,7.90
6415,"2021-09-01","2021-11-02",62,2,112.41,224.82,112.41
6416,"2022-10-19","2022-10-19",0,1,22.54,22.54,22.54
6417,"2022-01-15","2023-07-23",554,3,280.45,841.35,280.45
6418,"2023-01-24","2025-07-09",897,2,165.80,331.59,165.80
6419,"2020-03-21","2025-09-24",2013,3,108.87,326.60,108.87
6420,"2025-08-09","2025-08-09",0,1,87.04,87.04,87.04
6421,"2023-01-02","2024-05-01",485,2,479.91,959.81,479.91
6422,"2020-10-23","2024-06-26",1342,4,434.33,1737.31,434.33
6424,"2023-03-24","2023-03-24",0,1,45.46,45.46,45.46
6425,"2020-06-02","2025-03-26",1758,6,256.33,1537.96,256.33
6426,"2020-02-20","2024-10-18",1702,2,76.27,152.54,76.27
6427,"2022-12-25","2025-05-10",867,2,266.63,533.26,266.63
6428,"2023-07-20","2024-10-20",458,4,139.57,558.26,139.57
6429,"2022-10-02","2022-10-02",0,1,17.93,17.93,17.93
6430,"2021-01-03","2021-08-27",236,3,406.66,1219.98,406.66
6433,"2021-07-19","2025-05-13",1394,4,108.95,435.81,108.95
6434,"2021-07-18","2025-08-28",1502,3,94.78,284.34,94.78
6435,"2021-12-12","2024-07-31",962,2,230.30,460.59,230.30
6436,"2022-02-25","2024-08-06",893,4,94.66,378.63,94.66
6437,"2022-07-30","2025-05-30",1035,5,159.27,796.33,159.27
6438,"2022-08-14","2022-08-14",0,1,170.87,170.87,170.87
6439,"2025-08-31","2025-08-31",0,1,17.26,17.26,17.26
6440,"2020-09-27","2022-12-01",795,3,174.66,523.97,174.66
6441,"2020-10-20","2024-06-03",1322,2,49.38,98.76,49.38
6442,"2025-02-02","2025-02-02",0,1,21.08,21.08,21.08
6443,"2021-05-30","2024-11-24",1274,4,32.39,129.56,32.39
6445,"2020-05-03","2025-06-26",1880,3,276.19,828.56,276.19
6446,"2020-06-05","2023-02-13",983,2,12.66,25.31,12.66
6447,"2023-06-18","2024-03-25",281,2,131.31,262.61,131.31
6448,"2020-02-03","2024-03-16",1503,2,531.31,1062.62,531.31
6449,"2021-12-20","2021-12-20",0,1,30.27,30.27,30.27
6450,"2024-04-02","2024-04-02",0,1,63.29,63.29,63.29
6452,"2020-10-03","2022-07-08",643,2,121.16,242.31,121.16
6453,"2023-11-12","2023-11-30",18,2,116.43,232.85,116.43
6454,"2025-03-06","2025-05-20",75,2,27.26,54.52,27.26
6455,"2020-05-24","2025-05-24",1826,5,153.85,769.23,153.85
6457,"2020-07-18","2025-07-21",1829,2,69.52,139.04,69.52
6458,"2020-12-19","2021-09-11",266,2,32.48,64.96,32.48
6459,"2021-12-05","2021-12-05",0,1,25.17,25.17,25.17
6460,"2020-05-31","2022-01-03",582,2,17.07,34.14,17.07
6461,"2022-10-22","2025-04-21",912,3,103.97,311.90,103.97
6462,"2022-12-05","2022-12-05",0,1,243.24,243.24,243.24
6463,"2023-09-23","2024-11-27",431,2,261.23,522.46,261.23
6464,"2020-07-07","2023-01-10",917,2,84.02,168.03,84.02
6465,"2021-05-20","2023-11-05",899,4,27.55,110.19,27.55
6466,"2021-07-28","2023-05-15",656,2,125.46,250.91,125.46
6467,"2020-04-14","2021-12-22",617,3,51.63,154.88,51.63
6471,"2020-10-08","2020-10-08",0,1,184.54,184.54,184.54
6472,"2020-05-03","2023-09-05",1220,2,36.62,73.23,36.62
6473,"2021-05-05","2024-05-08",1099,4,122.71,490.85,122.71
6475,"2024-10-17","2025-10-20",368,3,97.75,293.24,97.75
6476,"2021-04-14","2022-10-18",552,2,24.52,49.03,24.52
6477,"2021-12-11","2025-02-17",1164,2,39.02,78.03,39.02
6478,"2021-04-10","2021-04-10",0,1,77.83,77.83,77.83
6480,"2021-06-02","2022-08-11",435,2,75.49,150.98,75.49
6481,"2021-02-21","2021-02-21",0,1,71.07,71.07,71.07
6482,"2025-05-26","2025-05-26",0,1,306.55,306.55,306.55
6483,"2023-09-06","2023-09-06",0,1,151.00,151.00,151.00
6484,"2022-04-24","2024-01-06",622,3,128.92,386.75,128.92
6485,"2023-04-18","2024-04-15",363,2,125.76,251.52,125.76
6487,"2021-06-27","2023-03-30",641,2,87.14,174.28,87.14
6488,"2024-12-20","2024-12-20",0,1,83.26,83.26,83.26
6489,"2020-10-27","2025-01-23",1549,3,174.67,524.00,174.67
6491,"2020-04-29","2025-08-22",1941,3,83.13,249.38,83.13
6492,"2024-12-28","2024-12-28",0,1,15.71,15.71,15.71
6493,"2020-05-16","2020-05-16",0,1,27.47,27.47,27.47
6494,"2021-06-07","2021-12-27",203,2,13.81,27.61,13.81
6495,"2021-11-18","2021-11-18",0,1,37.79,37.79,37.79
6496,"2020-01-21","2020-01-21",0,1,315.49,315.49,315.49
6498,"2022-12-06","2023-04-29",144,2,37.83,75.65,37.83
6499,"2020-10-20","2025-01-21",1554,3,92.96,278.88,92.96
6501,"2023-02-26","2023-02-26",0,1,91.40,91.40,91.40
6502,"2020-01-25","2022-12-03",1043,2,186.82,373.64,186.82
6504,"2022-06-04","2024-04-20",686,4,85.74,342.96,85.74
6505,"2021-01-02","2022-10-17",653,3,189.56,568.68,189.56
6506,"2020-06-08","2020-06-08",0,1,336.89,336.89,336.89
6507,"2022-03-02","2022-03-02",0,1,117.46,117.46,117.46
6508,"2023-01-14","2023-03-22",67,2,164.93,329.86,164.93
6509,"2020-10-07","2025-01-20",1566,5,153.77,768.85,153.77
6510,"2020-07-10","2021-09-22",439,2,752.09,1504.17,752.09
6511,"2020-04-19","2021-08-16",484,4,140.18,560.71,140.18
6512,"2021-12-12","2021-12-12",0,1,118.14,118.14,118.14
6514,"2022-03-14","2022-12-11",272,2,128.19,256.38,128.19
6516,"2021-05-05","2023-06-30",786,3,130.86,392.58,130.86
6518,"2020-08-26","2022-09-12",747,3,43.51,130.54,43.51
6519,"2020-02-12","2025-05-02",1906,3,206.76,620.28,206.76
6521,"2021-04-03","2024-10-03",1279,2,87.04,174.07,87.04
6522,"2023-06-03","2025-09-25",845,2,97.45,194.90,97.45
6523,"2020-09-18","2025-08-05",1782,4,71.55,286.20,71.55
6524,"2020-07-06","2024-07-05",1460,3,50.22,150.67,50.22
6525,"2022-12-30","2024-06-27",545,3,75.33,225.99,75.33
6526,"2022-10-07","2022-10-07",0,1,133.18,133.18,133.18
6527,"2024-06-04","2024-06-04",0,1,15.64,15.64,15.64
6528,"2023-02-23","2023-03-19",24,2,86.23,172.46,86.23
6530,"2021-03-26","2025-01-09",1385,2,115.93,231.86,115.93
6531,"2021-06-04","2021-08-26",83,2,201.72,403.43,201.72
6533,"2020-04-20","2020-04-20",0,1,120.26,120.26,120.26
6534,"2022-01-23","2023-09-18",603,2,40.15,80.30,40.15
6535,"2024-02-14","2024-02-14",0,1,13.53,13.53,13.53
6536,"2021-07-14","2023-07-13",729,2,89.10,178.19,89.10
6537,"2020-02-22","2024-07-07",1597,4,205.77,823.06,205.77
6538,"2022-05-14","2022-05-14",0,1,9.96,9.96,9.96
6540,"2023-07-05","2024-12-20",534,2,128.26,256.51,128.26
6541,"2021-10-10","2021-10-10",0,1,31.63,31.63,31.63
6542,"2022-03-28","2022-07-31",125,2,87.32,174.63,87.32
6543,"2021-12-01","2024-06-02",914,6,216.46,1298.75,216.46
6544,"2020-07-10","2023-10-12",1189,2,51.05,102.09,51.05
6545,"2023-08-15","2023-08-15",0,1,50.52,50.52,50.52
6547,"2023-05-15","2023-05-15",0,1,35.95,35.95,35.95
6548,"2020-08-28","2021-08-13",350,2,181.81,363.62,181.81
6549,"2020-03-21","2020-08-10",142,2,32.63,65.26,32.63
6551,"2025-03-18","2025-03-18",0,1,174.05,174.05,174.05
6552,"2024-02-26","2025-08-14",535,2,232.00,464.00,232.00
6553,"2022-05-19","2025-07-05",1143,2,248.99,497.97,248.99
6554,"2021-05-28","2023-04-13",685,2,58.29,116.57,58.29
6555,"2023-03-22","2023-03-22",0,1,50.16,50.16,50.16
6556,"2020-04-08","2023-05-06",1123,4,87.40,349.59,87.40
6557,"2021-01-05","2021-12-02",331,3,146.48,439.44,146.48
6558,"2023-02-11","2024-06-05",480,4,153.37,613.49,153.37
6559,"2024-01-13","2024-01-13",0,1,202.56,202.56,202.56
6560,"2022-08-28","2022-08-28",0,1,155.87,155.87,155.87
6561,"2023-10-11","2023-10-11",0,1,80.85,80.85,80.85
6562,"2023-08-30","2024-04-11",225,2,96.87,193.73,96.87
6563,"2020-12-02","2024-04-06",1221,6,191.62,1149.74,191.62
6564,"2022-01-02","2024-11-23",1056,2,115.02,230.03,115.02
6565,"2021-02-18","2022-04-11",417,2,90.20,180.39,90.20
6566,"2020-08-02","2024-12-29",1610,2,96.04,192.08,96.04
6567,"2021-05-19","2021-05-19",0,1,68.99,68.99,68.99
6568,"2021-02-24","2023-02-23",729,3,111.27,333.82,111.27
6570,"2025-08-25","2025-08-25",0,1,324.37,324.37,324.37
6572,"2023-07-02","2024-06-06",340,2,171.14,342.27,171.14
6573,"2021-04-03","2024-11-22",1329,3,99.59,298.78,99.59
6574,"2023-04-25","2023-04-25",0,1,91.76,91.76,91.76
6575,"2020-07-19","2024-02-27",1318,2,39.88,79.75,39.88
6576,"2020-07-10","2020-07-10",0,1,50.79,50.79,50.79
6577,"2020-01-08","2025-04-29",1938,3,83.83,251.48,83.83
6579,"2022-10-03","2025-06-08",979,3,149.92,449.76,149.92
6580,"2024-05-20","2025-03-07",291,2,245.36,490.72,245.36
6581,"2025-06-29","2025-06-29",0,1,145.00,145.00,145.00
6583,"2020-01-15","2024-07-17",1645,3,182.47,547.42,182.47
6584,"2022-11-20","2022-11-20",0,1,58.23,58.23,58.23
6585,"2020-04-15","2021-11-29",593,3,66.55,199.66,66.55
6586,"2020-11-09","2025-09-24",1780,3,106.02,318.05,106.02
6587,"2022-11-04","2025-10-01",1062,2,326.08,652.16,326.08
6588,"2022-07-26","2022-07-26",0,1,79.56,79.56,79.56
6589,"2023-12-23","2025-07-11",566,2,65.83,131.66,65.83
6590,"2020-04-15","2020-04-15",0,1,122.32,122.32,122.32
6592,"2022-11-10","2024-05-30",567,2,133.45,266.90,133.45
6593,"2021-08-06","2021-08-06",0,1,34.04,34.04,34.04
6594,"2022-10-20","2022-10-20",0,1,171.09,171.09,171.09
6595,"2021-07-01","2022-04-14",287,2,59.08,118.15,59.08
6596,"2022-05-07","2022-05-07",0,1,114.31,114.31,114.31
6599,"2020-05-28","2023-12-25",1306,2,37.62,75.24,37.62
6600,"2020-03-02","2024-01-22",1421,4,68.26,273.02,68.26
6601,"2022-09-23","2024-03-16",540,2,115.73,231.45,115.73
6602,"2024-03-05","2024-03-05",0,1,314.88,314.88,314.88
6603,"2023-04-07","2024-05-26",415,2,139.39,278.77,139.39
6604,"2022-09-13","2024-08-27",714,3,90.89,272.66,90.89
6605,"2024-08-30","2024-08-30",0,1,342.63,342.63,342.63
6606,"2022-09-04","2024-09-01",728,3,98.82,296.46,98.82
6607,"2022-07-21","2025-04-22",1006,2,73.07,146.14,73.07
6608,"2021-05-03","2021-09-27",147,2,182.83,365.66,182.83
6609,"2022-11-24","2022-11-24",0,1,12.56,12.56,12.56
6610,"2023-06-04","2023-06-04",0,1,67.59,67.59,67.59
6611,"2020-05-04","2020-05-04",0,1,8.15,8.15,8.15
6612,"2021-04-11","2023-10-28",930,3,122.47,367.40,122.47
6613,"2022-10-18","2024-10-10",723,2,106.10,212.20,106.10
6615,"2023-10-02","2023-10-02",0,1,195.91,195.91,195.91
6616,"2021-02-09","2024-06-12",1219,4,160.21,640.82,160.21
6617,"2020-10-27","2024-11-28",1493,4,95.65,382.61,95.65
6618,"2021-05-01","2021-05-01",0,1,9.35,9.35,9.35
6620,"2021-04-26","2021-04-26",0,1,18.77,18.77,18.77
6621,"2022-04-28","2022-04-28",0,1,58.26,58.26,58.26
6623,"2025-01-30","2025-01-30",0,1,28.16,28.16,28.16
6624,"2023-01-31","2023-01-31",0,1,7.91,7.91,7.91
6625,"2025-02-15","2025-10-16",243,2,69.39,138.78,69.39
6626,"2021-09-17","2023-05-16",606,2,95.93,191.86,95.93
6627,"2020-06-06","2023-12-11",1283,2,477.65,955.29,477.65
6628,"2023-08-20","2024-07-16",331,2,64.72,129.44,64.72
6629,"2020-12-09","2024-05-19",1257,6,136.05,816.27,136.05
6630,"2021-05-25","2024-07-03",1135,4,151.55,606.20,151.55
6631,"2020-11-15","2025-08-29",1748,3,71.61,214.84,71.61
6632,"2021-02-21","2023-09-04",925,3,174.13,522.39,174.13
6634,"2022-07-27","2022-07-27",0,1,68.31,68.31,68.31
6635,"2024-12-16","2025-06-14",180,2,131.82,263.63,131.82
6636,"2020-03-09","2020-03-28",19,2,180.71,361.41,180.71
6637,"2021-09-20","2025-03-12",1269,3,51.62,154.86,51.62
6638,"2020-10-11","2020-10-11",0,1,34.29,34.29,34.29
6641,"2021-12-09","2025-06-29",1298,4,83.54,334.14,83.54
6642,"2020-03-10","2023-02-16",1073,4,98.22,392.87,98.22
6644,"2020-02-11","2020-02-11",0,1,38.74,38.74,38.74
6645,"2023-12-08","2024-12-26",384,2,39.81,79.62,39.81
6649,"2020-03-31","2023-07-08",1194,2,10.07,20.13,10.07
6650,"2025-04-17","2025-04-17",0,1,98.68,98.68,98.68
6651,"2023-09-29","2024-08-12",318,3,107.71,323.13,107.71
6652,"2023-10-23","2024-09-30",343,3,156.85,470.56,156.85
6653,"2023-11-13","2023-11-13",0,1,184.20,184.20,184.20
6654,"2023-08-29","2025-10-09",772,3,59.13,177.40,59.13
6655,"2025-01-21","2025-01-21",0,1,65.96,65.96,65.96
6656,"2022-11-05","2022-11-05",0,1,79.52,79.52,79.52
6657,"2020-12-01","2023-12-08",1102,2,183.70,367.40,183.70
6658,"2024-06-20","2025-01-10",204,2,126.59,253.18,126.59
6659,"2021-09-30","2024-06-25",999,3,55.58,166.74,55.58
6660,"2021-10-25","2021-10-25",0,1,39.98,39.98,39.98
6661,"2023-02-20","2024-08-09",536,2,248.92,497.84,248.92
6662,"2020-03-01","2024-02-20",1451,2,307.16,614.31,307.16
6664,"2020-04-03","2023-09-03",1248,3,45.60,136.80,45.60
6665,"2024-10-12","2024-10-12",0,1,85.51,85.51,85.51
6667,"2024-12-22","2024-12-22",0,1,37.45,37.45,37.45
6668,"2022-07-16","2022-07-16",0,1,107.85,107.85,107.85
6669,"2024-11-11","2025-04-08",148,2,42.39,84.77,42.39
6670,"2021-11-17","2021-11-17",0,1,10.81,10.81,10.81
6671,"2022-11-06","2025-09-07",1036,2,11.52,23.04,11.52
6672,"2020-02-10","2021-11-15",644,2,100.69,201.38,100.69
6674,"2022-06-15","2023-04-09",298,3,23.68,71.03,23.68
6675,"2022-06-15","2024-06-13",729,3,74.69,224.08,74.69
6676,"2023-05-23","2023-05-23",0,1,48.47,48.47,48.47
6677,"2024-06-24","2024-11-23",152,2,130.24,260.47,130.24
6678,"2020-02-06","2025-01-08",1798,5,192.49,962.44,192.49
6679,"2021-05-01","2023-01-10",619,2,266.30,532.60,266.30
6680,"2020-07-18","2024-04-04",1356,2,42.09,84.18,42.09
6681,"2020-07-18","2024-07-20",1463,3,170.73,512.20,170.73
6682,"2020-06-15","2024-12-22",1651,5,60.95,304.73,60.95
6685,"2023-09-30","2024-05-29",242,2,297.08,594.15,297.08
6686,"2023-04-02","2023-04-02",0,1,105.54,105.54,105.54
6687,"2024-10-09","2024-10-09",0,1,802.42,802.42,802.42
6689,"2022-09-04","2023-08-16",346,2,35.08,70.16,35.08
6690,"2023-11-05","2024-01-30",86,2,52.52,105.04,52.52
6691,"2022-03-27","2024-02-09",684,2,126.67,253.34,126.67
6694,"2020-11-11","2021-11-06",360,2,35.34,70.68,35.34
6696,"2020-10-22","2020-10-22",0,1,232.32,232.32,232.32
6697,"2020-05-04","2023-07-08",1160,2,108.34,216.67,108.34
6698,"2024-08-22","2024-08-22",0,1,53.54,53.54,53.54
6699,"2023-05-08","2025-04-03",696,2,168.26,336.52,168.26
6700,"2021-03-19","2022-12-29",650,3,91.22,273.65,91.22
6702,"2021-12-02","2021-12-02",0,1,58.33,58.33,58.33
6703,"2020-07-23","2024-01-23",1279,2,97.15,194.30,97.15
6704,"2020-10-22","2024-01-19",1184,5,197.45,987.24,197.45
6706,"2023-01-22","2023-01-22",0,1,72.84,72.84,72.84
6707,"2020-04-08","2025-03-09",1796,4,61.26,245.05,61.26
6708,"2020-01-08","2024-11-20",1778,3,213.50,640.50,213.50
6709,"2021-06-15","2021-06-15",0,1,17.61,17.61,17.61
6711,"2023-02-20","2023-02-20",0,1,37.55,37.55,37.55
6712,"2021-07-24","2021-07-24",0,1,63.35,63.35,63.35
6713,"2022-06-25","2024-08-08",775,2,25.28,50.55,25.28
6714,"2022-05-07","2024-01-16",619,3,181.06,543.19,181.06
6715,"2023-07-24","2023-07-24",0,1,35.59,35.59,35.59
6716,"2020-05-04","2020-05-04",0,1,81.22,81.22,81.22
6717,"2024-10-31","2024-10-31",0,1,19.94,19.94,19.94
6718,"2023-05-03","2023-05-03",0,1,23.11,23.11,23.11
6719,"2020-06-30","2020-09-13",75,2,99.43,198.86,99.43
6720,"2020-02-29","2021-05-18",444,2,28.94,57.87,28.94
6722,"2020-04-13","2020-04-13",0,1,6.98,6.98,6.98
6723,"2020-06-12","2022-02-09",607,3,32.21,96.64,32.21
6724,"2020-06-24","2022-06-06",712,3,178.97,536.91,178.97
6725,"2024-12-17","2024-12-17",0,1,95.90,95.90,95.90
6726,"2022-09-13","2022-09-13",0,1,176.16,176.16,176.16
6727,"2023-01-21","2024-07-12",538,3,55.90,167.69,55.90
6729,"2022-02-14","2022-02-14",0,1,5.30,5.30,5.30
6730,"2021-07-01","2025-02-09",1319,2,84.06,168.11,84.06
6731,"2024-12-08","2024-12-08",0,1,41.99,41.99,41.99
6732,"2024-09-21","2024-09-21",0,1,39.86,39.86,39.86
6733,"2020-06-17","2024-12-09",1636,2,435.84,871.67,435.84
6734,"2020-10-10","2021-06-22",255,2,140.56,281.12,140.56
6735,"2021-04-26","2021-04-26",0,1,93.20,93.20,93.20
6736,"2023-10-19","2023-10-19",0,1,180.28,180.28,180.28
6737,"2021-04-27","2025-05-29",1493,4,89.85,359.39,89.85
6738,"2023-11-11","2023-11-11",0,1,255.96,255.96,255.96
6739,"2024-09-22","2024-09-22",0,1,54.28,54.28,54.28
6740,"2025-05-20","2025-09-05",108,2,78.47,156.93,78.47
6741,"2021-05-14","2021-05-14",0,1,37.09,37.09,37.09
6742,"2023-02-01","2025-04-17",806,2,224.23,448.45,224.23
6743,"2022-01-08","2025-03-03",1150,4,125.63,502.51,125.63
6744,"2021-11-08","2021-11-08",0,1,436.98,436.98,436.98
6745,"2021-11-08","2024-01-11",794,5,75.25,376.26,75.25
6746,"2025-09-18","2025-09-18",0,1,49.91,49.91,49.91
6748,"2021-07-29","2024-07-16",1083,3,76.13,228.40,76.13
6749,"2024-12-22","2024-12-22",0,1,56.82,56.82,56.82
6750,"2021-02-17","2025-09-03",1659,2,294.61,589.21,294.61
6751,"2020-01-22","2020-07-18",178,2,63.89,127.77,63.89
6752,"2021-07-22","2021-07-22",0,1,256.19,256.19,256.19
6753,"2020-09-08","2023-04-30",964,3,161.93,485.78,161.93
6755,"2022-11-16","2025-03-18",853,3,117.84,353.52,117.84
6756,"2024-07-03","2024-07-03",0,1,9.25,9.25,9.25
6757,"2020-06-09","2022-10-17",860,4,133.42,533.69,133.42
6758,"2021-05-23","2021-05-23",0,1,76.09,76.09,76.09
6761,"2023-02-22","2023-07-22",150,2,24.62,49.23,24.62
6762,"2020-03-05","2020-03-05",0,1,121.75,121.75,121.75
6763,"2021-06-04","2021-06-04",0,1,123.36,123.36,123.36
6765,"2020-03-27","2024-07-25",1581,3,93.49,280.47,93.49
6767,"2021-12-01","2021-12-01",0,1,62.98,62.98,62.98
6768,"2020-01-02","2022-08-06",947,3,216.89,650.67,216.89
6769,"2021-02-09","2025-05-29",1570,3,44.40,133.19,44.40
6770,"2021-06-07","2022-10-11",491,2,206.89,413.78,206.89
6772,"2024-11-18","2024-11-18",0,1,28.47,28.47,28.47
6773,"2025-09-22","2025-09-22",0,1,158.66,158.66,158.66
6774,"2020-12-07","2022-02-21",441,2,153.48,306.95,153.48
6775,"2021-10-17","2021-10-17",0,1,121.58,121.58,121.58
6776,"2025-04-06","2025-04-06",0,1,64.73,64.73,64.73
6777,"2024-07-12","2024-07-12",0,1,77.45,77.45,77.45
6778,"2025-02-07","2025-02-07",0,1,116.48,116.48,116.48
6780,"2020-01-03","2023-09-03",1339,5,113.67,568.34,113.67
6781,"2022-09-07","2023-11-21",440,2,237.11,474.21,237.11
6783,"2020-12-28","2021-02-22",56,2,146.38,292.75,146.38
6785,"2020-07-01","2024-03-19",1357,3,82.54,247.61,82.54
6786,"2022-05-24","2022-05-24",0,1,52.38,52.38,52.38
6787,"2023-02-05","2024-04-02",422,2,213.29,426.58,213.29
6789,"2021-02-01","2021-04-19",77,2,95.52,191.04,95.52
6790,"2020-01-01","2024-03-18",1538,4,157.55,630.19,157.55
6792,"2020-08-31","2025-04-16",1689,4,204.89,819.57,204.89
6793,"2022-12-26","2022-12-26",0,1,189.87,189.87,189.87
6795,"2022-09-12","2024-04-19",585,2,96.77,193.53,96.77
6796,"2020-03-09","2020-03-09",0,1,85.74,85.74,85.74
6797,"2024-03-14","2025-08-25",529,2,206.94,413.88,206.94
6799,"2023-08-25","2023-08-25",0,1,260.22,260.22,260.22
6800,"2024-03-06","2024-03-06",0,1,19.69,19.69,19.69
6802,"2022-05-04","2022-05-04",0,1,82.91,82.91,82.91
6803,"2021-02-14","2024-09-30",1324,2,552.33,1104.66,552.33
6804,"2021-10-04","2023-04-26",569,3,205.21,615.62,205.21
6808,"2020-01-15","2022-12-03",1053,2,66.35,132.69,66.35
6809,"2021-03-20","2021-03-20",0,1,21.08,21.08,21.08
6810,"2023-11-21","2024-01-21",61,2,136.16,272.32,136.16
6811,"2023-10-06","2025-08-06",670,2,49.35,98.70,49.35
6812,"2020-11-01","2024-06-02",1309,2,73.03,146.06,73.03
6813,"2021-12-08","2024-03-20",833,2,31.40,62.80,31.40
6814,"2020-02-19","2025-06-08",1936,7,224.83,1573.80,224.83
6815,"2024-12-12","2025-07-08",208,2,139.94,279.88,139.94
6817,"2025-05-02","2025-06-25",54,3,127.59,382.78,127.59
6818,"2020-11-20","2024-10-05",1415,3,154.99,464.96,154.99
6819,"2020-02-03","2023-05-28",1210,4,131.12,524.48,131.12
6821,"2020-06-20","2020-06-20",0,1,14.22,14.22,14.22
6823,"2021-11-10","2021-11-10",0,1,117.24,117.24,117.24
6824,"2021-06-24","2025-09-12",1541,4,224.30,897.20,224.30
6825,"2021-01-20","2023-09-30",983,2,49.13,98.25,49.13
6826,"2020-02-11","2024-04-20",1530,3,130.48,391.45,130.48
6827,"2020-05-22","2024-09-14",1576,2,229.36,458.71,229.36
6828,"2020-05-29","2023-07-18",1145,4,328.93,1315.73,328.93
6829,"2020-08-21","2020-08-21",0,1,11.17,11.17,11.17
6830,"2024-06-11","2024-06-11",0,1,75.35,75.35,75.35
6831,"2021-11-27","2021-11-27",0,1,413.66,413.66,413.66
6832,"2020-10-22","2022-06-28",614,2,226.25,452.49,226.25
6834,"2021-07-11","2023-05-11",669,3,41.66,124.98,41.66
6835,"2021-12-14","2021-12-14",0,1,52.14,52.14,52.14
6836,"2022-10-30","2022-10-30",0,1,21.38,21.38,21.38
6837,"2023-07-28","2025-10-08",803,2,78.11,156.21,78.11
6838,"2022-06-09","2025-09-19",1198,3,67.70,203.10,67.70
6839,"2021-03-13","2025-05-29",1538,4,82.11,328.43,82.11
6840,"2022-08-15","2022-08-15",0,1,90.32,90.32,90.32
6841,"2021-05-20","2024-05-17",1093,3,181.76,545.27,181.76
6842,"2020-03-29","2020-03-29",0,1,63.36,63.36,63.36
6843,"2021-01-27","2024-09-18",1330,3,196.18,588.54,196.18
6844,"2021-02-11","2024-04-13",1157,2,156.90,313.80,156.90
6846,"2024-12-23","2025-08-08",228,2,69.22,138.44,69.22
6847,"2022-12-23","2023-08-17",237,2,19.79,39.58,19.79
6848,"2020-09-06","2023-07-16",1043,3,139.19,417.56,139.19
6849,"2020-06-05","2023-11-21",1264,4,120.16,480.65,120.16
6850,"2021-04-19","2021-04-19",0,1,184.61,184.61,184.61
6851,"2023-06-10","2024-10-28",506,3,450.85,1352.56,450.85
6852,"2022-03-17","2024-12-28",1017,3,384.97,1154.92,384.97
6853,"2022-01-16","2022-01-16",0,1,94.71,94.71,94.71
6854,"2025-02-22","2025-10-21",241,3,120.09,360.28,120.09
6855,"2021-09-12","2023-04-22",587,2,118.19,236.38,118.19
6856,"2020-01-16","2024-04-21",1557,6,88.28,529.65,88.28
6857,"2021-03-24","2025-07-14",1573,2,149.94,299.88,149.94
6859,"2021-08-02","2024-05-27",1029,4,229.24,916.96,229.24
6860,"2021-07-02","2021-07-02",0,1,122.42,122.42,122.42
6861,"2025-08-03","2025-10-21",79,2,69.77,139.54,69.77
6862,"2025-05-07","2025-05-07",0,1,173.44,173.44,173.44
6863,"2022-01-05","2022-01-05",0,1,79.44,79.44,79.44
6864,"2020-08-06","2020-08-06",0,1,31.68,31.68,31.68
6865,"2020-05-22","2025-07-30",1895,8,98.43,787.44,98.43
6867,"2020-12-06","2023-01-08",763,3,76.32,228.96,76.32
6868,"2020-03-07","2024-02-03",1428,4,107.43,429.71,107.43
6869,"2022-04-24","2025-08-05",1199,2,26.02,52.03,26.02
6870,"2024-02-09","2024-02-09",0,1,94.62,94.62,94.62
6871,"2020-10-18","2020-10-18",0,1,277.34,277.34,277.34
6872,"2020-06-21","2023-04-30",1043,3,55.83,167.48,55.83
6873,"2021-05-23","2022-06-09",382,2,36.93,73.85,36.93
6875,"2024-10-27","2024-10-27",0,1,5.21,5.21,5.21
6876,"2023-05-23","2025-02-05",624,3,127.00,381.01,127.00
6877,"2020-08-17","2020-08-17",0,1,24.57,24.57,24.57
6879,"2020-04-02","2022-08-31",881,3,128.65,385.96,128.65
6880,"2025-06-21","2025-06-21",0,1,75.74,75.74,75.74
6882,"2025-01-09","2025-01-09",0,1,250.19,250.19,250.19
6883,"2020-04-09","2025-07-18",1926,3,21.99,65.97,21.99
6884,"2020-12-30","2022-12-16",716,2,191.35,382.69,191.35
6885,"2020-06-10","2023-02-04",969,4,157.39,629.57,157.39
6887,"2020-11-02","2022-12-19",777,3,64.43,193.29,64.43
6888,"2022-06-29","2023-02-20",236,2,76.76,153.51,76.76
6889,"2023-04-30","2023-04-30",0,1,143.80,143.80,143.80
6891,"2021-06-06","2022-08-24",444,3,47.66,142.99,47.66
6892,"2022-01-17","2025-07-12",1272,4,251.11,1004.43,251.11
6893,"2022-12-07","2024-12-16",740,3,81.94,245.81,81.94
6894,"2020-03-04","2020-03-04",0,1,189.70,189.70,189.70
6895,"2021-11-19","2021-11-19",0,1,60.64,60.64,60.64
6899,"2020-08-05","2024-11-21",1569,2,132.65,265.30,132.65
6900,"2021-01-17","2022-10-21",642,3,82.68,248.03,82.68
6901,"2020-07-20","2025-07-10",1816,6,198.40,1190.40,198.40
6902,"2021-11-11","2024-03-23",863,3,144.70,434.09,144.70
6903,"2021-03-16","2025-05-20",1526,2,65.51,131.02,65.51
6904,"2020-07-06","2020-07-06",0,1,198.59,198.59,198.59
6905,"2025-03-11","2025-03-11",0,1,132.51,132.51,132.51
6906,"2021-07-01","2024-05-23",1057,4,207.21,828.85,207.21
6908,"2020-10-29","2024-09-27",1429,2,83.43,166.86,83.43
6909,"2023-03-27","2025-02-25",701,3,68.49,205.46,68.49
6910,"2020-07-25","2020-07-25",0,1,161.14,161.14,161.14
6911,"2020-01-04","2021-07-21",564,3,130.10,390.30,130.10
6915,"2021-09-24","2021-11-09",46,2,165.41,330.81,165.41
6916,"2020-08-19","2021-03-05",198,2,69.93,139.85,69.93
6917,"2023-11-22","2023-11-22",0,1,7.38,7.38,7.38
6918,"2020-11-17","2020-11-17",0,1,64.99,64.99,64.99
6919,"2021-01-20","2024-09-19",1338,4,115.74,462.94,115.74
6920,"2022-12-23","2024-11-27",705,3,40.72,122.16,40.72
6921,"2025-05-18","2025-08-05",79,2,28.65,57.30,28.65
6923,"2020-07-28","2023-08-12",1110,2,76.69,153.38,76.69
6924,"2020-10-04","2020-10-04",0,1,226.69,226.69,226.69
6925,"2025-09-18","2025-09-18",0,1,209.44,209.44,209.44
6926,"2021-05-26","2021-05-26",0,1,6.79,6.79,6.79
6927,"2023-12-18","2024-08-03",229,2,178.63,357.26,178.63
6928,"2024-10-29","2024-10-29",0,1,36.52,36.52,36.52
6929,"2020-05-29","2022-10-15",869,5,89.01,445.03,89.01
6931,"2023-09-08","2023-10-29",51,2,579.01,1158.02,579.01
6932,"2021-03-06","2025-01-30",1426,5,157.97,789.87,157.97
6934,"2021-09-05","2025-07-01",1395,2,53.32,106.64,53.32
6935,"2020-03-18","2024-09-14",1641,4,58.43,233.72,58.43
6936,"2020-06-24","2023-05-18",1058,2,146.34,292.67,146.34
6937,"2020-06-25","2024-01-23",1307,2,34.83,69.65,34.83
6939,"2020-02-22","2022-02-27",736,3,64.88,194.63,64.88
6940,"2024-08-20","2025-06-21",305,2,111.51,223.02,111.51
6941,"2021-03-21","2021-03-21",0,1,381.34,381.34,381.34
6942,"2025-10-20","2025-10-20",0,1,48.06,48.06,48.06
6943,"2023-04-07","2025-04-13",737,3,134.71,404.13,134.71
6947,"2020-10-24","2021-08-19",299,2,68.68,137.36,68.68
6948,"2022-03-20","2022-11-15",240,3,62.01,186.04,62.01
6950,"2020-12-09","2021-02-08",61,2,95.48,190.95,95.48
6951,"2023-01-07","2024-03-27",445,2,577.22,1154.44,577.22
6952,"2022-07-19","2022-07-19",0,1,93.76,93.76,93.76
6953,"2023-09-03","2023-11-30",88,2,226.93,453.85,226.93
6954,"2021-02-08","2022-03-31",416,3,98.04,294.13,98.04
6955,"2023-03-18","2023-03-18",0,1,70.41,70.41,70.41
6956,"2024-01-19","2024-07-04",167,2,39.87,79.73,39.87
6958,"2020-01-10","2023-02-20",1137,2,242.40,484.80,242.40
6959,"2020-12-21","2021-11-28",342,3,25.45,76.36,25.45
6960,"2021-01-21","2021-01-21",0,1,6.61,6.61,6.61
6962,"2020-01-14","2025-03-29",1901,2,45.66,91.32,45.66
6963,"2020-04-19","2024-01-03",1354,2,41.86,83.72,41.86
6964,"2021-04-12","2021-04-12",0,1,60.79,60.79,60.79
6965,"2021-06-04","2021-06-04",0,1,9.20,9.20,9.20
6966,"2020-10-05","2025-07-05",1734,2,103.00,205.99,103.00
6967,"2020-03-08","2023-11-24",1356,4,57.45,229.79,57.45
6968,"2021-08-05","2023-10-14",800,4,124.63,498.51,124.63
6971,"2021-03-07","2021-03-07",0,1,115.67,115.67,115.67
6972,"2021-09-20","2021-09-20",0,1,34.38,34.38,34.38
6973,"2023-07-01","2024-12-22",540,2,210.08,420.15,210.08
6974,"2023-05-20","2023-05-20",0,1,21.25,21.25,21.25
6975,"2020-03-13","2020-03-13",0,1,72.00,72.00,72.00
6976,"2022-10-11","2022-10-11",0,1,398.25,398.25,398.25
6977,"2024-01-23","2025-07-25",549,3,213.79,641.37,213.79
6978,"2023-11-26","2023-11-26",0,1,18.10,18.10,18.10
6979,"2021-10-28","2023-09-25",697,2,142.74,285.48,142.74
6980,"2024-12-17","2024-12-17",0,1,191.12,191.12,191.12
6981,"2021-08-07","2024-04-04",971,2,57.86,115.71,57.86
6983,"2020-05-03","2021-07-09",432,2,137.89,275.77,137.89
6984,"2023-11-16","2024-10-03",322,3,163.96,491.89,163.96
6985,"2020-05-10","2025-07-17",1894,2,126.60,253.19,126.60
6986,"2022-03-09","2022-03-09",0,1,10.25,10.25,10.25
6987,"2023-08-28","2023-08-28",0,1,141.16,141.16,141.16
6988,"2022-01-31","2022-12-25",328,2,145.78,291.55,145.78
6989,"2022-04-23","2024-12-27",979,3,130.45,391.35,130.45
6991,"2023-04-26","2023-04-26",0,1,43.30,43.30,43.30
6992,"2024-03-20","2024-03-20",0,1,183.35,183.35,183.35
6993,"2023-09-16","2023-09-16",0,1,15.16,15.16,15.16
6994,"2021-03-01","2023-10-24",967,2,193.60,387.20,193.60
6995,"2022-03-05","2022-03-05",0,1,87.59,87.59,87.59
6996,"2021-01-29","2023-12-27",1062,3,166.94,500.81,166.94
6997,"2022-03-18","2023-06-16",455,3,202.48,607.43,202.48
6998,"2021-03-02","2021-03-02",0,1,40.32,40.32,40.32
6999,"2020-06-15","2020-06-15",0,1,56.62,56.62,56.62
7000,"2021-02-14","2024-12-02",1387,4,68.94,275.77,68.94
7001,"2020-03-11","2025-01-12",1768,3,196.63,589.88,196.63
7003,"2020-01-13","2024-12-13",1796,6,161.28,967.68,161.28
7006,"2022-05-07","2022-05-07",0,1,8.24,8.24,8.24
7007,"2020-10-19","2025-10-02",1809,5,199.08,995.38,199.08
7008,"2021-03-31","2024-08-16",1234,3,32.80,98.41,32.80
7009,"2022-10-21","2022-10-21",0,1,15.06,15.06,15.06
7010,"2020-02-19","2022-11-14",999,2,55.92,111.84,55.92
7011,"2023-12-07","2024-11-25",354,3,339.27,1017.82,339.27
7012,"2020-08-07","2024-07-01",1424,3,377.17,1131.50,377.17
7013,"2020-08-27","2024-08-16",1450,4,189.60,758.41,189.60
7014,"2021-10-07","2021-10-07",0,1,76.82,76.82,76.82
7015,"2024-10-15","2025-01-12",89,2,130.94,261.87,130.94
7017,"2024-12-13","2024-12-13",0,1,42.54,42.54,42.54
7018,"2020-04-12","2024-04-15",1464,5,219.37,1096.85,219.37
7019,"2024-03-03","2024-03-03",0,1,110.69,110.69,110.69
7020,"2022-03-16","2023-11-15",609,2,68.24,136.47,68.24
7021,"2020-04-11","2021-02-19",314,2,131.72,263.44,131.72
7023,"2020-01-29","2023-10-29",1369,4,121.91,487.62,121.91
7024,"2023-02-03","2023-02-03",0,1,38.19,38.19,38.19
7025,"2020-11-06","2023-11-10",1099,2,167.27,334.53,167.27
7026,"2024-09-08","2024-09-08",0,1,61.95,61.95,61.95
7027,"2021-05-31","2021-05-31",0,1,431.26,431.26,431.26
7028,"2021-07-17","2024-08-28",1138,4,76.71,306.85,76.71
7029,"2020-01-01","2023-08-14",1321,4,115.20,460.79,115.20
7030,"2022-01-17","2024-08-20",946,2,330.51,661.01,330.51
7031,"2023-04-03","2023-04-03",0,1,49.28,49.28,49.28
7032,"2021-07-03","2022-07-02",364,2,872.21,1744.42,872.21
7033,"2020-10-07","2024-03-14",1254,3,105.48,316.43,105.48
7034,"2024-07-11","2024-07-11",0,1,92.30,92.30,92.30
7035,"2021-09-12","2023-08-09",696,2,34.14,68.27,34.14
7036,"2021-12-21","2022-12-10",354,2,313.25,626.49,313.25
7037,"2024-01-06","2024-01-26",20,2,70.62,141.24,70.62
7039,"2022-09-24","2025-06-15",995,2,118.89,237.78,118.89
7040,"2022-06-09","2022-06-09",0,1,213.75,213.75,213.75
7041,"2021-11-10","2021-11-10",0,1,1087.91,1087.91,1087.91
7042,"2021-07-02","2022-11-28",514,3,117.69,353.08,117.69
7044,"2022-12-09","2022-12-09",0,1,142.92,142.92,142.92
7045,"2020-08-16","2020-08-16",0,1,241.39,241.39,241.39
7047,"2022-03-13","2024-04-04",753,2,204.00,408.00,204.00
7048,"2022-12-31","2022-12-31",0,1,401.68,401.68,401.68
7049,"2023-12-15","2023-12-15",0,1,240.78,240.78,240.78
7050,"2020-07-21","2022-12-17",879,3,223.49,670.47,223.49
7051,"2020-10-12","2022-08-28",685,3,105.13,315.38,105.13
7052,"2020-03-29","2021-12-24",635,3,31.79,95.36,31.79
7054,"2023-05-27","2023-05-27",0,1,9.20,9.20,9.20
7055,"2020-09-06","2024-02-05",1247,2,90.07,180.14,90.07
7056,"2022-04-11","2024-06-26",807,2,185.08,370.15,185.08
7057,"2020-08-03","2024-12-28",1608,2,113.44,226.88,113.44
7058,"2020-07-28","2020-09-22",56,2,147.28,294.55,147.28
7059,"2022-01-14","2025-09-27",1352,2,60.53,121.06,60.53
7060,"2021-05-26","2022-09-08",470,2,45.92,91.84,45.92
7061,"2022-02-05","2022-02-05",0,1,105.68,105.68,105.68
7062,"2021-12-04","2021-12-04",0,1,401.10,401.10,401.10
7063,"2020-08-14","2023-12-22",1225,2,211.31,422.62,211.31
7064,"2020-06-20","2024-01-29",1318,3,467.97,1403.91,467.97
7068,"2024-01-29","2024-12-01",307,2,281.57,563.13,281.57
7069,"2021-08-19","2021-08-19",0,1,83.06,83.06,83.06
7070,"2020-10-25","2023-11-05",1106,3,174.78,524.34,174.78
7071,"2022-11-30","2022-11-30",0,1,610.34,610.34,610.34
7073,"2020-05-21","2023-10-26",1253,3,140.31,420.92,140.31
7074,"2022-08-28","2025-10-13",1142,2,112.39,224.77,112.39
7076,"2021-06-17","2021-06-17",0,1,128.95,128.95,128.95
7077,"2025-05-14","2025-05-14",0,1,501.68,501.68,501.68
7078,"2022-11-24","2023-02-23",91,2,198.41,396.81,198.41
7079,"2021-11-07","2024-06-13",949,3,67.90,203.70,67.90
7080,"2022-09-22","2023-09-08",351,2,78.75,157.49,78.75
7081,"2021-02-01","2023-02-15",744,2,93.87,187.74,93.87
7082,"2024-10-05","2025-03-28",174,2,25.82,51.63,25.82
7083,"2025-05-14","2025-05-14",0,1,205.61,205.61,205.61
7085,"2021-06-26","2021-06-26",0,1,166.18,166.18,166.18
7086,"2022-10-12","2024-11-15",765,5,144.89,724.45,144.89
7087,"2020-12-02","2020-12-02",0,1,80.06,80.06,80.06
7088,"2020-03-20","2024-11-06",1692,3,72.31,216.94,72.31
7089,"2023-02-11","2023-02-11",0,1,12.55,12.55,12.55
7090,"2023-08-17","2023-12-07",112,2,126.40,252.80,126.40
7091,"2025-09-01","2025-09-01",0,1,21.48,21.48,21.48
7092,"2020-06-30","2021-07-20",385,3,156.80,470.41,156.80
7093,"2024-04-03","2024-04-03",0,1,117.47,117.47,117.47
7094,"2020-05-07","2020-11-22",199,2,87.38,174.76,87.38
7095,"2021-12-26","2021-12-26",0,1,28.59,28.59,28.59
7096,"2024-12-25","2024-12-25",0,1,19.37,19.37,19.37
7097,"2020-08-11","2020-08-11",0,1,53.49,53.49,53.49
7098,"2023-09-23","2024-02-05",135,2,81.01,162.01,81.01
7099,"2021-05-11","2025-09-04",1577,4,36.89,147.57,36.89
7100,"2025-05-09","2025-05-09",0,1,60.68,60.68,60.68
7102,"2022-08-27","2022-08-27",0,1,13.48,13.48,13.48
7103,"2020-08-14","2020-08-14",0,1,42.12,42.12,42.12
7104,"2022-01-26","2022-01-26",0,1,28.84,28.84,28.84
7105,"2022-06-14","2025-07-28",1140,4,64.25,257.00,64.25
7106,"2020-07-10","2020-07-10",0,1,151.22,151.22,151.22
7107,"2021-07-21","2021-07-21",0,1,42.09,42.09,42.09
7108,"2022-11-10","2022-11-10",0,1,122.35,122.35,122.35
7109,"2020-11-06","2020-11-06",0,1,225.17,225.17,225.17
7110,"2023-06-17","2024-04-28",316,3,326.55,979.64,326.55
7111,"2022-07-19","2022-07-19",0,1,148.92,148.92,148.92
7112,"2023-10-08","2023-10-08",0,1,87.48,87.48,87.48
7113,"2024-04-09","2024-08-04",117,2,83.24,166.48,83.24
7114,"2024-07-11","2024-07-11",0,1,28.89,28.89,28.89
7115,"2020-01-27","2021-01-15",354,2,484.35,968.69,484.35
7116,"2024-08-13","2024-08-13",0,1,40.51,40.51,40.51
7117,"2020-12-17","2025-10-30",1778,3,421.46,1264.38,421.46
7118,"2020-03-19","2024-08-05",1600,4,171.33,685.31,171.33
7119,"2022-12-10","2025-02-24",807,2,27.32,54.64,27.32
7120,"2021-01-14","2025-06-07",1605,4,106.70,426.79,106.70
7121,"2022-12-08","2023-03-17",99,2,156.91,313.81,156.91
7122,"2020-12-04","2020-12-04",0,1,60.44,60.44,60.44
7123,"2024-03-15","2024-03-15",0,1,13.02,13.02,13.02
7124,"2021-08-23","2021-08-23",0,1,96.58,96.58,96.58
7125,"2023-02-05","2024-07-18",529,4,95.67,382.66,95.67
7127,"2025-03-19","2025-03-19",0,1,24.28,24.28,24.28
7129,"2021-08-05","2022-07-06",335,2,127.42,254.84,127.42
7130,"2021-01-30","2024-12-17",1417,4,158.77,635.06,158.77
7131,"2021-01-08","2024-03-11",1158,2,179.55,359.09,179.55
7133,"2021-11-26","2023-11-09",713,2,179.56,359.11,179.56
7135,"2021-11-18","2023-10-31",712,2,152.52,305.03,152.52
7136,"2020-12-13","2020-12-13",0,1,136.34,136.34,136.34
7137,"2020-10-20","2020-10-20",0,1,39.93,39.93,39.93
7138,"2021-10-15","2021-10-15",0,1,33.47,33.47,33.47
7139,"2020-01-24","2025-03-19",1881,5,83.52,417.60,83.52
7140,"2020-08-01","2020-08-01",0,1,36.07,36.07,36.07
7141,"2024-01-29","2024-01-29",0,1,239.26,239.26,239.26
7142,"2021-06-29","2024-05-02",1038,2,95.19,190.37,95.19
7144,"2023-12-08","2023-12-08",0,1,133.80,133.80,133.80
7147,"2022-02-01","2022-02-01",0,1,383.88,383.88,383.88
7148,"2022-02-03","2023-07-01",513,2,341.31,682.61,341.31
7149,"2021-03-18","2025-07-14",1579,6,128.83,772.99,128.83
7150,"2022-01-12","2025-03-27",1170,2,118.75,237.50,118.75
7152,"2023-10-23","2023-10-23",0,1,130.55,130.55,130.55
7154,"2024-09-22","2024-09-22",0,1,52.45,52.45,52.45
7155,"2022-07-11","2023-02-05",209,3,115.52,346.55,115.52
7156,"2021-11-02","2021-11-02",0,1,63.25,63.25,63.25
7157,"2023-05-18","2023-05-18",0,1,8.85,8.85,8.85
7159,"2020-12-16","2025-07-29",1686,4,45.70,182.78,45.70
7160,"2023-12-08","2025-04-28",507,3,78.34,235.02,78.34
7161,"2021-05-28","2022-01-29",246,2,135.97,271.93,135.97
7162,"2020-02-04","2022-05-22",838,3,180.17,540.51,180.17
7163,"2022-10-23","2025-08-28",1040,3,278.29,834.88,278.29
7164,"2021-07-01","2021-07-01",0,1,238.56,238.56,238.56
7165,"2020-01-26","2025-08-21",2034,4,180.49,721.96,180.49
7166,"2024-09-14","2024-09-14",0,1,114.18,114.18,114.18
7167,"2020-07-27","2025-10-18",1909,3,344.16,1032.48,344.16
7169,"2021-05-23","2021-05-23",0,1,50.57,50.57,50.57
7170,"2022-09-19","2022-09-19",0,1,51.45,51.45,51.45
7171,"2021-05-12","2024-08-24",1200,2,159.10,318.20,159.10
7173,"2022-09-17","2022-09-17",0,1,6.79,6.79,6.79
7175,"2021-07-06","2024-01-05",913,2,121.71,243.42,121.71
7176,"2020-10-25","2025-01-07",1535,3,43.87,131.60,43.87
7177,"2020-03-12","2025-10-04",2032,3,35.32,105.96,35.32
7179,"2021-12-11","2025-03-06",1181,2,44.79,89.58,44.79
7181,"2022-07-23","2025-05-24",1036,2,62.92,125.83,62.92
7183,"2021-08-10","2021-08-10",0,1,250.08,250.08,250.08
7184,"2020-07-22","2022-02-09",567,3,155.17,465.50,155.17
7185,"2021-01-13","2023-11-24",1045,3,33.19,99.56,33.19
7186,"2023-02-12","2023-02-12",0,1,189.38,189.38,189.38
7188,"2021-12-07","2023-06-11",551,3,185.97,557.90,185.97
7189,"2023-02-15","2023-02-15",0,1,31.09,31.09,31.09
7191,"2020-03-31","2020-03-31",0,1,151.12,151.12,151.12
7192,"2024-02-23","2024-02-23",0,1,7.39,7.39,7.39
7193,"2020-09-19","2023-11-26",1163,4,77.75,311.00,77.75
7194,"2020-10-25","2020-11-02",8,2,118.15,236.30,118.15
7195,"2020-06-17","2023-08-15",1154,2,95.77,191.54,95.77
7196,"2021-09-03","2021-09-03",0,1,215.81,215.81,215.81
7197,"2022-02-09","2023-12-06",665,5,227.44,1137.21,227.44
7198,"2024-09-21","2024-09-21",0,1,74.90,74.90,74.90
7199,"2020-11-05","2020-11-05",0,1,17.55,17.55,17.55
7200,"2021-01-26","2021-01-26",0,1,88.18,88.18,88.18
7201,"2020-01-18","2020-01-18",0,1,250.46,250.46,250.46
7202,"2021-02-04","2023-07-04",880,4,93.20,372.80,93.20
7203,"2023-06-23","2023-06-23",0,1,436.59,436.59,436.59
7204,"2024-05-23","2024-05-23",0,1,34.38,34.38,34.38
7206,"2022-02-14","2022-02-14",0,1,33.58,33.58,33.58
7208,"2022-11-24","2024-10-14",690,3,120.82,362.45,120.82
7209,"2021-02-01","2021-02-01",0,1,8.68,8.68,8.68
7210,"2023-11-18","2023-11-18",0,1,5.63,5.63,5.63
7211,"2024-07-09","2024-07-09",0,1,258.26,258.26,258.26
7213,"2024-05-29","2024-05-29",0,1,93.20,93.20,93.20
7214,"2020-02-24","2025-02-13",1816,2,109.42,218.84,109.42
7215,"2020-08-02","2020-08-02",0,1,346.87,346.87,346.87
7217,"2023-08-04","2023-08-04",0,1,708.95,708.95,708.95
7219,"2024-10-12","2025-02-10",121,2,78.08,156.16,78.08
7220,"2020-04-04","2024-03-27",1453,3,133.34,400.03,133.34
7221,"2021-08-16","2024-05-06",994,2,271.35,542.70,271.35
7222,"2022-07-07","2024-01-06",548,2,198.44,396.87,198.44
7223,"2024-05-17","2024-05-17",0,1,105.98,105.98,105.98
7224,"2021-06-14","2024-03-19",1009,2,89.90,179.79,89.90
7225,"2020-02-16","2020-11-16",274,2,18.08,36.16,18.08
7226,"2024-02-15","2025-07-04",505,3,29.11,87.32,29.11
7228,"2023-09-24","2024-03-15",173,2,130.62,261.24,130.62
7229,"2022-11-03","2023-11-28",390,2,46.19,92.38,46.19
7230,"2023-06-03","2025-09-15",835,4,289.05,1156.19,289.05
7232,"2020-09-15","2022-03-17",548,2,434.23,868.45,434.23
7234,"2020-11-28","2020-11-28",0,1,231.57,231.57,231.57
7236,"2020-09-29","2022-12-19",811,3,74.36,223.09,74.36
7237,"2020-03-23","2024-12-01",1714,2,281.99,563.97,281.99
7238,"2024-02-23","2024-02-23",0,1,49.28,49.28,49.28
7239,"2023-01-21","2023-01-21",0,1,60.43,60.43,60.43
7240,"2023-09-10","2023-09-10",0,1,169.49,169.49,169.49
7241,"2022-08-27","2022-08-27",0,1,65.08,65.08,65.08
7242,"2020-11-16","2022-12-12",756,3,23.36,70.08,23.36
7243,"2022-07-06","2025-08-30",1151,2,307.78,615.56,307.78
7245,"2021-04-19","2025-10-12",1637,4,273.18,1092.71,273.18
7247,"2023-11-26","2025-07-23",605,3,85.73,257.19,85.73
7248,"2020-02-20","2020-02-20",0,1,56.86,56.86,56.86
7250,"2022-07-05","2022-07-05",0,1,44.04,44.04,44.04
7251,"2020-10-13","2022-02-22",497,3,73.98,221.93,73.98
7252,"2023-03-13","2023-03-13",0,1,498.68,498.68,498.68
7253,"2021-04-02","2025-05-20",1509,2,76.23,152.46,76.23
7254,"2025-04-26","2025-04-26",0,1,28.39,28.39,28.39
7255,"2022-03-16","2022-07-07",113,2,106.54,213.07,106.54
7256,"2023-03-22","2023-03-22",0,1,248.70,248.70,248.70
7257,"2020-11-17","2020-11-17",0,1,175.86,175.86,175.86
7258,"2023-07-21","2023-07-21",0,1,98.90,98.90,98.90
7259,"2020-08-08","2020-08-08",0,1,629.18,629.18,629.18
7260,"2024-01-18","2025-10-26",647,2,32.92,65.84,32.92
7262,"2023-04-04","2023-04-04",0,1,165.54,165.54,165.54
7263,"2024-05-15","2024-05-15",0,1,38.13,38.13,38.13
7264,"2022-05-06","2025-07-13",1164,2,388.57,777.13,388.57
7265,"2022-06-05","2022-06-05",0,1,232.60,232.60,232.60
7266,"2020-04-30","2023-12-27",1336,5,121.65,608.23,121.65
7267,"2021-03-20","2024-09-01",1261,2,114.52,229.04,114.52
7269,"2024-05-26","2025-07-02",402,2,38.90,77.80,38.90
7270,"2021-02-22","2021-02-22",0,1,37.79,37.79,37.79
7271,"2021-09-09","2021-09-09",0,1,9.95,9.95,9.95
7272,"2020-05-30","2020-05-30",0,1,75.83,75.83,75.83
7273,"2025-01-28","2025-01-28",0,1,122.71,122.71,122.71
7274,"2023-08-14","2025-03-09",573,2,53.62,107.23,53.62
7275,"2022-07-17","2022-07-17",0,1,5.25,5.25,5.25
7276,"2021-02-04","2022-11-27",661,3,41.13,123.40,41.13
7277,"2020-01-08","2025-10-17",2109,3,96.04,288.13,96.04
7279,"2023-09-18","2023-09-18",0,1,249.75,249.75,249.75
7280,"2022-09-08","2022-09-08",0,1,135.09,135.09,135.09
7281,"2022-12-06","2025-09-16",1015,2,141.99,283.98,141.99
7282,"2020-08-26","2021-09-14",384,3,39.16,117.48,39.16
7286,"2020-11-20","2024-12-26",1497,3,56.68,170.04,56.68
7287,"2023-03-06","2024-05-19",440,2,76.39,152.77,76.39
7289,"2020-08-26","2022-02-10",533,2,198.62,397.23,198.62
7292,"2025-09-24","2025-09-24",0,1,118.85,118.85,118.85
7294,"2020-03-21","2021-08-08",505,2,107.36,214.72,107.36
7296,"2020-08-15","2022-07-07",691,3,210.07,630.21,210.07
7298,"2021-05-03","2024-01-25",997,2,47.04,94.07,47.04
7299,"2021-10-11","2021-10-11",0,1,166.98,166.98,166.98
7300,"2022-03-02","2022-03-02",0,1,71.52,71.52,71.52
7301,"2021-01-31","2021-01-31",0,1,9.20,9.20,9.20
7302,"2020-08-24","2025-02-12",1633,4,59.66,238.63,59.66
7303,"2024-03-28","2024-03-28",0,1,25.71,25.71,25.71
7304,"2021-07-14","2025-04-04",1360,2,114.44,228.88,114.44
7305,"2023-06-02","2023-06-02",0,1,148.96,148.96,148.96
7307,"2023-06-26","2024-07-30",400,2,55.62,111.24,55.62
7308,"2022-06-13","2023-05-05",326,2,90.75,181.49,90.75
7309,"2020-08-04","2020-11-23",111,2,53.27,106.54,53.27
7311,"2021-02-20","2023-06-01",831,2,217.12,434.24,217.12
7312,"2024-11-07","2024-11-07",0,1,548.53,548.53,548.53
7313,"2020-04-08","2025-03-27",1814,5,163.35,816.73,163.35
7315,"2023-05-06","2025-02-05",641,3,75.04,225.11,75.04
7318,"2024-02-15","2024-02-15",0,1,36.17,36.17,36.17
7320,"2020-08-26","2021-07-13",321,3,165.80,497.39,165.80
7321,"2022-02-14","2022-02-14",0,1,53.94,53.94,53.94
7322,"2021-01-09","2022-06-26",533,4,160.01,640.02,160.01
7323,"2021-01-18","2021-01-18",0,1,27.22,27.22,27.22
7324,"2024-08-08","2024-08-08",0,1,109.17,109.17,109.17
7325,"2021-02-09","2022-06-19",495,2,548.02,1096.03,548.02
7327,"2023-03-08","2025-07-29",874,2,72.49,144.97,72.49
7328,"2020-05-14","2023-10-31",1265,3,67.77,203.32,67.77
7329,"2021-03-04","2024-03-04",1096,2,94.94,189.88,94.94
7330,"2024-08-22","2025-06-24",306,2,178.89,357.77,178.89
7331,"2024-11-06","2024-11-06",0,1,212.70,212.70,212.70
7332,"2021-11-17","2025-07-31",1352,4,43.89,175.57,43.89
7334,"2022-10-24","2025-03-23",881,2,59.77,119.53,59.77
7335,"2022-07-19","2025-07-26",1103,4,208.07,832.28,208.07
7337,"2023-05-13","2025-04-26",714,3,49.37,148.10,49.37
7338,"2022-08-05","2024-01-01",514,2,39.04,78.08,39.04
7340,"2020-07-21","2023-03-28",980,2,142.73,285.46,142.73
7341,"2025-07-09","2025-07-09",0,1,50.83,50.83,50.83
7342,"2025-03-07","2025-03-07",0,1,584.40,584.40,584.40
7343,"2022-11-25","2024-06-23",576,3,139.33,417.98,139.33
7344,"2020-07-14","2024-03-08",1333,3,170.52,511.56,170.52
7345,"2020-01-23","2021-08-04",559,2,205.82,411.63,205.82
7346,"2021-03-14","2021-03-14",0,1,258.89,258.89,258.89
7347,"2025-05-12","2025-05-12",0,1,274.53,274.53,274.53
7348,"2024-07-24","2024-07-24",0,1,104.54,104.54,104.54
7349,"2020-11-17","2020-11-17",0,1,34.32,34.32,34.32
7350,"2023-11-09","2023-11-09",0,1,83.08,83.08,83.08
7352,"2021-12-29","2024-01-10",742,2,20.02,40.03,20.02
7353,"2020-11-06","2020-11-06",0,1,133.41,133.41,133.41
7356,"2024-03-15","2024-03-15",0,1,118.14,118.14,118.14
7357,"2021-07-17","2023-02-08",571,2,104.60,209.19,104.60
7358,"2021-12-24","2022-04-30",127,2,199.76,399.51,199.76
7359,"2021-03-04","2021-03-04",0,1,11.67,11.67,11.67
7360,"2025-02-22","2025-02-22",0,1,71.31,71.31,71.31
7361,"2023-11-08","2023-11-08",0,1,88.74,88.74,88.74
7362,"2020-05-31","2020-05-31",0,1,72.46,72.46,72.46
7365,"2021-10-15","2021-10-15",0,1,354.26,354.26,354.26
7366,"2024-12-22","2025-02-15",55,2,142.70,285.40,142.70
7367,"2023-11-04","2024-01-03",60,2,41.67,83.34,41.67
7368,"2025-07-15","2025-07-15",0,1,41.49,41.49,41.49
7369,"2021-11-03","2023-02-01",455,2,52.33,104.65,52.33
7370,"2021-01-27","2024-09-20",1332,2,156.49,312.97,156.49
7372,"2021-06-12","2022-03-19",280,2,128.13,256.26,128.13
7373,"2023-10-05","2023-10-05",0,1,12.97,12.97,12.97
7374,"2024-07-14","2024-07-14",0,1,48.97,48.97,48.97
7375,"2025-02-17","2025-06-09",112,2,290.06,580.11,290.06
7376,"2020-07-15","2023-01-06",905,2,48.27,96.53,48.27
7378,"2022-04-01","2024-07-09",830,3,98.27,294.82,98.27
7379,"2024-12-01","2024-12-01",0,1,114.63,114.63,114.63
7383,"2020-05-04","2020-05-04",0,1,132.38,132.38,132.38
7384,"2020-04-23","2020-04-23",0,1,210.89,210.89,210.89
7385,"2021-11-26","2021-11-26",0,1,111.22,111.22,111.22
7386,"2020-10-08","2020-10-08",0,1,23.15,23.15,23.15
7387,"2020-01-12","2025-05-03",1938,5,130.98,654.92,130.98
7388,"2020-05-01","2023-02-10",1015,2,53.28,106.56,53.28
7389,"2023-11-20","2024-06-09",202,2,173.48,346.96,173.48
7390,"2021-11-17","2025-07-15",1336,2,218.55,437.10,218.55
7392,"2021-05-21","2024-11-10",1269,3,116.31,348.92,116.31
7393,"2024-08-15","2024-08-15",0,1,135.26,135.26,135.26
7394,"2021-08-09","2025-07-28",1449,2,52.91,105.82,52.91
7395,"2021-12-31","2022-05-30",150,2,123.61,247.21,123.61
7396,"2025-08-17","2025-08-17",0,1,151.40,151.40,151.40
7397,"2022-09-11","2022-09-11",0,1,168.41,168.41,168.41
7399,"2022-07-21","2024-01-04",532,2,173.88,347.76,173.88
7400,"2021-01-24","2025-10-25",1735,2,92.89,185.77,92.89
7401,"2022-05-07","2022-05-07",0,1,174.90,174.90,174.90
7404,"2025-01-15","2025-01-15",0,1,30.82,30.82,30.82
7406,"2023-04-07","2024-02-02",301,2,13.49,26.98,13.49
7407,"2020-03-03","2024-01-16",1414,4,39.59,158.36,39.59
7408,"2023-08-30","2024-08-22",358,2,66.50,133.00,66.50
7410,"2020-08-26","2024-05-24",1367,4,75.46,301.84,75.46
7413,"2022-04-03","2023-09-11",526,2,219.25,438.50,219.25
7414,"2024-07-09","2024-07-09",0,1,62.12,62.12,62.12
7418,"2025-03-07","2025-03-07",0,1,49.34,49.34,49.34
7419,"2021-12-13","2021-12-13",0,1,49.92,49.92,49.92
7420,"2024-10-31","2025-09-30",334,3,262.37,787.10,262.37
7421,"2020-12-05","2023-01-20",776,4,50.61,202.43,50.61
7422,"2024-12-09","2024-12-09",0,1,161.69,161.69,161.69
7423,"2021-02-20","2021-02-20",0,1,17.37,17.37,17.37
7424,"2021-06-20","2022-03-14",267,2,86.53,173.06,86.53
7425,"2022-01-21","2024-04-27",827,3,103.44,310.32,103.44
7427,"2020-05-11","2021-01-16",250,2,44.55,89.10,44.55
7428,"2022-02-08","2022-08-29",202,2,39.60,79.19,39.60
7429,"2020-09-22","2023-02-21",882,2,60.22,120.44,60.22
7430,"2022-12-25","2024-10-31",676,2,84.58,169.15,84.58
7431,"2025-09-28","2025-10-27",29,2,69.78,139.55,69.78
7432,"2021-02-13","2022-10-10",604,2,174.20,348.39,174.20
7433,"2025-06-10","2025-06-10",0,1,362.86,362.86,362.86
7434,"2020-07-18","2022-09-28",802,4,131.44,525.77,131.44
7435,"2022-05-13","2025-10-26",1262,5,128.32,641.58,128.32
7438,"2020-01-15","2020-01-15",0,1,133.07,133.07,133.07
7439,"2020-02-26","2020-09-20",207,2,76.23,152.45,76.23
7440,"2021-07-20","2023-08-01",742,2,50.22,100.43,50.22
7441,"2024-09-04","2024-09-04",0,1,13.71,13.71,13.71
7442,"2021-04-28","2021-04-28",0,1,14.76,14.76,14.76
7444,"2020-12-29","2024-07-14",1293,3,291.70,875.09,291.70
7445,"2021-07-22","2024-04-18",1001,2,42.90,85.79,42.90
7446,"2025-10-24","2025-10-24",0,1,132.77,132.77,132.77
7447,"2025-10-03","2025-10-03",0,1,123.94,123.94,123.94
7448,"2020-07-31","2020-07-31",0,1,167.76,167.76,167.76
7450,"2021-04-05","2023-12-24",993,3,84.81,254.44,84.81
7451,"2023-04-14","2023-04-14",0,1,214.39,214.39,214.39
7453,"2020-04-27","2020-04-27",0,1,172.99,172.99,172.99
7454,"2020-11-03","2025-06-17",1687,3,79.73,239.20,79.73
7455,"2020-04-11","2022-02-17",677,2,137.39,274.78,137.39
7456,"2022-03-27","2022-03-27",0,1,661.80,661.80,661.80
7457,"2023-11-13","2025-09-14",671,3,153.94,461.83,153.94
7458,"2020-07-27","2023-11-21",1212,3,57.43,172.28,57.43
7460,"2021-03-21","2021-06-18",89,2,132.03,264.06,132.03
7461,"2020-05-28","2023-09-24",1214,2,65.86,131.72,65.86
7463,"2021-10-04","2021-10-04",0,1,114.72,114.72,114.72
7465,"2023-02-10","2023-02-10",0,1,122.64,122.64,122.64
7466,"2021-09-24","2021-09-24",0,1,35.60,35.60,35.60
7467,"2025-02-21","2025-02-21",0,1,95.77,95.77,95.77
7469,"2021-05-03","2022-02-22",295,2,345.15,690.30,345.15
7470,"2025-03-25","2025-10-27",216,2,75.01,150.02,75.01
7471,"2022-05-26","2025-07-04",1135,3,119.27,357.80,119.27
7472,"2021-03-31","2022-06-11",437,3,124.13,372.38,124.13
7474,"2024-10-25","2025-02-15",113,3,358.10,1074.29,358.10
7475,"2022-12-12","2024-01-05",389,2,48.33,96.65,48.33
7478,"2022-01-22","2023-03-20",422,3,145.55,436.65,145.55
7479,"2021-02-17","2021-02-17",0,1,169.82,169.82,169.82
7480,"2025-07-04","2025-07-04",0,1,34.38,34.38,34.38
7481,"2025-03-04","2025-03-04",0,1,190.31,190.31,190.31
7482,"2025-05-23","2025-05-23",0,1,279.98,279.98,279.98
7483,"2022-07-07","2025-01-31",939,3,177.21,531.63,177.21
7484,"2021-07-01","2021-07-01",0,1,199.12,199.12,199.12
7485,"2020-12-21","2020-12-21",0,1,179.17,179.17,179.17
7486,"2021-02-14","2025-09-02",1661,5,109.88,549.41,109.88
7487,"2022-06-25","2022-12-13",171,3,157.48,472.44,157.48
7489,"2020-11-04","2025-05-05",1643,3,85.12,255.37,85.12
7490,"2022-03-13","2022-03-13",0,1,136.93,136.93,136.93
7492,"2020-08-14","2021-06-25",315,2,160.23,320.46,160.23
7493,"2025-04-02","2025-04-02",0,1,96.98,96.98,96.98
7494,"2022-11-28","2022-11-28",0,1,143.68,143.68,143.68
7495,"2023-03-13","2023-03-13",0,1,431.85,431.85,431.85
7496,"2020-06-09","2025-04-04",1760,3,253.05,759.15,253.05
7497,"2023-11-29","2023-11-29",0,1,15.89,15.89,15.89
7498,"2020-02-24","2025-09-03",2018,5,73.82,369.11,73.82
7499,"2020-11-16","2021-12-12",391,2,119.34,238.68,119.34
7500,"2020-03-17","2020-03-17",0,1,70.12,70.12,70.12
7502,"2022-08-08","2025-10-13",1162,3,44.21,132.63,44.21
7505,"2024-01-21","2024-12-29",343,2,304.93,609.85,304.93
7506,"2020-04-18","2025-06-10",1879,3,118.07,354.20,118.07
7507,"2020-04-04","2022-05-19",775,4,218.42,873.67,218.42
7508,"2020-07-24","2025-05-13",1754,3,124.79,374.38,124.79
7509,"2022-08-29","2022-08-29",0,1,235.31,235.31,235.31
7510,"2020-03-26","2020-03-26",0,1,44.43,44.43,44.43
7511,"2022-04-06","2022-04-06",0,1,268.84,268.84,268.84
7512,"2020-09-01","2020-09-01",0,1,12.55,12.55,12.55
7514,"2023-06-25","2024-03-24",273,2,57.90,115.80,57.90
7515,"2020-11-18","2023-08-12",997,2,75.13,150.25,75.13
7516,"2020-07-26","2020-07-26",0,1,13.30,13.30,13.30
7517,"2021-06-21","2021-06-21",0,1,49.28,49.28,49.28
7518,"2020-01-01","2021-08-20",597,2,89.05,178.10,89.05
7519,"2024-08-18","2024-08-18",0,1,457.31,457.31,457.31
7520,"2020-07-31","2023-06-20",1054,3,64.53,193.59,64.53
7522,"2023-06-02","2024-09-07",463,2,55.45,110.89,55.45
7523,"2020-11-11","2024-10-14",1433,5,79.94,399.69,79.94
7524,"2021-04-15","2021-04-15",0,1,202.48,202.48,202.48
7525,"2021-12-06","2025-09-25",1389,3,87.39,262.16,87.39
7526,"2022-09-07","2025-02-11",888,2,396.19,792.38,396.19
7528,"2020-03-21","2021-12-22",641,2,46.99,93.98,46.99
7529,"2022-02-10","2025-10-20",1348,3,87.60,262.79,87.60
7530,"2020-04-25","2020-04-25",0,1,44.85,44.85,44.85
7531,"2024-06-22","2025-06-23",366,2,58.26,116.52,58.26
7532,"2024-12-06","2025-02-21",77,2,61.35,122.70,61.35
7533,"2021-03-30","2023-09-12",896,5,42.25,211.27,42.25
7534,"2020-10-29","2023-05-15",928,3,80.65,241.95,80.65
7535,"2021-03-27","2025-08-13",1600,4,93.31,373.25,93.31
7536,"2020-02-14","2024-09-06",1666,2,680.43,1360.86,680.43
7537,"2020-08-22","2020-08-22",0,1,176.65,176.65,176.65
7538,"2021-01-26","2025-02-26",1492,4,90.34,361.35,90.34
7539,"2021-11-15","2021-11-15",0,1,166.30,166.30,166.30
7540,"2023-10-14","2023-10-14",0,1,48.67,48.67,48.67
7542,"2025-09-11","2025-09-11",0,1,139.27,139.27,139.27
7543,"2025-02-02","2025-02-02",0,1,171.74,171.74,171.74
7544,"2022-05-24","2025-10-09",1234,2,94.66,189.32,94.66
7545,"2023-11-26","2023-11-26",0,1,39.21,39.21,39.21
7546,"2024-07-02","2024-07-02",0,1,205.47,205.47,205.47
7547,"2020-10-07","2025-07-01",1728,2,72.47,144.93,72.47
7548,"2024-03-05","2025-01-08",309,2,43.15,86.30,43.15
7549,"2021-12-20","2021-12-20",0,1,84.10,84.10,84.10
7552,"2021-02-22","2021-10-23",243,2,246.17,492.34,246.17
7553,"2024-10-30","2024-10-30",0,1,60.44,60.44,60.44
7555,"2020-12-31","2020-12-31",0,1,110.69,110.69,110.69
7556,"2022-03-12","2025-09-09",1277,3,47.15,141.45,47.15
7557,"2021-11-08","2025-07-18",1348,3,149.11,447.32,149.11
7559,"2020-11-28","2020-11-28",0,1,266.23,266.23,266.23
7560,"2020-03-24","2023-05-24",1156,4,172.03,688.12,172.03
7561,"2022-12-06","2022-12-06",0,1,175.47,175.47,175.47
7562,"2020-07-04","2023-04-04",1004,2,114.39,228.78,114.39
7563,"2021-08-03","2021-08-03",0,1,32.62,32.62,32.62
7564,"2023-12-31","2023-12-31",0,1,55.83,55.83,55.83
7565,"2020-09-29","2021-04-17",200,2,45.32,90.64,45.32
7566,"2020-06-26","2020-06-26",0,1,15.72,15.72,15.72
7568,"2020-02-18","2020-02-18",0,1,97.33,97.33,97.33
7569,"2023-04-18","2025-08-09",844,3,138.20,414.60,138.20
7570,"2021-04-17","2021-09-16",152,2,77.05,154.10,77.05
7572,"2025-01-29","2025-01-29",0,1,150.76,150.76,150.76
7573,"2021-01-05","2023-08-23",960,2,141.21,282.41,141.21
7574,"2020-12-19","2021-07-30",223,2,49.51,99.01,49.51
7575,"2021-06-18","2021-06-18",0,1,145.42,145.42,145.42
7576,"2023-01-27","2023-01-27",0,1,31.93,31.93,31.93
7577,"2023-04-09","2025-08-30",874,2,37.64,75.28,37.64
7579,"2022-02-15","2022-04-18",62,2,103.62,207.23,103.62
7580,"2020-10-31","2024-08-05",1374,2,25.05,50.10,25.05
7582,"2020-10-12","2024-03-20",1255,6,69.59,417.55,69.59
7583,"2024-07-17","2024-07-17",0,1,136.98,136.98,136.98
7584,"2020-12-26","2025-04-09",1565,4,105.02,420.06,105.02
7585,"2020-01-05","2025-08-28",2062,4,140.83,563.33,140.83
7587,"2020-10-29","2023-09-30",1066,3,33.70,101.11,33.70
7588,"2020-12-06","2022-11-16",710,2,341.61,683.21,341.61
7589,"2021-12-03","2021-12-03",0,1,54.14,54.14,54.14
7590,"2021-08-22","2021-08-22",0,1,130.11,130.11,130.11
7591,"2020-01-07","2025-07-16",2017,7,149.56,1046.89,149.56
7592,"2020-06-22","2020-06-22",0,1,426.14,426.14,426.14
7593,"2020-09-08","2024-12-25",1569,5,61.93,309.67,61.93
7594,"2021-04-08","2024-07-26",1205,3,119.14,357.41,119.14
7595,"2020-04-23","2023-10-12",1267,6,160.03,960.19,160.03
7596,"2020-12-21","2022-04-20",485,2,218.07,436.14,218.07
7597,"2022-01-04","2022-01-04",0,1,29.48,29.48,29.48
7598,"2021-11-26","2021-11-26",0,1,9.20,9.20,9.20
7599,"2021-04-28","2024-12-28",1340,3,60.42,181.26,60.42
7600,"2025-03-17","2025-03-17",0,1,4.15,4.15,4.15
7601,"2020-10-11","2020-10-11",0,1,236.48,236.48,236.48
7602,"2022-01-16","2023-10-11",633,2,185.00,369.99,185.00
7603,"2022-03-05","2022-03-05",0,1,46.11,46.11,46.11
7605,"2025-10-21","2025-10-21",0,1,120.98,120.98,120.98
7606,"2020-06-03","2024-11-03",1614,3,293.22,879.67,293.22
7607,"2021-02-01","2021-02-01",0,1,235.22,235.22,235.22
7608,"2023-02-13","2025-08-18",917,3,73.97,221.90,73.97
7609,"2022-11-20","2022-11-20",0,1,29.08,29.08,29.08
7610,"2023-04-30","2025-07-11",803,2,72.78,145.56,72.78
7611,"2025-08-21","2025-08-21",0,1,205.88,205.88,205.88
7613,"2025-09-30","2025-09-30",0,1,148.95,148.95,148.95
7614,"2021-07-09","2023-07-07",728,2,153.76,307.51,153.76
7616,"2022-07-26","2023-04-11",259,3,88.93,266.79,88.93
7617,"2021-06-15","2021-06-15",0,1,194.97,194.97,194.97
7618,"2022-04-17","2024-03-13",696,3,48.79,146.36,48.79
7619,"2022-08-08","2025-09-21",1140,3,173.59,520.76,173.59
7620,"2020-01-01","2023-12-25",1454,3,154.24,462.71,154.24
7621,"2021-05-19","2025-05-17",1459,2,183.60,367.19,183.60
7623,"2021-10-20","2024-02-22",855,2,37.11,74.22,37.11
7624,"2020-04-12","2020-04-12",0,1,108.10,108.10,108.10
7625,"2020-07-28","2025-07-19",1817,5,189.43,947.14,189.43
7627,"2023-06-29","2025-08-31",794,2,142.44,284.87,142.44
7628,"2020-01-12","2023-05-27",1231,2,67.34,134.67,67.34
7630,"2022-02-07","2022-02-07",0,1,104.23,104.23,104.23
7631,"2025-08-18","2025-08-18",0,1,495.04,495.04,495.04
7632,"2022-12-08","2022-12-08",0,1,52.88,52.88,52.88
7633,"2020-04-08","2025-03-01",1788,3,166.05,498.15,166.05
7635,"2023-10-08","2024-12-30",449,2,234.20,468.40,234.20
7636,"2020-01-20","2020-01-20",0,1,105.93,105.93,105.93
7637,"2021-03-05","2024-04-28",1150,3,220.76,662.27,220.76
7638,"2025-06-24","2025-06-24",0,1,84.11,84.11,84.11
7639,"2023-09-13","2024-07-01",292,3,164.90,494.69,164.90
7640,"2024-07-22","2024-07-22",0,1,69.49,69.49,69.49
7641,"2021-09-27","2021-09-27",0,1,51.75,51.75,51.75
7643,"2020-10-08","2020-10-08",0,1,249.08,249.08,249.08
7644,"2020-12-19","2024-10-04",1385,3,210.72,632.16,210.72
7645,"2021-06-02","2025-06-12",1471,2,303.32,606.64,303.32
7646,"2020-12-19","2022-08-12",601,2,75.58,151.16,75.58
7647,"2020-09-24","2023-10-22",1123,4,103.96,415.85,103.96
7648,"2021-03-12","2022-10-08",575,4,229.20,916.81,229.20
7649,"2022-01-15","2023-07-27",558,3,323.44,970.33,323.44
7650,"2021-01-17","2023-01-17",730,2,173.08,346.16,173.08
7651,"2020-03-27","2020-03-27",0,1,272.52,272.52,272.52
7653,"2021-07-28","2024-05-02",1009,3,149.98,449.93,149.98
7654,"2020-07-03","2021-07-02",364,2,22.86,45.71,22.86
7655,"2025-03-04","2025-03-04",0,1,104.41,104.41,104.41
7656,"2023-04-29","2023-04-29",0,1,199.40,199.40,199.40
7657,"2022-06-06","2022-06-06",0,1,47.17,47.17,47.17
7658,"2021-02-19","2023-11-12",996,2,44.81,89.62,44.81
7659,"2022-05-25","2022-05-25",0,1,119.52,119.52,119.52
7660,"2020-06-24","2025-10-28",1952,4,148.74,594.94,148.74
7661,"2023-04-10","2023-04-10",0,1,444.28,444.28,444.28
7662,"2020-12-30","2024-12-11",1442,5,112.50,562.50,112.50
7663,"2021-06-03","2025-01-15",1322,2,92.25,184.49,92.25
7664,"2020-01-29","2025-02-17",1846,2,129.07,258.13,129.07
7665,"2022-12-15","2023-06-21",188,2,139.86,279.72,139.86
7666,"2022-08-27","2023-06-09",286,2,171.75,343.49,171.75
7667,"2022-01-31","2025-03-02",1126,2,99.25,198.49,99.25
7668,"2020-05-11","2023-03-02",1025,2,108.82,217.64,108.82
7669,"2024-01-02","2024-02-17",46,2,127.91,255.82,127.91
7670,"2020-11-05","2020-11-05",0,1,9.57,9.57,9.57
7671,"2021-10-21","2024-11-14",1120,3,159.92,479.75,159.92
7672,"2022-11-11","2022-11-11",0,1,105.04,105.04,105.04
7673,"2023-02-17","2023-02-17",0,1,223.87,223.87,223.87
7674,"2024-09-27","2024-09-27",0,1,241.26,241.26,241.26
7675,"2024-08-16","2025-05-11",268,3,172.32,516.95,172.32
7677,"2022-08-29","2024-03-27",576,3,162.41,487.23,162.41
7679,"2021-04-17","2025-09-26",1623,3,216.88,650.63,216.88
7680,"2020-12-09","2023-07-16",949,3,87.31,261.94,87.31
7682,"2021-03-28","2025-04-16",1480,2,439.91,879.82,439.91
7683,"2020-09-08","2020-09-08",0,1,108.31,108.31,108.31
7684,"2022-05-07","2024-07-01",786,2,65.92,131.83,65.92
7685,"2022-12-22","2025-10-24",1037,2,132.45,264.89,132.45
7686,"2021-03-10","2021-03-10",0,1,66.34,66.34,66.34
7688,"2023-04-16","2025-05-19",764,2,92.98,185.96,92.98
7690,"2021-07-21","2021-07-21",0,1,49.17,49.17,49.17
7691,"2020-07-01","2025-10-31",1948,3,150.43,451.28,150.43
7692,"2024-02-13","2025-04-29",441,3,39.91,119.72,39.91
7693,"2025-02-18","2025-02-18",0,1,36.69,36.69,36.69
7694,"2023-03-01","2024-10-29",608,2,58.46,116.92,58.46
7695,"2024-09-20","2024-09-20",0,1,121.72,121.72,121.72
7696,"2020-09-21","2021-08-14",327,2,20.53,41.06,20.53
7697,"2024-02-11","2024-02-11",0,1,61.91,61.91,61.91
7698,"2020-05-16","2023-08-02",1173,2,56.55,113.10,56.55
7699,"2021-01-26","2021-01-26",0,1,76.32,76.32,76.32
7700,"2024-03-12","2024-03-12",0,1,469.45,469.45,469.45
7701,"2021-10-30","2023-10-03",703,2,34.20,68.39,34.20
7702,"2020-05-09","2023-05-24",1110,4,107.97,431.89,107.97
7703,"2021-09-13","2021-09-13",0,1,16.56,16.56,16.56
7704,"2022-12-17","2025-09-01",989,2,42.74,85.47,42.74
7705,"2021-08-22","2021-08-22",0,1,26.58,26.58,26.58
7706,"2020-10-20","2022-09-26",706,2,31.11,62.21,31.11
7707,"2022-05-25","2022-05-25",0,1,440.16,440.16,440.16
7708,"2023-10-19","2023-10-19",0,1,109.58,109.58,109.58
7709,"2024-10-17","2025-09-20",338,2,150.86,301.71,150.86
7710,"2022-01-10","2023-03-28",442,2,84.08,168.16,84.08
7711,"2020-10-12","2020-10-12",0,1,199.99,199.99,199.99
7712,"2022-06-20","2023-10-19",486,2,61.96,123.92,61.96
7713,"2020-12-25","2024-06-12",1265,2,82.61,165.22,82.61
7714,"2020-06-09","2020-06-09",0,1,39.49,39.49,39.49
7715,"2021-09-06","2021-09-06",0,1,62.74,62.74,62.74
7716,"2022-10-17","2022-10-17",0,1,85.57,85.57,85.57
7717,"2020-05-16","2022-01-19",613,2,101.31,202.61,101.31
7718,"2021-04-25","2024-06-12",1144,3,50.32,150.95,50.32
7719,"2023-05-14","2025-06-05",753,3,68.92,206.77,68.92
7720,"2022-08-08","2022-08-08",0,1,121.58,121.58,121.58
7721,"2021-05-10","2021-12-29",233,3,100.39,301.17,100.39
7722,"2022-05-01","2023-08-12",468,2,125.51,251.01,125.51
7723,"2025-05-18","2025-05-18",0,1,71.17,71.17,71.17
7726,"2020-09-05","2020-09-05",0,1,397.58,397.58,397.58
7727,"2020-05-13","2024-12-01",1663,3,46.19,138.56,46.19
7728,"2020-03-17","2020-03-17",0,1,137.12,137.12,137.12
7730,"2021-07-22","2021-07-22",0,1,93.07,93.07,93.07
7731,"2023-05-07","2023-05-07",0,1,16.28,16.28,16.28
7733,"2020-06-23","2025-04-07",1749,3,115.55,346.65,115.55
7734,"2020-06-01","2021-08-05",430,2,55.44,110.88,55.44
7735,"2025-03-13","2025-03-13",0,1,123.83,123.83,123.83
7736,"2024-08-17","2024-08-17",0,1,130.55,130.55,130.55
7739,"2023-04-22","2023-04-22",0,1,68.23,68.23,68.23
7740,"2020-07-23","2025-10-20",1915,4,103.72,414.87,103.72
7741,"2020-04-04","2021-03-17",347,3,73.06,219.18,73.06
7742,"2023-10-25","2024-10-01",342,2,76.53,153.06,76.53
7743,"2020-12-29","2021-05-22",144,2,271.52,543.04,271.52
7744,"2020-05-26","2020-05-26",0,1,66.30,66.30,66.30
7746,"2022-09-13","2022-09-13",0,1,69.91,69.91,69.91
7747,"2020-02-15","2022-09-27",955,2,36.66,73.31,36.66
7748,"2020-12-27","2021-12-21",359,3,105.93,317.78,105.93
7750,"2025-01-06","2025-04-30",114,2,106.30,212.59,106.30
7751,"2020-02-28","2022-12-02",1008,3,92.79,278.38,92.79
7752,"2022-02-07","2024-12-13",1040,2,67.56,135.11,67.56
7753,"2020-08-09","2024-08-02",1454,3,41.31,123.92,41.31
7754,"2023-07-19","2024-10-01",440,2,112.80,225.59,112.80
7755,"2025-08-03","2025-08-03",0,1,53.84,53.84,53.84
7756,"2021-01-10","2021-07-22",193,2,473.74,947.48,473.74
7757,"2021-06-13","2021-06-13",0,1,310.23,310.23,310.23
7758,"2021-03-06","2022-08-13",525,2,120.80,241.59,120.80
7759,"2020-01-17","2023-10-13",1365,3,164.62,493.86,164.62
7760,"2023-11-04","2023-11-04",0,1,22.40,22.40,22.40
7761,"2020-01-14","2022-06-07",875,5,209.98,1049.88,209.98
7762,"2025-04-28","2025-09-25",150,2,81.82,163.64,81.82
7764,"2021-06-15","2025-07-20",1496,3,126.76,380.29,126.76
7768,"2020-08-20","2023-09-05",1111,3,31.30,93.90,31.30
7770,"2022-05-10","2024-06-14",766,3,133.35,400.04,133.35
7771,"2024-12-26","2024-12-26",0,1,223.66,223.66,223.66
7773,"2022-01-12","2022-01-12",0,1,96.53,96.53,96.53
7774,"2023-12-10","2023-12-10",0,1,161.52,161.52,161.52
7775,"2023-11-13","2024-07-30",260,2,128.65,257.29,128.65
7776,"2021-05-04","2025-03-17",1413,4,232.51,930.04,232.51
7777,"2022-05-12","2025-01-26",990,5,69.27,346.34,69.27
7778,"2024-10-05","2024-10-05",0,1,61.74,61.74,61.74
7779,"2021-09-03","2023-10-30",787,2,79.48,158.96,79.48
7780,"2024-04-17","2024-04-17",0,1,25.48,25.48,25.48
7781,"2025-05-10","2025-05-10",0,1,91.74,91.74,91.74
7782,"2021-10-30","2022-02-23",116,2,122.26,244.52,122.26
7783,"2020-10-12","2025-03-06",1606,3,222.28,666.83,222.28
7784,"2020-06-14","2023-09-18",1191,2,60.74,121.47,60.74
7786,"2023-04-28","2023-04-28",0,1,146.82,146.82,146.82
7787,"2025-08-28","2025-08-28",0,1,87.33,87.33,87.33
7788,"2025-07-22","2025-07-22",0,1,67.95,67.95,67.95
7789,"2022-03-24","2024-08-04",864,3,19.40,58.20,19.40
7790,"2021-11-16","2025-02-12",1184,2,231.87,463.74,231.87
7791,"2023-09-11","2023-09-11",0,1,658.86,658.86,658.86
7792,"2022-01-15","2025-05-30",1231,3,175.12,525.35,175.12
7793,"2020-02-16","2020-02-16",0,1,42.06,42.06,42.06
7795,"2023-05-03","2023-05-03",0,1,1307.36,1307.36,1307.36
7796,"2022-01-23","2022-04-17",84,2,147.32,294.63,147.32
7798,"2021-10-04","2025-01-01",1185,2,177.20,354.40,177.20
7801,"2020-04-01","2020-04-01",0,1,454.26,454.26,454.26
7804,"2021-05-13","2024-04-27",1080,3,57.33,171.98,57.33
7805,"2021-03-27","2025-05-24",1519,3,149.01,447.02,149.01
7806,"2022-03-27","2025-04-21",1121,3,131.58,394.73,131.58
7807,"2020-12-08","2020-12-08",0,1,7.90,7.90,7.90
7808,"2021-02-27","2023-02-26",729,2,111.56,223.11,111.56
7809,"2023-08-04","2023-08-04",0,1,351.49,351.49,351.49
7810,"2021-03-25","2024-08-16",1240,3,89.74,269.22,89.74
7811,"2024-08-01","2025-04-30",272,2,146.49,292.98,146.49
7812,"2024-09-17","2025-09-09",357,2,31.30,62.60,31.30
7813,"2021-10-09","2025-08-03",1394,2,210.68,421.36,210.68
7814,"2022-06-04","2024-01-20",595,2,46.82,93.63,46.82
7815,"2022-10-28","2024-05-15",565,3,446.47,1339.40,446.47
7816,"2023-06-06","2023-06-06",0,1,246.21,246.21,246.21
7817,"2025-10-12","2025-10-12",0,1,138.36,138.36,138.36
7818,"2023-06-23","2023-06-23",0,1,36.85,36.85,36.85
7819,"2020-06-30","2024-06-29",1460,3,109.37,328.11,109.37
7820,"2022-11-17","2023-06-12",207,2,90.42,180.83,90.42
7822,"2020-01-06","2022-08-17",954,2,187.91,375.81,187.91
7823,"2024-06-17","2024-06-17",0,1,31.09,31.09,31.09
7824,"2021-05-08","2023-01-06",608,3,72.57,217.70,72.57
7825,"2020-07-17","2024-12-03",1600,4,203.10,812.38,203.10
7826,"2020-05-31","2024-10-15",1598,2,112.82,225.63,112.82
7827,"2020-08-29","2022-10-12",774,2,124.94,249.87,124.94
7828,"2020-04-23","2025-05-10",1843,2,70.80,141.59,70.80
7829,"2020-04-29","2024-01-25",1366,3,176.45,529.36,176.45
7830,"2020-05-06","2023-08-04",1185,2,361.45,722.90,361.45
7831,"2024-09-11","2024-09-11",0,1,32.54,32.54,32.54
7834,"2022-03-28","2025-01-02",1011,4,233.79,935.15,233.79
7835,"2022-11-07","2025-07-23",989,2,222.25,444.49,222.25
7838,"2024-01-05","2024-01-05",0,1,96.42,96.42,96.42
7840,"2021-09-20","2024-10-12",1118,3,38.70,116.11,38.70
7841,"2020-11-13","2023-07-19",978,2,346.97,693.93,346.97
7843,"2020-05-10","2025-01-09",1705,3,35.54,106.63,35.54
7844,"2022-03-12","2024-05-12",792,2,38.01,76.02,38.01
7845,"2021-07-17","2025-04-14",1367,4,96.29,385.17,96.29
7847,"2023-06-09","2024-09-19",468,2,130.31,260.61,130.31
7848,"2020-04-21","2025-05-26",1861,5,91.11,455.56,91.11
7849,"2020-04-24","2025-05-16",1848,4,66.44,265.76,66.44
7850,"2025-09-02","2025-09-02",0,1,34.33,34.33,34.33
7851,"2023-01-03","2023-03-29",85,2,108.90,217.79,108.90
7852,"2020-05-08","2020-05-08",0,1,47.19,47.19,47.19
7853,"2020-12-25","2020-12-25",0,1,147.80,147.80,147.80
7854,"2024-08-20","2024-08-20",0,1,53.17,53.17,53.17
7855,"2021-03-16","2024-05-26",1167,3,118.24,354.71,118.24
7856,"2022-10-11","2022-10-11",0,1,150.24,150.24,150.24
7858,"2020-10-07","2022-08-30",692,3,181.44,544.31,181.44
7859,"2021-06-02","2025-01-13",1321,2,91.80,183.60,91.80
7860,"2023-01-24","2023-01-24",0,1,370.16,370.16,370.16
7861,"2020-02-13","2024-09-27",1688,4,138.25,552.99,138.25
7862,"2020-12-19","2022-04-10",477,3,89.82,269.46,89.82
7863,"2023-05-28","2023-05-28",0,1,247.95,247.95,247.95
7864,"2023-10-09","2025-09-25",717,3,184.93,554.80,184.93
7865,"2020-10-11","2025-01-18",1560,2,260.68,521.35,260.68
7866,"2023-07-06","2024-06-22",352,2,204.95,409.90,204.95
7867,"2025-10-19","2025-10-19",0,1,94.31,94.31,94.31
7868,"2022-10-06","2022-10-06",0,1,63.79,63.79,63.79
7869,"2024-03-16","2025-04-13",393,2,130.56,261.12,130.56
7870,"2024-11-07","2025-08-05",271,2,514.39,1028.77,514.39
7871,"2022-01-21","2022-01-21",0,1,78.19,78.19,78.19
7872,"2021-06-15","2023-04-15",669,3,107.52,322.57,107.52
7873,"2020-11-28","2023-05-05",888,4,47.39,189.56,47.39
7874,"2022-12-28","2022-12-28",0,1,215.28,215.28,215.28
7875,"2023-05-06","2024-12-30",604,2,109.10,218.20,109.10
7877,"2025-06-08","2025-06-08",0,1,133.19,133.19,133.19
7878,"2021-11-22","2021-11-22",0,1,9.19,9.19,9.19
7879,"2025-04-21","2025-04-21",0,1,73.07,73.07,73.07
7880,"2022-11-02","2022-11-02",0,1,109.27,109.27,109.27
7881,"2020-02-26","2025-09-27",2040,3,80.62,241.85,80.62
7882,"2024-02-09","2024-02-09",0,1,80.44,80.44,80.44
7883,"2022-10-21","2024-01-15",451,3,154.14,462.42,154.14
7884,"2023-07-15","2025-03-30",624,3,132.81,398.42,132.81
7886,"2022-02-07","2022-02-07",0,1,14.30,14.30,14.30
7887,"2022-08-30","2022-08-30",0,1,222.36,222.36,222.36
7888,"2020-01-11","2025-05-11",1947,3,175.47,526.41,175.47
7889,"2020-03-03","2022-10-14",955,2,80.41,160.81,80.41
7890,"2025-08-17","2025-08-17",0,1,36.38,36.38,36.38
7891,"2024-11-16","2024-11-16",0,1,123.80,123.80,123.80
7892,"2022-05-31","2023-10-24",511,2,337.07,674.14,337.07
7894,"2020-05-08","2025-08-06",1916,2,134.42,268.83,134.42
7895,"2023-12-12","2023-12-19",7,2,214.19,428.38,214.19
7896,"2023-02-13","2023-02-13",0,1,233.31,233.31,233.31
7898,"2020-07-05","2020-07-05",0,1,236.87,236.87,236.87
7900,"2023-01-18","2024-01-23",370,2,36.55,73.10,36.55
7901,"2023-12-23","2023-12-23",0,1,44.27,44.27,44.27
7902,"2024-01-04","2024-01-04",0,1,167.92,167.92,167.92
7903,"2022-04-24","2022-04-24",0,1,34.61,34.61,34.61
7904,"2025-09-06","2025-09-06",0,1,130.03,130.03,130.03
7905,"2021-03-09","2025-02-16",1440,3,117.24,351.73,117.24
7906,"2022-05-12","2022-05-12",0,1,201.82,201.82,201.82
7907,"2024-07-04","2024-07-04",0,1,14.27,14.27,14.27
7908,"2021-03-22","2021-03-22",0,1,198.90,198.90,198.90
7909,"2025-01-13","2025-01-13",0,1,50.04,50.04,50.04
7911,"2022-05-12","2022-05-12",0,1,157.90,157.90,157.90
7913,"2023-10-27","2023-10-27",0,1,28.59,28.59,28.59
7914,"2020-11-12","2025-03-10",1579,6,112.68,676.08,112.68
7915,"2022-10-30","2022-10-30",0,1,74.28,74.28,74.28
7916,"2020-01-15","2021-07-30",562,2,116.22,232.44,116.22
7917,"2022-06-05","2024-05-20",715,2,330.72,661.44,330.72
7918,"2022-05-03","2022-05-03",0,1,31.58,31.58,31.58
7919,"2020-12-04","2024-04-08",1221,3,126.97,380.92,126.97
7920,"2021-10-22","2024-05-07",928,3,286.75,860.25,286.75
7921,"2025-05-29","2025-05-29",0,1,176.15,176.15,176.15
7923,"2024-06-05","2024-06-05",0,1,29.52,29.52,29.52
7924,"2021-11-25","2021-11-25",0,1,219.74,219.74,219.74
7925,"2023-07-30","2025-01-02",522,3,62.64,187.92,62.64
7926,"2021-08-04","2025-09-01",1489,3,49.23,147.69,49.23
7927,"2025-05-22","2025-05-22",0,1,40.14,40.14,40.14
7928,"2023-11-25","2024-11-10",351,2,172.80,345.60,172.80
7929,"2021-04-15","2022-03-07",326,2,59.66,119.32,59.66
7930,"2023-03-19","2025-05-14",787,2,207.08,414.15,207.08
7931,"2021-03-17","2023-02-06",691,3,26.55,79.66,26.55
7932,"2022-02-01","2022-02-01",0,1,146.30,146.30,146.30
7933,"2021-04-03","2021-04-03",0,1,53.88,53.88,53.88
7934,"2023-08-07","2023-08-07",0,1,238.20,238.20,238.20
7935,"2024-04-08","2024-04-08",0,1,18.25,18.25,18.25
7936,"2020-10-04","2020-10-04",0,1,56.07,56.07,56.07
7938,"2021-03-06","2022-03-21",380,2,116.43,232.85,116.43
7939,"2022-02-18","2025-02-03",1081,3,213.75,641.26,213.75
7940,"2022-10-20","2025-10-05",1081,2,135.35,270.69,135.35
7941,"2024-01-17","2024-07-13",178,2,128.92,257.84,128.92
7943,"2023-07-03","2023-07-03",0,1,185.42,185.42,185.42
7945,"2020-06-13","2023-01-08",939,3,101.65,304.96,101.65
7947,"2022-01-29","2024-11-22",1028,2,64.12,128.24,64.12
7948,"2022-08-01","2022-08-01",0,1,33.86,33.86,33.86
7949,"2020-08-13","2020-08-13",0,1,35.84,35.84,35.84
7950,"2021-01-04","2024-03-28",1179,2,108.97,217.94,108.97
7951,"2020-08-22","2025-10-07",1872,3,228.04,684.11,228.04
7952,"2021-05-01","2022-04-07",341,2,95.19,190.37,95.19
7953,"2023-07-02","2024-12-20",537,2,11.55,23.09,11.55
7954,"2024-10-01","2024-10-01",0,1,630.25,630.25,630.25
7955,"2020-08-05","2020-08-05",0,1,190.46,190.46,190.46
7956,"2020-04-27","2025-07-29",1919,3,211.38,634.14,211.38
7958,"2024-03-29","2024-03-29",0,1,115.14,115.14,115.14
7959,"2022-11-16","2022-11-16",0,1,58.41,58.41,58.41
7960,"2023-08-21","2023-08-21",0,1,28.57,28.57,28.57
7961,"2023-12-14","2025-06-19",553,2,81.68,163.36,81.68
7962,"2023-01-31","2023-11-15",288,2,54.26,108.52,54.26
7963,"2021-03-29","2025-08-07",1592,5,160.46,802.28,160.46
7964,"2022-03-09","2023-10-19",589,3,178.70,536.11,178.70
7965,"2020-08-09","2024-07-02",1423,4,101.48,405.93,101.48
7966,"2024-12-28","2024-12-28",0,1,230.17,230.17,230.17
7967,"2020-08-03","2024-08-14",1472,2,217.77,435.53,217.77
7968,"2020-06-16","2022-05-08",691,3,116.25,348.74,116.25
7970,"2022-12-05","2025-06-28",936,3,100.08,300.25,100.08
7971,"2020-01-01","2020-10-05",278,2,51.36,102.72,51.36
7972,"2025-03-19","2025-03-19",0,1,178.81,178.81,178.81
7973,"2022-04-12","2025-01-23",1017,5,108.45,542.26,108.45
7974,"2025-05-11","2025-05-11",0,1,49.16,49.16,49.16
7975,"2022-11-10","2025-05-14",916,2,39.92,79.84,39.92
7976,"2024-07-10","2024-07-10",0,1,23.23,23.23,23.23
7977,"2020-10-05","2025-08-20",1780,5,269.24,1346.18,269.24
7978,"2021-12-09","2021-12-09",0,1,8.79,8.79,8.79
7979,"2020-03-17","2024-10-05",1663,3,70.99,212.98,70.99
7980,"2020-02-08","2021-05-11",458,2,198.68,397.35,198.68
7981,"2023-01-30","2023-01-30",0,1,62.61,62.61,62.61
7982,"2022-01-02","2024-04-16",835,3,260.84,782.52,260.84
7983,"2022-10-04","2025-10-10",1102,5,99.72,498.58,99.72
7984,"2021-08-22","2021-08-22",0,1,51.86,51.86,51.86
7985,"2023-04-18","2024-09-12",513,2,28.19,56.38,28.19
7987,"2022-09-13","2025-03-12",911,2,16.69,33.38,16.69
7989,"2024-12-07","2024-12-07",0,1,140.35,140.35,140.35
7990,"2024-02-29","2024-02-29",0,1,751.68,751.68,751.68
7991,"2020-03-19","2024-04-04",1477,5,112.03,560.15,112.03
7992,"2022-10-26","2024-03-15",506,2,114.69,229.37,114.69
7993,"2020-10-29","2025-10-25",1822,4,139.47,557.87,139.47
7996,"2022-02-12","2022-02-12",0,1,59.78,59.78,59.78
7997,"2020-01-13","2021-12-15",702,3,71.57,214.72,71.57
7998,"2023-04-04","2023-04-04",0,1,13.65,13.65,13.65
8000,"2022-09-28","2022-09-28",0,1,17.29,17.29,17.29
8001,"2023-12-30","2023-12-30",0,1,26.08,26.08,26.08
8002,"2020-01-05","2023-02-16",1138,2,89.52,179.04,89.52
8003,"2020-07-09","2020-08-08",30,2,32.92,65.83,32.92
8004,"2020-02-23","2020-11-25",276,2,57.05,114.09,57.05
8005,"2024-10-31","2024-10-31",0,1,36.10,36.10,36.10
8006,"2024-02-09","2024-02-09",0,1,23.11,23.11,23.11
8008,"2024-02-06","2025-05-09",458,2,52.62,105.24,52.62
8009,"2022-08-10","2022-08-10",0,1,481.53,481.53,481.53
8010,"2021-12-21","2024-05-21",882,3,47.22,141.66,47.22
8011,"2020-08-02","2021-07-07",339,2,224.50,448.99,224.50
8012,"2023-03-22","2023-03-22",0,1,12.90,12.90,12.90
8013,"2025-04-24","2025-04-24",0,1,37.17,37.17,37.17
8014,"2020-02-26","2021-01-09",318,3,214.26,642.77,214.26
8015,"2023-06-26","2024-11-20",513,2,89.07,178.14,89.07
8016,"2024-03-04","2024-03-04",0,1,110.14,110.14,110.14
8017,"2021-01-29","2022-01-23",359,2,151.28,302.56,151.28
8018,"2023-11-13","2024-05-22",191,2,9.38,18.76,9.38
8019,"2025-07-02","2025-07-02",0,1,106.18,106.18,106.18
8020,"2021-01-10","2023-05-18",858,2,31.37,62.74,31.37
8021,"2020-07-30","2020-07-30",0,1,50.14,50.14,50.14
8022,"2023-10-20","2023-10-20",0,1,275.66,275.66,275.66
8023,"2021-06-17","2024-03-18",1005,4,111.24,444.97,111.24
8024,"2021-09-23","2025-04-14",1299,2,133.33,266.66,133.33
8025,"2023-04-29","2025-07-19",812,2,74.71,149.42,74.71
8026,"2022-06-02","2022-06-02",0,1,100.23,100.23,100.23
8027,"2020-02-02","2025-01-25",1819,3,72.24,216.71,72.24
8028,"2025-04-24","2025-04-24",0,1,213.50,213.50,213.50
8029,"2020-11-16","2024-02-06",1177,3,164.04,492.11,164.04
8030,"2023-02-13","2024-04-13",425,2,32.54,65.08,32.54
8031,"2021-06-13","2024-06-16",1099,4,219.37,877.49,219.37
8032,"2022-05-22","2022-05-22",0,1,39.89,39.89,39.89
8033,"2021-01-03","2021-01-03",0,1,169.19,169.19,169.19
8034,"2020-10-27","2023-02-19",845,2,158.57,317.14,158.57
8035,"2023-03-10","2023-08-22",165,2,133.83,267.65,133.83
8036,"2021-03-04","2023-05-24",811,3,160.47,481.41,160.47
8038,"2020-08-22","2024-01-28",1254,3,229.80,689.41,229.80
8039,"2020-05-15","2025-02-10",1732,2,76.16,152.31,76.16
8040,"2021-04-10","2021-04-10",0,1,173.31,173.31,173.31
8045,"2020-03-05","2024-04-17",1504,3,141.29,423.86,141.29
8047,"2024-11-03","2024-11-03",0,1,41.97,41.97,41.97
8048,"2021-08-21","2025-01-30",1258,2,255.78,511.55,255.78
8050,"2020-09-16","2023-08-22",1070,5,195.23,976.15,195.23
8051,"2021-02-17","2023-12-13",1029,3,202.77,608.32,202.77
8052,"2022-03-07","2023-12-07",640,2,105.18,210.36,105.18
8053,"2021-08-05","2024-09-21",1143,2,17.12,34.24,17.12
8055,"2021-03-30","2021-09-18",172,2,25.43,50.85,25.43
8056,"2020-04-12","2020-04-12",0,1,15.18,15.18,15.18
8058,"2022-10-26","2022-10-26",0,1,9.47,9.47,9.47
8059,"2022-09-11","2025-02-10",883,3,164.07,492.21,164.07
8060,"2023-04-09","2025-07-20",833,2,45.04,90.08,45.04
8061,"2022-02-21","2024-02-09",718,3,88.73,266.18,88.73
8063,"2024-09-04","2024-09-04",0,1,20.29,20.29,20.29
8065,"2020-08-02","2020-08-02",0,1,37.61,37.61,37.61
8066,"2021-01-26","2024-06-18",1239,3,227.33,682.00,227.33
8067,"2022-01-04","2024-03-23",809,4,49.57,198.28,49.57
8068,"2020-10-16","2022-01-18",459,2,327.00,653.99,327.00
8069,"2021-03-21","2025-09-22",1646,4,103.43,413.70,103.43
8070,"2022-08-17","2022-08-17",0,1,49.97,49.97,49.97
8071,"2021-02-06","2023-03-11",763,3,101.38,304.13,101.38
8073,"2023-04-19","2023-04-19",0,1,62.33,62.33,62.33
8074,"2021-08-08","2021-11-17",101,2,62.43,124.86,62.43
8075,"2020-01-28","2025-04-13",1902,2,67.41,134.81,67.41
8077,"2020-01-23","2025-09-30",2077,3,78.06,234.17,78.06
8078,"2023-10-10","2024-04-25",198,2,151.26,302.51,151.26
8079,"2021-03-02","2025-03-05",1464,4,178.30,713.19,178.30
8081,"2023-09-02","2024-03-03",183,2,159.10,318.19,159.10
8082,"2020-10-28","2024-11-30",1494,4,132.55,530.20,132.55
8083,"2022-06-25","2024-11-22",881,2,174.93,349.86,174.93
8084,"2022-01-23","2025-08-25",1310,2,191.38,382.75,191.38
8085,"2025-07-26","2025-07-26",0,1,219.54,219.54,219.54
8086,"2022-09-14","2023-07-16",305,2,48.43,96.86,48.43
8087,"2023-05-13","2023-05-13",0,1,16.04,16.04,16.04
8088,"2024-02-25","2024-02-25",0,1,528.64,528.64,528.64
8089,"2020-11-30","2025-05-21",1633,5,47.81,239.07,47.81
8090,"2021-07-05","2023-03-06",609,2,274.10,548.20,274.10
8091,"2021-08-28","2021-11-16",80,2,21.86,43.71,21.86
8092,"2024-02-17","2024-02-17",0,1,25.49,25.49,25.49
8093,"2020-02-29","2020-02-29",0,1,62.08,62.08,62.08
8094,"2020-12-19","2020-12-19",0,1,230.87,230.87,230.87
8095,"2020-08-11","2023-03-29",960,2,56.25,112.50,56.25
8096,"2020-01-30","2022-11-22",1027,2,71.79,143.57,71.79
8098,"2021-11-20","2023-01-22",428,2,99.89,199.77,99.89
8099,"2020-08-08","2024-08-23",1476,4,206.44,825.75,206.44
8101,"2021-09-12","2025-04-22",1318,3,96.37,289.11,96.37
8103,"2022-04-03","2024-06-23",812,2,62.33,124.65,62.33
8105,"2020-01-21","2020-01-21",0,1,93.80,93.80,93.80
8106,"2022-02-21","2025-01-28",1072,5,77.44,387.19,77.44
8108,"2020-11-26","2025-06-12",1659,2,251.64,503.27,251.64
8109,"2020-09-27","2024-07-11",1383,2,30.56,61.12,30.56
8111,"2020-02-11","2021-04-23",437,3,131.23,393.68,131.23
8112,"2021-12-16","2021-12-16",0,1,566.10,566.10,566.10
8113,"2023-11-28","2023-11-28",0,1,150.05,150.05,150.05
8114,"2021-07-11","2024-11-11",1219,4,232.47,929.86,232.47
8116,"2021-09-09","2024-04-11",945,2,280.25,560.49,280.25
8118,"2021-06-20","2022-03-14",267,3,56.06,168.17,56.06
8119,"2021-04-03","2025-05-17",1505,3,73.99,221.98,73.99
8120,"2022-02-12","2022-10-18",248,2,42.86,85.71,42.86
8121,"2021-08-30","2021-08-30",0,1,120.76,120.76,120.76
8122,"2023-05-25","2025-10-04",863,2,143.94,287.88,143.94
8123,"2021-03-23","2024-07-12",1207,4,538.31,2153.24,538.31
8124,"2022-12-12","2025-08-30",992,3,43.47,130.42,43.47
8125,"2020-10-14","2020-10-14",0,1,99.96,99.96,99.96
8126,"2023-09-02","2024-01-09",129,2,56.37,112.73,56.37
8127,"2020-08-30","2025-10-20",1877,2,218.99,437.98,218.99
8128,"2022-09-13","2025-09-11",1094,2,31.25,62.49,31.25
8129,"2025-10-13","2025-10-13",0,1,195.66,195.66,195.66
8130,"2020-03-27","2025-08-24",1976,4,94.38,377.52,94.38
8131,"2020-01-22","2020-01-27",5,2,50.04,100.08,50.04
8133,"2020-07-30","2025-08-08",1835,7,46.04,322.27,46.04
8135,"2020-01-03","2022-06-02",881,2,83.77,167.53,83.77
8136,"2020-10-13","2021-12-28",441,3,85.50,256.51,85.50
8137,"2021-06-06","2023-03-14",646,2,111.28,222.55,111.28
8138,"2020-04-29","2023-12-21",1331,3,81.09,243.26,81.09
8139,"2021-05-21","2022-11-22",550,2,190.07,380.13,190.07
8140,"2021-09-30","2023-05-12",589,3,155.03,465.09,155.03
8141,"2023-07-24","2023-07-24",0,1,44.73,44.73,44.73
8143,"2023-06-25","2023-06-25",0,1,12.76,12.76,12.76
8144,"2024-01-15","2024-01-15",0,1,4.54,4.54,4.54
8145,"2020-05-15","2023-10-24",1257,3,228.85,686.56,228.85
8146,"2021-11-17","2024-07-07",963,2,142.67,285.34,142.67
8147,"2022-01-15","2022-01-15",0,1,33.27,33.27,33.27
8148,"2021-02-24","2025-07-18",1605,3,217.34,652.03,217.34
8150,"2023-05-26","2023-05-26",0,1,241.93,241.93,241.93
8151,"2020-04-17","2020-08-17",122,2,211.74,423.48,211.74
8152,"2020-08-01","2020-08-01",0,1,288.15,288.15,288.15
8154,"2021-03-02","2024-11-01",1340,3,269.91,809.74,269.91
8155,"2020-06-25","2025-07-21",1852,5,91.87,459.33,91.87
8156,"2020-01-23","2020-03-28",65,2,216.58,433.16,216.58
8157,"2020-05-23","2021-05-21",363,2,63.74,127.47,63.74
8158,"2021-01-30","2021-01-30",0,1,248.34,248.34,248.34
8160,"2022-02-19","2024-11-30",1015,3,70.81,212.42,70.81
8163,"2020-06-17","2020-06-17",0,1,32.17,32.17,32.17
8164,"2023-07-04","2023-07-04",0,1,49.90,49.90,49.90
8165,"2020-09-21","2022-03-19",544,2,42.50,84.99,42.50
8167,"2021-08-15","2021-08-15",0,1,81.12,81.12,81.12
8168,"2024-04-26","2025-09-24",516,3,156.30,468.90,156.30
8169,"2024-12-16","2024-12-16",0,1,28.93,28.93,28.93
8172,"2020-12-01","2024-12-02",1462,2,290.54,581.08,290.54
8173,"2023-06-25","2025-04-01",646,3,98.38,295.13,98.38
8174,"2020-03-23","2023-06-20",1184,3,147.87,443.62,147.87
8175,"2022-11-01","2022-11-01",0,1,221.53,221.53,221.53
8176,"2023-04-09","2023-04-09",0,1,171.54,171.54,171.54
8177,"2024-01-10","2024-01-10",0,1,62.86,62.86,62.86
8179,"2021-08-17","2021-08-17",0,1,34.58,34.58,34.58
8180,"2025-01-24","2025-08-01",189,2,42.43,84.86,42.43
8181,"2022-01-14","2022-01-14",0,1,192.86,192.86,192.86
8182,"2021-07-25","2025-08-18",1485,4,52.91,211.65,52.91
8184,"2024-04-14","2024-04-14",0,1,127.80,127.80,127.80
8185,"2021-11-24","2023-10-28",703,3,204.32,612.95,204.32
8186,"2024-08-03","2025-06-06",307,2,61.09,122.17,61.09
8187,"2020-09-04","2020-09-04",0,1,625.11,625.11,625.11
8188,"2022-01-28","2024-07-30",914,2,61.11,122.22,61.11
8189,"2022-08-30","2023-01-16",139,2,79.58,159.15,79.58
8190,"2020-01-08","2023-03-22",1169,2,41.12,82.24,41.12
8192,"2020-10-01","2020-10-01",0,1,397.04,397.04,397.04
8193,"2020-12-26","2020-12-26",0,1,84.09,84.09,84.09
8194,"2021-10-10","2025-04-12",1280,3,57.94,173.81,57.94
8195,"2024-02-18","2024-02-18",0,1,529.52,529.52,529.52
8196,"2020-02-03","2024-12-01",1763,4,115.20,460.80,115.20
8197,"2020-04-01","2021-11-06",584,3,172.39,517.17,172.39
8200,"2021-12-22","2024-07-06",927,2,233.93,467.86,233.93
8201,"2024-05-05","2025-03-09",308,3,49.65,148.95,49.65
8202,"2022-03-19","2024-09-08",904,2,76.25,152.50,76.25
8203,"2021-06-13","2021-06-13",0,1,134.74,134.74,134.74
8204,"2024-08-11","2025-06-14",307,2,127.14,254.27,127.14
8206,"2021-07-12","2022-09-18",433,2,92.55,185.09,92.55
8207,"2024-07-07","2024-07-07",0,1,77.81,77.81,77.81
8208,"2022-11-05","2022-11-05",0,1,48.58,48.58,48.58
8209,"2025-07-07","2025-07-07",0,1,16.24,16.24,16.24
8210,"2021-12-28","2021-12-28",0,1,227.66,227.66,227.66
8211,"2023-05-13","2023-05-13",0,1,238.25,238.25,238.25
8212,"2022-07-21","2023-11-13",480,2,118.72,237.43,118.72
8215,"2024-12-08","2024-12-08",0,1,148.54,148.54,148.54
8216,"2020-08-15","2024-12-07",1575,2,431.53,863.05,431.53
8217,"2020-08-19","2023-05-27",1011,3,81.01,243.04,81.01
8218,"2020-02-22","2025-07-15",1970,3,38.92,116.76,38.92
8219,"2022-10-04","2024-09-14",711,2,51.00,101.99,51.00
8220,"2023-03-29","2023-03-29",0,1,25.30,25.30,25.30
8221,"2022-04-02","2022-04-02",0,1,192.14,192.14,192.14
8222,"2021-07-07","2024-12-05",1247,2,45.80,91.60,45.80
8224,"2022-02-05","2022-02-05",0,1,55.93,55.93,55.93
8225,"2020-08-11","2025-03-13",1675,2,147.39,294.78,147.39
8227,"2021-04-24","2025-10-05",1625,3,254.93,764.79,254.93
8229,"2023-08-24","2023-08-24",0,1,29.35,29.35,29.35
8230,"2023-09-30","2023-09-30",0,1,55.17,55.17,55.17
8231,"2024-05-29","2024-05-29",0,1,31.93,31.93,31.93
8232,"2021-02-09","2021-02-09",0,1,10.34,10.34,10.34
8235,"2020-08-25","2021-09-18",389,3,210.45,631.35,210.45
8237,"2023-02-23","2023-02-23",0,1,291.40,291.40,291.40
8239,"2023-08-30","2023-08-30",0,1,15.39,15.39,15.39
8240,"2023-07-25","2023-07-25",0,1,906.02,906.02,906.02
8241,"2021-10-20","2022-06-22",245,2,110.77,221.54,110.77
8243,"2020-02-27","2024-03-16",1479,2,106.14,212.28,106.14
8245,"2023-08-18","2024-12-27",497,2,42.83,85.65,42.83
8246,"2021-05-03","2022-05-14",376,2,24.36,48.71,24.36
8247,"2022-08-22","2022-12-17",117,2,67.89,135.77,67.89
8248,"2021-01-25","2023-09-14",962,2,275.95,551.90,275.95
8250,"2025-02-26","2025-02-26",0,1,54.27,54.27,54.27
8251,"2020-06-24","2023-07-24",1125,4,74.98,299.93,74.98
8252,"2020-09-27","2025-04-02",1648,4,186.36,745.43,186.36
8253,"2021-12-01","2025-03-03",1188,2,126.99,253.98,126.99
8254,"2023-12-16","2025-06-13",545,2,181.18,362.36,181.18
8255,"2023-11-14","2025-09-19",675,4,45.26,181.02,45.26
8256,"2021-03-28","2025-03-13",1446,2,71.00,142.00,71.00
8257,"2022-04-17","2022-09-02",138,2,158.33,316.65,158.33
8258,"2020-02-27","2020-09-27",213,2,221.49,442.98,221.49
8259,"2023-08-12","2025-07-19",707,2,46.55,93.10,46.55
8260,"2020-08-14","2024-06-25",1411,2,55.75,111.49,55.75
8262,"2023-02-09","2023-02-09",0,1,84.73,84.73,84.73
8263,"2024-10-08","2025-05-26",230,2,175.72,351.44,175.72
8264,"2023-10-02","2023-10-02",0,1,146.23,146.23,146.23
8265,"2024-08-22","2025-09-13",387,2,19.67,39.34,19.67
8266,"2021-03-05","2024-02-13",1075,2,309.58,619.16,309.58
8269,"2021-06-29","2025-03-16",1356,2,258.10,516.19,258.10
8270,"2021-03-09","2021-03-09",0,1,72.18,72.18,72.18
8271,"2021-10-31","2025-03-11",1227,2,45.63,91.25,45.63
8272,"2020-05-09","2024-01-24",1355,2,92.17,184.33,92.17
8273,"2024-08-03","2024-08-03",0,1,36.15,36.15,36.15
8274,"2023-08-22","2024-11-21",457,2,58.11,116.22,58.11
8275,"2021-02-02","2021-09-07",217,2,47.64,95.28,47.64
8276,"2024-02-18","2025-10-12",602,3,41.41,124.24,41.41
8277,"2023-12-04","2024-02-23",81,2,35.01,70.01,35.01
8279,"2020-08-10","2024-12-07",1580,5,85.13,425.64,85.13
8281,"2022-03-12","2025-08-20",1257,2,172.69,345.38,172.69
8282,"2021-04-11","2021-04-11",0,1,123.51,123.51,123.51
8283,"2020-11-09","2023-08-08",1002,2,145.47,290.93,145.47
8284,"2021-05-15","2025-03-10",1395,4,94.59,378.37,94.59
8285,"2024-06-12","2024-06-12",0,1,43.18,43.18,43.18
8286,"2024-10-12","2025-04-26",196,2,115.59,231.17,115.59
8287,"2020-03-31","2024-02-15",1416,2,92.87,185.73,92.87
8288,"2023-04-10","2023-04-10",0,1,533.17,533.17,533.17
8289,"2022-03-12","2025-06-02",1178,2,70.17,140.33,70.17
8290,"2023-05-10","2024-08-31",479,2,139.55,279.09,139.55
8291,"2020-09-27","2022-03-07",526,2,107.97,215.94,107.97
8292,"2020-12-02","2020-12-02",0,1,162.00,162.00,162.00
8293,"2023-07-24","2024-08-03",376,3,68.01,204.02,68.01
8294,"2024-09-16","2024-09-17",1,2,94.98,189.95,94.98
8295,"2021-12-11","2025-04-15",1221,3,109.42,328.25,109.42
8296,"2021-02-02","2021-02-02",0,1,33.14,33.14,33.14
8297,"2023-03-22","2023-03-22",0,1,26.40,26.40,26.40
8298,"2020-09-19","2020-09-19",0,1,250.82,250.82,250.82
8299,"2020-06-22","2023-07-30",1133,3,30.43,91.29,30.43
8300,"2023-05-30","2023-06-27",28,2,72.16,144.32,72.16
8301,"2020-02-14","2021-03-13",393,2,89.91,179.82,89.91
8302,"2020-02-13","2021-01-16",338,2,44.65,89.29,44.65
8303,"2020-10-01","2022-08-08",676,2,31.98,63.95,31.98
8304,"2020-09-07","2020-09-07",0,1,66.04,66.04,66.04
8305,"2024-07-08","2024-08-28",51,2,129.66,259.31,129.66
8306,"2021-11-17","2022-06-19",214,2,218.92,437.84,218.92
8307,"2022-05-08","2024-06-19",773,3,152.30,456.89,152.30
8308,"2024-11-09","2024-11-09",0,1,38.98,38.98,38.98
8309,"2023-04-17","2024-07-21",461,2,323.72,647.43,323.72
8310,"2023-05-26","2025-02-12",628,2,86.41,172.82,86.41
8311,"2024-03-14","2024-03-14",0,1,40.47,40.47,40.47
8312,"2021-04-02","2021-04-02",0,1,132.06,132.06,132.06
8313,"2023-05-15","2023-05-15",0,1,152.46,152.46,152.46
8314,"2023-01-09","2023-01-09",0,1,199.80,199.80,199.80
8315,"2020-03-07","2022-10-04",941,3,60.13,180.40,60.13
8316,"2025-09-17","2025-09-17",0,1,460.80,460.80,460.80
8317,"2024-02-29","2024-02-29",0,1,37.42,37.42,37.42
8318,"2021-08-11","2023-06-30",688,2,129.81,259.62,129.81
8319,"2022-10-25","2025-01-11",809,2,52.83,105.66,52.83
8320,"2021-11-04","2021-11-04",0,1,137.52,137.52,137.52
8321,"2021-06-09","2021-11-20",164,2,149.60,299.19,149.60
8322,"2022-06-21","2025-10-06",1203,2,509.13,1018.25,509.13
8323,"2021-07-07","2022-03-04",240,2,119.46,238.91,119.46
8324,"2022-07-30","2022-07-30",0,1,54.94,54.94,54.94
8325,"2020-04-27","2024-06-01",1496,2,79.31,158.61,79.31
8326,"2021-01-18","2021-01-18",0,1,14.71,14.71,14.71
8327,"2020-09-12","2025-08-29",1812,3,138.74,416.23,138.74
8328,"2020-03-15","2023-08-05",1238,3,135.80,407.40,135.80
8329,"2020-04-01","2022-05-01",760,3,104.15,312.45,104.15
8331,"2021-01-02","2021-01-02",0,1,59.85,59.85,59.85
8332,"2022-10-28","2025-05-03",918,2,68.64,137.27,68.64
8334,"2023-04-25","2024-12-29",614,3,104.21,312.64,104.21
8335,"2020-11-05","2020-11-05",0,1,136.63,136.63,136.63
8336,"2021-10-20","2022-09-13",328,2,102.44,204.88,102.44
8337,"2024-02-17","2024-02-17",0,1,75.09,75.09,75.09
8338,"2024-08-24","2024-08-24",0,1,214.81,214.81,214.81
8340,"2021-09-26","2024-05-08",955,2,109.56,219.11,109.56
8341,"2023-07-18","2024-04-08",265,2,136.32,272.64,136.32
8342,"2022-02-17","2023-06-27",495,2,173.40,346.80,173.40
8343,"2020-02-07","2020-02-07",0,1,164.50,164.50,164.50
8344,"2020-06-10","2020-06-10",0,1,216.96,216.96,216.96
8345,"2020-05-22","2025-01-29",1713,5,124.11,620.56,124.11
8347,"2021-10-10","2025-01-14",1192,2,322.73,645.46,322.73
8349,"2022-07-16","2025-09-13",1155,3,213.61,640.83,213.61
8350,"2023-01-25","2023-01-25",0,1,34.24,34.24,34.24
8351,"2021-06-09","2025-01-03",1304,3,141.97,425.92,141.97
8352,"2024-11-17","2024-11-17",0,1,8.79,8.79,8.79
8354,"2021-07-30","2022-04-13",257,2,80.33,160.66,80.33
8355,"2020-12-25","2025-05-08",1595,4,513.75,2054.98,513.75
8357,"2024-07-29","2024-07-29",0,1,83.18,83.18,83.18
8359,"2020-07-18","2025-10-08",1908,2,49.31,98.61,49.31
8360,"2021-12-06","2021-12-06",0,1,90.53,90.53,90.53
8361,"2024-08-01","2024-08-01",0,1,185.34,185.34,185.34
8362,"2020-05-26","2025-09-29",1952,3,100.52,301.57,100.52
8364,"2021-01-17","2021-01-17",0,1,32.30,32.30,32.30
8365,"2020-04-03","2020-04-03",0,1,50.99,50.99,50.99
8367,"2020-04-08","2022-05-06",758,2,244.47,488.94,244.47
8368,"2021-08-05","2024-08-23",1114,2,87.79,175.58,87.79
8369,"2023-10-31","2023-10-31",0,1,17.46,17.46,17.46
8370,"2025-10-31","2025-10-31",0,1,151.14,151.14,151.14
8371,"2023-07-26","2024-02-20",209,2,65.25,130.50,65.25
8372,"2020-02-25","2025-03-16",1846,3,106.35,319.06,106.35
8373,"2020-01-07","2021-12-31",724,3,290.72,872.17,290.72
8374,"2020-01-02","2025-01-16",1841,6,228.97,1373.84,228.97
8375,"2021-05-06","2025-02-05",1371,2,125.89,251.78,125.89
8376,"2020-08-06","2023-10-07",1157,3,212.14,636.43,212.14
8377,"2020-10-15","2022-08-19",673,4,141.64,566.55,141.64
8379,"2020-07-01","2025-03-09",1712,4,161.82,647.26,161.82
8380,"2022-08-06","2025-03-08",945,2,11.95,23.90,11.95
8381,"2020-06-22","2022-05-14",691,3,151.76,455.28,151.76
8382,"2022-01-18","2022-10-13",268,2,247.73,495.45,247.73
8383,"2020-09-06","2025-07-25",1783,3,56.15,168.46,56.15
8384,"2025-01-04","2025-05-19",135,2,197.82,395.64,197.82
8385,"2020-02-29","2024-05-25",1547,4,338.24,1352.97,338.24
8388,"2024-07-12","2025-05-04",296,3,29.57,88.70,29.57
8389,"2024-04-14","2024-04-14",0,1,68.09,68.09,68.09
8391,"2020-06-11","2020-06-11",0,1,143.79,143.79,143.79
8392,"2023-05-28","2025-02-09",623,2,101.87,203.74,101.87
8393,"2022-05-13","2024-02-02",630,2,47.15,94.29,47.15
8395,"2023-03-24","2025-10-26",947,2,82.72,165.44,82.72
8396,"2024-04-02","2024-04-02",0,1,6.85,6.85,6.85
8397,"2024-03-31","2024-03-31",0,1,195.53,195.53,195.53
8399,"2023-07-30","2024-12-01",490,4,212.00,848.01,212.00
8401,"2020-03-29","2020-03-29",0,1,43.01,43.01,43.01
8402,"2020-02-06","2024-06-04",1580,4,94.63,378.51,94.63
8405,"2022-12-21","2025-08-18",971,3,87.13,261.40,87.13
8406,"2022-08-14","2025-02-23",924,2,125.31,250.61,125.31
8408,"2020-10-18","2025-02-11",1577,2,59.90,119.79,59.90
8410,"2022-11-05","2022-11-05",0,1,78.40,78.40,78.40
8411,"2023-10-29","2023-10-29",0,1,31.38,31.38,31.38
8412,"2021-08-03","2021-08-03",0,1,66.34,66.34,66.34
8414,"2020-08-07","2021-05-29",295,2,56.44,112.87,56.44
8415,"2023-10-20","2024-05-08",201,2,166.86,333.72,166.86
8416,"2021-04-04","2022-11-19",594,4,195.83,783.31,195.83
8417,"2021-08-03","2021-10-09",67,2,14.89,29.77,14.89
8418,"2021-12-19","2025-03-28",1195,3,101.50,304.51,101.50
8421,"2022-01-05","2024-10-26",1025,3,113.18,339.55,113.18
8422,"2023-01-19","2023-01-19",0,1,17.46,17.46,17.46
8423,"2021-04-27","2021-04-27",0,1,207.77,207.77,207.77
8424,"2023-07-07","2023-07-07",0,1,81.85,81.85,81.85
8425,"2022-06-10","2022-06-10",0,1,805.03,805.03,805.03
8426,"2021-01-11","2021-01-11",0,1,28.92,28.92,28.92
8427,"2020-03-27","2025-10-30",2043,2,551.77,1103.53,551.77
8428,"2021-06-07","2021-06-07",0,1,93.79,93.79,93.79
8430,"2025-10-31","2025-10-31",0,1,99.02,99.02,99.02
8431,"2020-07-08","2024-12-21",1627,6,229.02,1374.14,229.02
8432,"2022-02-20","2022-02-20",0,1,113.77,113.77,113.77
8433,"2023-04-26","2023-04-26",0,1,38.33,38.33,38.33
8434,"2023-09-02","2024-10-10",404,2,155.10,310.19,155.10
8435,"2022-01-15","2024-07-09",906,2,34.52,69.03,34.52
8436,"2023-10-27","2023-10-27",0,1,130.11,130.11,130.11
8439,"2020-08-30","2020-08-30",0,1,131.10,131.10,131.10
8441,"2024-07-14","2025-02-28",229,2,107.43,214.85,107.43
8443,"2020-02-06","2024-08-21",1658,2,243.73,487.46,243.73
8444,"2022-03-13","2023-10-10",576,2,320.83,641.65,320.83
8445,"2023-06-15","2023-06-15",0,1,226.82,226.82,226.82
8447,"2023-07-20","2023-09-29",71,2,37.63,75.25,37.63
8448,"2021-03-26","2025-02-08",1415,3,139.22,417.66,139.22
8449,"2022-10-10","2022-10-10",0,1,755.70,755.70,755.70
8450,"2020-05-07","2025-08-10",1921,3,96.59,289.78,96.59
8451,"2022-12-23","2022-12-23",0,1,26.37,26.37,26.37
8452,"2022-04-10","2022-06-24",75,2,66.84,133.67,66.84
8453,"2022-02-08","2022-02-08",0,1,274.87,274.87,274.87
8455,"2025-09-27","2025-09-27",0,1,132.26,132.26,132.26
8456,"2021-12-08","2024-02-28",812,2,280.24,560.48,280.24
8457,"2020-12-11","2025-07-29",1691,2,139.81,279.61,139.81
8458,"2021-03-17","2025-10-24",1682,2,44.37,88.74,44.37
8459,"2024-08-16","2024-08-16",0,1,164.34,164.34,164.34
8460,"2020-05-20","2022-09-04",837,4,80.05,320.19,80.05
8461,"2021-11-09","2021-11-09",0,1,47.55,47.55,47.55
8462,"2020-09-10","2020-10-08",28,2,65.87,131.73,65.87
8464,"2020-12-26","2024-05-20",1241,3,35.28,105.85,35.28
8466,"2021-07-06","2024-09-24",1176,2,228.88,457.76,228.88
8467,"2025-03-25","2025-03-25",0,1,241.34,241.34,241.34
8468,"2020-01-27","2023-05-11",1200,2,104.29,208.58,104.29
8469,"2021-01-11","2023-10-06",998,5,129.61,648.07,129.61
8471,"2022-03-05","2025-02-12",1075,3,201.87,605.62,201.87
8472,"2024-02-03","2024-02-03",0,1,59.31,59.31,59.31
8473,"2022-06-06","2025-05-23",1082,3,254.59,763.76,254.59
8474,"2023-02-28","2025-02-19",722,3,75.06,225.17,75.06
8475,"2023-02-05","2024-08-11",553,2,126.47,252.93,126.47
8477,"2020-01-11","2023-11-29",1418,2,178.82,357.63,178.82
8479,"2021-10-17","2024-02-19",855,2,328.59,657.18,328.59
8480,"2021-12-15","2021-12-15",0,1,419.28,419.28,419.28
8482,"2023-12-24","2025-08-16",601,2,71.27,142.54,71.27
8483,"2022-09-23","2022-09-23",0,1,64.86,64.86,64.86
8484,"2023-08-27","2023-08-27",0,1,410.19,410.19,410.19
8485,"2022-03-09","2025-09-05",1276,7,62.12,434.81,62.12
8486,"2025-03-20","2025-03-20",0,1,20.68,20.68,20.68
8488,"2022-07-16","2025-09-17",1159,2,38.02,76.03,38.02
8489,"2022-01-18","2022-05-19",121,2,42.51,85.01,42.51
8490,"2021-07-24","2023-06-06",682,4,248.30,993.18,248.30
8491,"2021-02-27","2024-08-01",1251,3,214.80,644.40,214.80
8492,"2022-12-22","2024-09-24",642,2,182.61,365.22,182.61
8493,"2020-11-12","2024-08-04",1361,2,258.16,516.31,258.16
8494,"2020-03-17","2025-08-07",1969,4,162.78,651.13,162.78
8495,"2024-11-22","2024-11-22",0,1,99.35,99.35,99.35
8497,"2023-05-30","2024-09-14",473,2,261.75,523.50,261.75
8498,"2020-10-03","2024-09-01",1429,5,111.12,555.59,111.12
8499,"2022-02-14","2025-10-01",1325,4,129.55,518.18,129.55
8500,"2021-08-27","2024-07-19",1057,3,79.57,238.72,79.57
8501,"2025-03-07","2025-03-07",0,1,20.14,20.14,20.14
8502,"2024-11-07","2024-11-07",0,1,103.48,103.48,103.48
8503,"2020-12-04","2020-12-04",0,1,113.56,113.56,113.56
8505,"2020-11-17","2023-09-27",1044,5,108.51,542.55,108.51
8506,"2021-02-11","2025-02-22",1472,3,171.72,515.17,171.72
8508,"2023-04-02","2023-04-02",0,1,7.97,7.97,7.97
8509,"2020-07-30","2020-07-30",0,1,108.82,108.82,108.82
8510,"2020-09-12","2020-09-12",0,1,420.97,420.97,420.97
8511,"2022-08-10","2025-07-29",1084,3,173.99,521.98,173.99
8512,"2020-12-30","2024-10-31",1401,3,43.69,131.07,43.69
8513,"2021-04-18","2024-10-17",1278,3,80.51,241.52,80.51
8514,"2022-04-04","2025-07-05",1188,4,173.63,694.53,173.63
8515,"2022-10-10","2022-10-10",0,1,229.67,229.67,229.67
8518,"2020-03-21","2024-03-07",1447,2,307.40,614.79,307.40
8519,"2021-08-15","2025-02-15",1280,3,211.26,633.79,211.26
8521,"2021-01-28","2024-06-06",1225,5,325.57,1627.87,325.57
8522,"2021-06-17","2021-06-17",0,1,44.10,44.10,44.10
8524,"2022-10-19","2022-10-19",0,1,73.02,73.02,73.02
8525,"2025-08-02","2025-08-02",0,1,68.58,68.58,68.58
8526,"2020-11-12","2024-04-11",1246,2,23.84,47.67,23.84
8527,"2025-07-22","2025-07-22",0,1,22.16,22.16,22.16
8528,"2024-05-31","2024-05-31",0,1,25.49,25.49,25.49
8530,"2022-05-25","2022-05-25",0,1,4.86,4.86,4.86
8531,"2023-08-30","2023-08-30",0,1,370.14,370.14,370.14
8532,"2022-01-24","2024-11-09",1020,2,23.08,46.15,23.08
8533,"2023-06-02","2023-06-02",0,1,14.24,14.24,14.24
8534,"2020-07-02","2025-03-15",1717,3,36.35,109.05,36.35
8535,"2020-01-28","2024-02-04",1468,6,74.95,449.71,74.95
8536,"2024-03-07","2024-11-22",260,3,46.35,139.04,46.35
8537,"2021-02-07","2021-02-07",0,1,102.34,102.34,102.34
8538,"2023-12-31","2023-12-31",0,1,255.78,255.78,255.78
8539,"2021-08-26","2025-09-03",1469,2,17.33,34.65,17.33
8540,"2021-11-06","2021-11-06",0,1,129.03,129.03,129.03
8541,"2020-07-03","2020-07-03",0,1,123.05,123.05,123.05
8542,"2023-12-30","2023-12-30",0,1,65.50,65.50,65.50
8543,"2022-03-24","2022-03-24",0,1,97.90,97.90,97.90
8544,"2023-01-20","2023-01-20",0,1,35.74,35.74,35.74
8545,"2020-10-21","2025-06-03",1686,4,255.24,1020.94,255.24
8546,"2022-12-01","2022-12-01",0,1,251.34,251.34,251.34
8547,"2024-07-05","2024-07-05",0,1,77.72,77.72,77.72
8548,"2023-02-20","2024-05-26",461,3,104.09,312.26,104.09
8549,"2020-02-03","2025-08-10",2015,4,96.35,385.38,96.35
8552,"2022-08-03","2024-04-15",621,3,157.40,472.20,157.40
8554,"2022-02-09","2025-09-19",1318,2,372.62,745.24,372.62
8555,"2021-12-10","2021-12-10",0,1,370.71,370.71,370.71
8556,"2020-08-24","2020-08-24",0,1,126.11,126.11,126.11
8560,"2021-12-09","2024-06-04",908,2,420.62,841.23,420.62
8562,"2020-10-10","2025-10-31",1847,2,32.94,65.88,32.94
8564,"2024-10-31","2024-10-31",0,1,18.10,18.10,18.10
8565,"2021-07-03","2021-07-03",0,1,212.93,212.93,212.93
8566,"2024-11-08","2024-11-08",0,1,104.07,104.07,104.07
8567,"2020-11-16","2021-02-19",95,2,161.95,323.89,161.95
8568,"2022-06-23","2023-01-22",213,3,289.32,867.96,289.32
8570,"2025-01-21","2025-01-21",0,1,216.13,216.13,216.13
8571,"2020-02-26","2020-02-26",0,1,25.08,25.08,25.08
8572,"2021-09-23","2023-06-08",623,2,55.37,110.73,55.37
8573,"2022-07-13","2022-07-13",0,1,11.13,11.13,11.13
8574,"2021-08-10","2021-08-10",0,1,713.04,713.04,713.04
8575,"2024-08-04","2024-08-04",0,1,50.29,50.29,50.29
8576,"2020-05-14","2025-10-07",1972,3,94.51,283.52,94.51
8578,"2024-06-25","2024-06-25",0,1,151.70,151.70,151.70
8580,"2022-12-12","2025-02-10",791,2,206.34,412.68,206.34
8581,"2025-01-12","2025-01-12",0,1,28.12,28.12,28.12
8583,"2020-11-11","2023-04-18",888,3,104.91,314.72,104.91
8585,"2022-11-05","2024-11-12",738,2,69.10,138.20,69.10
8586,"2024-04-11","2024-04-11",0,1,75.61,75.61,75.61
8587,"2020-05-06","2020-05-06",0,1,234.90,234.90,234.90
8588,"2022-10-01","2022-12-22",82,2,56.65,113.29,56.65
8589,"2023-02-12","2023-02-12",0,1,102.89,102.89,102.89
8591,"2020-02-06","2023-02-21",1111,3,132.47,397.42,132.47
8593,"2022-01-10","2022-09-06",239,3,155.78,467.33,155.78
8595,"2022-06-02","2023-08-03",427,2,61.85,123.69,61.85
8596,"2020-07-17","2021-09-21",431,2,187.31,374.61,187.31
8597,"2025-05-15","2025-05-15",0,1,140.77,140.77,140.77
8598,"2020-07-05","2025-08-05",1857,5,171.04,855.20,171.04
8599,"2023-02-28","2023-02-28",0,1,44.06,44.06,44.06
8600,"2021-05-27","2023-05-07",710,4,48.21,192.82,48.21
8601,"2020-01-06","2022-12-22",1081,3,67.82,203.45,67.82
8602,"2020-01-01","2020-01-01",0,1,58.99,58.99,58.99
8603,"2021-03-02","2023-03-01",729,4,98.36,393.43,98.36
8604,"2020-12-31","2025-07-20",1662,4,63.19,252.75,63.19
8605,"2021-08-08","2021-08-08",0,1,51.85,51.85,51.85
8607,"2020-08-15","2020-10-26",72,3,145.06,435.18,145.06
8608,"2021-04-27","2025-08-19",1575,3,72.80,218.41,72.80
8613,"2021-07-14","2021-07-14",0,1,61.38,61.38,61.38
8614,"2020-03-29","2020-03-29",0,1,36.98,36.98,36.98
8615,"2021-11-17","2024-09-20",1038,4,83.14,332.54,83.14
8616,"2020-01-28","2024-10-08",1715,5,117.47,587.37,117.47
8617,"2023-08-26","2023-08-26",0,1,273.32,273.32,273.32
8618,"2021-07-01","2021-07-01",0,1,126.16,126.16,126.16
8619,"2020-01-23","2022-10-10",991,3,104.28,312.85,104.28
8620,"2023-11-27","2023-11-27",0,1,87.58,87.58,87.58
8622,"2020-07-09","2021-07-09",365,2,65.08,130.15,65.08
8624,"2020-04-08","2023-04-08",1095,3,33.27,99.82,33.27
8625,"2022-09-26","2022-09-26",0,1,8.28,8.28,8.28
8626,"2023-11-02","2024-09-19",322,2,377.53,755.06,377.53
8627,"2020-01-06","2020-01-06",0,1,186.85,186.85,186.85
8628,"2023-05-01","2025-09-04",857,2,213.09,426.17,213.09
8629,"2021-02-10","2024-12-01",1390,3,230.13,690.40,230.13
8630,"2021-10-23","2022-01-19",88,2,151.83,303.65,151.83
8633,"2021-09-26","2021-09-26",0,1,10.99,10.99,10.99
8634,"2024-01-31","2024-01-31",0,1,116.77,116.77,116.77
8635,"2025-01-28","2025-01-28",0,1,82.03,82.03,82.03
8636,"2020-02-25","2025-09-09",2023,3,125.84,377.51,125.84
8637,"2021-12-29","2024-10-08",1014,3,211.11,633.34,211.11
8638,"2020-10-08","2024-01-24",1203,3,55.17,165.50,55.17
8639,"2022-11-12","2022-11-12",0,1,129.60,129.60,129.60
8641,"2021-04-08","2024-08-16",1226,2,32.01,64.01,32.01
8642,"2021-06-29","2025-09-02",1526,3,68.03,204.09,68.03
8643,"2024-07-09","2024-07-09",0,1,15.72,15.72,15.72
8645,"2024-01-05","2025-10-01",635,2,323.42,646.83,323.42
8646,"2021-04-08","2024-05-07",1125,2,43.38,86.75,43.38
8647,"2022-01-23","2023-09-24",609,4,229.83,919.30,229.83
8648,"2020-02-27","2021-12-06",648,2,46.02,92.03,46.02
8649,"2021-05-06","2021-05-23",17,2,192.53,385.05,192.53
8650,"2020-08-28","2024-08-27",1460,3,60.73,182.18,60.73
8652,"2021-08-02","2024-07-25",1088,3,171.19,513.56,171.19
8653,"2021-04-05","2021-04-24",19,2,25.81,51.62,25.81
8654,"2021-12-24","2023-03-11",442,2,63.74,127.47,63.74
8655,"2021-12-25","2023-02-05",407,2,147.85,295.70,147.85
8656,"2024-05-19","2024-05-19",0,1,131.16,131.16,131.16
8658,"2023-02-07","2023-02-07",0,1,104.96,104.96,104.96
8659,"2024-01-11","2024-11-07",301,2,131.58,263.16,131.58
8660,"2023-07-06","2023-07-06",0,1,17.56,17.56,17.56
8661,"2021-09-13","2021-09-13",0,1,11.67,11.67,11.67
8662,"2020-12-28","2025-10-27",1764,4,130.78,523.12,130.78
8663,"2021-02-19","2024-11-06",1356,3,125.28,375.85,125.28
8664,"2024-04-06","2024-04-06",0,1,82.00,82.00,82.00
8665,"2022-03-09","2024-01-24",686,2,103.58,207.16,103.58
8666,"2023-12-30","2023-12-30",0,1,21.57,21.57,21.57
8668,"2020-03-14","2025-07-10",1944,2,106.10,212.19,106.10
8669,"2020-03-26","2024-07-03",1560,6,104.96,629.75,104.96
8670,"2021-06-20","2025-03-10",1359,2,236.79,473.58,236.79
8671,"2022-09-24","2025-10-30",1132,4,95.28,381.10,95.28
8673,"2023-06-08","2024-01-31",237,2,508.86,1017.72,508.86
8674,"2020-02-13","2022-12-10",1031,4,94.16,376.63,94.16
8675,"2022-10-18","2025-10-19",1097,2,148.06,296.12,148.06
8676,"2023-11-25","2023-11-25",0,1,312.39,312.39,312.39
8677,"2020-04-01","2025-09-20",1998,3,193.42,580.25,193.42
8678,"2021-11-09","2021-11-09",0,1,60.37,60.37,60.37
8679,"2020-06-22","2022-11-11",872,5,145.25,726.26,145.25
8680,"2020-02-20","2023-02-01",1077,3,110.66,331.99,110.66
8681,"2020-11-10","2025-03-05",1576,4,52.65,210.59,52.65
8682,"2021-03-20","2021-03-20",0,1,36.06,36.06,36.06
8683,"2020-10-10","2025-04-17",1650,3,154.18,462.53,154.18
8684,"2021-04-18","2025-07-23",1557,5,181.87,909.34,181.87
8686,"2025-02-24","2025-02-24",0,1,85.16,85.16,85.16
8687,"2020-01-10","2025-07-29",2027,6,240.57,1443.43,240.57
8688,"2022-02-23","2024-10-29",979,4,86.99,347.96,86.99
8689,"2020-05-10","2025-06-18",1865,8,145.15,1161.21,145.15
8691,"2022-11-20","2024-01-24",430,3,246.76,740.29,246.76
8692,"2021-08-16","2021-08-16",0,1,49.76,49.76,49.76
8693,"2025-07-13","2025-09-13",62,2,247.20,494.39,247.20
8694,"2020-07-12","2023-04-29",1021,4,118.49,473.95,118.49
8695,"2024-11-25","2024-11-25",0,1,140.10,140.10,140.10
8696,"2020-02-21","2020-02-21",0,1,109.57,109.57,109.57
8697,"2020-10-27","2020-10-27",0,1,543.89,543.89,543.89
8698,"2024-09-13","2024-09-13",0,1,140.34,140.34,140.34
8700,"2025-06-29","2025-06-29",0,1,8.55,8.55,8.55
8701,"2022-12-02","2022-12-02",0,1,104.42,104.42,104.42
8704,"2021-05-27","2023-11-28",915,3,133.72,401.16,133.72
8705,"2023-05-25","2024-07-24",426,2,138.02,276.03,138.02
8706,"2023-07-28","2025-06-21",694,2,200.75,401.50,200.75
8707,"2023-02-17","2023-02-17",0,1,60.86,60.86,60.86
8708,"2020-08-05","2020-08-05",0,1,33.72,33.72,33.72
8709,"2023-09-20","2023-11-13",54,2,111.04,222.07,111.04
8710,"2023-10-29","2025-08-10",651,2,73.80,147.59,73.80
8711,"2023-05-11","2023-05-11",0,1,91.50,91.50,91.50
8713,"2020-01-20","2023-03-09",1144,2,136.69,273.37,136.69
8714,"2020-01-03","2022-03-18",805,4,276.99,1107.97,276.99
8715,"2023-03-19","2023-03-19",0,1,11.57,11.57,11.57
8716,"2024-03-21","2024-03-21",0,1,149.26,149.26,149.26
8718,"2022-08-02","2022-08-02",0,1,212.49,212.49,212.49
8719,"2020-10-21","2021-03-18",148,2,21.53,43.05,21.53
8721,"2024-08-11","2024-08-11",0,1,29.83,29.83,29.83
8722,"2025-02-12","2025-02-12",0,1,294.31,294.31,294.31
8724,"2020-08-18","2020-08-18",0,1,165.06,165.06,165.06
8726,"2021-05-08","2021-05-08",0,1,125.60,125.60,125.60
8727,"2021-03-12","2021-05-18",67,2,224.75,449.50,224.75
8728,"2021-08-04","2021-08-04",0,1,89.80,89.80,89.80
8729,"2022-04-19","2022-04-19",0,1,141.07,141.07,141.07
8730,"2020-09-15","2022-11-16",792,2,64.91,129.81,64.91
8731,"2021-09-17","2021-09-17",0,1,188.18,188.18,188.18
8732,"2021-10-06","2022-12-28",448,2,138.08,276.15,138.08
8733,"2020-02-20","2024-05-21",1552,2,205.90,411.80,205.90
8734,"2023-01-06","2023-01-06",0,1,104.89,104.89,104.89
8735,"2024-05-05","2024-05-05",0,1,98.54,98.54,98.54
8736,"2020-05-03","2021-11-28",574,2,100.17,200.34,100.17
8737,"2021-07-11","2021-07-11",0,1,7.81,7.81,7.81
8739,"2020-10-08","2023-07-16",1011,2,180.38,360.75,180.38
8740,"2020-04-03","2023-03-09",1070,2,98.59,197.18,98.59
8741,"2020-01-04","2020-01-04",0,1,68.42,68.42,68.42
8742,"2021-04-15","2021-06-04",50,2,71.79,143.57,71.79
8743,"2021-01-31","2021-01-31",0,1,46.66,46.66,46.66
8744,"2022-04-23","2024-05-29",767,2,231.92,463.84,231.92
8745,"2020-01-28","2025-10-08",2080,2,108.62,217.24,108.62
8746,"2020-09-02","2024-09-12",1471,4,123.52,494.09,123.52
8747,"2021-04-19","2023-12-02",957,2,213.85,427.70,213.85
8748,"2022-04-02","2022-04-02",0,1,9.39,9.39,9.39
8749,"2020-11-23","2024-12-09",1477,2,30.50,60.99,30.50
8750,"2021-10-26","2025-07-09",1352,4,92.10,368.40,92.10
8751,"2024-01-23","2025-03-02",404,3,210.89,632.66,210.89
8752,"2020-04-05","2020-04-05",0,1,78.80,78.80,78.80
8753,"2021-11-05","2021-12-25",50,2,130.34,260.68,130.34
8754,"2021-03-31","2021-03-31",0,1,7.97,7.97,7.97
8755,"2020-06-27","2021-06-13",351,2,80.52,161.03,80.52
8756,"2020-12-25","2020-12-25",0,1,46.61,46.61,46.61
8757,"2021-11-05","2023-12-30",785,3,136.11,408.33,136.11
8758,"2021-05-22","2024-12-22",1310,2,23.38,46.75,23.38
8759,"2022-10-13","2025-10-19",1102,2,135.14,270.28,135.14
8762,"2022-08-06","2022-11-07",93,2,46.94,93.88,46.94
8763,"2024-10-02","2024-10-02",0,1,549.23,549.23,549.23
8764,"2020-04-25","2024-05-10",1476,2,162.73,325.45,162.73
8765,"2020-02-23","2020-02-23",0,1,135.31,135.31,135.31
8766,"2025-01-03","2025-06-28",176,3,60.71,182.12,60.71
8767,"2020-01-21","2022-11-02",1016,2,45.08,90.16,45.08
8769,"2022-07-28","2024-03-10",591,3,57.74,173.23,57.74
8771,"2021-01-02","2025-09-10",1712,4,121.81,487.25,121.81
8772,"2021-01-12","2025-09-11",1703,5,90.04,450.20,90.04
8773,"2022-06-26","2024-10-03",830,2,87.14,174.27,87.14
8774,"2020-04-06","2020-11-03",211,2,50.81,101.61,50.81
8775,"2020-06-26","2020-06-26",0,1,19.59,19.59,19.59
8776,"2021-06-01","2025-04-08",1407,2,195.86,391.71,195.86
8777,"2024-04-04","2024-05-23",49,2,223.53,447.05,223.53
8778,"2021-07-12","2021-07-12",0,1,25.49,25.49,25.49
8779,"2024-04-22","2024-04-22",0,1,58.02,58.02,58.02
8780,"2023-03-04","2023-09-05",185,2,158.58,317.16,158.58
8782,"2020-01-03","2020-01-03",0,1,202.20,202.20,202.20
8783,"2020-01-10","2022-07-30",932,2,84.51,169.01,84.51
8784,"2020-12-15","2025-02-17",1525,2,148.27,296.54,148.27
8785,"2020-09-17","2020-09-17",0,1,337.94,337.94,337.94
8786,"2022-04-12","2022-04-12",0,1,50.63,50.63,50.63
8789,"2021-07-17","2025-06-25",1439,4,71.46,285.82,71.46
8790,"2020-05-09","2022-02-14",646,3,107.14,321.42,107.14
8791,"2021-04-18","2025-01-20",1373,3,299.53,898.58,299.53
8793,"2022-05-10","2025-06-10",1127,2,60.63,121.25,60.63
8794,"2020-08-20","2021-10-22",428,3,126.74,380.22,126.74
8795,"2021-02-04","2024-12-29",1424,3,51.82,155.45,51.82
8797,"2021-11-03","2021-11-03",0,1,104.22,104.22,104.22
8798,"2020-02-04","2020-02-18",14,2,110.56,221.12,110.56
8800,"2022-07-14","2025-10-23",1197,2,114.77,229.53,114.77
8801,"2023-02-10","2024-11-01",630,3,103.31,309.94,103.31
8802,"2022-09-03","2024-08-08",705,2,105.36,210.72,105.36
8803,"2020-11-24","2025-05-06",1624,3,133.84,401.53,133.84
8804,"2020-06-02","2020-06-02",0,1,119.20,119.20,119.20
8805,"2025-03-01","2025-03-01",0,1,212.90,212.90,212.90
8806,"2023-10-25","2024-10-08",349,2,28.12,56.24,28.12
8807,"2021-03-18","2022-08-19",519,3,214.80,644.41,214.80
8808,"2020-04-08","2024-11-18",1685,2,90.29,180.57,90.29
8809,"2021-10-12","2021-10-12",0,1,311.38,311.38,311.38
8811,"2022-08-08","2022-08-08",0,1,7.86,7.86,7.86
8812,"2023-07-17","2024-05-06",294,2,78.24,156.47,78.24
8814,"2021-12-20","2021-12-20",0,1,162.79,162.79,162.79
8815,"2022-07-07","2023-08-04",393,2,39.00,77.99,39.00
8816,"2023-02-01","2023-02-01",0,1,184.99,184.99,184.99
8818,"2021-10-22","2022-07-26",277,2,150.10,300.20,150.10
8819,"2021-11-06","2025-02-28",1210,4,72.98,291.92,72.98
8820,"2020-09-07","2021-11-06",425,2,53.04,106.07,53.04
8822,"2022-11-08","2023-11-06",363,3,199.37,598.11,199.37
8823,"2023-11-23","2024-09-30",312,2,36.08,72.16,36.08
8824,"2023-04-05","2023-04-05",0,1,130.24,130.24,130.24
8825,"2022-08-22","2025-07-27",1070,2,108.56,217.11,108.56
8827,"2020-02-03","2020-02-03",0,1,86.56,86.56,86.56
8828,"2022-04-22","2022-04-22",0,1,44.27,44.27,44.27
8829,"2022-07-04","2022-07-04",0,1,197.26,197.26,197.26
8830,"2023-07-29","2023-07-29",0,1,65.15,65.15,65.15
8831,"2021-11-08","2024-06-24",959,2,189.77,379.54,189.77
8832,"2020-04-03","2022-11-11",952,3,105.44,316.31,105.44
8833,"2020-07-08","2022-06-18",710,2,229.46,458.92,229.46
8835,"2025-04-19","2025-04-19",0,1,317.46,317.46,317.46
8836,"2020-04-26","2022-06-11",776,2,140.95,281.90,140.95
8837,"2024-12-01","2024-12-01",0,1,24.63,24.63,24.63
8838,"2024-09-05","2024-09-05",0,1,58.25,58.25,58.25
8839,"2022-05-26","2023-07-13",413,3,95.46,286.37,95.46
8841,"2020-06-17","2025-10-03",1934,3,133.50,400.51,133.50
8843,"2021-09-01","2024-12-19",1205,5,103.94,519.70,103.94
8844,"2022-06-21","2024-02-01",590,4,40.98,163.93,40.98
8845,"2021-04-12","2024-06-02",1147,3,525.07,1575.21,525.07
8846,"2022-07-31","2024-07-21",721,4,48.68,194.73,48.68
8847,"2020-07-28","2022-01-09",530,2,149.92,299.83,149.92
8848,"2021-12-05","2021-12-30",25,2,83.97,167.93,83.97
8849,"2025-07-11","2025-07-11",0,1,203.78,203.78,203.78
8850,"2024-04-01","2025-06-19",444,2,174.06,348.11,174.06
8851,"2025-06-08","2025-06-08",0,1,41.99,41.99,41.99
8852,"2022-03-26","2024-10-03",922,3,57.12,171.37,57.12
8853,"2023-09-18","2023-09-18",0,1,274.46,274.46,274.46
8855,"2022-10-05","2024-07-15",649,2,59.62,119.23,59.62
8857,"2021-08-06","2024-09-07",1128,3,616.53,1849.59,616.53
8858,"2024-08-31","2024-10-11",41,2,100.72,201.44,100.72
8859,"2024-05-02","2025-06-04",398,2,50.63,101.26,50.63
8860,"2021-03-25","2024-09-02",1257,4,107.45,429.80,107.45
8861,"2020-11-21","2025-08-16",1729,5,208.94,1044.71,208.94
8862,"2022-12-23","2022-12-23",0,1,18.25,18.25,18.25
8863,"2022-02-22","2025-03-03",1105,3,111.50,334.49,111.50
8864,"2022-09-27","2022-09-27",0,1,79.70,79.70,79.70
8865,"2022-02-02","2025-09-18",1324,2,193.88,387.76,193.88
8867,"2024-12-26","2024-12-26",0,1,77.72,77.72,77.72
8868,"2022-05-27","2022-05-27",0,1,47.21,47.21,47.21
8872,"2024-01-11","2024-07-02",173,2,25.43,50.85,25.43
8873,"2020-12-04","2025-02-28",1547,2,108.23,216.45,108.23
8874,"2020-08-19","2020-08-19",0,1,420.87,420.87,420.87
8875,"2020-08-09","2023-09-26",1143,4,188.35,753.38,188.35
8876,"2021-10-25","2021-10-25",0,1,61.74,61.74,61.74
8877,"2020-07-09","2024-04-30",1391,6,116.81,700.88,116.81
8878,"2022-07-11","2024-05-24",683,3,10.08,30.25,10.08
8879,"2020-01-02","2024-07-20",1661,3,146.81,440.43,146.81
8881,"2021-12-31","2024-05-10",861,3,168.06,504.19,168.06
8882,"2023-11-12","2023-11-12",0,1,329.86,329.86,329.86
8885,"2024-03-04","2024-03-04",0,1,113.14,113.14,113.14
8886,"2021-10-03","2024-12-26",1180,3,88.66,265.97,88.66
8887,"2022-11-07","2022-11-07",0,1,83.07,83.07,83.07
8888,"2023-01-23","2023-01-23",0,1,42.22,42.22,42.22
8889,"2022-10-20","2022-10-20",0,1,32.22,32.22,32.22
8891,"2022-08-19","2022-08-19",0,1,183.12,183.12,183.12
8892,"2024-02-01","2024-02-01",0,1,74.21,74.21,74.21
8893,"2025-02-02","2025-02-17",15,2,75.74,151.47,75.74
8894,"2023-03-02","2024-04-12",407,3,240.25,720.74,240.25
8895,"2021-08-08","2024-09-27",1146,2,84.78,169.55,84.78
8899,"2025-06-27","2025-07-17",20,2,64.10,128.19,64.10
8900,"2020-10-04","2020-10-04",0,1,307.49,307.49,307.49
8901,"2021-07-11","2024-02-22",956,3,164.37,493.12,164.37
8904,"2021-05-22","2024-02-29",1013,2,190.80,381.60,190.80
8905,"2021-10-16","2024-09-14",1064,2,78.79,157.58,78.79
8906,"2021-03-09","2024-01-30",1057,3,156.88,470.64,156.88
8907,"2021-02-27","2023-04-01",763,2,47.34,94.67,47.34
8911,"2021-03-01","2025-09-27",1671,3,26.76,80.29,26.76
8913,"2021-12-14","2022-07-27",225,2,96.08,192.15,96.08
8914,"2022-06-08","2022-09-07",91,2,118.30,236.60,118.30
8917,"2024-08-18","2025-03-10",204,2,15.32,30.63,15.32
8918,"2021-11-07","2023-11-02",725,5,210.92,1054.61,210.92
8919,"2020-05-07","2024-05-24",1478,4,145.94,583.77,145.94
8921,"2020-09-06","2022-10-06",760,2,96.14,192.27,96.14
8922,"2020-02-03","2023-01-10",1072,3,116.90,350.69,116.90
8923,"2021-03-19","2025-01-06",1389,4,63.35,253.41,63.35
8926,"2024-02-04","2024-02-04",0,1,246.19,246.19,246.19
8927,"2020-02-22","2023-01-02",1045,3,80.98,242.93,80.98
8928,"2021-06-22","2021-06-22",0,1,107.54,107.54,107.54
8929,"2020-12-13","2025-03-09",1547,2,21.87,43.73,21.87
8930,"2021-12-05","2025-10-06",1401,2,117.34,234.68,117.34
8931,"2025-02-23","2025-02-23",0,1,87.84,87.84,87.84
8933,"2024-12-16","2024-12-16",0,1,31.59,31.59,31.59
8934,"2022-02-14","2023-03-12",391,2,188.59,377.17,188.59
8935,"2021-03-11","2023-12-07",1001,3,120.24,360.71,120.24
8936,"2021-07-26","2023-10-02",798,4,245.02,980.09,245.02
8937,"2022-05-27","2023-10-11",502,2,70.70,141.39,70.70
8939,"2020-01-18","2020-01-18",0,1,4.67,4.67,4.67
8940,"2020-08-05","2024-08-31",1487,3,197.40,592.21,197.40
8942,"2020-05-09","2020-05-09",0,1,7.39,7.39,7.39
8943,"2021-07-20","2025-09-12",1515,3,14.64,43.93,14.64
8944,"2023-09-20","2023-09-20",0,1,192.71,192.71,192.71
8946,"2021-07-04","2025-06-04",1431,3,102.73,308.20,102.73
8947,"2021-04-18","2021-04-18",0,1,20.42,20.42,20.42
8949,"2023-07-24","2023-07-24",0,1,291.93,291.93,291.93
8951,"2020-06-23","2021-06-16",358,2,149.46,298.92,149.46
8952,"2022-07-18","2023-08-31",409,3,267.37,802.12,267.37
8953,"2022-03-02","2025-01-11",1046,3,273.26,819.77,273.26
8954,"2022-03-19","2022-03-19",0,1,48.51,48.51,48.51
8955,"2023-06-25","2023-06-25",0,1,631.80,631.80,631.80
8956,"2024-04-18","2024-04-18",0,1,99.87,99.87,99.87
8959,"2020-10-07","2020-10-07",0,1,250.37,250.37,250.37
8960,"2021-06-14","2025-07-14",1491,5,180.54,902.71,180.54
8961,"2025-09-19","2025-09-19",0,1,34.18,34.18,34.18
8962,"2021-01-26","2024-05-28",1218,2,181.67,363.33,181.67
8963,"2020-04-14","2020-04-14",0,1,154.99,154.99,154.99
8964,"2021-09-13","2021-09-13",0,1,22.02,22.02,22.02
8965,"2020-05-24","2020-05-24",0,1,51.86,51.86,51.86
8968,"2024-08-20","2024-08-20",0,1,37.22,37.22,37.22
8969,"2025-04-08","2025-04-08",0,1,16.58,16.58,16.58
8970,"2020-09-03","2022-10-03",760,4,161.54,646.15,161.54
8971,"2020-10-20","2024-08-17",1397,2,96.66,193.32,96.66
8972,"2024-02-20","2024-08-30",192,2,383.77,767.53,383.77
8973,"2022-04-05","2023-08-11",493,2,102.42,204.84,102.42
8974,"2021-03-12","2024-04-04",1119,3,174.72,524.15,174.72
8975,"2023-03-07","2023-08-12",158,2,126.73,253.46,126.73
8976,"2022-10-20","2022-10-20",0,1,288.64,288.64,288.64
8977,"2020-02-12","2025-05-14",1918,5,108.67,543.37,108.67
8979,"2024-03-25","2025-05-31",432,3,319.54,958.63,319.54
8980,"2021-12-27","2022-12-08",346,3,19.35,58.05,19.35
8981,"2021-01-17","2023-06-01",865,3,47.02,141.07,47.02
8982,"2020-10-27","2025-05-24",1670,3,60.04,180.13,60.04
8983,"2021-05-28","2024-08-26",1186,3,58.93,176.78,58.93
8985,"2020-08-31","2022-02-19",537,2,174.64,349.27,174.64
8986,"2022-02-10","2023-12-23",681,2,116.73,233.46,116.73
8987,"2021-08-13","2022-12-19",493,3,163.99,491.98,163.99
8988,"2023-01-21","2023-01-21",0,1,364.48,364.48,364.48
8989,"2021-10-24","2021-10-24",0,1,39.61,39.61,39.61
8992,"2021-09-26","2021-12-30",95,2,336.09,672.18,336.09
8993,"2025-04-04","2025-04-04",0,1,128.62,128.62,128.62
8994,"2021-10-22","2023-12-13",782,2,177.40,354.79,177.40
8995,"2022-01-02","2023-10-16",652,2,180.90,361.80,180.90
8996,"2021-08-29","2022-05-11",255,2,58.23,116.45,58.23
8999,"2024-09-08","2024-09-08",0,1,159.02,159.02,159.02
9000,"2020-05-30","2022-07-27",788,3,241.99,725.98,241.99
9001,"2022-03-14","2022-03-14",0,1,78.14,78.14,78.14
9002,"2021-11-21","2025-03-20",1215,4,214.47,857.86,214.47
9003,"2022-02-07","2024-06-29",873,2,28.78,57.56,28.78
9004,"2022-08-16","2024-11-13",820,3,25.09,75.28,25.09
9005,"2022-07-06","2022-07-06",0,1,27.45,27.45,27.45
9006,"2021-01-30","2025-06-26",1608,5,255.37,1276.83,255.37
9007,"2024-01-18","2025-09-16",607,2,115.87,231.74,115.87
9008,"2021-09-03","2023-05-11",615,2,66.61,133.22,66.61
9009,"2023-10-02","2024-12-09",434,3,125.45,376.36,125.45
9011,"2021-05-12","2021-05-12",0,1,13.86,13.86,13.86
9012,"2022-03-11","2022-03-11",0,1,170.63,170.63,170.63
9014,"2021-12-09","2021-12-09",0,1,66.32,66.32,66.32
9015,"2021-07-19","2025-08-22",1495,2,350.20,700.39,350.20
9016,"2020-06-13","2025-10-30",1965,4,145.42,581.69,145.42
9017,"2021-10-21","2025-02-28",1226,3,39.19,117.58,39.19
9018,"2020-08-20","2024-07-11",1421,2,630.82,1261.63,630.82
9019,"2023-05-21","2025-09-23",856,2,51.67,103.33,51.67
9021,"2020-01-03","2020-08-26",236,2,108.07,216.14,108.07
9022,"2020-08-14","2024-12-21",1590,2,29.68,59.36,29.68
9023,"2022-04-12","2022-04-12",0,1,333.33,333.33,333.33
9024,"2021-03-17","2025-09-15",1643,4,145.12,580.47,145.12
9025,"2023-01-01","2025-04-30",850,4,64.88,259.50,64.88
9026,"2022-06-06","2022-06-06",0,1,92.51,92.51,92.51
9027,"2021-12-28","2021-12-28",0,1,41.84,41.84,41.84
9028,"2020-10-12","2020-10-12",0,1,15.54,15.54,15.54
9029,"2024-09-21","2024-12-02",72,2,126.06,252.11,126.06
9030,"2020-12-20","2023-03-08",808,2,183.43,366.86,183.43
9031,"2022-12-28","2024-10-19",661,4,52.11,208.44,52.11
9032,"2020-07-04","2020-07-04",0,1,209.03,209.03,209.03
9033,"2025-06-11","2025-06-11",0,1,215.31,215.31,215.31
9034,"2021-03-16","2021-03-16",0,1,84.06,84.06,84.06
9035,"2025-08-10","2025-08-28",18,2,184.16,368.31,184.16
9038,"2021-03-23","2021-07-07",106,2,258.49,516.98,258.49
9039,"2024-05-28","2024-05-28",0,1,37.79,37.79,37.79
9040,"2023-11-25","2023-11-25",0,1,43.89,43.89,43.89
9042,"2022-01-01","2022-04-06",95,2,23.20,46.39,23.20
9043,"2021-09-28","2021-09-28",0,1,170.32,170.32,170.32
9044,"2021-03-11","2023-05-04",784,2,53.73,107.46,53.73
9045,"2020-06-08","2025-09-05",1915,3,82.54,247.63,82.54
9046,"2022-03-24","2022-05-27",64,2,47.13,94.25,47.13
9047,"2024-09-21","2024-09-21",0,1,283.54,283.54,283.54
9048,"2025-04-06","2025-04-06",0,1,11.62,11.62,11.62
9049,"2025-04-10","2025-04-10",0,1,195.18,195.18,195.18
9050,"2022-08-22","2022-08-22",0,1,193.91,193.91,193.91
9052,"2022-06-28","2024-07-24",757,3,153.50,460.50,153.50
9053,"2020-03-02","2023-10-15",1322,5,137.52,687.59,137.52
9054,"2024-08-21","2024-08-21",0,1,81.35,81.35,81.35
9056,"2023-03-31","2025-09-19",903,3,118.49,355.48,118.49
9057,"2022-04-21","2022-09-27",159,2,21.24,42.47,21.24
9058,"2024-06-29","2024-06-29",0,1,34.44,34.44,34.44
9060,"2025-06-12","2025-06-12",0,1,394.97,394.97,394.97
9061,"2021-09-20","2025-08-29",1439,2,108.76,217.51,108.76
9062,"2022-01-07","2023-07-25",564,2,167.79,335.58,167.79
9063,"2021-11-02","2024-12-18",1142,2,109.79,219.58,109.79
9064,"2020-01-25","2024-08-23",1672,2,281.51,563.02,281.51
9067,"2023-03-13","2023-03-13",0,1,146.61,146.61,146.61
9068,"2022-10-16","2022-10-16",0,1,16.73,16.73,16.73
9069,"2022-06-19","2025-06-17",1094,2,33.55,67.10,33.55
9070,"2021-06-14","2021-06-14",0,1,55.66,55.66,55.66
9071,"2024-10-16","2024-10-16",0,1,72.37,72.37,72.37
9073,"2023-06-03","2024-02-24",266,2,30.20,60.40,30.20
9074,"2025-07-21","2025-07-21",0,1,537.15,537.15,537.15
9075,"2024-06-13","2024-06-13",0,1,169.18,169.18,169.18
9076,"2020-01-18","2023-08-31",1321,4,91.00,363.98,91.00
9077,"2021-09-26","2025-06-08",1351,5,108.60,542.99,108.60
9078,"2022-12-17","2023-07-23",218,2,80.26,160.51,80.26
9079,"2020-05-21","2020-10-20",152,2,169.61,339.21,169.61
9080,"2023-04-08","2025-09-14",890,3,51.57,154.72,51.57
9081,"2020-04-03","2020-04-03",0,1,120.83,120.83,120.83
9082,"2020-09-09","2020-09-09",0,1,51.54,51.54,51.54
9083,"2020-09-12","2025-01-25",1596,2,73.01,146.01,73.01
9085,"2024-11-28","2024-11-28",0,1,113.82,113.82,113.82
9086,"2020-05-28","2023-08-12",1171,5,197.63,988.14,197.63
9087,"2020-01-01","2023-09-26",1364,2,182.77,365.53,182.77
9088,"2023-03-24","2023-11-25",246,2,75.89,151.78,75.89
9089,"2020-11-10","2020-11-10",0,1,58.95,58.95,58.95
9090,"2024-11-01","2024-11-01",0,1,112.97,112.97,112.97
9092,"2022-04-08","2022-04-08",0,1,23.35,23.35,23.35
9093,"2022-05-28","2022-09-12",107,2,192.98,385.96,192.98
9094,"2021-11-16","2022-05-27",192,2,337.46,674.92,337.46
9095,"2020-02-27","2025-01-08",1777,2,65.46,130.92,65.46
9096,"2024-08-23","2024-08-23",0,1,128.61,128.61,128.61
9097,"2022-04-02","2022-04-02",0,1,61.67,61.67,61.67
9100,"2024-01-14","2024-01-14",0,1,40.34,40.34,40.34
9101,"2020-05-24","2025-09-10",1935,5,206.07,1030.34,206.07
9102,"2021-03-11","2021-08-13",155,2,115.75,231.49,115.75
9103,"2021-01-20","2023-03-18",787,2,207.27,414.54,207.27
9104,"2020-01-17","2025-10-10",2093,3,61.05,183.14,61.05
9105,"2021-11-06","2025-06-18",1320,2,13.40,26.79,13.40
9106,"2021-03-31","2021-03-31",0,1,467.72,467.72,467.72
9107,"2020-12-02","2023-05-04",883,2,94.14,188.27,94.14
9109,"2021-02-11","2025-10-31",1723,4,237.99,951.97,237.99
9110,"2020-01-01","2020-01-01",0,1,32.07,32.07,32.07
9111,"2020-11-24","2020-11-24",0,1,14.54,14.54,14.54
9113,"2024-05-20","2025-01-23",248,2,317.38,634.76,317.38
9114,"2023-07-06","2023-07-06",0,1,195.07,195.07,195.07
9115,"2020-11-26","2025-07-28",1705,4,106.24,424.97,106.24
9116,"2022-02-23","2025-10-16",1331,3,71.11,213.34,71.11
9117,"2023-03-15","2024-04-27",409,3,114.14,342.42,114.14
9118,"2020-06-03","2025-10-15",1960,6,121.61,729.67,121.61
9119,"2024-07-30","2024-07-30",0,1,306.65,306.65,306.65
9120,"2025-09-20","2025-09-20",0,1,38.54,38.54,38.54
9121,"2020-11-20","2022-03-31",496,2,39.51,79.02,39.51
9122,"2023-11-30","2023-11-30",0,1,28.64,28.64,28.64
9123,"2020-05-17","2025-08-07",1908,4,68.99,275.97,68.99
9124,"2021-08-05","2021-09-20",46,2,23.75,47.49,23.75
9125,"2020-06-05","2024-07-26",1512,4,32.30,129.19,32.30
9126,"2021-11-23","2023-12-12",749,3,117.25,351.75,117.25
9127,"2022-04-14","2022-04-14",0,1,158.59,158.59,158.59
9129,"2023-01-09","2023-01-09",0,1,124.56,124.56,124.56
9130,"2022-11-04","2023-05-05",182,2,113.39,226.77,113.39
9131,"2021-02-04","2021-02-04",0,1,186.94,186.94,186.94
9132,"2022-11-28","2024-07-26",606,3,202.63,607.90,202.63
9133,"2022-09-03","2024-04-07",582,2,381.30,762.59,381.30
9134,"2021-10-09","2021-10-09",0,1,113.58,113.58,113.58
9135,"2022-03-22","2022-04-26",35,2,95.11,190.22,95.11
9136,"2021-03-03","2021-03-03",0,1,301.60,301.60,301.60
9137,"2022-04-12","2025-10-04",1271,2,142.72,285.43,142.72
9138,"2020-05-07","2020-07-18",72,2,166.57,333.14,166.57
9140,"2020-03-17","2021-05-28",437,2,100.12,200.24,100.12
9141,"2021-07-28","2021-07-28",0,1,24.08,24.08,24.08
9142,"2022-06-09","2022-06-09",0,1,104.78,104.78,104.78
9143,"2021-09-28","2021-09-28",0,1,135.91,135.91,135.91
9145,"2022-07-22","2025-10-14",1180,3,135.63,406.88,135.63
9146,"2022-09-29","2024-05-21",600,2,197.39,394.78,197.39
9147,"2021-07-31","2024-05-19",1023,2,59.82,119.63,59.82
9148,"2022-09-27","2023-11-28",427,2,139.15,278.29,139.15
9150,"2024-10-06","2024-10-06",0,1,20.68,20.68,20.68
9151,"2021-05-03","2025-05-12",1470,4,75.66,302.62,75.66
9153,"2022-10-24","2024-02-22",486,2,31.85,63.70,31.85
9156,"2022-03-04","2023-10-20",595,2,50.09,100.17,50.09
9157,"2021-08-30","2023-12-14",836,4,109.80,439.20,109.80
9158,"2020-03-24","2023-04-08",1110,2,41.76,83.51,41.76
9161,"2021-07-23","2021-07-23",0,1,106.61,106.61,106.61
9162,"2021-10-18","2024-07-24",1010,3,45.92,137.75,45.92
9163,"2020-11-24","2024-01-15",1147,2,70.94,141.87,70.94
9164,"2024-04-19","2025-07-21",458,3,139.06,417.18,139.06
9166,"2022-10-04","2022-10-04",0,1,561.67,561.67,561.67
9167,"2020-05-29","2023-01-25",971,2,67.65,135.30,67.65
9168,"2024-11-21","2024-11-21",0,1,6.70,6.70,6.70
9169,"2020-08-22","2020-09-11",20,2,437.65,875.30,437.65
9170,"2021-06-23","2022-09-18",452,2,164.48,328.95,164.48
9171,"2022-07-20","2023-10-17",454,2,155.71,311.42,155.71
9172,"2023-01-29","2023-01-29",0,1,62.22,62.22,62.22
9175,"2021-02-12","2024-11-22",1379,3,96.47,289.42,96.47
9176,"2021-10-02","2023-06-04",610,4,110.80,443.19,110.80
9177,"2024-10-18","2024-10-30",12,2,171.12,342.23,171.12
9178,"2021-10-29","2023-03-03",490,2,65.68,131.35,65.68
9179,"2020-03-02","2024-06-01",1552,3,84.46,253.39,84.46
9180,"2021-03-31","2021-03-31",0,1,71.89,71.89,71.89
9181,"2020-01-25","2024-08-31",1680,3,243.06,729.17,243.06
9182,"2020-02-23","2025-08-22",2007,6,173.78,1042.65,173.78
9183,"2020-06-13","2022-07-20",767,3,144.03,432.08,144.03
9184,"2024-09-25","2024-09-25",0,1,49.37,49.37,49.37
9186,"2023-09-19","2023-09-19",0,1,53.79,53.79,53.79
9188,"2021-01-18","2021-01-18",0,1,169.74,169.74,169.74
9189,"2020-10-08","2023-04-20",924,2,71.74,143.48,71.74
9190,"2022-03-28","2025-01-28",1037,3,88.30,264.89,88.30
9191,"2021-03-26","2024-12-23",1368,3,70.11,210.33,70.11
9193,"2024-01-27","2024-01-27",0,1,240.79,240.79,240.79
9194,"2023-04-29","2023-04-29",0,1,32.05,32.05,32.05
9195,"2021-05-14","2021-05-14",0,1,453.05,453.05,453.05
9196,"2021-09-20","2025-06-14",1363,3,121.36,364.08,121.36
9197,"2020-01-17","2022-10-11",998,3,84.49,253.47,84.49
9198,"2022-03-23","2025-02-24",1069,3,65.74,197.23,65.74
9199,"2020-09-17","2023-03-09",903,4,170.26,681.05,170.26
9200,"2025-02-25","2025-02-25",0,1,83.80,83.80,83.80
9201,"2021-10-01","2024-10-16",1111,4,111.40,445.58,111.40
9203,"2023-04-20","2023-04-20",0,1,520.84,520.84,520.84
9204,"2021-11-06","2023-06-15",586,2,46.39,92.77,46.39
9205,"2021-08-06","2024-08-31",1121,4,160.89,643.57,160.89
9206,"2021-04-14","2025-01-19",1376,3,163.63,490.89,163.63
9207,"2021-03-04","2025-04-24",1512,2,88.72,177.43,88.72
9208,"2020-09-10","2023-05-07",969,3,120.96,362.88,120.96
9209,"2021-05-04","2024-04-19",1081,4,122.28,489.13,122.28
9210,"2022-10-19","2023-11-09",386,2,277.59,555.17,277.59
9211,"2021-04-27","2024-07-15",1175,3,89.96,269.88,89.96
9214,"2022-06-24","2024-08-24",792,3,256.40,769.19,256.40
9215,"2024-01-21","2024-01-21",0,1,13.53,13.53,13.53
9216,"2023-05-02","2023-05-02",0,1,36.81,36.81,36.81
9217,"2020-05-03","2024-10-14",1625,3,26.08,78.23,26.08
9219,"2020-01-31","2021-02-24",390,2,208.28,416.55,208.28
9222,"2020-03-08","2020-10-10",216,2,81.73,163.45,81.73
9223,"2025-10-18","2025-10-18",0,1,61.39,61.39,61.39
9224,"2023-04-14","2023-04-14",0,1,38.70,38.70,38.70
9225,"2021-04-13","2023-05-04",751,2,99.24,198.47,99.24
9226,"2023-05-20","2023-05-20",0,1,55.29,55.29,55.29
9227,"2020-01-19","2022-03-12",783,2,246.13,492.26,246.13
9228,"2021-02-27","2024-03-18",1115,2,212.59,425.18,212.59
9229,"2024-11-20","2024-11-20",0,1,116.31,116.31,116.31
9230,"2023-10-17","2023-10-17",0,1,74.32,74.32,74.32
9231,"2025-08-19","2025-08-19",0,1,31.50,31.50,31.50
9232,"2020-07-17","2022-02-23",586,3,119.74,359.23,119.74
9233,"2021-10-02","2021-10-02",0,1,59.88,59.88,59.88
9234,"2022-09-21","2024-03-05",531,3,91.74,275.21,91.74
9235,"2021-06-06","2021-06-06",0,1,220.35,220.35,220.35
9236,"2020-09-10","2021-02-15",158,2,114.30,228.60,114.30
9238,"2022-05-29","2022-05-29",0,1,210.64,210.64,210.64
9239,"2020-05-18","2022-09-16",851,2,40.42,80.84,40.42
9240,"2025-02-14","2025-02-14",0,1,180.32,180.32,180.32
9241,"2020-11-07","2025-09-10",1768,5,150.27,751.36,150.27
9242,"2022-04-11","2024-02-14",674,3,104.37,313.12,104.37
9243,"2020-03-01","2023-01-18",1053,3,109.84,329.53,109.84
9245,"2020-02-07","2020-02-07",0,1,158.17,158.17,158.17
9246,"2021-10-16","2021-10-16",0,1,115.39,115.39,115.39
9247,"2025-01-08","2025-01-08",0,1,275.94,275.94,275.94
9248,"2022-12-18","2022-12-18",0,1,107.54,107.54,107.54
9249,"2021-10-06","2023-11-15",770,3,91.12,273.37,91.12
9250,"2022-06-15","2022-06-15",0,1,28.89,28.89,28.89
9251,"2022-05-29","2022-12-04",189,2,155.61,311.22,155.61
9252,"2021-09-18","2025-08-06",1418,3,109.22,327.66,109.22
9253,"2020-09-27","2020-09-27",0,1,23.75,23.75,23.75
9255,"2021-06-21","2021-06-21",0,1,39.09,39.09,39.09
9257,"2023-03-20","2023-03-20",0,1,115.39,115.39,115.39
9259,"2021-05-31","2024-11-27",1276,3,76.33,228.99,76.33
9263,"2020-11-27","2022-09-25",667,2,76.88,153.76,76.88
9264,"2020-09-14","2025-06-03",1723,3,164.84,494.53,164.84
9265,"2020-11-25","2024-05-14",1266,4,64.77,259.06,64.77
9268,"2021-08-01","2025-05-06",1374,5,88.84,444.21,88.84
9269,"2021-05-20","2024-01-06",961,2,54.17,108.34,54.17
9270,"2022-01-26","2024-08-31",948,3,166.24,498.71,166.24
9271,"2021-06-14","2024-04-28",1049,3,47.78,143.33,47.78
9272,"2023-10-16","2023-10-16",0,1,145.80,145.80,145.80
9274,"2023-03-31","2023-03-31",0,1,103.99,103.99,103.99
9276,"2020-12-13","2024-11-26",1444,2,136.03,272.06,136.03
9278,"2023-01-13","2023-01-13",0,1,34.75,34.75,34.75
9279,"2022-02-04","2022-02-04",0,1,119.83,119.83,119.83
9280,"2021-06-19","2022-08-15",422,2,82.20,164.39,82.20
9281,"2022-03-02","2024-10-06",949,3,127.36,382.09,127.36
9282,"2023-04-15","2023-07-06",82,2,70.86,141.71,70.86
9284,"2020-05-26","2025-03-06",1745,5,180.69,903.47,180.69
9285,"2020-12-30","2022-09-23",632,2,63.77,127.54,63.77
9286,"2021-05-22","2021-05-22",0,1,42.59,42.59,42.59
9287,"2020-05-07","2025-04-05",1794,5,196.72,983.61,196.72
9288,"2021-12-10","2024-05-21",893,4,99.58,398.31,99.58
9289,"2022-11-24","2025-09-09",1020,3,53.13,159.39,53.13
9290,"2024-07-15","2024-11-24",132,2,67.68,135.36,67.68
9292,"2021-11-16","2025-09-23",1407,4,189.41,757.63,189.41
9293,"2021-02-28","2025-03-23",1484,2,89.54,179.07,89.54
9294,"2024-06-01","2025-04-16",319,2,88.15,176.29,88.15
9295,"2022-05-01","2022-05-01",0,1,5.63,5.63,5.63
9296,"2021-05-03","2021-10-28",178,2,172.82,345.63,172.82
9297,"2021-03-22","2025-03-28",1467,5,40.32,201.58,40.32
9298,"2023-06-09","2024-12-16",556,2,29.42,58.83,29.42
9299,"2020-02-17","2024-04-27",1531,2,116.22,232.44,116.22
9300,"2023-12-27","2025-02-28",429,2,218.23,436.46,218.23
9301,"2021-08-20","2024-07-02",1047,5,122.62,613.11,122.62
9302,"2024-06-05","2024-06-05",0,1,66.39,66.39,66.39
9303,"2024-01-18","2024-01-18",0,1,44.21,44.21,44.21
9304,"2025-07-08","2025-07-08",0,1,53.67,53.67,53.67
9305,"2022-01-27","2024-12-10",1048,2,120.37,240.74,120.37
9306,"2020-05-19","2023-03-16",1031,2,25.15,50.30,25.15
9307,"2021-03-11","2021-03-11",0,1,174.39,174.39,174.39
9309,"2023-12-11","2023-12-11",0,1,303.74,303.74,303.74
9310,"2022-11-14","2024-06-18",582,2,26.88,53.75,26.88
9311,"2021-12-20","2024-11-29",1075,2,150.14,300.28,150.14
9312,"2020-12-06","2023-11-24",1083,2,71.45,142.89,71.45
9314,"2021-06-13","2021-06-13",0,1,32.41,32.41,32.41
9315,"2023-10-01","2023-10-01",0,1,92.11,92.11,92.11
9316,"2021-09-04","2021-09-04",0,1,216.11,216.11,216.11
9317,"2023-02-15","2024-06-10",481,2,178.76,357.52,178.76
9318,"2023-05-10","2023-12-24",228,2,53.52,107.04,53.52
9319,"2023-07-29","2023-07-29",0,1,179.29,179.29,179.29
9320,"2024-07-15","2024-07-15",0,1,367.19,367.19,367.19
9321,"2020-07-23","2025-07-17",1820,2,76.06,152.12,76.06
9323,"2024-03-17","2025-06-18",458,2,55.35,110.69,55.35
9324,"2020-04-13","2025-05-07",1850,5,101.18,505.91,101.18
9325,"2021-11-25","2021-11-25",0,1,18.90,18.90,18.90
9326,"2025-01-11","2025-05-08",117,2,86.67,173.34,86.67
9327,"2024-01-30","2025-10-09",618,2,77.58,155.16,77.58
9328,"2024-04-04","2024-04-04",0,1,70.03,70.03,70.03
9329,"2022-10-18","2024-08-22",674,2,380.53,761.05,380.53
9330,"2021-12-13","2023-12-09",726,2,60.06,120.11,60.06
9331,"2022-06-29","2022-06-29",0,1,455.69,455.69,455.69
9332,"2021-04-08","2021-04-08",0,1,45.18,45.18,45.18
9333,"2023-07-06","2023-07-06",0,1,39.76,39.76,39.76
9334,"2020-09-16","2020-09-16",0,1,177.66,177.66,177.66
9335,"2020-01-07","2025-10-21",2114,4,224.63,898.52,224.63
9336,"2024-12-12","2024-12-12",0,1,350.47,350.47,350.47
9337,"2020-03-04","2025-07-18",1962,5,135.48,677.40,135.48
9338,"2021-04-21","2024-04-03",1078,4,189.53,758.11,189.53
9339,"2021-06-16","2021-06-16",0,1,12.72,12.72,12.72
9340,"2020-11-16","2025-06-26",1683,7,109.87,769.11,109.87
9341,"2022-02-21","2022-02-21",0,1,207.45,207.45,207.45
9342,"2021-08-02","2025-04-22",1359,2,41.37,82.73,41.37
9343,"2020-05-29","2021-12-31",581,2,26.96,53.92,26.96
9344,"2020-06-19","2023-11-16",1245,3,95.27,285.80,95.27
9345,"2020-08-26","2024-01-13",1235,3,145.75,437.26,145.75
9347,"2023-12-22","2023-12-22",0,1,71.90,71.90,71.90
9348,"2021-01-29","2024-07-31",1279,4,86.13,344.50,86.13
9349,"2020-09-30","2023-11-26",1152,2,48.97,97.93,48.97
9350,"2022-07-29","2023-04-23",268,2,142.68,285.35,142.68
9352,"2023-06-08","2023-06-08",0,1,29.17,29.17,29.17
9353,"2022-09-25","2022-09-25",0,1,310.50,310.50,310.50
9354,"2025-06-11","2025-06-11",0,1,13.90,13.90,13.90
9355,"2022-03-14","2022-03-14",0,1,58.24,58.24,58.24
9357,"2022-07-16","2022-07-16",0,1,45.31,45.31,45.31
9358,"2021-06-19","2022-11-19",518,2,93.90,187.79,93.90
9359,"2020-05-25","2025-09-18",1942,3,115.85,347.55,115.85
9360,"2020-07-05","2025-08-04",1856,5,36.80,184.00,36.80
9361,"2020-04-23","2020-04-23",0,1,183.20,183.20,183.20
9362,"2023-02-10","2023-09-09",211,2,156.86,313.71,156.86
9364,"2020-10-26","2020-10-26",0,1,218.32,218.32,218.32
9366,"2025-09-25","2025-09-25",0,1,74.80,74.80,74.80
9367,"2021-01-16","2024-03-09",1148,2,119.51,239.01,119.51
9368,"2025-04-10","2025-04-10",0,1,67.09,67.09,67.09
9369,"2023-11-25","2023-11-25",0,1,239.33,239.33,239.33
9371,"2024-04-02","2025-05-21",414,3,117.74,353.22,117.74
9373,"2025-02-28","2025-02-28",0,1,7.91,7.91,7.91
9374,"2020-01-08","2020-01-08",0,1,86.46,86.46,86.46
9375,"2022-06-14","2024-11-04",874,4,97.72,390.88,97.72
9376,"2020-09-11","2020-09-11",0,1,86.26,86.26,86.26
9377,"2021-06-20","2023-10-22",854,3,74.03,222.09,74.03
9378,"2022-05-18","2023-09-13",483,2,92.36,184.72,92.36
9379,"2021-02-05","2025-02-13",1469,2,78.01,156.02,78.01
9380,"2021-09-12","2025-01-15",1221,3,62.12,186.35,62.12
9381,"2021-08-14","2025-09-24",1502,5,150.46,752.32,150.46
9382,"2022-10-16","2022-10-16",0,1,47.03,47.03,47.03
9383,"2021-02-20","2021-02-20",0,1,128.56,128.56,128.56
9384,"2022-03-10","2022-11-06",241,2,67.10,134.19,67.10
9387,"2020-10-08","2020-10-08",0,1,83.56,83.56,83.56
9388,"2023-03-26","2023-03-26",0,1,65.07,65.07,65.07
9390,"2023-01-28","2023-01-28",0,1,71.79,71.79,71.79
9391,"2023-01-12","2025-09-19",981,4,86.57,346.27,86.57
9392,"2020-02-23","2022-11-02",983,2,29.70,59.39,29.70
9393,"2021-05-05","2021-05-05",0,1,304.05,304.05,304.05
9394,"2021-10-24","2025-07-11",1356,2,91.07,182.13,91.07
9395,"2021-04-04","2024-11-20",1326,2,118.17,236.33,118.17
9396,"2020-05-19","2023-06-16",1123,2,332.10,664.20,332.10
9398,"2021-09-27","2022-02-15",141,2,211.62,423.24,211.62
9399,"2020-10-27","2021-12-21",420,4,145.15,580.61,145.15
9402,"2024-08-21","2024-08-21",0,1,77.08,77.08,77.08
9403,"2020-05-01","2021-07-19",444,3,181.20,543.59,181.20
9405,"2020-07-29","2024-10-01",1525,4,122.13,488.52,122.13
9406,"2025-06-29","2025-06-29",0,1,161.75,161.75,161.75
9407,"2021-04-05","2023-04-30",755,2,23.62,47.24,23.62
9408,"2020-03-20","2020-03-20",0,1,203.88,203.88,203.88
9409,"2021-08-29","2022-11-21",449,2,55.39,110.77,55.39
9410,"2021-11-28","2021-11-28",0,1,94.80,94.80,94.80
9411,"2020-04-04","2022-08-05",853,4,97.43,389.70,97.43
9412,"2021-02-22","2025-01-16",1424,5,96.93,484.67,96.93
9413,"2020-04-05","2023-06-22",1173,3,331.82,995.47,331.82
9414,"2020-11-14","2024-04-18",1251,2,46.29,92.58,46.29
9415,"2020-03-30","2022-09-03",887,2,135.80,271.59,135.80
9416,"2020-03-03","2022-06-02",821,2,44.60,89.20,44.60
9419,"2020-01-15","2022-01-25",741,2,144.25,288.50,144.25
9420,"2023-02-20","2023-02-20",0,1,81.67,81.67,81.67
9421,"2022-11-20","2022-11-20",0,1,206.96,206.96,206.96
9422,"2022-08-24","2022-08-24",0,1,56.84,56.84,56.84
9423,"2023-09-23","2023-09-23",0,1,623.72,623.72,623.72
9424,"2022-03-21","2022-10-18",211,2,129.84,259.68,129.84
9425,"2025-10-02","2025-10-02",0,1,34.02,34.02,34.02
9426,"2023-03-22","2025-08-01",863,2,26.99,53.98,26.99
9427,"2021-01-15","2021-10-02",260,2,32.97,65.93,32.97
9428,"2023-06-30","2024-10-15",473,3,120.48,361.43,120.48
9429,"2025-04-02","2025-04-02",0,1,240.62,240.62,240.62
9430,"2020-04-01","2020-04-01",0,1,84.22,84.22,84.22
9431,"2022-09-13","2024-06-07",633,3,132.77,398.30,132.77
9433,"2021-04-15","2025-03-07",1422,2,74.77,149.54,74.77
9434,"2021-10-15","2025-10-29",1475,3,45.35,136.04,45.35
9437,"2020-01-18","2022-03-15",787,2,13.59,27.18,13.59
9439,"2022-10-07","2024-04-11",552,3,103.04,309.12,103.04
9440,"2023-06-27","2023-06-27",0,1,124.65,124.65,124.65
9441,"2023-08-22","2023-08-22",0,1,49.67,49.67,49.67
9442,"2021-12-26","2025-02-08",1140,2,212.73,425.46,212.73
9443,"2022-07-22","2024-04-12",630,2,18.79,37.57,18.79
9444,"2021-10-19","2021-10-19",0,1,82.45,82.45,82.45
9445,"2020-05-29","2021-04-08",314,2,176.10,352.20,176.10
9446,"2021-06-21","2025-04-03",1382,2,127.73,255.45,127.73
9447,"2021-04-18","2024-05-18",1126,2,72.33,144.65,72.33
9448,"2021-11-19","2022-09-14",299,2,69.98,139.96,69.98
9449,"2020-09-07","2024-08-04",1427,3,325.06,975.17,325.06
9450,"2020-11-21","2025-06-11",1663,2,411.95,823.89,411.95
9451,"2024-04-23","2024-04-23",0,1,5.40,5.40,5.40
9452,"2025-05-11","2025-05-11",0,1,87.82,87.82,87.82
9453,"2022-07-20","2022-07-20",0,1,126.14,126.14,126.14
9454,"2020-04-11","2020-04-11",0,1,1089.48,1089.48,1089.48
9455,"2020-08-30","2020-08-30",0,1,3.99,3.99,3.99
9456,"2020-06-02","2025-04-24",1787,3,53.52,160.56,53.52
9458,"2022-10-24","2024-09-03",680,2,116.85,233.69,116.85
9462,"2023-03-08","2023-03-08",0,1,55.28,55.28,55.28
9463,"2020-10-13","2025-01-29",1569,2,36.31,72.62,36.31
9464,"2021-05-18","2025-10-12",1608,3,54.28,162.85,54.28
9465,"2023-03-19","2024-07-12",481,2,99.97,199.93,99.97
9466,"2020-10-10","2025-09-23",1809,5,83.91,419.56,83.91
9467,"2022-03-15","2022-03-15",0,1,64.57,64.57,64.57
9468,"2023-06-06","2023-06-06",0,1,413.44,413.44,413.44
9469,"2021-09-02","2021-09-02",0,1,142.62,142.62,142.62
9470,"2020-09-25","2025-06-27",1736,6,98.43,590.60,98.43
9471,"2022-03-31","2025-04-28",1124,4,211.43,845.70,211.43
9472,"2025-03-25","2025-03-25",0,1,40.82,40.82,40.82
9473,"2021-09-24","2021-09-24",0,1,50.94,50.94,50.94
9474,"2025-04-23","2025-04-23",0,1,101.79,101.79,101.79
9475,"2023-02-20","2023-02-20",0,1,145.72,145.72,145.72
9476,"2022-02-18","2023-03-25",400,2,64.33,128.65,64.33
9478,"2020-01-26","2023-04-10",1170,4,117.28,469.13,117.28
9481,"2021-10-26","2021-10-26",0,1,63.02,63.02,63.02
9482,"2020-04-07","2024-10-08",1645,3,66.19,198.56,66.19
9484,"2025-07-19","2025-07-19",0,1,54.43,54.43,54.43
9485,"2022-02-18","2022-02-18",0,1,17.32,17.32,17.32
9486,"2023-10-05","2025-06-20",624,3,160.72,482.16,160.72
9488,"2024-07-30","2025-02-28",213,2,218.54,437.07,218.54
9489,"2022-02-13","2022-05-22",98,3,121.48,364.45,121.48
9491,"2021-11-20","2022-07-19",241,2,90.45,180.90,90.45
9492,"2021-11-05","2024-09-05",1035,5,157.63,788.13,157.63
9493,"2021-11-13","2024-04-11",880,2,462.80,925.59,462.80
9494,"2021-11-22","2023-08-30",646,3,279.49,838.48,279.49
9495,"2020-10-17","2024-09-13",1427,2,103.87,207.74,103.87
9497,"2022-03-19","2025-02-02",1051,2,140.02,280.04,140.02
9498,"2023-09-20","2023-09-20",0,1,12.94,12.94,12.94
9500,"2020-03-09","2024-01-09",1401,3,59.05,177.14,59.05
9501,"2025-02-07","2025-02-07",0,1,276.36,276.36,276.36
9502,"2022-07-11","2025-02-20",955,5,37.21,186.04,37.21
9503,"2023-12-23","2023-12-23",0,1,133.90,133.90,133.90
9504,"2020-02-24","2025-09-04",2019,2,91.28,182.56,91.28
9505,"2020-02-17","2025-10-10",2062,3,187.95,563.86,187.95
9506,"2023-12-23","2023-12-23",0,1,405.43,405.43,405.43
9507,"2022-09-02","2024-11-26",816,3,172.81,518.42,172.81
9508,"2022-06-21","2024-04-12",661,2,75.59,151.18,75.59
9510,"2023-11-03","2024-02-09",98,2,333.42,666.84,333.42
9512,"2024-02-19","2024-02-19",0,1,83.26,83.26,83.26
9513,"2020-12-22","2022-09-13",630,2,102.81,205.62,102.81
9514,"2022-05-04","2025-02-02",1005,3,53.77,161.32,53.77
9515,"2020-03-29","2025-04-07",1835,3,253.17,759.50,253.17
9516,"2021-06-19","2021-06-19",0,1,258.88,258.88,258.88
9517,"2021-11-19","2023-09-02",652,2,92.23,184.45,92.23
9518,"2021-09-14","2021-09-14",0,1,9.79,9.79,9.79
9519,"2020-02-25","2025-05-11",1902,2,239.72,479.43,239.72
9521,"2024-04-26","2025-04-16",355,2,110.11,220.22,110.11
9522,"2025-03-09","2025-03-09",0,1,66.31,66.31,66.31
9523,"2021-02-14","2024-08-28",1291,3,358.42,1075.26,358.42
9524,"2024-06-08","2024-06-08",0,1,69.83,69.83,69.83
9525,"2020-01-22","2021-08-18",574,3,61.42,184.27,61.42
9526,"2020-03-25","2020-03-25",0,1,79.06,79.06,79.06
9527,"2022-03-09","2023-01-25",322,2,240.81,481.62,240.81
9528,"2021-12-08","2021-12-08",0,1,109.44,109.44,109.44
9529,"2021-09-06","2022-06-24",291,2,274.68,549.35,274.68
9530,"2021-03-30","2024-02-10",1047,4,207.09,828.34,207.09
9531,"2020-05-23","2024-11-19",1641,2,52.90,105.79,52.90
9532,"2025-07-22","2025-07-22",0,1,14.60,14.60,14.60
9533,"2024-07-25","2024-07-25",0,1,278.26,278.26,278.26
9535,"2021-01-10","2024-12-02",1422,3,209.47,628.42,209.47
9536,"2020-12-27","2022-01-16",385,2,124.22,248.44,124.22
9537,"2023-06-17","2023-06-17",0,1,92.53,92.53,92.53
9538,"2020-02-08","2023-12-11",1402,8,160.43,1283.43,160.43
9539,"2020-03-26","2024-09-13",1632,4,154.24,616.96,154.24
9540,"2024-12-06","2024-12-06",0,1,110.59,110.59,110.59
9541,"2021-05-21","2023-10-14",876,4,151.83,607.30,151.83
9542,"2020-12-31","2023-07-07",918,4,250.90,1003.60,250.90
9543,"2023-02-05","2023-11-05",273,2,66.34,132.68,66.34
9544,"2022-03-18","2022-03-18",0,1,21.75,21.75,21.75
9546,"2025-05-12","2025-05-12",0,1,81.13,81.13,81.13
9547,"2024-09-09","2024-09-09",0,1,77.58,77.58,77.58
9549,"2024-07-29","2024-07-29",0,1,102.58,102.58,102.58
9550,"2025-04-14","2025-05-12",28,2,70.71,141.41,70.71
9552,"2020-09-26","2024-09-27",1462,4,44.77,179.08,44.77
9553,"2020-09-06","2022-02-06",518,2,73.09,146.17,73.09
9555,"2024-12-03","2024-12-03",0,1,277.86,277.86,277.86
9556,"2022-07-17","2025-06-12",1061,4,92.53,370.10,92.53
9557,"2021-11-05","2025-04-12",1254,2,149.08,298.16,149.08
9558,"2020-05-04","2025-09-30",1975,2,71.44,142.87,71.44
9559,"2021-10-21","2025-07-09",1357,3,21.01,63.02,21.01
9560,"2023-08-11","2024-09-28",414,2,176.58,353.15,176.58
9561,"2022-04-25","2022-04-25",0,1,49.82,49.82,49.82
9562,"2020-04-22","2021-06-12",416,3,71.63,214.90,71.63
9563,"2022-05-05","2025-01-23",994,2,31.08,62.15,31.08
9564,"2022-07-10","2022-07-10",0,1,170.28,170.28,170.28
9565,"2021-04-01","2021-04-01",0,1,358.71,358.71,358.71
9567,"2022-08-21","2022-12-16",117,2,85.15,170.30,85.15
9569,"2025-06-17","2025-06-17",0,1,128.52,128.52,128.52
9570,"2025-07-28","2025-07-28",0,1,15.32,15.32,15.32
9571,"2020-08-20","2023-11-27",1194,2,30.24,60.48,30.24
9572,"2023-03-16","2023-12-05",264,2,67.59,135.18,67.59
9573,"2020-02-20","2025-07-31",1988,6,352.62,2115.69,352.62
9574,"2020-09-15","2020-09-15",0,1,57.14,57.14,57.14
9575,"2020-07-27","2022-08-23",757,5,241.89,1209.47,241.89
9576,"2020-09-17","2021-05-20",245,2,220.92,441.83,220.92
9578,"2024-10-22","2025-08-24",306,3,90.05,270.16,90.05
9579,"2020-09-09","2020-09-09",0,1,78.78,78.78,78.78
9582,"2022-05-12","2022-11-06",178,2,119.96,239.92,119.96
9584,"2024-01-16","2024-01-16",0,1,14.42,14.42,14.42
9585,"2020-12-09","2024-07-13",1312,4,33.51,134.05,33.51
9586,"2020-01-08","2023-05-30",1238,2,214.53,429.05,214.53
9587,"2020-02-18","2020-04-13",55,2,350.57,701.14,350.57
9588,"2023-06-06","2025-10-25",872,2,140.24,280.48,140.24
9589,"2020-03-16","2023-08-25",1257,5,68.45,342.25,68.45
9590,"2020-10-14","2025-07-04",1724,3,109.40,328.20,109.40
9591,"2021-05-04","2024-06-27",1150,3,143.91,431.73,143.91
9595,"2025-05-02","2025-05-02",0,1,212.45,212.45,212.45
9596,"2020-06-25","2023-02-07",957,2,127.44,254.88,127.44
9597,"2022-08-11","2022-08-11",0,1,154.83,154.83,154.83
9598,"2020-01-24","2020-01-24",0,1,119.47,119.47,119.47
9599,"2020-10-16","2020-10-16",0,1,160.80,160.80,160.80
9600,"2021-07-25","2025-04-02",1347,4,245.29,981.15,245.29
9601,"2021-06-21","2023-07-06",745,3,105.23,315.70,105.23
9602,"2022-10-02","2023-03-17",166,2,152.88,305.76,152.88
9603,"2022-07-04","2025-07-22",1114,4,55.97,223.88,55.97
9605,"2024-07-08","2024-07-08",0,1,94.25,94.25,94.25
9606,"2024-10-08","2024-10-08",0,1,139.48,139.48,139.48
9607,"2023-12-06","2024-10-12",311,2,209.23,418.45,209.23
9608,"2022-05-04","2022-05-04",0,1,29.17,29.17,29.17
9609,"2020-09-26","2020-09-26",0,1,175.59,175.59,175.59
9611,"2022-07-17","2022-07-17",0,1,31.41,31.41,31.41
9612,"2021-02-03","2021-07-25",172,2,240.76,481.51,240.76
9613,"2021-01-22","2021-01-22",0,1,83.30,83.30,83.30
9614,"2020-03-18","2025-09-16",2008,3,208.50,625.49,208.50
9615,"2021-01-08","2024-03-23",1170,3,196.71,590.12,196.71
9616,"2020-09-27","2020-09-27",0,1,112.65,112.65,112.65
9617,"2025-08-05","2025-08-05",0,1,1052.24,1052.24,1052.24
9618,"2021-03-07","2025-08-24",1631,3,60.42,181.27,60.42
9619,"2020-08-09","2021-12-23",501,2,165.11,330.21,165.11
9620,"2021-02-28","2025-09-17",1662,3,29.11,87.32,29.11
9621,"2023-12-08","2023-12-08",0,1,70.70,70.70,70.70
9623,"2020-03-08","2023-07-09",1218,5,128.62,643.08,128.62
9624,"2021-10-17","2023-03-04",503,2,424.33,848.66,424.33
9627,"2021-02-04","2025-07-10",1617,3,127.63,382.89,127.63
9628,"2020-10-29","2020-10-29",0,1,223.87,223.87,223.87
9629,"2021-12-06","2024-07-17",954,3,66.54,199.63,66.54
9630,"2021-01-28","2023-12-25",1061,3,117.52,352.56,117.52
9631,"2021-01-04","2021-01-26",22,2,38.10,76.19,38.10
9632,"2021-02-23","2025-03-05",1471,4,182.14,728.54,182.14
9633,"2020-02-11","2023-02-12",1097,2,43.25,86.49,43.25
9635,"2024-04-29","2024-04-29",0,1,96.53,96.53,96.53
9636,"2025-07-06","2025-07-06",0,1,205.45,205.45,205.45
9637,"2020-03-16","2025-05-28",1899,2,96.62,193.23,96.62
9638,"2022-03-03","2022-03-03",0,1,171.92,171.92,171.92
9639,"2025-07-03","2025-07-03",0,1,51.43,51.43,51.43
9641,"2020-08-11","2023-06-26",1049,2,114.87,229.73,114.87
9642,"2021-10-10","2025-01-27",1205,2,366.46,732.91,366.46
9643,"2023-08-22","2024-05-04",256,2,269.40,538.80,269.40
9645,"2021-10-13","2023-05-06",570,2,54.83,109.66,54.83
9646,"2024-06-12","2025-10-30",505,4,159.20,636.79,159.20
9647,"2021-07-14","2021-11-27",136,3,87.26,261.78,87.26
9648,"2020-03-16","2022-04-30",775,2,244.90,489.79,244.90
9649,"2021-02-02","2021-03-22",48,2,143.20,286.40,143.20
9651,"2020-11-20","2024-10-15",1425,3,105.01,315.03,105.01
9652,"2023-01-29","2023-07-04",156,3,19.30,57.91,19.30
9653,"2022-11-16","2022-11-16",0,1,242.36,242.36,242.36
9654,"2020-08-10","2020-08-10",0,1,20.19,20.19,20.19
9655,"2020-10-13","2023-09-26",1078,3,39.47,118.42,39.47
9657,"2021-11-04","2025-07-04",1338,5,94.60,472.99,94.60
9659,"2020-07-27","2021-10-01",431,2,92.04,184.08,92.04
9660,"2021-07-14","2022-09-26",439,2,193.15,386.30,193.15
9661,"2021-06-27","2024-06-16",1085,3,184.35,553.04,184.35
9663,"2020-01-10","2023-01-30",1116,2,153.57,307.14,153.57
9664,"2024-12-22","2025-07-18",208,3,108.47,325.40,108.47
9665,"2025-03-27","2025-03-27",0,1,73.02,73.02,73.02
9666,"2022-03-12","2022-03-12",0,1,38.32,38.32,38.32
9667,"2021-02-01","2024-08-01",1277,2,31.14,62.27,31.14
9669,"2024-10-31","2025-02-10",102,2,67.43,134.85,67.43
9670,"2022-06-11","2025-04-20",1044,3,109.79,329.38,109.79
9671,"2021-07-30","2021-07-30",0,1,66.22,66.22,66.22
9673,"2021-03-28","2024-10-25",1307,6,239.03,1434.15,239.03
9675,"2022-09-05","2022-12-30",116,2,540.36,1080.72,540.36
9676,"2025-10-09","2025-10-09",0,1,61.55,61.55,61.55
9677,"2021-01-26","2025-10-21",1729,2,50.41,100.81,50.41
9678,"2020-06-07","2020-06-07",0,1,55.90,55.90,55.90
9679,"2023-09-27","2025-07-31",673,2,35.02,70.04,35.02
9681,"2020-04-19","2021-09-09",508,2,269.80,539.60,269.80
9682,"2023-12-03","2023-12-03",0,1,40.01,40.01,40.01
9683,"2020-11-17","2020-11-17",0,1,576.30,576.30,576.30
9685,"2022-01-06","2022-01-06",0,1,812.99,812.99,812.99
9686,"2023-03-02","2023-03-02",0,1,36.13,36.13,36.13
9687,"2020-12-14","2020-12-14",0,1,432.65,432.65,432.65
9688,"2022-07-20","2022-07-20",0,1,65.59,65.59,65.59
9690,"2022-05-29","2024-03-20",661,2,73.02,146.03,73.02
9691,"2021-09-27","2025-01-20",1211,2,60.98,121.96,60.98
9692,"2020-01-18","2020-01-18",0,1,56.33,56.33,56.33
9694,"2025-01-03","2025-02-02",30,2,82.46,164.91,82.46
9696,"2020-09-17","2025-03-02",1627,3,73.82,221.47,73.82
9697,"2022-10-09","2023-07-02",266,2,124.99,249.97,124.99
9698,"2023-07-08","2024-01-08",184,2,71.11,142.21,71.11
9700,"2021-05-20","2023-04-28",708,2,41.61,83.21,41.61
9701,"2022-10-10","2024-10-06",727,2,228.92,457.84,228.92
9702,"2021-12-07","2024-12-30",1119,2,65.58,131.15,65.58
9703,"2021-08-01","2024-02-29",942,2,40.02,80.03,40.02
9704,"2023-05-08","2023-05-08",0,1,183.42,183.42,183.42
9705,"2020-08-11","2020-08-11",0,1,111.27,111.27,111.27
9707,"2020-03-28","2024-04-03",1467,2,58.16,116.32,58.16
9708,"2022-07-01","2022-07-01",0,1,80.86,80.86,80.86
9709,"2021-11-27","2021-11-27",0,1,179.06,179.06,179.06
9710,"2024-09-27","2025-04-08",193,2,148.38,296.76,148.38
9711,"2020-07-07","2025-06-11",1800,3,62.91,188.73,62.91
9712,"2025-03-27","2025-03-27",0,1,167.69,167.69,167.69
9713,"2021-01-13","2024-07-07",1271,4,78.89,315.54,78.89
9714,"2023-08-02","2023-08-02",0,1,39.07,39.07,39.07
9715,"2021-07-30","2023-05-13",652,2,75.02,150.04,75.02
9716,"2020-09-07","2020-09-07",0,1,32.18,32.18,32.18
9717,"2021-11-04","2021-11-04",0,1,127.88,127.88,127.88
9718,"2021-09-30","2023-05-10",587,3,360.19,1080.56,360.19
9719,"2021-04-25","2025-06-10",1507,4,151.38,605.50,151.38
9720,"2020-02-21","2024-07-18",1609,2,100.63,201.26,100.63
9721,"2023-08-06","2023-08-06",0,1,41.20,41.20,41.20
9722,"2022-01-24","2025-01-26",1098,3,76.46,229.38,76.46
9723,"2021-08-04","2025-04-19",1354,3,321.78,965.34,321.78
9724,"2022-10-20","2025-06-02",956,3,98.53,295.60,98.53
9726,"2025-07-07","2025-07-07",0,1,35.64,35.64,35.64
9728,"2021-12-21","2023-08-31",618,2,32.32,64.63,32.32
9730,"2022-03-27","2022-03-27",0,1,36.28,36.28,36.28
9731,"2023-04-04","2024-12-02",608,2,105.59,211.18,105.59
9732,"2020-08-16","2020-10-10",55,2,154.02,308.03,154.02
9733,"2020-02-27","2020-02-27",0,1,133.26,133.26,133.26
9734,"2020-07-30","2024-06-18",1419,2,133.82,267.63,133.82
9735,"2020-12-26","2022-12-01",705,2,694.31,1388.62,694.31
9736,"2025-05-26","2025-05-26",0,1,73.28,73.28,73.28
9737,"2021-01-19","2024-08-30",1319,2,86.09,172.17,86.09
9738,"2023-09-09","2023-09-09",0,1,162.17,162.17,162.17
9739,"2020-08-17","2020-08-17",0,1,3.50,3.50,3.50
9740,"2020-03-25","2025-09-05",1990,6,99.85,599.11,99.85
9741,"2020-03-15","2020-11-03",233,2,54.87,109.73,54.87
9742,"2020-02-16","2021-12-04",657,2,190.92,381.83,190.92
9745,"2021-01-25","2025-08-24",1672,4,88.82,355.26,88.82
9746,"2021-09-27","2021-09-27",0,1,151.84,151.84,151.84
9747,"2021-07-08","2024-07-08",1096,3,106.68,320.03,106.68
9748,"2020-05-03","2021-01-14",256,3,115.12,345.35,115.12
9749,"2020-11-17","2025-02-14",1550,3,236.82,710.45,236.82
9750,"2022-05-24","2022-05-24",0,1,23.75,23.75,23.75
9751,"2022-02-19","2023-10-28",616,2,294.73,589.45,294.73
9753,"2023-01-11","2025-04-14",824,3,79.49,238.48,79.49
9757,"2024-06-07","2025-10-12",492,4,156.21,624.84,156.21
9758,"2022-07-19","2022-07-19",0,1,51.33,51.33,51.33
9759,"2021-09-07","2025-09-17",1471,3,176.83,530.50,176.83
9760,"2022-02-12","2022-05-24",101,2,551.10,1102.19,551.10
9761,"2022-05-28","2022-05-28",0,1,44.44,44.44,44.44
9762,"2020-03-07","2021-09-26",568,2,102.06,204.12,102.06
9763,"2025-10-31","2025-10-31",0,1,95.36,95.36,95.36
9765,"2020-05-12","2024-09-15",1587,3,40.08,120.24,40.08
9766,"2022-02-09","2025-04-04",1150,2,194.89,389.77,194.89
9767,"2021-04-13","2021-04-13",0,1,221.30,221.30,221.30
9769,"2020-03-28","2023-12-24",1366,3,44.67,134.00,44.67
9770,"2020-09-04","2023-12-21",1203,3,89.31,267.94,89.31
9771,"2021-08-30","2023-08-02",702,3,34.38,103.15,34.38
9772,"2021-03-07","2021-03-07",0,1,56.13,56.13,56.13
9774,"2021-01-22","2025-01-14",1453,2,222.88,445.76,222.88
9775,"2025-01-16","2025-05-29",133,2,169.36,338.71,169.36
9776,"2020-07-31","2025-03-11",1684,3,94.20,282.61,94.20
9778,"2020-03-22","2022-08-13",874,2,169.96,339.92,169.96
9780,"2020-04-02","2023-11-12",1319,3,217.53,652.58,217.53
9781,"2022-04-04","2025-10-26",1301,2,77.32,154.63,77.32
9782,"2023-02-08","2025-03-21",772,4,119.92,479.67,119.92
9783,"2021-06-06","2021-06-06",0,1,209.39,209.39,209.39
9784,"2021-05-27","2021-05-27",0,1,74.47,74.47,74.47
9785,"2020-12-04","2025-06-05",1644,3,83.15,249.45,83.15
9786,"2020-05-26","2023-06-20",1120,2,187.91,375.82,187.91
9787,"2023-03-07","2024-11-15",619,3,143.13,429.40,143.13
9789,"2023-06-02","2023-06-02",0,1,43.65,43.65,43.65
9790,"2023-09-05","2025-10-20",776,2,47.12,94.23,47.12
9791,"2020-02-05","2023-08-04",1276,2,145.44,290.87,145.44
9793,"2022-04-07","2022-04-07",0,1,21.10,21.10,21.10
9795,"2024-08-16","2024-10-17",62,2,234.47,468.93,234.47
9796,"2021-03-07","2025-10-08",1676,3,174.06,522.19,174.06
9799,"2022-08-26","2022-08-26",0,1,57.49,57.49,57.49
9800,"2024-03-27","2024-03-27",0,1,288.97,288.97,288.97
9802,"2020-10-15","2021-10-11",361,2,20.98,41.96,20.98
9803,"2023-05-05","2023-05-05",0,1,87.34,87.34,87.34
9804,"2024-07-30","2025-07-29",364,2,157.37,314.73,157.37
9806,"2022-10-05","2025-07-31",1030,3,70.06,210.19,70.06
9807,"2020-06-08","2025-08-20",1899,2,84.70,169.40,84.70
9808,"2021-09-23","2025-02-25",1251,3,141.77,425.30,141.77
9809,"2020-09-16","2020-09-16",0,1,284.36,284.36,284.36
9810,"2020-11-25","2025-08-31",1740,2,213.23,426.45,213.23
9811,"2020-07-15","2020-07-15",0,1,163.07,163.07,163.07
9812,"2020-03-05","2021-08-08",521,2,257.10,514.19,257.10
9813,"2020-05-14","2025-09-21",1956,4,78.98,315.90,78.98
9814,"2024-12-19","2024-12-19",0,1,149.62,149.62,149.62
9815,"2020-01-01","2025-07-09",2016,4,33.05,132.20,33.05
9816,"2021-05-12","2024-10-09",1246,4,97.92,391.67,97.92
9817,"2022-02-15","2023-11-24",647,2,468.57,937.14,468.57
9818,"2020-05-30","2023-05-22",1087,2,87.78,175.56,87.78
9819,"2023-09-25","2023-09-25",0,1,82.29,82.29,82.29
9821,"2020-09-27","2020-09-27",0,1,87.39,87.39,87.39
9822,"2022-10-07","2022-11-01",25,2,68.65,137.30,68.65
9823,"2024-06-08","2025-07-26",413,2,40.24,80.48,40.24
9824,"2021-03-18","2024-11-27",1350,3,210.26,630.78,210.26
9825,"2022-02-02","2025-10-24",1360,2,61.40,122.80,61.40
9826,"2021-08-24","2021-08-24",0,1,310.22,310.22,310.22
9827,"2020-04-27","2025-07-09",1899,4,162.97,651.87,162.97
9828,"2022-01-07","2022-01-07",0,1,162.92,162.92,162.92
9829,"2024-10-31","2024-10-31",0,1,131.89,131.89,131.89
9831,"2022-06-30","2023-04-10",284,2,44.57,89.14,44.57
9832,"2022-03-29","2022-03-29",0,1,198.49,198.49,198.49
9833,"2023-01-31","2024-03-03",397,2,191.08,382.15,191.08
9834,"2024-08-04","2024-08-04",0,1,60.40,60.40,60.40
9835,"2020-04-04","2024-02-21",1418,3,290.89,872.68,290.89
9836,"2023-06-03","2023-09-16",105,2,149.59,299.18,149.59
9837,"2022-07-23","2023-12-12",507,2,37.74,75.48,37.74
9838,"2023-02-17","2024-07-02",501,2,157.67,315.34,157.67
9839,"2020-03-28","2024-08-30",1616,3,189.86,569.57,189.86
9840,"2021-01-09","2024-03-16",1162,2,45.27,90.54,45.27
9841,"2022-05-22","2024-11-30",923,2,190.73,381.46,190.73
9842,"2023-03-10","2024-10-08",578,2,787.98,1575.95,787.98
9843,"2025-02-28","2025-02-28",0,1,113.55,113.55,113.55
9844,"2020-12-24","2021-07-09",197,2,314.87,629.74,314.87
9845,"2024-01-21","2024-01-21",0,1,227.09,227.09,227.09
9848,"2021-03-22","2023-04-21",760,4,242.05,968.18,242.05
9849,"2024-09-10","2024-09-10",0,1,17.11,17.11,17.11
9851,"2021-11-18","2021-11-18",0,1,102.01,102.01,102.01
9852,"2020-02-12","2025-07-10",1975,4,112.68,450.70,112.68
9853,"2021-01-02","2025-04-30",1579,2,27.83,55.66,27.83
9854,"2023-02-19","2025-08-04",897,3,386.28,1158.83,386.28
9856,"2020-02-18","2025-08-25",2015,4,48.56,194.24,48.56
9857,"2022-11-10","2022-11-10",0,1,71.90,71.90,71.90
9858,"2023-01-23","2023-01-23",0,1,14.98,14.98,14.98
9859,"2022-04-21","2025-08-25",1222,2,185.95,371.89,185.95
9860,"2020-12-24","2024-05-27",1250,3,140.70,422.10,140.70
9863,"2020-05-25","2025-03-15",1755,2,158.40,316.79,158.40
9864,"2020-10-27","2023-07-28",1004,2,128.58,257.16,128.58
9865,"2022-08-26","2022-08-26",0,1,143.84,143.84,143.84
9866,"2021-07-12","2021-07-12",0,1,129.77,129.77,129.77
9867,"2024-05-23","2024-05-23",0,1,121.59,121.59,121.59
9868,"2025-05-14","2025-05-14",0,1,176.52,176.52,176.52
9869,"2023-01-15","2023-01-15",0,1,181.02,181.02,181.02
9871,"2024-04-04","2024-04-04",0,1,129.38,129.38,129.38
9872,"2024-04-16","2024-04-16",0,1,46.39,46.39,46.39
9873,"2021-04-12","2021-04-12",0,1,121.73,121.73,121.73
9874,"2023-08-05","2025-07-06",701,3,54.68,164.05,54.68
9875,"2021-02-20","2022-08-01",527,3,83.86,251.59,83.86
9876,"2024-07-05","2025-08-09",400,3,140.45,421.35,140.45
9877,"2020-01-01","2020-05-21",141,3,249.16,747.47,249.16
9878,"2023-02-22","2023-02-22",0,1,55.64,55.64,55.64
9879,"2020-01-01","2022-02-02",763,3,116.83,350.48,116.83
9880,"2020-11-21","2020-11-21",0,1,10.97,10.97,10.97
9881,"2020-05-18","2024-06-08",1482,3,129.65,388.94,129.65
9884,"2021-10-24","2024-11-27",1130,4,162.51,650.02,162.51
9889,"2025-07-05","2025-07-05",0,1,214.85,214.85,214.85
9891,"2023-04-22","2023-04-22",0,1,209.09,209.09,209.09
9892,"2022-07-11","2024-07-05",725,4,158.90,635.61,158.90
9893,"2021-04-01","2023-09-03",885,2,140.10,280.20,140.10
9895,"2020-12-25","2025-07-21",1669,4,96.53,386.11,96.53
9896,"2021-06-11","2023-01-10",578,3,151.45,454.35,151.45
9897,"2023-02-16","2025-01-11",695,2,152.66,305.31,152.66
9898,"2021-01-26","2021-01-26",0,1,82.07,82.07,82.07
9899,"2022-10-26","2024-10-09",714,3,121.39,364.16,121.39
9901,"2023-06-04","2024-08-05",428,2,32.44,64.87,32.44
9902,"2025-04-07","2025-04-07",0,1,126.45,126.45,126.45
9903,"2025-10-25","2025-10-25",0,1,71.51,71.51,71.51
9907,"2021-06-14","2021-07-05",21,2,98.58,197.16,98.58
9908,"2020-01-04","2023-12-06",1432,2,242.00,483.99,242.00
9909,"2022-10-28","2022-10-28",0,1,90.91,90.91,90.91
9910,"2023-02-17","2025-03-30",772,2,80.90,161.80,80.90
9911,"2020-08-03","2020-08-03",0,1,126.96,126.96,126.96
9912,"2022-11-15","2025-04-08",875,3,726.14,2178.43,726.14
9913,"2022-08-27","2023-06-09",286,2,179.42,358.84,179.42
9914,"2021-05-19","2021-05-19",0,1,28.84,28.84,28.84
9916,"2023-07-02","2023-07-02",0,1,195.10,195.10,195.10
9917,"2020-12-02","2021-07-13",223,2,42.55,85.10,42.55
9918,"2020-02-28","2022-01-16",688,2,225.19,450.38,225.19
9919,"2021-07-25","2025-10-01",1529,3,96.56,289.68,96.56
9920,"2024-06-16","2024-06-16",0,1,10.60,10.60,10.60
9921,"2023-06-23","2023-12-05",165,2,58.97,117.93,58.97
9922,"2021-02-20","2024-01-11",1055,2,272.45,544.89,272.45
9923,"2021-06-08","2024-08-19",1168,2,105.47,210.94,105.47
9925,"2025-02-16","2025-02-16",0,1,37.12,37.12,37.12
9928,"2022-07-07","2022-07-07",0,1,67.39,67.39,67.39
9929,"2020-06-18","2020-06-18",0,1,27.24,27.24,27.24
9930,"2021-01-04","2021-01-04",0,1,105.35,105.35,105.35
9931,"2022-10-25","2023-11-23",394,2,114.15,228.30,114.15
9933,"2021-01-08","2025-04-21",1564,3,100.97,302.90,100.97
9934,"2022-05-12","2022-05-12",0,1,88.59,88.59,88.59
9935,"2021-08-27","2021-08-27",0,1,118.71,118.71,118.71
9936,"2021-07-22","2025-02-28",1317,2,127.99,255.98,127.99
9937,"2022-12-14","2024-08-09",604,2,26.78,53.56,26.78
9938,"2020-10-19","2024-06-11",1331,2,242.18,484.36,242.18
9940,"2024-01-18","2024-01-18",0,1,40.73,40.73,40.73
9941,"2020-10-28","2025-08-13",1750,3,114.81,344.43,114.81
9942,"2020-03-22","2020-03-22",0,1,204.12,204.12,204.12
9943,"2021-04-25","2021-04-25",0,1,12.02,12.02,12.02
9944,"2021-05-28","2021-07-16",49,2,81.33,162.65,81.33
9945,"2020-05-21","2023-12-29",1317,2,132.11,264.22,132.11
9946,"2020-10-23","2025-10-26",1829,6,106.93,641.59,106.93
9947,"2021-04-27","2021-04-27",0,1,65.27,65.27,65.27
9949,"2021-09-09","2024-06-21",1016,3,115.12,345.37,115.12
9950,"2021-03-14","2024-01-26",1048,4,164.72,658.87,164.72
9953,"2023-09-01","2025-03-16",562,3,69.18,207.54,69.18
9955,"2023-03-21","2023-03-21",0,1,41.13,41.13,41.13
9956,"2020-02-07","2021-01-30",358,2,31.98,63.95,31.98
9957,"2023-06-01","2025-08-11",802,2,257.89,515.77,257.89
9958,"2020-01-16","2022-12-01",1050,2,111.67,223.33,111.67
9959,"2020-01-25","2022-08-05",923,3,179.87,539.62,179.87
9960,"2022-01-22","2022-01-22",0,1,23.72,23.72,23.72
9961,"2020-04-18","2022-05-12",754,3,145.50,436.49,145.50
9962,"2024-11-27","2024-11-27",0,1,143.48,143.48,143.48
9963,"2022-03-21","2025-10-07",1296,4,212.50,850.00,212.50
9965,"2020-02-19","2023-02-10",1087,2,162.90,325.79,162.90
9966,"2020-04-07","2020-04-07",0,1,63.25,63.25,63.25
9968,"2021-12-16","2022-11-22",341,2,156.35,312.70,156.35
9969,"2022-07-13","2022-07-25",12,2,166.38,332.76,166.38
9971,"2021-03-28","2025-04-14",1478,3,56.54,169.61,56.54
9972,"2022-01-27","2025-07-24",1274,2,159.32,318.64,159.32
9974,"2023-12-09","2023-12-09",0,1,12.08,12.08,12.08
9975,"2020-06-09","2023-10-10",1218,2,88.11,176.22,88.11
9977,"2021-01-01","2021-01-01",0,1,76.04,76.04,76.04
9978,"2020-07-08","2023-09-17",1166,2,47.51,95.01,47.51
9979,"2020-10-15","2025-09-20",1801,2,93.66,187.31,93.66
9980,"2024-10-20","2024-10-20",0,1,53.94,53.94,53.94
9981,"2021-03-04","2022-04-15",407,3,89.37,268.12,89.37
9982,"2020-12-11","2024-05-10",1246,4,203.77,815.08,203.77
9983,"2023-07-16","2023-07-16",0,1,95.18,95.18,95.18
9984,"2024-02-21","2025-10-23",610,3,74.22,222.65,74.22
9985,"2022-09-13","2022-09-13",0,1,48.21,48.21,48.21
9986,"2021-11-22","2022-06-24",214,2,225.91,451.82,225.91
9987,"2021-02-07","2023-12-31",1057,2,156.60,313.20,156.60
9988,"2022-04-05","2022-09-28",176,2,103.05,206.10,103.05
9989,"2020-05-25","2025-09-29",1953,3,55.92,167.75,55.92
9990,"2020-05-11","2025-05-25",1840,3,124.73,374.18,124.73
9991,"2020-02-26","2022-09-19",936,2,163.16,326.32,163.16
9993,"2020-08-08","2024-08-12",1465,4,159.21,636.83,159.21
9994,"2020-07-26","2021-05-25",303,2,35.16,70.31,35.16
9997,"2025-10-01","2025-10-01",0,1,6.51,6.51,6.51
9999,"2021-12-22","2021-12-22",0,1,273.62,273.62,273.62
10000,"2021-10-04","2021-10-04",0,1,150.46,150.46,150.46
10001,"2023-12-11","2023-12-11",0,1,182.49,182.49,182.49
10002,"2020-09-10","2024-02-08",1246,5,113.02,565.08,113.02
10003,"2022-08-03","2022-08-03",0,1,30.40,30.40,30.40
10004,"2023-02-24","2025-05-18",814,2,36.88,73.76,36.88
10005,"2020-04-25","2025-07-01",1893,3,65.55,196.64,65.55
10006,"2022-05-28","2022-05-28",0,1,71.95,71.95,71.95
10007,"2021-08-26","2025-04-26",1339,3,73.06,219.19,73.06
10008,"2021-10-19","2023-06-28",617,3,41.96,125.87,41.96
10011,"2021-02-21","2024-08-06",1262,2,54.67,109.33,54.67
10012,"2022-09-04","2022-09-04",0,1,31.54,31.54,31.54
10013,"2020-03-25","2024-03-22",1458,2,318.49,636.98,318.49
10014,"2020-09-03","2020-09-03",0,1,28.92,28.92,28.92
10015,"2022-05-11","2022-05-11",0,1,72.89,72.89,72.89
10017,"2020-01-29","2024-06-17",1601,3,38.47,115.42,38.47
10018,"2020-01-25","2020-01-25",0,1,64.43,64.43,64.43
10019,"2023-02-11","2023-02-11",0,1,102.81,102.81,102.81
10020,"2021-05-23","2024-05-05",1078,2,97.17,194.34,97.17
10021,"2024-07-02","2024-11-05",126,2,83.78,167.55,83.78
10023,"2020-02-16","2025-08-06",1998,4,69.63,278.53,69.63
10025,"2024-01-10","2024-01-10",0,1,60.57,60.57,60.57
10026,"2021-05-11","2023-05-29",748,3,124.79,374.38,124.79
10027,"2020-02-04","2023-05-29",1210,2,53.33,106.65,53.33
10028,"2020-11-24","2020-11-24",0,1,31.66,31.66,31.66
10029,"2024-05-19","2024-05-19",0,1,29.76,29.76,29.76
10030,"2021-03-04","2024-10-21",1327,2,176.89,353.78,176.89
10031,"2020-06-15","2024-07-24",1500,2,440.36,880.71,440.36
10032,"2021-02-17","2024-07-14",1243,4,49.69,198.74,49.69
10033,"2021-12-07","2021-12-07",0,1,143.35,143.35,143.35
10034,"2020-11-17","2020-11-17",0,1,40.67,40.67,40.67
10035,"2023-02-01","2023-02-01",0,1,436.46,436.46,436.46
10036,"2020-10-09","2020-10-09",0,1,79.76,79.76,79.76
10037,"2021-10-21","2022-04-29",190,2,94.17,188.34,94.17
10039,"2020-05-17","2020-05-17",0,1,81.23,81.23,81.23
10040,"2022-12-29","2022-12-29",0,1,110.25,110.25,110.25
10041,"2020-07-31","2021-03-23",235,2,134.26,268.51,134.26
10042,"2022-01-08","2023-05-21",498,2,340.13,680.25,340.13
10043,"2021-06-22","2024-12-30",1287,3,397.51,1192.54,397.51
10044,"2020-06-21","2020-06-21",0,1,455.45,455.45,455.45
10045,"2022-08-13","2024-08-13",731,2,269.55,539.10,269.55
10046,"2021-12-01","2024-08-03",976,2,71.12,142.23,71.12
10047,"2020-11-07","2020-11-07",0,1,17.19,17.19,17.19
10048,"2020-01-17","2025-04-18",1918,2,199.36,398.72,199.36
10049,"2020-08-22","2024-12-26",1587,3,114.09,342.26,114.09
10050,"2021-07-28","2025-10-23",1548,3,232.81,698.42,232.81
10051,"2024-04-24","2024-07-10",77,2,28.14,56.28,28.14
10052,"2024-01-07","2024-12-04",332,2,293.91,587.81,293.91
10053,"2025-02-06","2025-03-08",30,2,147.94,295.87,147.94
10054,"2024-11-24","2024-12-19",25,2,105.76,211.51,105.76
10055,"2021-10-22","2024-10-21",1095,2,111.77,223.53,111.77
10056,"2020-08-01","2024-06-21",1420,3,124.53,373.58,124.53
10057,"2020-03-12","2024-12-29",1753,2,162.11,324.22,162.11
10058,"2023-02-25","2023-02-25",0,1,15.18,15.18,15.18
10059,"2021-10-13","2021-10-13",0,1,302.89,302.89,302.89
10060,"2020-07-06","2025-09-14",1896,5,54.80,273.99,54.80
10061,"2020-01-30","2023-09-25",1334,2,294.53,589.05,294.53
10062,"2025-02-24","2025-02-24",0,1,176.38,176.38,176.38
10063,"2021-05-30","2021-05-30",0,1,65.69,65.69,65.69
10064,"2021-03-09","2023-08-25",899,3,169.00,507.00,169.00
10065,"2021-01-21","2024-11-14",1393,4,40.40,161.58,40.40
10067,"2022-09-01","2023-03-08",188,2,15.31,30.62,15.31
10068,"2022-02-28","2022-02-28",0,1,30.71,30.71,30.71
10069,"2023-09-26","2024-06-16",264,2,115.17,230.34,115.17
10070,"2020-11-08","2022-04-11",519,2,317.92,635.84,317.92
10071,"2020-09-05","2020-09-05",0,1,424.86,424.86,424.86
10072,"2024-05-18","2024-05-18",0,1,195.69,195.69,195.69
10073,"2024-07-21","2024-07-21",0,1,316.40,316.40,316.40
10074,"2020-04-15","2023-02-17",1038,2,51.94,103.88,51.94
10078,"2023-08-28","2023-08-28",0,1,38.71,38.71,38.71
10080,"2020-05-31","2024-09-02",1555,2,183.17,366.33,183.17
10081,"2020-06-05","2022-12-09",917,4,217.93,871.70,217.93
10082,"2020-08-23","2022-12-22",851,2,128.75,257.49,128.75
10083,"2020-07-26","2024-12-16",1604,2,43.62,87.24,43.62
10085,"2023-09-26","2024-06-27",275,3,26.56,79.68,26.56
10086,"2020-03-22","2020-03-22",0,1,27.21,27.21,27.21
10087,"2024-01-31","2024-01-31",0,1,177.81,177.81,177.81
10089,"2020-06-09","2024-11-25",1630,2,132.30,264.60,132.30
10091,"2022-04-12","2024-07-10",820,3,74.26,222.78,74.26
10093,"2020-02-01","2020-04-28",87,2,129.30,258.59,129.30
10094,"2021-02-04","2025-03-24",1509,2,80.33,160.65,80.33
10095,"2020-01-27","2024-10-30",1738,4,47.62,190.47,47.62
10096,"2023-08-02","2024-05-05",277,3,50.13,150.40,50.13
10097,"2022-08-10","2022-08-10",0,1,44.20,44.20,44.20
10098,"2022-11-08","2022-11-08",0,1,174.73,174.73,174.73
10101,"2021-03-29","2025-04-19",1482,2,58.48,116.96,58.48
10104,"2021-07-25","2024-04-12",992,3,132.44,397.31,132.44
10107,"2025-06-13","2025-06-13",0,1,36.96,36.96,36.96
10109,"2021-04-21","2021-06-05",45,2,34.90,69.79,34.90
10111,"2021-03-19","2021-06-03",76,2,110.81,221.61,110.81
10112,"2020-07-06","2020-07-06",0,1,43.83,43.83,43.83
10113,"2021-04-11","2023-12-20",983,3,61.76,185.29,61.76
10114,"2021-07-11","2021-07-11",0,1,135.36,135.36,135.36
10115,"2021-07-18","2024-02-27",954,2,93.80,187.59,93.80
10116,"2020-01-04","2024-02-11",1499,3,33.35,100.04,33.35
10117,"2022-07-09","2025-10-27",1206,3,32.20,96.59,32.20
10118,"2020-01-29","2024-12-21",1788,4,70.57,282.26,70.57
10119,"2020-05-29","2022-12-20",935,3,112.84,338.53,112.84
10120,"2022-06-01","2024-06-02",732,4,92.04,368.15,92.04
10121,"2023-04-22","2023-09-16",147,2,70.45,140.89,70.45
10124,"2023-04-09","2025-06-23",806,3,98.08,294.23,98.08
10125,"2021-08-08","2021-08-08",0,1,48.02,48.02,48.02
10126,"2022-08-15","2025-09-05",1117,3,145.94,437.83,145.94
10127,"2023-03-02","2024-09-15",563,2,25.39,50.77,25.39
10129,"2024-10-22","2024-10-22",0,1,149.99,149.99,149.99
10130,"2021-01-01","2023-06-04",884,2,272.78,545.56,272.78
10131,"2025-06-06","2025-06-06",0,1,55.73,55.73,55.73
10132,"2022-01-04","2022-01-04",0,1,334.07,334.07,334.07
10133,"2024-03-09","2024-03-09",0,1,221.58,221.58,221.58
10134,"2021-01-05","2024-08-06",1309,4,134.35,537.38,134.35
10136,"2022-02-15","2024-05-13",818,3,226.09,678.27,226.09
10137,"2024-06-03","2025-10-24",508,2,92.80,185.59,92.80
10138,"2020-08-05","2020-08-05",0,1,194.99,194.99,194.99
10139,"2020-02-06","2023-03-05",1123,6,153.63,921.76,153.63
10140,"2023-07-10","2023-07-10",0,1,192.38,192.38,192.38
10141,"2020-05-27","2024-03-22",1395,2,195.00,390.00,195.00
10142,"2022-06-22","2022-06-22",0,1,44.05,44.05,44.05
10143,"2020-06-25","2020-06-25",0,1,102.09,102.09,102.09
10144,"2020-10-21","2023-12-13",1148,3,91.79,275.38,91.79
10145,"2024-02-20","2024-09-30",223,2,260.40,520.79,260.40
10146,"2020-09-08","2023-05-02",966,4,100.28,401.13,100.28
10148,"2021-07-20","2025-05-09",1389,4,70.70,282.78,70.70
10149,"2020-08-02","2020-10-12",71,2,110.81,221.61,110.81
10150,"2021-07-22","2021-07-22",0,1,122.51,122.51,122.51
10151,"2023-11-09","2023-11-09",0,1,51.37,51.37,51.37
10152,"2022-10-19","2022-10-19",0,1,387.14,387.14,387.14
10153,"2024-11-17","2025-09-02",289,3,114.50,343.51,114.50
10154,"2020-02-15","2024-01-11",1426,2,136.31,272.62,136.31
10155,"2024-12-20","2025-08-03",226,2,75.67,151.33,75.67
10156,"2021-05-30","2025-05-30",1461,5,94.82,474.12,94.82
10157,"2022-02-13","2023-08-09",542,3,243.03,729.08,243.03
10158,"2023-01-03","2024-03-31",453,2,54.89,109.78,54.89
10159,"2021-08-11","2023-06-29",687,2,90.50,180.99,90.50
10160,"2025-09-06","2025-09-06",0,1,86.73,86.73,86.73
10161,"2020-11-25","2020-11-25",0,1,55.02,55.02,55.02
10162,"2020-06-01","2024-12-22",1665,3,179.46,538.37,179.46
10163,"2021-01-31","2022-07-01",516,2,66.12,132.23,66.12
10164,"2025-07-27","2025-07-27",0,1,115.72,115.72,115.72
10165,"2021-09-14","2021-09-14",0,1,29.83,29.83,29.83
10166,"2021-04-01","2021-04-01",0,1,19.46,19.46,19.46
10167,"2025-04-11","2025-04-11",0,1,360.91,360.91,360.91
10168,"2021-01-29","2024-09-01",1311,3,76.04,228.13,76.04
10169,"2021-09-23","2023-12-05",803,4,131.82,527.29,131.82
10170,"2021-01-19","2023-05-22",853,3,122.34,367.02,122.34
10172,"2020-09-06","2024-05-20",1352,3,77.49,232.48,77.49
10173,"2020-03-17","2025-06-25",1926,5,95.81,479.03,95.81
10174,"2020-05-06","2020-05-06",0,1,70.59,70.59,70.59
10175,"2024-12-11","2024-12-11",0,1,21.51,21.51,21.51
10176,"2024-02-01","2025-09-28",605,2,87.90,175.80,87.90
10178,"2021-03-07","2023-09-05",912,2,167.80,335.60,167.80
10179,"2025-07-09","2025-07-09",0,1,58.26,58.26,58.26
10180,"2024-05-30","2024-05-30",0,1,68.67,68.67,68.67
10181,"2021-12-25","2021-12-25",0,1,187.14,187.14,187.14
10183,"2025-10-13","2025-10-13",0,1,27.10,27.10,27.10
10184,"2025-07-02","2025-07-02",0,1,126.68,126.68,126.68
10185,"2021-12-30","2022-04-19",110,2,227.50,455.00,227.50
10186,"2022-02-24","2025-04-26",1157,4,72.40,289.58,72.40
10188,"2021-05-07","2021-05-07",0,1,66.60,66.60,66.60
10189,"2021-05-22","2021-05-22",0,1,143.16,143.16,143.16
10190,"2020-10-04","2024-02-08",1222,3,29.74,89.23,29.74
10191,"2021-05-21","2024-06-18",1124,2,113.42,226.84,113.42
10192,"2025-04-18","2025-04-18",0,1,63.56,63.56,63.56
10194,"2023-03-30","2023-03-30",0,1,38.71,38.71,38.71
10195,"2021-01-04","2021-03-29",84,2,97.58,195.15,97.58
10196,"2022-08-30","2025-09-06",1103,4,146.97,587.86,146.97
10197,"2020-03-04","2024-12-23",1755,7,76.25,533.78,76.25
10199,"2022-07-11","2023-05-21",314,2,177.63,355.26,177.63
10200,"2021-05-24","2021-05-24",0,1,499.90,499.90,499.90
10202,"2020-01-14","2022-07-25",923,4,160.42,641.67,160.42
10203,"2023-10-19","2025-07-13",633,3,97.42,292.27,97.42
10204,"2020-02-14","2025-09-05",2030,5,46.26,231.29,46.26
10206,"2022-12-09","2022-12-09",0,1,75.98,75.98,75.98
10207,"2021-05-26","2024-02-23",1003,2,83.96,167.92,83.96
10208,"2022-04-19","2024-04-14",726,2,15.58,31.16,15.58
10210,"2021-10-10","2021-10-10",0,1,98.21,98.21,98.21
10211,"2021-10-01","2021-10-01",0,1,219.85,219.85,219.85
10212,"2021-01-23","2021-01-23",0,1,78.93,78.93,78.93
10213,"2020-09-25","2024-04-29",1312,3,149.96,449.88,149.96
10214,"2020-03-04","2025-04-08",1861,3,174.53,523.60,174.53
10215,"2020-08-20","2025-02-01",1626,3,106.90,320.70,106.90
10217,"2020-06-07","2023-06-05",1093,3,88.66,265.97,88.66
10218,"2022-08-27","2025-09-03",1103,2,33.64,67.27,33.64
10220,"2020-01-04","2023-10-04",1369,4,217.57,870.29,217.57
10221,"2020-10-11","2022-04-13",549,3,103.56,310.69,103.56
10222,"2020-06-28","2025-09-16",1906,6,97.56,585.37,97.56
10223,"2022-06-29","2022-06-29",0,1,55.14,55.14,55.14
10224,"2021-11-28","2021-11-28",0,1,77.70,77.70,77.70
10225,"2022-11-22","2024-11-06",715,2,199.87,399.74,199.87
10226,"2023-08-21","2023-08-21",0,1,58.82,58.82,58.82
10228,"2020-12-23","2025-04-10",1569,3,219.82,659.45,219.82
10229,"2022-09-03","2022-09-03",0,1,5.23,5.23,5.23
10230,"2022-04-18","2024-09-27",893,3,31.83,95.49,31.83
10231,"2020-06-09","2024-09-04",1548,2,117.24,234.47,117.24
10232,"2021-07-28","2025-06-20",1423,2,33.70,67.40,33.70
10233,"2021-02-21","2022-07-14",508,2,79.56,159.11,79.56
10234,"2020-07-02","2023-09-10",1165,4,32.90,131.61,32.90
10235,"2023-01-22","2024-01-13",356,2,92.99,185.98,92.99
10237,"2021-03-28","2021-03-28",0,1,164.45,164.45,164.45
10238,"2022-02-06","2025-06-28",1238,2,78.02,156.03,78.02
10239,"2020-04-22","2023-01-14",997,2,146.38,292.76,146.38
10240,"2020-12-23","2025-06-21",1641,5,110.37,551.87,110.37
10242,"2022-07-23","2022-07-23",0,1,576.15,576.15,576.15
10243,"2025-04-16","2025-04-16",0,1,77.21,77.21,77.21
10245,"2023-10-01","2024-07-25",298,3,222.16,666.49,222.16
10247,"2021-06-12","2024-01-04",936,3,213.64,640.93,213.64
10248,"2020-07-25","2020-07-25",0,1,304.83,304.83,304.83
10249,"2020-05-06","2025-02-08",1739,2,174.50,348.99,174.50
10250,"2023-06-06","2023-06-06",0,1,70.14,70.14,70.14
10251,"2020-12-15","2022-09-20",644,3,208.15,624.46,208.15
10252,"2020-08-29","2024-06-15",1386,2,48.97,97.94,48.97
10253,"2022-09-30","2025-09-10",1076,3,71.61,214.83,71.61
10254,"2020-04-09","2024-11-25",1691,3,149.76,449.27,149.76
10255,"2020-01-19","2022-01-29",741,3,41.35,124.06,41.35
10256,"2021-03-20","2021-10-23",217,2,114.34,228.67,114.34
10257,"2024-07-12","2024-07-12",0,1,157.39,157.39,157.39
10258,"2022-05-16","2025-04-09",1059,4,25.87,103.48,25.87
10259,"2023-02-18","2023-02-18",0,1,194.54,194.54,194.54
10262,"2020-01-20","2024-10-21",1736,4,76.78,307.12,76.78
10264,"2020-05-12","2023-05-03",1086,2,128.37,256.73,128.37
10266,"2020-02-20","2024-12-23",1768,2,997.16,1994.32,997.16
10267,"2022-08-21","2025-10-01",1137,2,278.49,556.98,278.49
10268,"2022-02-11","2025-10-19",1346,3,120.20,360.60,120.20
10270,"2020-06-24","2025-03-03",1713,3,264.06,792.17,264.06
10271,"2021-12-10","2024-07-28",961,3,153.28,459.84,153.28
10272,"2021-04-20","2025-09-17",1611,3,72.22,216.65,72.22
10273,"2025-07-21","2025-07-21",0,1,434.44,434.44,434.44
10274,"2023-08-30","2025-02-23",543,2,140.22,280.43,140.22
10277,"2022-05-19","2023-08-14",452,2,242.53,485.05,242.53
10278,"2020-05-03","2024-12-19",1691,4,127.23,508.92,127.23
10279,"2021-12-28","2023-08-24",604,2,121.26,242.52,121.26
10280,"2020-10-25","2020-10-25",0,1,43.61,43.61,43.61
10281,"2024-07-03","2024-07-03",0,1,175.96,175.96,175.96
10282,"2023-05-01","2023-05-01",0,1,233.86,233.86,233.86
10284,"2022-02-12","2023-03-20",401,3,68.90,206.69,68.90
10285,"2021-05-15","2024-06-22",1134,2,96.80,193.59,96.80
10286,"2022-01-01","2022-01-01",0,1,19.83,19.83,19.83
10287,"2023-02-11","2023-02-11",0,1,47.00,47.00,47.00
10288,"2023-11-25","2023-11-25",0,1,27.51,27.51,27.51
10289,"2020-07-27","2020-07-27",0,1,7.70,7.70,7.70
10291,"2020-06-21","2020-08-26",66,2,296.72,593.44,296.72
10292,"2023-12-09","2023-12-09",0,1,170.07,170.07,170.07
10293,"2021-10-26","2021-10-26",0,1,31.63,31.63,31.63
10294,"2020-07-28","2025-10-28",1918,6,158.45,950.69,158.45
10295,"2023-04-04","2024-04-03",365,2,284.24,568.48,284.24
10296,"2020-05-15","2020-05-15",0,1,95.79,95.79,95.79
10297,"2020-01-09","2022-01-04",726,2,34.89,69.77,34.89
10298,"2020-02-04","2020-02-04",0,1,215.09,215.09,215.09
10299,"2022-02-27","2023-09-28",578,3,185.11,555.34,185.11
10300,"2020-08-13","2020-08-13",0,1,29.43,29.43,29.43
10301,"2021-04-27","2021-04-27",0,1,331.73,331.73,331.73
10302,"2024-04-03","2024-04-03",0,1,294.66,294.66,294.66
10304,"2021-11-15","2021-11-15",0,1,479.46,479.46,479.46
10305,"2023-04-14","2023-04-14",0,1,46.92,46.92,46.92
10306,"2022-03-06","2022-03-06",0,1,85.04,85.04,85.04
10307,"2021-01-12","2023-03-20",797,2,37.43,74.85,37.43
10310,"2024-12-15","2024-12-15",0,1,73.21,73.21,73.21
10311,"2021-04-22","2021-04-22",0,1,98.12,98.12,98.12
10312,"2022-07-29","2022-07-29",0,1,27.52,27.52,27.52
10313,"2021-08-24","2025-08-20",1457,4,124.45,497.80,124.45
10314,"2023-01-04","2023-01-04",0,1,108.81,108.81,108.81
10315,"2023-08-26","2023-08-26",0,1,4.22,4.22,4.22
10316,"2021-07-25","2021-07-25",0,1,142.24,142.24,142.24
10318,"2020-03-30","2020-03-30",0,1,46.12,46.12,46.12
10320,"2025-01-28","2025-01-28",0,1,119.14,119.14,119.14
10322,"2024-05-13","2024-05-13",0,1,14.82,14.82,14.82
10323,"2024-05-31","2024-05-31",0,1,6.32,6.32,6.32
10324,"2021-07-28","2021-07-28",0,1,42.97,42.97,42.97
10325,"2020-07-17","2025-05-11",1759,4,76.43,305.70,76.43
10326,"2021-10-02","2022-12-17",441,2,201.14,402.27,201.14
10327,"2021-02-06","2024-08-18",1289,4,52.48,209.93,52.48
10329,"2020-09-15","2024-12-30",1567,3,97.44,292.33,97.44
10330,"2021-12-02","2021-12-02",0,1,16.56,16.56,16.56
10332,"2021-07-07","2021-07-07",0,1,28.18,28.18,28.18
10333,"2020-11-19","2024-04-12",1240,4,86.00,344.00,86.00
10334,"2021-07-20","2025-02-26",1317,2,199.87,399.73,199.87
10335,"2021-08-07","2021-08-07",0,1,118.52,118.52,118.52
10336,"2021-08-10","2021-08-10",0,1,53.32,53.32,53.32
10337,"2024-05-30","2024-05-30",0,1,17.18,17.18,17.18
10338,"2025-10-31","2025-10-31",0,1,39.58,39.58,39.58
10339,"2021-02-11","2024-11-05",1363,2,116.67,233.34,116.67
10340,"2022-10-23","2022-10-23",0,1,16.34,16.34,16.34
10341,"2023-05-30","2023-05-30",0,1,30.62,30.62,30.62
10342,"2022-03-13","2025-06-22",1197,3,641.75,1925.25,641.75
10343,"2022-08-05","2022-08-05",0,1,94.66,94.66,94.66
10345,"2021-02-05","2021-07-06",151,2,308.26,616.51,308.26
10346,"2025-08-05","2025-08-05",0,1,63.69,63.69,63.69
10350,"2023-06-26","2025-03-18",631,3,192.97,578.92,192.97
10351,"2025-09-22","2025-10-22",30,2,148.07,296.13,148.07
10352,"2020-02-03","2020-11-03",274,2,77.42,154.83,77.42
10354,"2020-08-04","2024-05-26",1391,2,93.09,186.18,93.09
10355,"2020-05-10","2020-05-10",0,1,206.80,206.80,206.80
10356,"2022-04-29","2025-05-14",1111,2,162.88,325.76,162.88
10358,"2021-08-03","2021-08-03",0,1,140.78,140.78,140.78
10359,"2022-11-18","2025-02-06",811,3,236.53,709.59,236.53
10360,"2022-08-01","2024-09-20",781,2,50.12,100.24,50.12
10362,"2022-02-12","2024-10-21",982,4,90.13,360.50,90.13
10363,"2020-12-23","2021-03-19",86,2,57.11,114.22,57.11
10365,"2020-02-23","2025-04-16",1879,4,250.89,1003.54,250.89
10366,"2022-09-13","2024-04-26",591,3,40.06,120.18,40.06
10369,"2021-01-25","2021-01-25",0,1,70.34,70.34,70.34
10370,"2023-10-06","2024-06-24",262,2,118.83,237.65,118.83
10372,"2020-07-23","2025-05-29",1771,6,140.99,845.92,140.99
10373,"2020-08-04","2020-08-04",0,1,75.92,75.92,75.92
10374,"2023-01-12","2023-01-12",0,1,28.03,28.03,28.03
10375,"2024-05-04","2024-05-04",0,1,28.57,28.57,28.57
10376,"2025-03-02","2025-03-02",0,1,74.16,74.16,74.16
10378,"2020-06-21","2024-09-19",1551,2,338.08,676.15,338.08
10379,"2024-07-29","2024-07-29",0,1,53.61,53.61,53.61
10380,"2022-11-06","2022-11-06",0,1,225.15,225.15,225.15
10381,"2024-03-19","2024-04-09",21,2,15.23,30.46,15.23
10382,"2025-09-18","2025-09-18",0,1,56.94,56.94,56.94
10385,"2025-05-28","2025-08-28",92,2,199.16,398.31,199.16
10386,"2021-01-19","2023-05-29",860,2,115.10,230.19,115.10
10387,"2025-03-01","2025-03-01",0,1,8.15,8.15,8.15
10388,"2024-05-26","2024-05-26",0,1,49.16,49.16,49.16
10389,"2020-05-26","2024-07-06",1502,3,174.31,522.94,174.31
10390,"2020-01-16","2023-11-20",1404,2,182.55,365.09,182.55
10391,"2021-02-04","2021-02-04",0,1,30.13,30.13,30.13
10392,"2022-10-07","2023-01-01",86,4,218.21,872.85,218.21
10393,"2024-11-08","2024-11-08",0,1,88.54,88.54,88.54
10394,"2024-01-26","2025-05-18",478,3,58.91,176.74,58.91
10395,"2020-03-03","2023-04-14",1137,4,98.44,393.77,98.44
10396,"2023-02-01","2024-02-06",370,2,125.51,251.01,125.51
10397,"2024-06-13","2025-08-03",416,3,100.20,300.61,100.20
10398,"2021-11-22","2021-11-22",0,1,148.57,148.57,148.57
10399,"2024-03-02","2025-04-23",417,2,250.26,500.51,250.26
10400,"2021-07-17","2024-12-20",1252,2,63.89,127.78,63.89
10401,"2021-04-20","2025-06-06",1508,3,182.71,548.13,182.71
10402,"2022-11-10","2022-11-10",0,1,19.58,19.58,19.58
10403,"2020-03-11","2024-10-28",1692,4,131.41,525.65,131.41
10404,"2021-09-12","2021-09-12",0,1,25.53,25.53,25.53
10406,"2023-08-25","2025-08-06",712,5,124.19,620.96,124.19
10407,"2020-05-05","2025-08-22",1935,2,102.64,205.27,102.64
10409,"2021-10-29","2025-08-03",1374,4,186.33,745.33,186.33
10410,"2021-04-25","2021-07-29",95,2,103.56,207.11,103.56
10411,"2021-04-27","2022-08-17",477,3,107.11,321.33,107.11
10412,"2022-12-05","2023-03-17",102,2,35.25,70.49,35.25
10413,"2022-03-04","2024-12-13",1015,3,56.25,168.74,56.25
10414,"2020-02-21","2025-07-24",1980,4,152.32,609.28,152.32
10416,"2021-05-18","2021-05-18",0,1,162.55,162.55,162.55
10417,"2024-04-14","2024-04-14",0,1,21.08,21.08,21.08
10418,"2021-09-30","2021-09-30",0,1,97.36,97.36,97.36
10419,"2024-10-08","2024-10-08",0,1,41.26,41.26,41.26
10420,"2020-03-30","2021-03-10",345,2,341.23,682.45,341.23
10421,"2025-07-25","2025-07-25",0,1,316.24,316.24,316.24
10422,"2024-01-03","2024-01-03",0,1,113.75,113.75,113.75
10423,"2021-01-08","2025-05-01",1574,3,81.91,245.74,81.91
10424,"2020-06-04","2020-06-26",22,2,325.70,651.40,325.70
10425,"2020-04-10","2022-06-30",811,2,197.34,394.67,197.34
10426,"2023-06-23","2024-07-01",374,3,217.27,651.80,217.27
10427,"2022-07-14","2024-02-27",593,2,163.26,326.52,163.26
10429,"2020-05-01","2023-07-31",1186,2,226.98,453.96,226.98
10430,"2024-06-19","2025-05-27",342,2,33.95,67.89,33.95
10431,"2020-01-12","2021-09-02",599,2,126.43,252.86,126.43
10432,"2020-09-11","2021-05-09",240,2,108.00,215.99,108.00
10433,"2020-12-01","2020-12-01",0,1,27.15,27.15,27.15
10434,"2024-05-26","2024-05-26",0,1,267.28,267.28,267.28
10435,"2022-12-08","2022-12-08",0,1,142.46,142.46,142.46
10436,"2022-05-02","2025-08-09",1195,2,35.05,70.09,35.05
10437,"2023-07-08","2023-07-08",0,1,43.24,43.24,43.24
10438,"2020-09-08","2021-01-10",124,2,61.34,122.67,61.34
10439,"2022-04-12","2022-04-12",0,1,12.73,12.73,12.73
10440,"2020-12-13","2023-12-22",1104,2,53.17,106.33,53.17
10441,"2022-08-18","2022-08-18",0,1,240.24,240.24,240.24
10442,"2023-10-20","2024-03-08",140,3,87.21,261.63,87.21
10443,"2020-04-08","2020-04-08",0,1,366.82,366.82,366.82
10446,"2021-06-20","2021-06-20",0,1,46.92,46.92,46.92
10447,"2023-10-24","2025-04-28",552,2,139.33,278.65,139.33
10448,"2020-05-08","2023-04-19",1076,5,55.81,279.03,55.81
10449,"2021-02-16","2024-11-14",1367,4,110.40,441.60,110.40
10450,"2025-03-05","2025-03-05",0,1,121.14,121.14,121.14
10451,"2023-07-26","2023-07-26",0,1,87.59,87.59,87.59
10453,"2021-01-26","2021-01-26",0,1,11.92,11.92,11.92
10454,"2024-02-09","2024-02-09",0,1,28.04,28.04,28.04
10457,"2022-10-16","2024-08-14",668,4,62.21,248.83,62.21
10460,"2021-03-26","2021-03-26",0,1,37.57,37.57,37.57
10461,"2025-06-05","2025-06-05",0,1,37.51,37.51,37.51
10462,"2022-07-22","2022-07-24",2,2,214.94,429.87,214.94
10463,"2020-10-02","2023-07-17",1018,2,575.63,1151.25,575.63
10464,"2022-02-13","2022-02-13",0,1,38.09,38.09,38.09
10465,"2023-08-15","2023-08-15",0,1,35.23,35.23,35.23
10466,"2021-09-10","2021-09-10",0,1,14.02,14.02,14.02
10468,"2023-02-08","2025-08-29",933,2,43.07,86.14,43.07
10469,"2020-12-05","2024-11-09",1435,2,173.62,347.24,173.62
10470,"2025-05-24","2025-08-18",86,2,124.36,248.71,124.36
10471,"2021-02-18","2021-11-05",260,2,104.63,209.26,104.63
10472,"2025-06-04","2025-06-04",0,1,65.70,65.70,65.70
10473,"2022-08-27","2024-10-04",769,3,303.09,909.26,303.09
10474,"2024-12-15","2024-12-15",0,1,37.90,37.90,37.90
10475,"2021-11-16","2025-03-15",1215,4,162.18,648.70,162.18
10477,"2021-09-07","2025-04-08",1309,4,81.59,326.35,81.59
10478,"2021-03-15","2021-03-15",0,1,34.18,34.18,34.18
10479,"2025-08-16","2025-08-16",0,1,119.11,119.11,119.11
10480,"2023-10-19","2023-10-19",0,1,91.40,91.40,91.40
10481,"2022-02-10","2024-06-26",867,2,164.33,328.66,164.33
10484,"2021-04-14","2021-04-21",7,2,140.57,281.13,140.57
10487,"2021-01-21","2023-07-07",897,2,244.21,488.41,244.21
10488,"2025-03-03","2025-03-03",0,1,109.28,109.28,109.28
10489,"2022-07-12","2022-07-12",0,1,128.81,128.81,128.81
10490,"2020-05-21","2021-02-02",257,2,33.11,66.21,33.11
10491,"2020-07-22","2022-04-05",622,3,93.75,281.25,93.75
10492,"2020-05-26","2020-05-26",0,1,7.35,7.35,7.35
10493,"2020-03-18","2025-09-11",2003,7,229.06,1603.40,229.06
10496,"2022-05-23","2024-07-14",783,5,66.50,332.52,66.50
10497,"2025-05-26","2025-05-26",0,1,27.14,27.14,27.14
10498,"2024-11-19","2024-11-19",0,1,145.18,145.18,145.18
10499,"2020-01-30","2022-11-08",1013,2,120.19,240.37,120.19
10500,"2025-09-19","2025-09-19",0,1,126.28,126.28,126.28
10501,"2020-12-14","2022-02-07",420,3,31.14,93.41,31.14
10502,"2023-01-06","2025-08-18",955,4,352.71,1410.83,352.71
10503,"2021-06-26","2022-10-31",492,2,134.54,269.07,134.54
10504,"2022-01-24","2024-10-09",989,3,201.30,603.89,201.30
10505,"2020-04-06","2020-04-06",0,1,298.63,298.63,298.63
10507,"2022-04-19","2023-08-23",491,2,109.14,218.28,109.14
10508,"2020-03-28","2025-08-18",1969,3,112.70,338.10,112.70
10510,"2020-12-10","2023-11-08",1063,3,130.07,390.21,130.07
10511,"2025-03-12","2025-03-12",0,1,144.95,144.95,144.95
10512,"2022-03-02","2022-03-02",0,1,30.54,30.54,30.54
10514,"2022-06-21","2025-10-14",1211,4,92.38,369.52,92.38
10515,"2021-10-22","2025-01-16",1182,3,34.84,104.53,34.84
10517,"2021-11-17","2021-11-17",0,1,42.28,42.28,42.28
10518,"2022-11-04","2022-11-04",0,1,132.39,132.39,132.39
10519,"2024-09-27","2025-01-10",105,2,111.63,223.26,111.63
10521,"2024-09-16","2025-05-14",240,2,74.90,149.79,74.90
10522,"2020-10-30","2025-09-28",1794,3,50.96,152.88,50.96
10523,"2021-02-26","2024-01-22",1060,3,54.42,163.26,54.42
10524,"2021-05-23","2023-12-11",932,3,55.94,167.83,55.94
10525,"2025-03-14","2025-07-26",134,2,88.65,177.30,88.65
10526,"2021-01-06","2023-10-29",1026,2,188.47,376.94,188.47
10527,"2020-01-25","2024-06-09",1597,2,20.21,40.41,20.21
10528,"2021-05-30","2023-09-15",838,2,54.63,109.26,54.63
10529,"2020-01-16","2020-01-16",0,1,211.96,211.96,211.96
10530,"2020-04-09","2021-06-26",443,2,37.51,75.01,37.51
10531,"2023-05-04","2023-05-04",0,1,23.83,23.83,23.83
10532,"2023-05-06","2025-07-12",798,4,101.88,407.52,101.88
10534,"2022-02-01","2025-07-22",1267,2,106.31,212.61,106.31
10535,"2023-11-01","2023-11-01",0,1,143.95,143.95,143.95
10536,"2021-06-29","2021-06-29",0,1,869.12,869.12,869.12
10537,"2022-03-29","2024-07-01",825,3,155.40,466.19,155.40
10539,"2025-02-27","2025-02-27",0,1,464.89,464.89,464.89
10540,"2022-09-01","2022-09-01",0,1,151.97,151.97,151.97
10542,"2020-05-31","2024-11-28",1642,2,49.48,98.95,49.48
10544,"2021-07-07","2025-07-20",1474,3,111.23,333.69,111.23
10545,"2021-02-01","2025-07-22",1632,4,47.88,191.53,47.88
10547,"2021-03-13","2023-06-01",810,5,249.49,1247.43,249.49
10549,"2020-03-04","2022-09-15",925,4,149.01,596.03,149.01
10551,"2023-08-22","2023-08-22",0,1,72.13,72.13,72.13
10552,"2020-11-25","2020-11-25",0,1,611.11,611.11,611.11
10553,"2023-10-27","2024-07-20",267,2,133.40,266.80,133.40
10554,"2023-10-24","2023-10-24",0,1,165.06,165.06,165.06
10555,"2025-09-26","2025-09-26",0,1,1182.04,1182.04,1182.04
10556,"2021-12-17","2025-03-01",1170,2,19.87,39.74,19.87
10557,"2020-03-06","2021-03-20",379,2,126.61,253.22,126.61
10558,"2020-10-13","2020-10-13",0,1,44.04,44.04,44.04
10559,"2023-05-18","2023-05-18",0,1,214.79,214.79,214.79
10561,"2023-01-02","2025-03-03",791,4,58.95,235.81,58.95
10562,"2020-10-15","2024-01-25",1197,3,124.16,372.48,124.16
10563,"2020-03-01","2020-03-01",0,1,90.57,90.57,90.57
10564,"2025-08-21","2025-08-21",0,1,262.11,262.11,262.11
10565,"2023-12-27","2023-12-27",0,1,962.18,962.18,962.18
10566,"2022-02-17","2022-02-17",0,1,65.67,65.67,65.67
10567,"2022-07-17","2025-06-10",1059,2,136.48,272.96,136.48
10568,"2020-11-08","2024-09-09",1401,3,80.30,240.90,80.30
10569,"2022-02-24","2022-02-24",0,1,210.33,210.33,210.33
10570,"2020-05-02","2021-08-27",482,2,59.88,119.76,59.88
10571,"2021-04-27","2021-04-27",0,1,130.25,130.25,130.25
10572,"2020-12-27","2023-08-25",971,3,191.51,574.53,191.51
10573,"2020-11-26","2020-11-26",0,1,71.90,71.90,71.90
10574,"2020-02-13","2024-10-17",1708,4,42.62,170.48,42.62
10575,"2023-08-28","2025-07-15",687,4,163.37,653.49,163.37
10576,"2025-02-19","2025-02-19",0,1,19.95,19.95,19.95
10577,"2025-05-19","2025-08-12",85,2,34.01,68.01,34.01
10579,"2021-08-15","2021-08-15",0,1,98.75,98.75,98.75
10580,"2021-01-25","2025-01-30",1466,2,57.80,115.59,57.80
10581,"2020-10-22","2024-11-22",1492,4,104.31,417.24,104.31
10582,"2022-02-21","2025-06-03",1198,3,81.45,244.35,81.45
10583,"2021-10-19","2022-05-28",221,2,243.41,486.81,243.41
10584,"2021-10-27","2023-11-23",757,3,148.37,445.10,148.37
10586,"2021-02-16","2022-10-12",603,2,48.57,97.13,48.57
10588,"2021-09-18","2021-09-18",0,1,59.85,59.85,59.85
10590,"2022-10-08","2025-09-25",1083,4,90.01,360.02,90.01
10592,"2021-08-06","2023-03-29",600,2,175.29,350.58,175.29
10593,"2021-04-15","2025-06-02",1509,4,96.34,385.34,96.34
10595,"2020-01-20","2022-11-11",1026,3,121.21,363.64,121.21
10598,"2024-04-25","2024-04-25",0,1,143.06,143.06,143.06
10599,"2021-03-25","2025-05-26",1523,3,158.58,475.73,158.58
10600,"2022-06-30","2023-04-04",278,2,111.25,222.50,111.25
10601,"2021-04-05","2022-01-09",279,2,38.00,76.00,38.00
10602,"2020-08-02","2022-09-02",761,2,59.92,119.84,59.92
10603,"2021-04-13","2024-11-02",1299,3,73.65,220.95,73.65
10604,"2025-02-11","2025-02-11",0,1,345.50,345.50,345.50
10605,"2021-12-25","2025-01-30",1132,3,109.25,327.74,109.25
10606,"2021-06-19","2025-03-13",1363,5,187.90,939.48,187.90
10608,"2020-03-05","2024-04-07",1494,3,213.90,641.71,213.90
10611,"2024-05-22","2024-06-30",39,2,57.85,115.70,57.85
10612,"2023-10-25","2023-10-25",0,1,18.25,18.25,18.25
10613,"2020-11-04","2020-11-04",0,1,48.85,48.85,48.85
10614,"2021-08-20","2021-08-20",0,1,15.18,15.18,15.18
10615,"2020-01-24","2024-01-27",1464,3,149.70,449.10,149.70
10617,"2020-01-27","2022-09-28",975,2,209.32,418.63,209.32
10619,"2024-04-29","2024-12-19",234,2,101.19,202.38,101.19
10620,"2022-10-03","2025-09-28",1091,2,116.77,233.54,116.77
10621,"2021-10-31","2024-04-03",885,2,36.20,72.40,36.20
10622,"2022-05-25","2023-04-17",327,2,115.26,230.51,115.26
10623,"2021-10-25","2022-11-16",387,2,52.69,105.38,52.69
10624,"2021-09-12","2021-09-12",0,1,278.56,278.56,278.56
10626,"2020-03-03","2022-11-20",992,2,262.33,524.65,262.33
10627,"2021-12-15","2021-12-15",0,1,15.86,15.86,15.86
10628,"2023-11-02","2025-04-06",521,2,306.97,613.94,306.97
10629,"2020-09-16","2020-10-12",26,2,111.23,222.46,111.23
10630,"2020-01-03","2021-04-13",466,2,52.44,104.87,52.44
10631,"2022-05-22","2023-07-31",435,3,203.03,609.09,203.03
10632,"2022-07-29","2022-07-29",0,1,64.43,64.43,64.43
10633,"2024-03-24","2024-03-24",0,1,33.27,33.27,33.27
10634,"2022-01-30","2025-03-03",1128,3,92.17,276.50,92.17
10635,"2021-06-13","2023-10-26",865,4,44.48,177.91,44.48
10636,"2021-02-24","2024-07-26",1248,3,122.72,368.15,122.72
10637,"2022-04-10","2024-12-18",983,2,80.00,159.99,80.00
10638,"2021-09-09","2024-10-28",1145,2,70.46,140.91,70.46
10641,"2020-04-04","2025-10-10",2015,3,115.27,345.81,115.27
10642,"2022-07-16","2022-07-16",0,1,32.62,32.62,32.62
10643,"2024-12-03","2024-12-03",0,1,202.52,202.52,202.52
10644,"2022-12-05","2025-04-04",851,2,282.67,565.34,282.67
10645,"2020-06-15","2020-06-15",0,1,18.39,18.39,18.39
10646,"2020-09-25","2022-02-20",513,3,39.84,119.51,39.84
10647,"2023-03-25","2024-08-01",495,2,25.44,50.88,25.44
10648,"2023-07-03","2023-07-03",0,1,183.44,183.44,183.44
10650,"2022-07-11","2022-07-11",0,1,66.65,66.65,66.65
10651,"2024-09-23","2024-09-23",0,1,193.31,193.31,193.31
10652,"2023-03-24","2023-03-24",0,1,153.60,153.60,153.60
10653,"2020-04-17","2020-04-17",0,1,57.63,57.63,57.63
10655,"2021-06-09","2021-06-09",0,1,156.53,156.53,156.53
10656,"2020-05-16","2025-01-27",1717,4,87.76,351.04,87.76
10657,"2021-07-18","2021-07-18",0,1,54.71,54.71,54.71
10658,"2021-09-30","2023-06-23",631,3,88.17,264.52,88.17
10661,"2022-07-31","2025-04-30",1004,2,52.86,105.71,52.86
10662,"2020-08-07","2025-02-23",1661,4,93.86,375.44,93.86
10663,"2022-09-23","2024-06-08",624,3,186.22,558.67,186.22
10664,"2020-11-10","2020-11-10",0,1,14.60,14.60,14.60
10665,"2021-01-08","2024-09-07",1338,3,186.76,560.29,186.76
10666,"2020-03-23","2025-09-20",2007,3,143.99,431.96,143.99
10667,"2020-10-19","2023-11-06",1113,2,70.33,140.65,70.33
10668,"2025-02-15","2025-02-15",0,1,204.27,204.27,204.27
10669,"2021-04-12","2025-03-22",1440,2,124.60,249.20,124.60
10670,"2024-04-15","2024-04-15",0,1,23.37,23.37,23.37
10671,"2020-03-09","2023-06-18",1196,5,100.11,500.54,100.11
10672,"2020-03-17","2022-05-17",791,2,67.54,135.07,67.54
10673,"2021-03-01","2024-07-05",1222,2,270.50,540.99,270.50
10674,"2025-04-18","2025-08-11",115,2,128.01,256.02,128.01
10675,"2020-10-29","2023-05-25",938,3,75.70,227.11,75.70
10676,"2021-03-11","2021-03-11",0,1,475.22,475.22,475.22
10677,"2025-10-15","2025-10-15",0,1,64.87,64.87,64.87
10678,"2024-10-08","2024-11-14",37,2,57.67,115.33,57.67
10679,"2025-06-05","2025-06-05",0,1,180.58,180.58,180.58
10680,"2025-03-13","2025-03-27",14,2,140.32,280.64,140.32
10681,"2020-09-16","2024-12-07",1543,5,90.66,453.29,90.66
10682,"2021-02-08","2024-07-15",1253,3,33.48,100.45,33.48
10683,"2024-06-14","2025-06-09",360,2,68.84,137.67,68.84
10684,"2020-11-02","2024-10-25",1453,2,83.18,166.36,83.18
10685,"2021-02-14","2025-03-26",1501,3,101.78,305.33,101.78
10686,"2025-01-16","2025-10-29",286,2,97.85,195.70,97.85
10687,"2020-09-18","2020-09-18",0,1,19.76,19.76,19.76
10688,"2022-04-11","2024-06-29",810,2,91.60,183.19,91.60
10689,"2022-08-09","2025-10-05",1153,4,222.08,888.33,222.08
10691,"2021-08-02","2022-11-18",473,3,213.81,641.43,213.81
10692,"2020-05-26","2024-05-24",1459,3,46.19,138.58,46.19
10693,"2020-11-26","2023-09-07",1015,2,17.41,34.82,17.41
10694,"2020-03-09","2022-10-28",963,2,116.51,233.02,116.51
10696,"2024-03-14","2024-05-30",77,3,144.15,432.45,144.15
10697,"2021-10-31","2021-10-31",0,1,449.86,449.86,449.86
10698,"2020-08-01","2022-04-10",617,3,140.73,422.19,140.73
10699,"2022-10-14","2023-05-07",205,2,119.51,239.02,119.51
10700,"2020-01-10","2022-11-28",1053,2,106.62,213.24,106.62
10703,"2021-02-11","2021-02-11",0,1,231.03,231.03,231.03
10704,"2021-06-02","2023-06-11",739,2,126.20,252.40,126.20
10710,"2021-10-01","2022-11-22",417,3,42.04,126.13,42.04
10711,"2021-09-08","2024-12-27",1206,2,206.40,412.80,206.40
10712,"2022-02-27","2022-02-27",0,1,133.31,133.31,133.31
10714,"2022-01-04","2025-07-01",1274,2,21.16,42.32,21.16
10715,"2022-03-18","2022-03-18",0,1,171.64,171.64,171.64
10716,"2020-04-01","2020-04-01",0,1,60.04,60.04,60.04
10717,"2020-11-07","2024-02-26",1206,2,161.44,322.87,161.44
10718,"2020-01-14","2022-07-27",925,2,65.12,130.24,65.12
10720,"2024-07-31","2025-01-11",164,3,31.22,93.66,31.22
10721,"2021-03-27","2023-10-12",929,4,60.64,242.54,60.64
10722,"2022-12-24","2022-12-24",0,1,858.43,858.43,858.43
10723,"2025-09-15","2025-09-15",0,1,40.31,40.31,40.31
10724,"2025-10-07","2025-10-07",0,1,50.89,50.89,50.89
10725,"2021-09-10","2025-01-07",1215,2,598.51,1197.02,598.51
10726,"2021-06-17","2021-06-17",0,1,77.42,77.42,77.42
10727,"2021-07-31","2024-10-28",1185,4,179.24,716.97,179.24
10728,"2020-06-12","2024-08-29",1539,3,245.92,737.76,245.92
10730,"2023-01-05","2023-01-05",0,1,187.47,187.47,187.47
10731,"2020-06-05","2022-01-19",593,2,91.53,183.06,91.53
10732,"2020-05-20","2021-03-31",315,2,78.25,156.49,78.25
10733,"2025-03-19","2025-03-19",0,1,76.60,76.60,76.60
10734,"2020-07-07","2021-06-16",344,3,336.33,1008.99,336.33
10737,"2021-08-27","2024-10-17",1147,2,73.62,147.24,73.62
10738,"2023-06-20","2023-06-20",0,1,44.46,44.46,44.46
10739,"2020-08-31","2024-09-16",1477,3,124.96,374.88,124.96
10740,"2022-01-21","2025-09-10",1328,2,147.40,294.80,147.40
10741,"2024-08-27","2024-08-27",0,1,90.22,90.22,90.22
10742,"2024-03-16","2024-03-16",0,1,17.46,17.46,17.46
10743,"2023-06-11","2025-01-25",594,2,298.79,597.57,298.79
10744,"2022-04-13","2023-09-30",535,2,12.66,25.32,12.66
10745,"2021-06-30","2023-07-07",737,2,30.97,61.93,30.97
10748,"2020-05-11","2023-01-06",970,4,98.67,394.69,98.67
10749,"2020-08-03","2022-07-26",722,2,97.05,194.10,97.05
10750,"2021-09-27","2024-10-01",1100,3,94.73,284.18,94.73
10751,"2021-04-17","2025-06-08",1513,3,372.68,1118.04,372.68
10752,"2021-05-30","2021-05-30",0,1,22.58,22.58,22.58
10753,"2022-09-21","2024-12-31",832,3,83.50,250.51,83.50
10754,"2020-11-22","2021-05-28",187,2,79.74,159.47,79.74
10755,"2023-01-11","2023-01-11",0,1,9.97,9.97,9.97
10756,"2025-07-17","2025-07-26",9,2,82.34,164.67,82.34
10757,"2020-01-20","2023-09-23",1342,2,109.99,219.98,109.99
10758,"2023-09-22","2024-05-05",226,2,154.19,308.38,154.19
10759,"2023-07-08","2023-07-08",0,1,13.63,13.63,13.63
10760,"2022-03-04","2022-03-04",0,1,50.83,50.83,50.83
10761,"2020-02-04","2021-05-31",482,2,19.20,38.40,19.20
10762,"2021-09-19","2024-04-13",937,3,81.37,244.12,81.37
10763,"2023-04-26","2023-04-26",0,1,97.47,97.47,97.47
10764,"2021-11-25","2021-11-25",0,1,256.64,256.64,256.64
10765,"2020-03-11","2025-09-23",2022,2,155.91,311.81,155.91
10766,"2020-01-10","2024-01-17",1468,3,41.12,123.35,41.12
10767,"2021-09-29","2024-08-09",1045,2,192.17,384.33,192.17
10768,"2022-12-24","2022-12-24",0,1,81.89,81.89,81.89
10769,"2022-04-26","2022-04-26",0,1,15.07,15.07,15.07
10770,"2024-01-09","2025-01-09",366,2,357.60,715.19,357.60
10771,"2024-12-10","2024-12-10",0,1,237.17,237.17,237.17
10773,"2021-05-31","2025-02-04",1345,4,90.72,362.88,90.72
10774,"2022-07-27","2025-01-27",915,4,152.10,608.40,152.10
10775,"2021-07-07","2021-11-07",123,2,152.94,305.87,152.94
10778,"2021-06-04","2023-06-22",748,3,124.72,374.17,124.72
10780,"2022-05-08","2022-05-08",0,1,213.68,213.68,213.68
10782,"2023-09-07","2025-05-13",614,3,82.03,246.09,82.03
10783,"2023-06-25","2025-03-29",643,2,128.53,257.06,128.53
10784,"2022-09-22","2025-03-31",921,2,340.78,681.56,340.78
10785,"2021-12-21","2024-03-18",818,2,80.34,160.68,80.34
10786,"2024-10-17","2024-10-17",0,1,91.24,91.24,91.24
10787,"2020-02-14","2020-02-14",0,1,31.33,31.33,31.33
10788,"2024-06-05","2024-09-19",106,2,317.62,635.23,317.62
10789,"2021-09-12","2021-09-12",0,1,9.31,9.31,9.31
10790,"2025-06-30","2025-06-30",0,1,75.43,75.43,75.43
10791,"2020-12-06","2020-12-06",0,1,374.77,374.77,374.77
10792,"2025-01-03","2025-09-23",263,3,265.16,795.47,265.16
10793,"2020-09-06","2021-03-25",200,2,48.17,96.33,48.17
10794,"2020-04-12","2022-06-24",803,4,79.10,316.40,79.10
10796,"2020-11-13","2025-05-31",1660,2,156.98,313.96,156.98
10797,"2021-03-06","2021-03-06",0,1,175.68,175.68,175.68
10799,"2020-12-21","2020-12-21",0,1,37.65,37.65,37.65
10800,"2023-10-14","2025-07-20",645,2,49.08,98.15,49.08
10802,"2022-06-16","2024-09-11",818,5,126.80,633.98,126.80
10803,"2022-03-20","2025-02-04",1052,2,203.96,407.91,203.96
10804,"2020-12-21","2024-09-07",1356,3,407.48,1222.44,407.48
10806,"2020-09-07","2024-03-19",1289,3,177.63,532.90,177.63
10807,"2024-02-04","2024-08-03",181,2,385.02,770.03,385.02
10808,"2021-02-28","2022-11-24",634,2,114.67,229.34,114.67
10809,"2020-10-05","2023-03-02",878,2,110.46,220.92,110.46
10810,"2023-02-04","2024-02-18",379,2,161.69,323.38,161.69
10812,"2024-09-13","2024-09-13",0,1,133.83,133.83,133.83
10813,"2021-06-13","2021-06-30",17,2,108.32,216.64,108.32
10814,"2020-12-13","2020-12-13",0,1,67.09,67.09,67.09
10815,"2021-07-06","2025-07-23",1478,2,100.30,200.59,100.30
10816,"2021-08-04","2023-04-30",634,3,56.89,170.68,56.89
10817,"2024-02-20","2024-02-20",0,1,181.14,181.14,181.14
10818,"2022-05-02","2022-05-02",0,1,239.88,239.88,239.88
10819,"2023-12-20","2024-02-19",61,2,187.69,375.37,187.69
10820,"2023-12-23","2023-12-23",0,1,205.65,205.65,205.65
10821,"2023-02-07","2025-08-02",907,2,73.68,147.36,73.68
10822,"2022-09-29","2024-01-09",467,3,81.16,243.49,81.16
10823,"2022-03-18","2024-09-24",921,4,52.58,210.33,52.58
10824,"2022-11-06","2022-11-06",0,1,17.52,17.52,17.52
10825,"2020-02-14","2020-02-14",0,1,34.03,34.03,34.03
10826,"2021-11-27","2021-11-27",0,1,22.41,22.41,22.41
10827,"2022-04-28","2025-10-06",1257,5,94.07,470.34,94.07
10829,"2022-04-17","2024-12-19",977,6,163.01,978.07,163.01
10830,"2025-06-25","2025-06-25",0,1,167.82,167.82,167.82
10832,"2020-04-19","2022-01-08",629,3,99.12,297.37,99.12
10833,"2022-04-26","2022-04-26",0,1,123.93,123.93,123.93
10834,"2020-06-17","2023-11-16",1247,2,61.17,122.33,61.17
10835,"2021-03-15","2021-03-15",0,1,34.00,34.00,34.00
10836,"2020-08-13","2025-08-22",1835,5,117.04,585.22,117.04
10840,"2023-10-22","2023-10-22",0,1,28.51,28.51,28.51
10841,"2021-03-16","2025-09-27",1656,2,122.46,244.92,122.46
10842,"2020-01-02","2022-02-16",776,3,121.24,363.73,121.24
10843,"2020-11-01","2025-09-25",1789,5,155.18,775.91,155.18
10844,"2022-07-22","2022-07-22",0,1,30.38,30.38,30.38
10845,"2020-06-06","2024-10-13",1590,8,142.51,1140.10,142.51
10846,"2020-10-21","2020-10-21",0,1,16.49,16.49,16.49
10847,"2021-07-18","2025-04-18",1370,3,243.56,730.69,243.56
10848,"2022-01-24","2025-08-16",1300,2,191.63,383.25,191.63
10849,"2022-12-18","2023-08-28",253,2,45.45,90.90,45.45
10850,"2021-05-19","2021-05-19",0,1,32.74,32.74,32.74
10851,"2022-11-24","2024-10-05",681,2,100.81,201.62,100.81
10852,"2021-03-22","2021-12-16",269,3,166.26,498.77,166.26
10853,"2022-09-09","2025-06-18",1013,3,262.62,787.87,262.62
10854,"2023-08-15","2023-08-15",0,1,51.88,51.88,51.88
10855,"2023-05-28","2023-05-28",0,1,41.61,41.61,41.61
10857,"2023-01-25","2025-03-18",783,2,94.37,188.73,94.37
10860,"2022-08-02","2023-09-30",424,2,84.25,168.49,84.25
10861,"2021-09-20","2021-09-20",0,1,122.36,122.36,122.36
10862,"2025-04-18","2025-04-18",0,1,140.77,140.77,140.77
10863,"2020-11-05","2024-03-28",1239,2,137.80,275.60,137.80
10864,"2021-11-12","2024-07-27",988,3,45.22,135.67,45.22
10867,"2020-05-23","2022-05-21",728,3,67.60,202.79,67.60
10868,"2025-10-27","2025-10-27",0,1,98.46,98.46,98.46
10869,"2024-04-07","2024-04-07",0,1,55.84,55.84,55.84
10870,"2020-07-05","2024-11-21",1600,3,49.44,148.32,49.44
10871,"2021-08-24","2025-05-30",1375,5,176.73,883.64,176.73
10872,"2022-06-26","2022-09-23",89,2,70.41,140.82,70.41
10873,"2023-04-01","2023-04-01",0,1,27.60,27.60,27.60
10874,"2020-05-04","2024-10-29",1639,5,134.11,670.57,134.11
10875,"2021-08-26","2024-05-14",992,2,55.62,111.24,55.62
10876,"2022-09-06","2023-12-29",479,3,88.77,266.31,88.77
10877,"2022-01-20","2022-01-20",0,1,110.27,110.27,110.27
10878,"2021-06-23","2025-09-28",1558,5,64.70,323.52,64.70
10880,"2020-01-22","2025-09-20",2068,5,151.58,757.90,151.58
10881,"2022-01-13","2023-08-09",573,2,66.96,133.91,66.96
10882,"2024-04-16","2024-04-16",0,1,66.01,66.01,66.01
10883,"2024-07-13","2025-02-24",226,2,47.25,94.50,47.25
10884,"2024-11-08","2025-10-26",352,3,209.81,629.42,209.81
10887,"2023-07-20","2024-01-29",193,2,103.43,206.86,103.43
10889,"2021-06-14","2024-11-16",1251,4,100.26,401.04,100.26
10890,"2023-04-27","2024-06-17",417,2,80.63,161.25,80.63
10892,"2022-07-19","2024-07-22",734,2,114.79,229.58,114.79
10895,"2020-02-03","2024-08-21",1661,5,299.11,1495.53,299.11
10897,"2020-03-08","2023-05-16",1164,2,32.38,64.76,32.38
10898,"2020-07-12","2025-05-12",1765,3,185.76,557.29,185.76
10899,"2022-11-24","2023-08-07",256,2,190.78,381.56,190.78
10900,"2021-01-12","2021-01-12",0,1,37.23,37.23,37.23
10901,"2020-02-17","2020-02-17",0,1,28.96,28.96,28.96
10902,"2021-01-17","2021-01-17",0,1,59.78,59.78,59.78
10903,"2022-03-08","2025-09-04",1276,7,89.51,626.55,89.51
10904,"2020-06-22","2025-04-11",1754,5,172.45,862.26,172.45
10905,"2020-02-17","2020-02-17",0,1,110.84,110.84,110.84
10906,"2025-04-08","2025-04-08",0,1,117.64,117.64,117.64
10908,"2022-01-07","2022-01-07",0,1,172.06,172.06,172.06
10909,"2025-04-20","2025-04-20",0,1,376.51,376.51,376.51
10910,"2021-03-20","2021-03-20",0,1,76.64,76.64,76.64
10911,"2024-12-28","2024-12-28",0,1,75.91,75.91,75.91
10912,"2020-02-26","2025-04-22",1882,2,120.54,241.08,120.54
10914,"2022-10-11","2022-10-11",0,1,173.75,173.75,173.75
10915,"2023-02-26","2025-08-01",887,2,47.81,95.61,47.81
10916,"2020-07-22","2025-08-09",1844,4,68.49,273.95,68.49
10917,"2020-01-15","2022-02-06",753,4,209.94,839.75,209.94
10919,"2021-07-13","2021-07-13",0,1,94.04,94.04,94.04
10920,"2021-06-28","2021-06-28",0,1,73.50,73.50,73.50
10921,"2021-02-04","2021-02-04",0,1,21.77,21.77,21.77
10922,"2021-12-18","2022-09-03",259,2,81.96,163.92,81.96
10926,"2023-09-21","2025-08-31",710,4,287.09,1148.34,287.09
10928,"2020-04-30","2025-09-22",1971,7,142.45,997.14,142.45
10929,"2021-08-10","2021-08-10",0,1,25.06,25.06,25.06
10930,"2023-08-27","2023-08-27",0,1,316.58,316.58,316.58
10931,"2021-01-24","2025-01-08",1445,2,18.04,36.07,18.04
10933,"2023-08-12","2023-08-12",0,1,17.66,17.66,17.66
10934,"2024-01-03","2024-01-03",0,1,35.75,35.75,35.75
10937,"2021-05-12","2022-07-31",445,2,138.02,276.04,138.02
10938,"2025-02-16","2025-02-16",0,1,33.03,33.03,33.03
10939,"2021-12-29","2025-05-08",1226,2,115.69,231.38,115.69
10940,"2021-08-03","2021-08-03",0,1,93.02,93.02,93.02
10941,"2024-05-25","2025-02-03",254,3,86.64,259.91,86.64
10942,"2021-03-07","2023-02-04",699,3,129.60,388.79,129.60
10943,"2023-07-13","2023-07-13",0,1,53.02,53.02,53.02
10945,"2020-08-09","2022-04-05",604,2,68.28,136.55,68.28
10946,"2023-08-07","2023-08-07",0,1,101.26,101.26,101.26
10947,"2022-01-02","2024-04-01",820,4,98.93,395.73,98.93
10948,"2021-10-05","2021-10-05",0,1,19.10,19.10,19.10
10949,"2023-01-16","2023-01-16",0,1,76.63,76.63,76.63
10950,"2022-08-19","2022-08-19",0,1,332.25,332.25,332.25
10951,"2022-05-10","2023-02-23",289,2,43.47,86.94,43.47
10953,"2023-03-17","2024-09-18",551,3,113.94,341.81,113.94
10955,"2020-01-02","2022-04-22",841,3,45.14,135.42,45.14
10956,"2022-07-11","2025-06-02",1057,2,48.63,97.26,48.63
10957,"2022-07-12","2024-11-23",865,3,224.79,674.36,224.79
10958,"2022-11-03","2025-08-04",1005,2,44.71,89.42,44.71
10959,"2024-06-23","2025-10-22",486,2,13.84,27.67,13.84
10960,"2024-09-07","2025-06-07",273,2,48.74,97.47,48.74
10961,"2023-01-04","2024-03-28",449,2,65.71,131.42,65.71
10964,"2020-06-20","2022-11-18",881,2,40.36,80.72,40.36
10965,"2022-03-16","2023-04-28",408,2,24.56,49.12,24.56
10966,"2020-07-30","2025-09-21",1879,4,70.95,283.80,70.95
10967,"2020-05-03","2020-05-03",0,1,131.70,131.70,131.70
10969,"2021-11-11","2021-11-11",0,1,41.35,41.35,41.35
10972,"2020-01-01","2024-02-04",1495,2,265.44,530.88,265.44
10973,"2021-11-12","2021-11-12",0,1,909.35,909.35,909.35
10974,"2022-10-23","2024-10-28",736,2,106.88,213.76,106.88
10975,"2022-07-13","2022-08-30",48,2,307.02,614.04,307.02
10976,"2020-11-13","2020-11-13",0,1,205.12,205.12,205.12
10977,"2020-04-08","2020-04-08",0,1,188.61,188.61,188.61
10978,"2020-07-25","2025-03-20",1699,3,52.26,156.78,52.26
10980,"2020-05-17","2025-03-13",1761,2,94.65,189.30,94.65
10981,"2023-12-06","2024-07-26",233,2,23.75,47.49,23.75
10982,"2023-01-11","2023-01-11",0,1,331.00,331.00,331.00
10986,"2020-01-17","2021-10-30",652,2,130.10,260.19,130.10
10987,"2021-10-06","2023-12-11",796,4,80.86,323.45,80.86
10988,"2021-02-16","2025-10-14",1701,3,119.66,358.97,119.66
10990,"2025-06-22","2025-06-22",0,1,165.66,165.66,165.66
10992,"2021-02-12","2021-02-12",0,1,327.73,327.73,327.73
10993,"2021-11-28","2025-10-28",1430,3,93.07,279.20,93.07
10994,"2021-07-24","2024-10-17",1181,3,74.21,222.63,74.21
10995,"2024-04-08","2024-11-06",212,2,223.79,447.58,223.79
10996,"2021-02-06","2024-12-18",1411,3,81.87,245.60,81.87
10997,"2020-11-20","2022-07-28",615,3,151.09,453.27,151.09
10998,"2020-04-26","2020-04-26",0,1,29.92,29.92,29.92
10999,"2023-11-03","2023-11-03",0,1,189.02,189.02,189.02
11000,"2022-07-18","2025-02-28",956,2,95.03,190.06,95.03
11001,"2022-01-15","2022-03-05",49,2,364.87,729.74,364.87
11002,"2022-05-29","2022-05-29",0,1,253.92,253.92,253.92
11003,"2022-06-04","2025-06-13",1105,4,146.80,587.20,146.80
11004,"2023-04-30","2023-04-30",0,1,24.85,24.85,24.85
11005,"2022-10-17","2025-05-16",942,2,199.67,399.34,199.67
11006,"2021-05-28","2025-04-15",1418,3,194.79,584.37,194.79
11007,"2021-04-13","2021-04-13",0,1,180.28,180.28,180.28
11008,"2023-12-10","2023-12-10",0,1,68.99,68.99,68.99
11009,"2020-10-08","2022-10-15",737,2,154.11,308.21,154.11
11010,"2022-10-11","2024-04-01",538,2,185.27,370.53,185.27
11011,"2022-01-12","2023-10-19",645,2,100.61,201.22,100.61
11013,"2024-12-16","2025-10-04",292,2,37.43,74.86,37.43
11014,"2021-08-18","2021-08-18",0,1,6.54,6.54,6.54
11017,"2024-10-05","2024-10-05",0,1,109.33,109.33,109.33
11018,"2021-03-02","2024-10-30",1338,3,92.29,276.88,92.29
11019,"2020-10-14","2024-08-13",1399,2,148.49,296.97,148.49
11020,"2021-03-31","2025-08-25",1608,3,95.91,287.73,95.91
11021,"2021-06-16","2021-06-16",0,1,184.05,184.05,184.05
11022,"2025-05-25","2025-05-25",0,1,201.38,201.38,201.38
11023,"2023-01-06","2025-04-27",842,5,89.17,445.83,89.17
11024,"2022-06-16","2022-06-16",0,1,83.78,83.78,83.78
11025,"2022-06-23","2025-01-27",949,2,51.25,102.49,51.25
11026,"2024-07-18","2025-05-10",296,2,123.40,246.79,123.40
11027,"2022-09-18","2025-02-08",874,2,103.47,206.94,103.47
11028,"2021-07-30","2021-12-16",139,2,86.49,172.97,86.49
11029,"2021-01-14","2025-06-17",1615,3,108.91,326.72,108.91
11030,"2020-12-31","2022-01-09",374,3,140.44,421.32,140.44
11031,"2020-05-19","2023-06-25",1132,2,72.21,144.41,72.21
11033,"2021-08-16","2022-03-10",206,2,42.96,85.91,42.96
11034,"2020-02-06","2023-05-02",1181,4,73.06,292.22,73.06
11035,"2023-04-01","2023-04-01",0,1,310.65,310.65,310.65
11036,"2023-01-02","2023-01-02",0,1,28.18,28.18,28.18
11037,"2023-02-14","2025-10-09",968,2,85.52,171.04,85.52
11038,"2022-06-10","2023-05-18",342,2,23.23,46.46,23.23
11039,"2021-12-28","2021-12-28",0,1,24.46,24.46,24.46
11040,"2023-01-01","2025-10-02",1005,3,186.48,559.43,186.48
11041,"2025-08-23","2025-08-23",0,1,288.67,288.67,288.67
11042,"2021-05-16","2025-01-01",1326,2,116.45,232.90,116.45
11043,"2020-01-11","2023-08-25",1322,4,75.88,303.53,75.88
11044,"2022-06-16","2025-10-29",1231,3,291.76,875.28,291.76
11047,"2022-08-20","2023-02-18",182,2,48.70,97.40,48.70
11048,"2020-10-07","2025-09-12",1801,3,244.69,734.06,244.69
11049,"2021-12-17","2021-12-17",0,1,49.57,49.57,49.57
11050,"2020-01-03","2025-07-02",2007,2,136.60,273.20,136.60
11051,"2024-07-02","2025-04-12",284,3,114.03,342.10,114.03
11052,"2020-04-10","2023-10-13",1281,2,207.71,415.42,207.71
11053,"2022-09-17","2022-09-17",0,1,142.49,142.49,142.49
11054,"2020-03-19","2025-01-11",1759,5,81.46,407.32,81.46
11056,"2025-08-22","2025-08-22",0,1,21.85,21.85,21.85
11058,"2021-03-24","2023-02-07",685,3,77.76,233.28,77.76
11060,"2022-11-06","2022-11-06",0,1,137.79,137.79,137.79
11061,"2023-06-12","2025-04-18",676,2,122.48,244.95,122.48
11062,"2021-09-20","2024-04-21",944,3,67.98,203.93,67.98
11063,"2022-02-11","2022-02-11",0,1,111.92,111.92,111.92
11064,"2020-03-23","2025-02-01",1776,4,91.81,367.23,91.81
11065,"2020-01-29","2022-02-15",748,3,66.98,200.94,66.98
11066,"2022-01-13","2022-01-13",0,1,17.62,17.62,17.62
11069,"2023-09-27","2024-01-28",123,2,111.37,222.74,111.37
11070,"2020-05-26","2022-12-13",931,2,174.35,348.70,174.35
11071,"2020-01-11","2025-06-01",1968,4,90.49,361.97,90.49
11073,"2020-11-21","2023-01-06",776,3,110.51,331.54,110.51
11074,"2024-09-11","2024-09-11",0,1,58.99,58.99,58.99
11075,"2021-10-17","2024-06-06",963,2,136.97,273.93,136.97
11077,"2024-07-24","2024-07-24",0,1,428.39,428.39,428.39
11078,"2021-11-29","2022-05-09",161,2,86.33,172.65,86.33
11079,"2023-12-11","2023-12-11",0,1,119.14,119.14,119.14
11080,"2024-06-09","2025-03-16",280,3,171.36,514.07,171.36
11081,"2021-03-16","2021-03-16",0,1,35.10,35.10,35.10
11082,"2021-05-20","2025-06-08",1480,2,91.85,183.69,91.85
11083,"2023-09-15","2023-09-15",0,1,57.04,57.04,57.04
11084,"2021-01-02","2023-12-21",1083,2,126.72,253.43,126.72
11085,"2020-07-13","2020-07-13",0,1,315.28,315.28,315.28
11086,"2024-12-16","2024-12-16",0,1,76.82,76.82,76.82
11087,"2022-12-20","2022-12-20",0,1,254.66,254.66,254.66
11089,"2023-01-31","2023-01-31",0,1,79.83,79.83,79.83
11090,"2024-12-18","2024-12-18",0,1,48.51,48.51,48.51
11091,"2021-11-04","2025-10-02",1428,3,78.55,235.66,78.55
11092,"2022-04-28","2022-04-28",0,1,153.48,153.48,153.48
11094,"2023-04-22","2023-11-08",200,2,37.55,75.09,37.55
11095,"2020-05-17","2025-09-04",1936,3,148.16,444.48,148.16
11096,"2022-06-19","2022-06-19",0,1,146.57,146.57,146.57
11098,"2023-08-26","2023-08-26",0,1,35.21,35.21,35.21
11100,"2023-04-03","2025-01-17",655,2,210.83,421.65,210.83
11101,"2023-01-27","2023-01-27",0,1,399.92,399.92,399.92
11102,"2020-10-02","2025-07-10",1742,3,29.75,89.25,29.75
11103,"2021-03-04","2022-01-09",311,2,82.45,164.90,82.45
11104,"2025-06-12","2025-06-12",0,1,405.28,405.28,405.28
11105,"2021-01-21","2021-01-21",0,1,77.58,77.58,77.58
11106,"2022-04-14","2023-02-06",298,3,59.03,177.10,59.03
11107,"2020-11-08","2024-01-09",1157,4,87.19,348.77,87.19
11108,"2021-12-31","2023-10-20",658,2,64.31,128.61,64.31
11109,"2020-02-09","2022-07-01",873,3,93.45,280.34,93.45
11110,"2025-07-15","2025-07-15",0,1,25.94,25.94,25.94
11111,"2022-08-25","2025-04-24",973,2,188.58,377.16,188.58
11112,"2020-07-08","2020-07-08",0,1,256.92,256.92,256.92
11113,"2021-07-25","2023-04-16",630,3,158.11,474.32,158.11
11114,"2022-09-02","2024-08-22",720,2,96.61,193.21,96.61
11115,"2023-11-14","2023-11-14",0,1,169.13,169.13,169.13
11116,"2022-11-05","2023-04-15",161,2,244.47,488.94,244.47
11118,"2020-08-13","2022-07-03",689,2,119.30,238.60,119.30
11119,"2021-06-27","2022-07-26",394,2,40.51,81.02,40.51
11120,"2024-07-16","2025-05-01",289,2,36.11,72.22,36.11
11121,"2020-07-12","2020-07-12",0,1,45.73,45.73,45.73
11123,"2021-01-08","2021-01-08",0,1,298.51,298.51,298.51
11124,"2021-11-26","2021-11-26",0,1,351.54,351.54,351.54
11125,"2021-10-14","2022-10-19",370,2,162.27,324.53,162.27
11126,"2020-01-23","2024-12-24",1797,5,147.41,737.03,147.41
11127,"2024-05-04","2024-05-04",0,1,239.34,239.34,239.34
11128,"2020-01-14","2025-06-19",1983,2,119.12,238.24,119.12
11129,"2023-03-19","2023-03-19",0,1,135.25,135.25,135.25
11130,"2021-01-14","2021-01-14",0,1,182.13,182.13,182.13
11131,"2020-12-10","2025-01-14",1496,3,63.93,191.78,63.93
11132,"2022-06-29","2025-01-09",925,3,137.87,413.61,137.87
11133,"2023-05-13","2023-05-13",0,1,458.04,458.04,458.04
11134,"2021-10-11","2025-04-02",1269,5,97.53,487.67,97.53
11135,"2020-09-09","2022-12-07",819,2,132.28,264.56,132.28
11137,"2023-11-02","2023-11-02",0,1,157.49,157.49,157.49
11138,"2023-06-20","2025-04-27",677,2,129.84,259.68,129.84
11139,"2024-09-11","2025-02-18",160,2,158.91,317.81,158.91
11140,"2021-09-10","2021-09-10",0,1,17.51,17.51,17.51
11142,"2022-01-29","2025-08-28",1307,2,62.44,124.88,62.44
11143,"2020-01-22","2020-01-22",0,1,29.22,29.22,29.22
11144,"2020-05-05","2025-04-30",1821,6,160.49,962.92,160.49
11145,"2020-01-29","2023-09-14",1324,4,158.79,635.16,158.79
11148,"2022-09-15","2022-09-15",0,1,52.39,52.39,52.39
11149,"2024-10-24","2024-10-24",0,1,255.05,255.05,255.05
11150,"2021-05-14","2025-08-07",1546,3,186.36,559.08,186.36
11151,"2023-01-19","2024-07-10",538,2,109.56,219.11,109.56
11152,"2023-04-07","2024-06-06",426,2,40.70,81.39,40.70
11153,"2023-04-13","2025-08-31",871,4,142.80,571.20,142.80
11154,"2023-11-04","2023-11-04",0,1,391.33,391.33,391.33
11156,"2021-01-25","2021-01-25",0,1,135.14,135.14,135.14
11157,"2024-08-06","2024-08-06",0,1,5.63,5.63,5.63
11159,"2020-06-06","2025-07-05",1855,2,112.84,225.67,112.84
11161,"2022-10-02","2023-07-22",293,2,137.79,275.58,137.79
11162,"2024-10-06","2025-03-29",174,2,24.12,48.24,24.12
11163,"2020-06-05","2025-03-10",1739,2,126.84,253.67,126.84
11164,"2020-07-22","2020-07-22",0,1,31.36,31.36,31.36
11165,"2021-12-12","2025-03-30",1204,2,98.94,197.88,98.94
11166,"2025-09-29","2025-09-29",0,1,211.73,211.73,211.73
11167,"2024-04-06","2025-10-27",569,3,145.43,436.29,145.43
11168,"2022-07-12","2022-08-21",40,2,94.19,188.37,94.19
11169,"2023-04-13","2023-04-13",0,1,190.25,190.25,190.25
11172,"2020-04-15","2025-03-14",1794,4,528.23,2112.93,528.23
11173,"2023-10-12","2025-07-06",633,3,129.56,388.69,129.56
11174,"2020-03-14","2020-03-14",0,1,241.63,241.63,241.63
11175,"2025-04-18","2025-04-18",0,1,32.18,32.18,32.18
11176,"2020-01-06","2022-09-01",969,3,401.59,1204.77,401.59
11177,"2023-08-17","2023-08-17",0,1,58.99,58.99,58.99
11178,"2022-04-10","2022-11-15",219,2,70.59,141.17,70.59
11179,"2022-01-23","2025-07-05",1259,3,77.55,232.64,77.55
11180,"2021-08-15","2025-02-09",1274,2,131.45,262.90,131.45
11181,"2025-01-17","2025-03-19",61,2,160.83,321.65,160.83
11182,"2020-09-09","2020-09-09",0,1,158.16,158.16,158.16
11183,"2022-06-24","2025-07-18",1120,2,138.77,277.53,138.77
11184,"2020-05-27","2025-02-18",1728,3,73.75,221.26,73.75
11185,"2021-01-14","2024-10-13",1368,5,165.87,829.36,165.87
11186,"2022-02-03","2022-02-03",0,1,65.64,65.64,65.64
11187,"2022-07-04","2022-07-04",0,1,146.68,146.68,146.68
11189,"2023-06-18","2023-06-18",0,1,97.11,97.11,97.11
11190,"2023-04-04","2024-10-31",576,3,82.16,246.48,82.16
11191,"2022-06-15","2023-05-18",337,3,40.13,120.39,40.13
11192,"2021-04-13","2022-08-01",475,2,245.97,491.94,245.97
11193,"2025-01-11","2025-01-11",0,1,11.02,11.02,11.02
11194,"2023-11-05","2024-07-24",262,2,116.32,232.64,116.32
11195,"2022-08-20","2022-08-20",0,1,35.03,35.03,35.03
11196,"2022-08-09","2024-04-24",624,3,154.14,462.42,154.14
11197,"2023-03-24","2024-10-05",561,2,77.28,154.55,77.28
11198,"2022-09-09","2025-01-09",853,2,78.39,156.77,78.39
11199,"2020-11-14","2022-04-22",524,2,58.53,117.06,58.53
11200,"2025-07-11","2025-07-11",0,1,28.05,28.05,28.05
11201,"2020-11-25","2023-10-16",1055,2,118.31,236.61,118.31
11203,"2023-04-08","2023-04-08",0,1,55.35,55.35,55.35
11204,"2020-09-22","2022-07-08",654,2,30.72,61.44,30.72
11205,"2022-07-06","2023-08-11",401,3,73.16,219.47,73.16
11207,"2025-04-27","2025-04-27",0,1,70.30,70.30,70.30
11210,"2022-12-12","2023-12-15",368,2,30.40,60.80,30.40
11211,"2021-10-16","2025-08-13",1397,2,35.01,70.02,35.01
11213,"2023-03-10","2023-03-10",0,1,46.20,46.20,46.20
11214,"2020-08-01","2020-08-01",0,1,498.16,498.16,498.16
11216,"2024-10-16","2024-10-16",0,1,190.67,190.67,190.67
11217,"2024-07-20","2024-11-26",129,2,46.87,93.73,46.87
11218,"2024-01-25","2024-01-25",0,1,243.66,243.66,243.66
11219,"2025-01-22","2025-01-22",0,1,46.08,46.08,46.08
11220,"2020-11-08","2020-11-08",0,1,7.34,7.34,7.34
11221,"2020-10-26","2024-11-01",1467,2,88.93,177.86,88.93
11222,"2025-09-19","2025-09-19",0,1,182.18,182.18,182.18
11223,"2024-10-24","2024-10-24",0,1,46.78,46.78,46.78
11224,"2020-05-23","2022-01-29",616,2,71.98,143.96,71.98
11225,"2024-01-09","2024-01-09",0,1,74.89,74.89,74.89
11227,"2024-07-28","2024-07-28",0,1,377.01,377.01,377.01
11228,"2021-09-10","2021-11-27",78,2,486.18,972.36,486.18
11229,"2020-02-15","2023-05-15",1185,2,310.80,621.59,310.80
11230,"2021-09-19","2021-09-19",0,1,35.48,35.48,35.48
11231,"2021-01-22","2021-08-07",197,3,178.27,534.80,178.27
11232,"2021-07-26","2024-01-14",902,2,111.87,223.73,111.87
11233,"2022-06-23","2022-06-23",0,1,7.12,7.12,7.12
11234,"2021-12-02","2023-09-28",665,3,80.79,242.38,80.79
11235,"2022-04-18","2025-09-02",1233,2,332.50,664.99,332.50
11236,"2021-02-25","2025-04-12",1507,4,307.31,1229.23,307.31
11237,"2020-01-31","2022-08-16",928,2,156.66,313.32,156.66
11240,"2021-03-03","2024-10-17",1324,3,198.21,594.63,198.21
11241,"2020-03-06","2025-04-26",1877,3,62.69,188.08,62.69
11242,"2020-05-29","2024-06-02",1465,4,152.50,610.00,152.50
11243,"2022-07-04","2023-12-08",522,2,372.20,744.39,372.20
11244,"2024-06-01","2024-06-01",0,1,5.13,5.13,5.13
11245,"2020-09-09","2020-09-09",0,1,132.66,132.66,132.66
11246,"2022-12-20","2024-07-26",584,3,38.96,116.88,38.96
11247,"2020-03-22","2024-06-01",1532,2,150.56,301.11,150.56
11248,"2022-02-08","2022-02-08",0,1,8.46,8.46,8.46
11249,"2022-11-10","2025-01-25",807,2,171.09,342.18,171.09
11252,"2022-03-29","2022-03-29",0,1,70.60,70.60,70.60
11253,"2021-04-18","2025-10-22",1648,5,160.96,804.78,160.96
11254,"2020-02-11","2025-01-19",1804,6,155.83,935.00,155.83
11255,"2022-07-12","2025-01-13",916,2,159.10,318.19,159.10
11256,"2022-01-10","2025-08-24",1322,2,176.32,352.63,176.32
11259,"2020-03-17","2025-10-05",2028,4,110.69,442.74,110.69
11260,"2021-03-06","2025-10-01",1670,2,84.33,168.65,84.33
11261,"2022-10-29","2024-01-16",444,2,296.75,593.49,296.75
11264,"2020-05-22","2020-05-22",0,1,79.16,79.16,79.16
11265,"2020-05-09","2025-01-23",1720,2,422.75,845.49,422.75
11266,"2021-02-11","2021-02-11",0,1,86.14,86.14,86.14
11267,"2023-01-14","2023-02-18",35,2,66.99,133.98,66.99
11268,"2025-05-24","2025-05-24",0,1,413.10,413.10,413.10
11269,"2022-01-19","2022-01-19",0,1,277.72,277.72,277.72
11270,"2020-12-29","2022-06-14",532,2,39.85,79.70,39.85
11271,"2023-11-25","2024-10-15",325,2,92.80,185.60,92.80
11272,"2021-10-19","2021-10-19",0,1,45.74,45.74,45.74
11273,"2021-12-19","2023-07-19",577,2,45.92,91.84,45.92
11275,"2022-04-12","2022-04-12",0,1,438.54,438.54,438.54
11277,"2020-03-29","2024-10-15",1661,3,73.75,221.24,73.75
11278,"2021-03-01","2021-03-01",0,1,53.60,53.60,53.60
11281,"2025-03-30","2025-06-29",91,2,173.96,347.91,173.96
11282,"2024-06-03","2025-02-23",265,2,34.85,69.69,34.85
11283,"2024-01-10","2025-02-22",409,3,795.11,2385.33,795.11
11285,"2021-11-29","2025-03-11",1198,2,180.54,361.07,180.54
11286,"2024-01-29","2025-06-16",504,2,66.80,133.59,66.80
11287,"2020-01-23","2024-12-23",1796,3,160.95,482.86,160.95
11289,"2022-07-23","2022-07-23",0,1,33.91,33.91,33.91
11290,"2020-06-09","2025-06-04",1821,3,97.57,292.72,97.57
11291,"2023-12-23","2024-04-17",116,2,74.04,148.08,74.04
11293,"2022-03-25","2023-01-02",283,2,133.25,266.49,133.25
11294,"2024-12-22","2024-12-22",0,1,77.27,77.27,77.27
11295,"2023-02-13","2023-02-13",0,1,45.50,45.50,45.50
11297,"2023-08-13","2023-08-13",0,1,579.47,579.47,579.47
11298,"2025-10-10","2025-10-10",0,1,200.87,200.87,200.87
11299,"2021-06-06","2024-03-09",1007,2,69.95,139.90,69.95
11300,"2022-08-04","2022-08-04",0,1,47.45,47.45,47.45
11301,"2021-10-11","2025-08-21",1410,4,92.85,371.41,92.85
11302,"2020-07-15","2023-12-20",1253,4,168.04,672.17,168.04
11303,"2023-07-07","2023-07-07",0,1,270.51,270.51,270.51
11305,"2022-12-28","2024-03-27",455,2,139.32,278.63,139.32
11306,"2021-08-19","2023-11-26",829,2,52.88,105.75,52.88
11307,"2021-04-09","2021-04-09",0,1,27.45,27.45,27.45
11308,"2021-09-03","2021-09-03",0,1,189.43,189.43,189.43
11309,"2021-02-21","2024-02-21",1095,3,164.37,493.12,164.37
11310,"2020-12-24","2025-06-07",1626,3,28.72,86.15,28.72
11311,"2020-01-07","2023-06-10",1250,4,107.00,428.00,107.00
11312,"2020-11-02","2025-08-22",1754,4,71.16,284.63,71.16
11313,"2020-01-05","2020-01-05",0,1,41.99,41.99,41.99
11314,"2022-07-19","2024-12-29",894,2,70.67,141.34,70.67
11315,"2022-04-21","2024-11-08",932,2,56.10,112.19,56.10
11316,"2021-04-22","2023-07-27",826,2,132.14,264.28,132.14
11317,"2023-07-29","2023-07-29",0,1,91.53,91.53,91.53
11318,"2022-10-18","2022-10-18",0,1,117.86,117.86,117.86
11319,"2022-05-06","2022-05-06",0,1,250.58,250.58,250.58
11322,"2022-11-21","2022-11-21",0,1,61.51,61.51,61.51
11323,"2020-10-02","2020-10-02",0,1,17.93,17.93,17.93
11324,"2023-12-11","2023-12-11",0,1,96.35,96.35,96.35
11325,"2022-03-02","2024-02-01",701,4,120.92,483.66,120.92
11326,"2023-03-21","2023-03-21",0,1,291.33,291.33,291.33
11327,"2025-10-01","2025-10-01",0,1,126.51,126.51,126.51
11328,"2022-09-01","2022-09-01",0,1,8.03,8.03,8.03
11329,"2025-03-08","2025-09-02",178,2,60.66,121.32,60.66
11330,"2021-08-13","2025-04-04",1330,3,93.66,280.97,93.66
11331,"2025-03-13","2025-06-09",88,2,44.31,88.61,44.31
11332,"2021-02-12","2024-02-12",1095,2,69.85,139.70,69.85
11334,"2023-11-25","2023-11-25",0,1,70.45,70.45,70.45
11335,"2022-10-30","2022-10-30",0,1,38.55,38.55,38.55
11336,"2021-07-05","2024-02-13",953,3,124.37,373.12,124.37
11337,"2023-02-22","2023-02-22",0,1,11.02,11.02,11.02
11338,"2020-02-11","2022-05-29",838,2,148.03,296.05,148.03
11339,"2022-03-11","2025-06-19",1196,3,67.58,202.75,67.58
11341,"2020-10-03","2023-09-19",1081,3,160.72,482.16,160.72
11342,"2021-07-31","2025-09-28",1520,4,115.58,462.32,115.58
11343,"2021-02-24","2021-02-24",0,1,62.90,62.90,62.90
11345,"2020-07-09","2024-02-12",1313,2,232.23,464.45,232.23
11346,"2022-03-01","2022-03-01",0,1,19.89,19.89,19.89
11347,"2021-02-06","2024-06-04",1214,2,442.72,885.43,442.72
11349,"2020-12-26","2020-12-26",0,1,40.93,40.93,40.93
11350,"2022-06-15","2022-06-15",0,1,118.21,118.21,118.21
11351,"2024-03-08","2024-05-29",82,2,131.44,262.88,131.44
11352,"2020-06-16","2020-06-16",0,1,52.58,52.58,52.58
11353,"2020-12-08","2024-03-16",1194,4,37.57,150.29,37.57
11354,"2021-03-18","2021-03-18",0,1,100.88,100.88,100.88
11355,"2023-05-16","2023-07-01",46,2,295.91,591.81,295.91
11356,"2022-01-12","2024-09-22",984,2,26.43,52.86,26.43
11357,"2020-01-05","2025-09-28",2093,2,66.47,132.94,66.47
11358,"2020-05-05","2024-08-22",1570,2,197.20,394.39,197.20
11361,"2021-09-06","2025-05-05",1337,4,21.02,84.06,21.02
11363,"2024-05-07","2025-07-11",430,2,45.85,91.69,45.85
11364,"2023-10-16","2025-02-15",488,3,88.01,264.02,88.01
11365,"2020-08-12","2022-10-17",796,3,138.49,415.48,138.49
11366,"2024-10-18","2024-10-18",0,1,113.13,113.13,113.13
11367,"2025-03-29","2025-03-29",0,1,239.61,239.61,239.61
11368,"2021-03-10","2023-10-08",942,4,97.98,391.93,97.98
11369,"2021-01-08","2024-02-01",1119,4,110.26,441.02,110.26
11370,"2022-04-14","2025-06-08",1151,2,78.37,156.73,78.37
11372,"2022-04-17","2022-11-29",226,2,157.58,315.15,157.58
11373,"2021-11-25","2021-11-25",0,1,46.03,46.03,46.03
11374,"2020-01-09","2025-10-21",2112,3,105.42,316.26,105.42
11375,"2021-01-25","2021-01-25",0,1,24.63,24.63,24.63
11376,"2023-01-28","2024-04-13",441,3,163.34,490.03,163.34
11378,"2023-10-29","2023-10-29",0,1,19.05,19.05,19.05
11379,"2021-01-19","2021-01-19",0,1,33.76,33.76,33.76
11380,"2020-08-23","2020-08-23",0,1,45.31,45.31,45.31
11381,"2022-11-12","2022-11-12",0,1,65.47,65.47,65.47
11382,"2024-05-31","2024-05-31",0,1,79.83,79.83,79.83
11383,"2021-05-08","2021-05-08",0,1,55.01,55.01,55.01
11384,"2024-02-10","2024-02-10",0,1,25.42,25.42,25.42
11385,"2023-01-04","2023-01-04",0,1,303.97,303.97,303.97
11386,"2022-11-25","2024-03-29",490,2,10.37,20.73,10.37
11387,"2020-11-07","2021-03-27",140,2,244.34,488.67,244.34
11389,"2020-07-29","2025-06-10",1777,3,120.59,361.76,120.59
11390,"2020-06-01","2020-07-04",33,2,166.30,332.60,166.30
11391,"2022-03-29","2024-10-27",943,4,94.84,379.37,94.84
11392,"2024-10-26","2024-11-03",8,2,140.50,280.99,140.50
11393,"2022-08-06","2024-08-15",740,2,76.91,153.82,76.91
11394,"2022-07-24","2024-06-15",692,2,147.13,294.26,147.13
11395,"2020-02-09","2022-08-05",908,3,95.79,287.38,95.79
11397,"2023-07-20","2024-09-03",411,2,55.16,110.32,55.16
11398,"2021-12-01","2021-12-01",0,1,39.50,39.50,39.50
11399,"2020-08-13","2020-08-13",0,1,155.27,155.27,155.27
11400,"2020-08-31","2024-05-01",1339,3,203.61,610.83,203.61
11401,"2022-05-22","2024-02-01",620,4,86.47,345.89,86.47
11404,"2021-03-01","2021-12-26",300,3,155.22,465.65,155.22
11405,"2023-02-21","2025-06-23",853,2,47.73,95.45,47.73
11406,"2021-06-22","2025-04-19",1397,4,88.69,354.77,88.69
11407,"2024-12-10","2025-09-29",293,2,45.80,91.60,45.80
11408,"2023-04-15","2023-04-15",0,1,48.32,48.32,48.32
11410,"2021-03-01","2021-05-26",86,2,22.44,44.88,22.44
11411,"2020-08-29","2022-04-29",608,3,110.99,332.96,110.99
11413,"2021-09-21","2021-09-21",0,1,231.59,231.59,231.59
11414,"2021-08-13","2022-07-05",326,2,109.05,218.10,109.05
11416,"2023-12-24","2024-12-19",361,2,127.31,254.61,127.31
11417,"2025-10-08","2025-10-08",0,1,272.63,272.63,272.63
11418,"2023-03-10","2023-03-10",0,1,179.06,179.06,179.06
11419,"2021-10-29","2023-07-04",613,2,74.41,148.82,74.41
11421,"2022-04-15","2022-07-04",80,2,191.50,383.00,191.50
11422,"2020-03-19","2024-01-20",1402,2,125.32,250.63,125.32
11423,"2021-08-04","2024-08-25",1117,3,48.03,144.08,48.03
11424,"2025-06-11","2025-08-03",53,2,57.82,115.64,57.82
11425,"2022-07-26","2023-01-25",183,2,40.82,81.64,40.82
11428,"2020-03-08","2023-08-08",1248,2,201.51,403.02,201.51
11429,"2020-04-18","2024-11-13",1670,2,186.29,372.58,186.29
11430,"2020-05-03","2020-05-03",0,1,81.98,81.98,81.98
11431,"2025-08-19","2025-08-19",0,1,16.57,16.57,16.57
11432,"2021-04-21","2021-04-21",0,1,284.73,284.73,284.73
11433,"2021-05-16","2021-05-16",0,1,8.31,8.31,8.31
11434,"2021-12-26","2025-10-05",1379,2,108.41,216.81,108.41
11435,"2022-04-16","2023-09-09",511,2,60.68,121.35,60.68
11436,"2020-12-31","2025-09-10",1714,3,47.58,142.75,47.58
11437,"2021-10-31","2021-10-31",0,1,14.02,14.02,14.02
11438,"2024-03-13","2024-03-13",0,1,16.33,16.33,16.33
11440,"2021-02-08","2023-01-29",720,2,52.71,105.42,52.71
11441,"2020-07-09","2020-07-09",0,1,18.61,18.61,18.61
11442,"2022-08-22","2023-04-07",228,3,71.58,214.73,71.58
11443,"2023-06-18","2023-06-18",0,1,208.98,208.98,208.98
11444,"2021-10-24","2025-01-13",1177,4,105.52,422.09,105.52
11445,"2025-07-31","2025-07-31",0,1,19.35,19.35,19.35
11446,"2020-06-28","2025-05-11",1778,3,396.74,1190.22,396.74
11447,"2021-01-25","2021-01-25",0,1,176.97,176.97,176.97
11448,"2023-01-09","2024-03-16",432,3,130.75,392.25,130.75
11449,"2023-06-10","2024-06-19",375,2,41.31,82.62,41.31
11450,"2022-09-14","2022-09-14",0,1,166.56,166.56,166.56
11451,"2023-10-31","2023-10-31",0,1,116.62,116.62,116.62
11453,"2021-07-18","2025-04-26",1378,2,248.74,497.47,248.74
11455,"2020-07-19","2024-06-21",1433,2,114.83,229.65,114.83
11456,"2020-12-30","2024-03-14",1170,5,133.85,669.25,133.85
11457,"2020-07-08","2020-07-08",0,1,35.74,35.74,35.74
11458,"2021-08-23","2021-08-23",0,1,235.20,235.20,235.20
11459,"2023-02-16","2023-02-16",0,1,225.77,225.77,225.77
11460,"2025-01-02","2025-01-02",0,1,118.66,118.66,118.66
11461,"2020-12-16","2023-05-22",887,2,58.53,117.05,58.53
11462,"2021-02-15","2021-02-15",0,1,61.38,61.38,61.38
11463,"2021-06-30","2021-06-30",0,1,78.78,78.78,78.78
11464,"2022-05-27","2024-12-04",922,2,178.16,356.31,178.16
11465,"2022-07-03","2024-07-16",744,2,203.74,407.47,203.74
11466,"2022-07-04","2023-02-26",237,2,56.89,113.77,56.89
11467,"2022-08-18","2022-08-18",0,1,112.52,112.52,112.52
11468,"2024-09-03","2024-09-03",0,1,115.29,115.29,115.29
11470,"2020-05-06","2025-10-11",1984,5,85.69,428.47,85.69
11471,"2020-09-11","2023-05-06",967,2,175.12,350.23,175.12
11472,"2023-06-25","2023-06-25",0,1,470.11,470.11,470.11
11473,"2020-04-04","2020-04-04",0,1,56.04,56.04,56.04
11474,"2020-05-31","2020-05-31",0,1,33.91,33.91,33.91
11477,"2020-03-12","2023-09-17",1284,4,48.33,193.33,48.33
11478,"2021-05-19","2021-05-19",0,1,51.43,51.43,51.43
11480,"2024-09-24","2025-03-31",188,2,86.93,173.85,86.93
11481,"2021-07-01","2025-03-02",1340,4,126.17,504.67,126.17
11482,"2025-03-30","2025-03-30",0,1,365.23,365.23,365.23
11483,"2021-11-15","2021-11-15",0,1,24.78,24.78,24.78
11484,"2020-08-20","2020-08-20",0,1,189.70,189.70,189.70
11485,"2025-05-02","2025-05-02",0,1,340.34,340.34,340.34
11487,"2020-09-17","2020-09-17",0,1,55.28,55.28,55.28
11488,"2020-02-07","2022-09-01",937,2,111.80,223.59,111.80
11489,"2021-12-22","2025-10-18",1396,3,44.51,133.52,44.51
11490,"2020-09-07","2025-02-12",1619,2,156.71,313.41,156.71
11491,"2022-06-13","2022-06-13",0,1,81.12,81.12,81.12
11492,"2021-10-17","2021-10-17",0,1,24.19,24.19,24.19
11493,"2022-07-03","2025-02-20",963,4,270.46,1081.83,270.46
11494,"2023-08-23","2025-05-14",630,3,39.45,118.34,39.45
11495,"2020-07-14","2020-07-14",0,1,109.16,109.16,109.16
11496,"2022-02-11","2022-02-11",0,1,21.61,21.61,21.61
11497,"2023-03-15","2023-03-15",0,1,338.41,338.41,338.41
11498,"2020-01-13","2021-11-17",674,3,77.74,233.21,77.74
11499,"2025-05-16","2025-06-27",42,2,41.36,82.71,41.36
11501,"2023-09-30","2023-09-30",0,1,31.31,31.31,31.31
11502,"2020-11-09","2025-02-18",1562,5,180.05,900.25,180.05
11503,"2020-11-04","2024-12-13",1500,2,63.73,127.45,63.73
11504,"2023-06-04","2023-06-04",0,1,183.35,183.35,183.35
11507,"2020-12-19","2025-09-28",1744,2,190.71,381.42,190.71
11508,"2023-05-30","2024-10-09",498,3,260.16,780.48,260.16
11510,"2023-10-09","2023-10-09",0,1,125.26,125.26,125.26
11511,"2023-10-26","2023-12-22",57,2,427.42,854.84,427.42
11512,"2020-07-23","2024-10-28",1558,5,63.25,316.26,63.25
11513,"2022-07-18","2023-09-29",438,2,145.59,291.18,145.59
11514,"2020-01-09","2024-08-05",1670,5,56.53,282.65,56.53
11515,"2022-06-17","2024-02-08",601,3,208.77,626.32,208.77
11517,"2021-07-24","2025-10-09",1538,5,78.28,391.41,78.28
11518,"2022-05-16","2022-12-15",213,2,94.77,189.53,94.77
11520,"2021-04-07","2021-04-07",0,1,128.33,128.33,128.33
11521,"2023-01-11","2023-01-11",0,1,21.83,21.83,21.83
11522,"2023-12-10","2023-12-10",0,1,177.34,177.34,177.34
11524,"2022-03-23","2024-08-31",892,2,76.63,153.25,76.63
11525,"2021-11-09","2025-01-21",1169,3,55.94,167.82,55.94
11527,"2022-11-14","2024-12-11",758,2,43.69,87.38,43.69
11528,"2024-01-07","2024-01-07",0,1,26.60,26.60,26.60
11529,"2021-04-17","2024-12-17",1340,5,136.21,681.07,136.21
11530,"2021-03-20","2021-06-29",101,2,137.66,275.31,137.66
11532,"2021-10-26","2021-10-26",0,1,153.98,153.98,153.98
11534,"2024-07-15","2024-07-15",0,1,9.84,9.84,9.84
11535,"2020-08-01","2025-07-02",1796,2,232.27,464.53,232.27
11536,"2021-03-08","2023-03-26",748,3,80.66,241.98,80.66
11537,"2020-02-07","2025-03-08",1856,4,83.92,335.68,83.92
11539,"2020-10-28","2025-02-20",1576,2,80.07,160.14,80.07
11540,"2020-04-20","2025-06-07",1874,2,89.42,178.83,89.42
11541,"2020-11-05","2021-04-02",148,4,57.86,231.45,57.86
11542,"2021-03-16","2022-02-09",330,2,190.56,381.11,190.56
11543,"2020-03-31","2020-03-31",0,1,171.78,171.78,171.78
11544,"2022-12-05","2022-12-05",0,1,142.87,142.87,142.87
11545,"2020-03-17","2020-06-11",86,2,41.29,82.58,41.29
11547,"2023-03-19","2023-09-30",195,2,21.88,43.75,21.88
11550,"2022-05-01","2024-08-07",829,2,69.47,138.93,69.47
11551,"2024-09-20","2024-09-20",0,1,210.05,210.05,210.05
11553,"2020-10-28","2025-09-28",1796,3,244.57,733.71,244.57
11554,"2023-07-29","2025-04-09",620,2,148.99,297.98,148.99
11555,"2024-02-18","2024-11-08",264,5,93.54,467.69,93.54
11556,"2025-07-05","2025-07-05",0,1,316.63,316.63,316.63
11557,"2020-03-07","2023-02-23",1083,4,292.01,1168.05,292.01
11558,"2020-12-16","2023-04-26",861,2,86.53,173.05,86.53
11560,"2024-08-29","2024-08-29",0,1,84.34,84.34,84.34
11561,"2021-11-16","2025-05-08",1269,3,175.07,525.21,175.07
11563,"2020-10-03","2023-11-06",1129,2,110.55,221.10,110.55
11564,"2020-05-28","2025-02-23",1732,3,84.89,254.67,84.89
11566,"2021-12-29","2024-12-03",1070,2,75.10,150.20,75.10
11567,"2021-01-20","2021-01-20",0,1,108.09,108.09,108.09
11569,"2020-11-01","2024-12-21",1511,4,136.60,546.38,136.60
11570,"2023-06-25","2025-08-28",795,3,174.50,523.50,174.50
11571,"2022-01-09","2024-09-08",973,3,52.86,158.57,52.86
11572,"2024-07-12","2024-07-12",0,1,34.53,34.53,34.53
11573,"2022-05-09","2024-07-25",808,2,71.25,142.49,71.25
11574,"2020-11-20","2024-10-25",1435,3,168.91,506.72,168.91
11576,"2020-12-21","2024-04-02",1198,2,440.64,881.27,440.64
11577,"2022-01-30","2024-11-06",1011,4,30.78,123.10,30.78
11578,"2021-07-02","2021-07-02",0,1,487.26,487.26,487.26
11580,"2022-12-11","2022-12-11",0,1,7.35,7.35,7.35
11582,"2025-04-25","2025-04-25",0,1,289.91,289.91,289.91
11583,"2020-10-31","2022-02-05",462,3,41.53,124.59,41.53
11584,"2020-08-12","2025-02-06",1639,3,182.45,547.36,182.45
11585,"2024-01-24","2024-10-31",281,2,128.82,257.63,128.82
11586,"2020-12-10","2025-10-13",1768,6,57.95,347.71,57.95
11587,"2021-07-15","2025-09-29",1537,3,240.35,721.06,240.35
11588,"2022-04-30","2022-04-30",0,1,7.24,7.24,7.24
11589,"2020-06-14","2023-11-08",1242,4,167.32,669.29,167.32
11590,"2021-02-18","2021-02-18",0,1,59.86,59.86,59.86
11591,"2023-07-18","2023-07-18",0,1,40.17,40.17,40.17
11592,"2022-08-18","2023-04-16",241,2,106.84,213.68,106.84
11593,"2021-09-12","2022-02-08",149,2,104.79,209.57,104.79
11595,"2021-08-03","2022-08-12",374,2,129.45,258.90,129.45
11596,"2023-02-05","2025-03-29",783,3,81.57,244.72,81.57
11597,"2020-11-17","2020-11-17",0,1,185.78,185.78,185.78
11598,"2020-09-09","2022-02-19",528,2,159.10,318.19,159.10
11599,"2023-09-29","2023-09-29",0,1,110.90,110.90,110.90
11600,"2023-01-02","2025-06-17",897,3,103.65,310.94,103.65
11602,"2023-08-09","2023-08-09",0,1,96.06,96.06,96.06
11603,"2020-01-14","2025-05-26",1959,2,196.92,393.84,196.92
11604,"2022-07-06","2022-11-09",126,2,187.10,374.20,187.10
11606,"2021-12-12","2025-01-03",1118,2,482.74,965.48,482.74
11607,"2023-01-07","2023-01-26",19,2,319.33,638.65,319.33
11608,"2024-03-02","2024-03-02",0,1,27.75,27.75,27.75
11609,"2021-03-07","2024-01-15",1044,6,126.56,759.34,126.56
11610,"2022-07-13","2024-06-04",692,2,146.02,292.04,146.02
11611,"2022-08-18","2022-08-18",0,1,15.39,15.39,15.39
11612,"2025-04-22","2025-04-22",0,1,293.25,293.25,293.25
11613,"2020-05-25","2025-04-11",1782,2,42.63,85.26,42.63
11614,"2023-12-05","2023-12-05",0,1,7.82,7.82,7.82
11615,"2021-06-10","2025-09-20",1563,2,91.53,183.06,91.53
11616,"2021-01-23","2025-08-14",1664,3,120.66,361.97,120.66
11617,"2020-09-19","2023-11-07",1144,3,148.90,446.69,148.90
11618,"2021-04-03","2021-04-03",0,1,754.96,754.96,754.96
11619,"2022-07-16","2022-07-16",0,1,26.88,26.88,26.88
11620,"2024-04-07","2024-11-23",230,2,167.76,335.52,167.76
11621,"2020-03-18","2023-06-12",1181,3,447.90,1343.71,447.90
11622,"2021-08-19","2021-10-16",58,2,194.15,388.29,194.15
11623,"2023-03-02","2023-03-02",0,1,21.90,21.90,21.90
11624,"2020-05-12","2025-03-04",1757,4,109.70,438.80,109.70
11625,"2020-05-09","2023-11-05",1275,3,325.30,975.90,325.30
11627,"2024-07-23","2024-07-23",0,1,119.83,119.83,119.83
11628,"2020-05-22","2023-06-28",1132,3,291.70,875.10,291.70
11629,"2023-09-25","2023-12-30",96,2,73.76,147.52,73.76
11631,"2022-07-12","2025-08-31",1146,2,154.82,309.64,154.82
11632,"2020-01-06","2024-05-23",1599,3,97.61,292.82,97.61
11633,"2022-03-16","2022-11-13",242,2,38.94,77.87,38.94
11634,"2023-12-30","2024-05-22",144,2,187.40,374.79,187.40
11635,"2022-03-22","2025-05-01",1136,4,76.89,307.57,76.89
11637,"2025-04-14","2025-04-14",0,1,60.03,60.03,60.03
11638,"2021-10-29","2022-07-29",273,3,197.31,591.92,197.31
11639,"2021-06-27","2022-09-19",449,2,20.99,41.98,20.99
11640,"2022-04-18","2022-04-18",0,1,16.28,16.28,16.28
11641,"2023-05-26","2025-03-20",664,3,86.32,258.95,86.32
11642,"2025-03-15","2025-03-15",0,1,220.54,220.54,220.54
11643,"2020-06-03","2020-08-24",82,3,38.96,116.88,38.96
11644,"2020-06-27","2024-03-17",1359,5,121.31,606.53,121.31
11645,"2022-04-01","2022-04-01",0,1,66.29,66.29,66.29
11646,"2025-07-11","2025-07-11",0,1,95.19,95.19,95.19
11647,"2020-01-09","2020-01-09",0,1,42.09,42.09,42.09
11648,"2022-08-16","2025-01-18",886,3,95.05,285.15,95.05
11649,"2020-03-26","2025-09-09",1993,3,391.55,1174.65,391.55
11650,"2023-12-10","2023-12-10",0,1,41.42,41.42,41.42
11651,"2023-01-19","2023-01-19",0,1,28.57,28.57,28.57
11653,"2021-01-16","2025-05-20",1585,4,146.81,587.24,146.81
11654,"2020-09-14","2025-10-06",1848,3,54.32,162.95,54.32
11656,"2021-12-20","2022-08-09",232,3,96.25,288.74,96.25
11657,"2020-06-24","2020-06-24",0,1,24.67,24.67,24.67
11658,"2022-06-27","2022-06-27",0,1,43.68,43.68,43.68
11659,"2020-06-20","2020-06-20",0,1,177.36,177.36,177.36
11660,"2024-11-09","2024-11-09",0,1,3.50,3.50,3.50
11661,"2025-07-09","2025-07-09",0,1,247.57,247.57,247.57
11662,"2020-08-12","2025-05-23",1745,2,250.47,500.94,250.47
11663,"2021-11-03","2023-02-18",472,2,26.42,52.83,26.42
11664,"2022-01-27","2025-09-04",1316,3,156.24,468.72,156.24
11665,"2020-09-13","2023-02-22",892,4,117.37,469.46,117.37
11667,"2025-01-03","2025-01-03",0,1,30.73,30.73,30.73
11669,"2021-01-25","2025-07-13",1630,3,91.08,273.25,91.08
11670,"2025-05-21","2025-05-21",0,1,40.27,40.27,40.27
11671,"2020-02-15","2022-02-05",721,2,302.14,604.28,302.14
11672,"2020-10-02","2024-03-22",1267,2,55.39,110.77,55.39
11673,"2020-01-25","2020-07-13",170,2,50.14,100.27,50.14
11675,"2023-08-11","2023-08-11",0,1,371.39,371.39,371.39
11678,"2020-11-09","2025-07-06",1700,2,333.36,666.71,333.36
11679,"2021-07-23","2024-03-03",954,2,319.86,639.71,319.86
11680,"2020-01-27","2024-01-08",1442,2,51.83,103.65,51.83
11681,"2021-06-21","2024-05-19",1063,6,96.62,579.72,96.62
11682,"2022-01-20","2023-05-04",469,2,45.05,90.09,45.05
11683,"2021-03-24","2024-08-06",1231,2,18.26,36.51,18.26
11684,"2020-04-30","2023-11-27",1306,2,24.85,49.70,24.85
11685,"2021-03-06","2025-10-20",1689,5,195.53,977.63,195.53
11686,"2022-11-10","2023-06-19",221,2,35.15,70.29,35.15
11687,"2021-09-26","2025-07-03",1376,4,105.56,422.22,105.56
11689,"2021-09-16","2021-09-16",0,1,60.98,60.98,60.98
11690,"2020-12-23","2025-03-20",1548,2,196.93,393.85,196.93
11691,"2022-01-26","2023-07-27",547,2,46.63,93.26,46.63
11693,"2025-07-20","2025-07-20",0,1,58.39,58.39,58.39
11696,"2023-05-16","2023-05-16",0,1,152.91,152.91,152.91
11697,"2021-11-04","2023-04-03",515,2,176.27,352.54,176.27
11699,"2021-02-23","2023-02-23",730,3,111.18,333.55,111.18
11700,"2020-06-24","2021-01-27",217,2,152.05,304.10,152.05
11702,"2023-07-24","2024-08-31",404,3,91.10,273.31,91.10
11703,"2024-05-23","2024-05-23",0,1,88.00,88.00,88.00
11705,"2020-01-20","2024-03-03",1504,3,34.55,103.65,34.55
11706,"2020-04-14","2025-08-28",1962,3,137.79,413.38,137.79
11707,"2021-02-03","2025-02-10",1468,3,118.70,356.10,118.70
11708,"2022-11-11","2024-03-17",492,2,79.26,158.51,79.26
11709,"2025-07-17","2025-07-17",0,1,45.31,45.31,45.31
11710,"2022-04-07","2022-04-07",0,1,117.88,117.88,117.88
11711,"2020-02-21","2020-02-21",0,1,129.85,129.85,129.85
11712,"2022-04-07","2022-04-07",0,1,171.96,171.96,171.96
11713,"2024-06-01","2024-06-01",0,1,48.07,48.07,48.07
11714,"2023-08-30","2023-08-30",0,1,228.42,228.42,228.42
11715,"2020-06-30","2020-06-30",0,1,39.61,39.61,39.61
11716,"2024-05-01","2024-05-01",0,1,54.79,54.79,54.79
11717,"2022-04-10","2022-04-10",0,1,168.39,168.39,168.39
11720,"2020-11-14","2020-11-14",0,1,14.03,14.03,14.03
11722,"2024-06-06","2024-06-06",0,1,158.84,158.84,158.84
11723,"2020-12-17","2020-12-17",0,1,133.38,133.38,133.38
11724,"2022-07-17","2022-10-15",90,2,138.62,277.24,138.62
11727,"2023-07-10","2024-05-25",320,2,111.11,222.21,111.11
11728,"2020-11-27","2024-08-11",1353,2,332.51,665.02,332.51
11730,"2021-11-25","2025-04-11",1233,2,51.10,102.19,51.10
11732,"2020-07-22","2020-07-22",0,1,74.76,74.76,74.76
11733,"2023-05-11","2023-05-11",0,1,184.06,184.06,184.06
11734,"2020-10-25","2024-12-20",1517,5,128.45,642.24,128.45
11735,"2021-06-01","2021-06-01",0,1,66.72,66.72,66.72
11736,"2020-07-08","2023-06-26",1083,2,181.09,362.17,181.09
11737,"2020-11-03","2020-11-03",0,1,78.93,78.93,78.93
11738,"2020-09-13","2025-06-26",1747,5,98.27,491.33,98.27
11740,"2021-05-12","2021-05-12",0,1,147.78,147.78,147.78
11742,"2021-05-23","2024-06-18",1122,2,120.12,240.24,120.12
11743,"2022-09-23","2022-10-28",35,2,115.06,230.11,115.06
11744,"2024-07-27","2025-04-10",257,2,148.94,297.87,148.94
11745,"2020-07-29","2025-08-20",1848,3,149.34,448.01,149.34
11746,"2023-03-23","2023-03-23",0,1,108.17,108.17,108.17
11747,"2020-08-23","2025-07-03",1775,7,121.43,849.98,121.43
11749,"2023-05-01","2025-10-04",887,4,73.70,294.80,73.70
11751,"2022-03-18","2022-11-17",244,2,45.39,90.77,45.39
11754,"2021-06-07","2021-06-07",0,1,148.64,148.64,148.64
11756,"2020-12-04","2024-03-04",1186,3,199.04,597.13,199.04
11758,"2020-05-09","2025-07-12",1890,2,252.03,504.06,252.03
11759,"2020-01-05","2025-06-21",1994,2,109.47,218.93,109.47
11760,"2022-10-17","2024-10-17",731,2,83.64,167.28,83.64
11761,"2021-04-24","2022-05-23",394,3,144.94,434.81,144.94
11763,"2021-01-11","2021-01-11",0,1,68.26,68.26,68.26
11764,"2020-09-11","2020-09-11",0,1,145.57,145.57,145.57
11766,"2021-02-08","2025-04-30",1542,2,95.26,190.51,95.26
11767,"2023-12-04","2025-08-01",606,2,116.79,233.57,116.79
11772,"2021-08-26","2022-03-10",196,2,344.26,688.52,344.26
11773,"2020-12-15","2020-12-15",0,1,170.01,170.01,170.01
11774,"2022-02-09","2022-02-09",0,1,103.65,103.65,103.65
11777,"2020-05-29","2020-05-29",0,1,260.59,260.59,260.59
11778,"2020-09-29","2020-09-29",0,1,217.64,217.64,217.64
11779,"2023-12-22","2025-10-23",671,2,250.22,500.44,250.22
11780,"2021-03-17","2021-08-31",167,2,543.02,1086.03,543.02
11781,"2020-05-31","2024-02-08",1348,5,115.06,575.28,115.06
11782,"2024-11-23","2024-11-23",0,1,18.54,18.54,18.54
11783,"2021-06-04","2025-09-21",1570,5,88.62,443.11,88.62
11784,"2021-07-25","2021-07-25",0,1,67.45,67.45,67.45
11785,"2020-08-24","2022-02-17",542,2,54.87,109.73,54.87
11786,"2025-10-11","2025-10-11",0,1,236.63,236.63,236.63
11787,"2021-08-27","2023-12-29",854,2,269.74,539.47,269.74
11788,"2022-03-02","2022-03-02",0,1,19.14,19.14,19.14
11790,"2021-12-31","2025-03-14",1169,2,38.28,76.56,38.28
11791,"2020-10-18","2021-07-16",271,2,99.78,199.56,99.78
11792,"2022-08-28","2023-04-17",232,2,301.73,603.45,301.73
11793,"2021-10-15","2021-10-15",0,1,6.52,6.52,6.52
11795,"2020-10-23","2020-10-23",0,1,29.49,29.49,29.49
11796,"2020-06-17","2025-06-05",1814,2,431.77,863.54,431.77
11797,"2025-06-30","2025-06-30",0,1,214.40,214.40,214.40
11799,"2023-03-05","2023-03-05",0,1,40.98,40.98,40.98
11800,"2021-09-14","2021-09-14",0,1,75.86,75.86,75.86
11802,"2021-11-06","2021-11-06",0,1,133.27,133.27,133.27
11805,"2020-01-29","2024-08-05",1650,4,87.42,349.66,87.42
11806,"2024-02-28","2024-02-28",0,1,204.00,204.00,204.00
11809,"2024-08-08","2024-08-08",0,1,82.92,82.92,82.92
11810,"2021-04-16","2025-05-02",1477,4,105.82,423.29,105.82
11811,"2025-07-08","2025-07-08",0,1,188.42,188.42,188.42
11812,"2023-04-22","2023-04-22",0,1,100.90,100.90,100.90
11813,"2024-12-18","2024-12-18",0,1,74.58,74.58,74.58
11814,"2020-09-07","2020-09-07",0,1,14.08,14.08,14.08
11815,"2023-09-11","2023-09-11",0,1,211.50,211.50,211.50
11816,"2021-06-12","2024-02-11",974,2,136.76,273.51,136.76
11818,"2023-04-18","2023-04-18",0,1,16.58,16.58,16.58
11819,"2021-07-24","2024-03-18",968,3,72.16,216.49,72.16
11820,"2023-06-15","2023-06-15",0,1,131.38,131.38,131.38
11821,"2020-08-06","2024-08-22",1477,2,54.98,109.95,54.98
11822,"2021-03-16","2023-03-05",719,2,309.89,619.78,309.89
11823,"2020-06-19","2024-02-13",1334,2,76.72,153.43,76.72
11824,"2022-04-17","2023-02-04",293,2,151.57,303.13,151.57
11825,"2024-07-03","2024-07-03",0,1,216.05,216.05,216.05
11826,"2022-05-04","2024-02-13",650,3,121.27,363.82,121.27
11827,"2021-11-30","2021-11-30",0,1,549.45,549.45,549.45
11828,"2024-09-23","2024-11-27",65,2,100.54,201.08,100.54
11829,"2020-07-08","2024-03-28",1359,2,169.68,339.35,169.68
11830,"2021-06-03","2023-09-12",831,2,68.28,136.56,68.28
11831,"2024-02-25","2025-04-18",418,2,256.36,512.72,256.36
11832,"2024-11-01","2024-11-01",0,1,371.42,371.42,371.42
11834,"2021-09-22","2022-08-31",343,2,15.19,30.38,15.19
11836,"2025-08-04","2025-08-04",0,1,147.12,147.12,147.12
11837,"2024-12-16","2025-09-13",271,3,144.37,433.10,144.37
11838,"2023-09-22","2023-09-22",0,1,241.30,241.30,241.30
11839,"2021-08-08","2023-07-03",694,2,83.19,166.37,83.19
11840,"2023-01-25","2023-01-25",0,1,34.47,34.47,34.47
11841,"2022-12-13","2023-09-08",269,2,93.91,187.82,93.91
11842,"2020-04-22","2022-12-10",962,3,338.30,1014.91,338.30
11843,"2020-08-03","2025-08-27",1850,3,196.85,590.55,196.85
11844,"2021-03-10","2025-09-17",1652,4,121.16,484.62,121.16
11845,"2024-07-25","2024-07-25",0,1,101.63,101.63,101.63
11846,"2021-05-30","2024-08-31",1189,3,159.74,479.23,159.74
11847,"2023-02-13","2023-02-27",14,2,87.70,175.39,87.70
11848,"2021-10-05","2025-07-22",1386,3,163.65,490.94,163.65
11849,"2020-05-14","2023-11-28",1293,4,96.26,385.05,96.26
11850,"2022-10-11","2025-06-24",987,2,137.08,274.15,137.08
11852,"2022-04-19","2025-03-04",1050,3,74.45,223.34,74.45
11853,"2021-12-10","2022-07-09",211,2,73.84,147.68,73.84
11855,"2020-03-02","2020-03-02",0,1,15.99,15.99,15.99
11856,"2020-09-21","2022-03-13",538,3,112.17,336.52,112.17
11858,"2021-11-06","2021-11-06",0,1,115.59,115.59,115.59
11859,"2021-12-20","2021-12-20",0,1,38.86,38.86,38.86
11861,"2021-06-03","2021-06-03",0,1,992.30,992.30,992.30
11862,"2025-06-15","2025-09-15",92,2,13.38,26.75,13.38
11864,"2021-07-02","2025-04-12",1380,4,260.72,1042.88,260.72
11865,"2024-04-11","2024-04-11",0,1,23.21,23.21,23.21
11866,"2022-08-31","2023-03-05",186,2,56.69,113.38,56.69
11867,"2021-04-15","2021-04-15",0,1,146.24,146.24,146.24
11868,"2020-10-09","2024-09-07",1429,5,91.08,455.41,91.08
11869,"2021-01-09","2023-09-27",991,2,49.07,98.14,49.07
11870,"2021-09-11","2025-03-24",1290,3,146.15,438.45,146.15
11872,"2020-01-13","2022-10-19",1010,2,31.71,63.41,31.71
11873,"2020-02-23","2025-02-21",1825,2,241.84,483.68,241.84
11874,"2020-12-16","2023-11-29",1078,3,81.66,244.99,81.66
11876,"2020-11-21","2023-11-03",1077,3,282.62,847.85,282.62
11877,"2020-03-02","2020-03-02",0,1,22.23,22.23,22.23
11878,"2025-06-19","2025-06-19",0,1,132.91,132.91,132.91
11879,"2022-12-11","2022-12-25",14,2,875.08,1750.15,875.08
11881,"2022-03-26","2022-07-28",124,3,90.30,270.91,90.30
11882,"2021-03-13","2021-03-13",0,1,67.11,67.11,67.11
11883,"2022-06-06","2025-06-10",1100,3,125.15,375.45,125.15
11884,"2021-09-26","2021-09-26",0,1,465.12,465.12,465.12
11885,"2022-03-22","2025-01-22",1037,3,179.28,537.83,179.28
11887,"2020-07-21","2020-07-21",0,1,117.75,117.75,117.75
11888,"2024-07-19","2024-07-19",0,1,143.97,143.97,143.97
11889,"2020-03-03","2023-05-12",1165,4,84.33,337.33,84.33
11890,"2024-04-27","2024-11-14",201,2,137.19,274.38,137.19
11891,"2024-01-25","2024-01-25",0,1,121.58,121.58,121.58
11892,"2025-05-22","2025-05-22",0,1,17.01,17.01,17.01
11893,"2020-10-23","2024-09-28",1436,3,30.14,90.42,30.14
11894,"2021-10-15","2024-07-16",1005,2,142.78,285.56,142.78
11895,"2020-11-29","2025-04-27",1610,5,167.77,838.85,167.77
11897,"2021-08-06","2021-12-04",120,2,88.11,176.22,88.11
11898,"2021-03-29","2022-07-18",476,4,106.99,427.96,106.99
11900,"2020-04-27","2023-12-18",1330,3,76.33,228.98,76.33
11901,"2020-01-25","2024-09-30",1710,4,35.66,142.65,35.66
11903,"2024-11-28","2024-11-28",0,1,286.24,286.24,286.24
11904,"2022-08-01","2025-09-21",1147,3,174.90,524.69,174.90
11905,"2025-06-27","2025-06-27",0,1,88.74,88.74,88.74
11906,"2022-06-06","2025-07-30",1150,2,23.23,46.45,23.23
11908,"2023-12-01","2025-01-24",420,2,50.87,101.73,50.87
11909,"2023-04-18","2025-01-08",631,3,73.47,220.40,73.47
11910,"2025-04-17","2025-04-17",0,1,285.82,285.82,285.82
11911,"2023-10-15","2023-10-15",0,1,114.37,114.37,114.37
11912,"2020-02-23","2020-02-23",0,1,189.25,189.25,189.25
11913,"2024-01-19","2024-01-19",0,1,30.83,30.83,30.83
11914,"2020-07-26","2021-10-14",445,2,130.79,261.57,130.79
11915,"2021-04-06","2025-07-18",1564,5,109.52,547.60,109.52
11916,"2022-12-19","2023-11-05",321,2,301.80,603.60,301.80
11917,"2022-07-28","2022-07-28",0,1,28.59,28.59,28.59
11918,"2024-10-12","2024-10-12",0,1,77.26,77.26,77.26
11919,"2021-11-08","2024-10-13",1070,4,118.10,472.41,118.10
11920,"2020-11-30","2025-05-13",1625,4,283.54,1134.17,283.54
11922,"2020-10-11","2025-02-06",1579,3,120.16,360.48,120.16
11923,"2020-08-01","2025-05-31",1764,4,115.33,461.33,115.33
11924,"2022-08-18","2025-02-09",906,3,94.96,284.87,94.96
11925,"2022-11-13","2025-08-26",1017,3,77.21,231.63,77.21
11926,"2023-12-22","2025-02-24",430,2,47.68,95.35,47.68
11927,"2024-07-24","2024-07-24",0,1,58.07,58.07,58.07
11928,"2023-01-09","2023-01-09",0,1,36.13,36.13,36.13
11929,"2024-03-07","2024-03-07",0,1,136.08,136.08,136.08
11930,"2024-03-16","2024-03-16",0,1,117.81,117.81,117.81
11931,"2024-11-05","2024-11-05",0,1,174.98,174.98,174.98
11932,"2022-01-23","2025-10-14",1360,3,80.04,240.11,80.04
11933,"2021-07-08","2021-07-08",0,1,30.61,30.61,30.61
11934,"2024-05-23","2024-05-23",0,1,118.57,118.57,118.57
11935,"2020-02-12","2024-10-01",1693,6,67.91,407.46,67.91
11936,"2022-01-11","2025-06-24",1260,2,133.46,266.91,133.46
11938,"2023-09-22","2023-09-22",0,1,90.28,90.28,90.28
11940,"2021-08-08","2021-08-08",0,1,138.90,138.90,138.90
11941,"2021-02-05","2025-10-15",1713,5,95.68,478.41,95.68
11944,"2020-01-30","2024-11-17",1753,3,72.69,218.08,72.69
11946,"2022-08-01","2022-08-01",0,1,2.80,2.80,2.80
11948,"2021-12-09","2021-12-09",0,1,113.88,113.88,113.88
11949,"2021-10-11","2022-08-29",322,2,91.64,183.28,91.64
11950,"2022-01-06","2025-08-22",1324,3,107.18,321.55,107.18
11952,"2025-02-27","2025-06-14",107,2,99.07,198.13,99.07
11953,"2025-06-04","2025-06-04",0,1,330.78,330.78,330.78
11954,"2024-05-15","2024-08-04",81,2,66.40,132.79,66.40
11955,"2020-02-27","2020-04-25",58,2,180.72,361.43,180.72
11956,"2021-08-20","2021-08-20",0,1,188.57,188.57,188.57
11957,"2022-05-16","2024-08-13",820,3,60.65,181.96,60.65
11958,"2020-03-04","2024-11-05",1707,3,78.25,234.75,78.25
11959,"2021-04-27","2021-04-27",0,1,54.14,54.14,54.14
11960,"2021-07-24","2022-08-19",391,2,484.97,969.94,484.97
11961,"2022-07-03","2022-07-03",0,1,7.12,7.12,7.12
11962,"2021-09-27","2024-05-07",953,2,73.13,146.25,73.13
11963,"2021-09-02","2023-05-07",612,2,146.00,291.99,146.00
11964,"2023-03-27","2023-03-27",0,1,140.98,140.98,140.98
11965,"2023-07-05","2025-04-26",661,2,462.24,924.47,462.24
11966,"2025-09-22","2025-09-22",0,1,38.75,38.75,38.75
11968,"2021-10-19","2021-10-19",0,1,102.70,102.70,102.70
11970,"2021-03-08","2023-10-12",948,2,202.83,405.66,202.83
11971,"2020-07-18","2025-02-09",1667,3,80.29,240.88,80.29
11972,"2024-08-05","2024-08-05",0,1,30.38,30.38,30.38
11973,"2020-05-23","2020-05-23",0,1,167.95,167.95,167.95
11974,"2020-02-20","2020-02-20",0,1,323.00,323.00,323.00
11975,"2024-07-09","2024-07-09",0,1,96.87,96.87,96.87
11976,"2020-06-26","2021-01-13",201,2,89.89,179.77,89.89
11977,"2021-11-28","2023-06-12",561,2,110.59,221.17,110.59
11978,"2025-10-05","2025-10-05",0,1,10.60,10.60,10.60
11979,"2023-07-14","2023-07-14",0,1,6.13,6.13,6.13
11981,"2021-01-02","2022-01-18",381,2,75.30,150.60,75.30
11982,"2020-10-28","2020-10-28",0,1,89.47,89.47,89.47
11984,"2022-10-16","2022-10-16",0,1,123.94,123.94,123.94
11986,"2020-09-01","2021-01-22",143,2,104.96,209.91,104.96
11987,"2021-11-24","2025-04-25",1248,4,53.38,213.51,53.38
11988,"2023-05-21","2023-05-21",0,1,30.71,30.71,30.71
11990,"2020-05-01","2024-04-01",1431,5,89.79,448.97,89.79
11994,"2020-09-15","2020-09-15",0,1,621.57,621.57,621.57
11995,"2021-09-10","2024-05-22",985,2,123.15,246.29,123.15
11996,"2021-06-09","2022-11-18",527,2,32.02,64.03,32.02
11997,"2020-05-01","2024-11-05",1649,3,124.89,374.68,124.89
11998,"2022-11-05","2022-11-05",0,1,42.30,42.30,42.30
11999,"2022-02-11","2022-02-11",0,1,151.80,151.80,151.80
12001,"2024-04-24","2024-04-24",0,1,74.03,74.03,74.03
12004,"2020-06-19","2023-12-21",1280,6,164.39,986.31,164.39
12006,"2021-10-01","2024-09-24",1089,3,84.46,253.38,84.46
12007,"2020-03-25","2024-03-16",1452,4,92.70,370.80,92.70
12008,"2020-11-20","2022-01-17",423,2,22.16,44.32,22.16
12009,"2020-12-08","2024-03-16",1194,2,155.95,311.90,155.95
12010,"2020-05-22","2023-10-19",1245,5,109.89,549.45,109.89
12014,"2021-02-06","2021-05-31",114,2,137.39,274.78,137.39
12015,"2022-08-15","2022-08-15",0,1,76.60,76.60,76.60
12016,"2024-04-12","2024-04-12",0,1,102.85,102.85,102.85
12017,"2024-03-24","2024-03-24",0,1,86.12,86.12,86.12
12019,"2022-01-19","2024-04-08",810,2,149.49,298.97,149.49
12020,"2020-10-28","2022-03-22",510,3,49.73,149.19,49.73
12021,"2024-11-29","2024-11-29",0,1,107.46,107.46,107.46
12022,"2024-01-08","2025-03-31",448,2,154.78,309.56,154.78
12023,"2024-02-12","2024-02-12",0,1,6.96,6.96,6.96
12024,"2022-11-27","2022-11-27",0,1,99.15,99.15,99.15
12025,"2021-04-13","2025-01-07",1365,4,128.01,512.02,128.01
12026,"2023-01-21","2024-03-04",408,2,194.93,389.85,194.93
12028,"2020-01-28","2024-01-08",1441,3,121.44,364.33,121.44
12029,"2023-02-22","2023-05-03",70,2,86.91,173.82,86.91
12031,"2020-08-12","2020-08-12",0,1,430.92,430.92,430.92
12032,"2021-06-08","2021-06-08",0,1,34.03,34.03,34.03
12033,"2022-07-27","2022-07-27",0,1,72.79,72.79,72.79
12035,"2024-01-26","2025-06-06",497,2,46.41,92.82,46.41
12037,"2021-03-31","2023-11-11",955,3,79.00,236.99,79.00
12038,"2021-10-21","2024-05-29",951,2,193.02,386.03,193.02
12039,"2021-02-06","2021-02-06",0,1,117.79,117.79,117.79
12040,"2021-06-08","2024-09-18",1198,3,145.20,435.59,145.20
12041,"2020-12-09","2020-12-09",0,1,4.15,4.15,4.15
12042,"2021-08-09","2024-07-23",1079,3,61.77,185.30,61.77
12043,"2022-11-15","2025-08-15",1004,3,89.31,267.92,89.31
12044,"2022-02-12","2023-05-01",443,2,115.99,231.98,115.99
12045,"2020-04-07","2024-09-11",1618,3,101.59,304.76,101.59
12048,"2023-03-02","2023-08-18",169,2,69.93,139.86,69.93
12049,"2022-03-25","2024-08-21",880,2,47.39,94.78,47.39
12050,"2020-11-13","2024-09-06",1393,2,59.68,119.36,59.68
12051,"2023-09-06","2023-09-17",11,2,183.16,366.32,183.16
12052,"2020-02-28","2025-10-12",2053,2,122.10,244.19,122.10
12053,"2024-01-07","2025-06-29",539,2,157.81,315.62,157.81
12054,"2024-11-01","2025-02-21",112,2,244.18,488.36,244.18
12055,"2020-02-27","2025-09-25",2037,4,97.25,388.98,97.25
12057,"2024-04-30","2024-04-30",0,1,11.67,11.67,11.67
12058,"2020-01-05","2024-06-26",1634,4,127.57,510.27,127.57
12059,"2022-02-28","2022-02-28",0,1,134.89,134.89,134.89
12060,"2020-10-03","2024-10-04",1462,2,173.80,347.60,173.80
12061,"2023-02-08","2025-07-06",879,2,27.88,55.75,27.88
12062,"2023-02-23","2025-10-23",973,2,118.04,236.07,118.04
12064,"2020-06-05","2022-05-12",706,2,91.53,183.05,91.53
12065,"2022-05-03","2025-03-08",1040,2,121.63,243.26,121.63
12066,"2024-10-23","2024-10-23",0,1,122.11,122.11,122.11
12068,"2022-11-01","2024-03-01",486,2,85.59,171.17,85.59
12069,"2021-01-27","2021-01-27",0,1,79.54,79.54,79.54
12070,"2022-09-14","2025-06-11",1001,3,24.32,72.96,24.32
12071,"2022-12-10","2022-12-10",0,1,9.01,9.01,9.01
12072,"2020-01-07","2020-11-01",299,3,320.83,962.48,320.83
12073,"2020-11-29","2023-09-26",1031,2,147.72,295.44,147.72
12075,"2020-02-22","2024-03-13",1481,4,47.01,188.04,47.01
12076,"2021-12-21","2024-02-24",795,2,25.31,50.61,25.31
12077,"2021-07-15","2021-07-15",0,1,220.05,220.05,220.05
12078,"2022-12-20","2024-08-23",612,3,139.20,417.61,139.20
12079,"2021-11-17","2021-11-17",0,1,84.51,84.51,84.51
12081,"2022-06-17","2022-06-17",0,1,90.80,90.80,90.80
12082,"2023-08-16","2025-09-29",775,4,238.93,955.71,238.93
12083,"2023-05-17","2023-09-19",125,2,221.02,442.04,221.02
12084,"2020-03-23","2025-10-14",2031,3,51.73,155.18,51.73
12085,"2020-01-09","2023-12-01",1422,2,127.79,255.58,127.79
12086,"2023-02-05","2023-02-05",0,1,90.72,90.72,90.72
12087,"2020-05-27","2020-05-27",0,1,24.87,24.87,24.87
12088,"2022-06-04","2022-06-04",0,1,58.93,58.93,58.93
12090,"2021-11-17","2025-03-20",1219,3,332.47,997.41,332.47
12091,"2022-04-17","2024-09-28",895,2,26.27,52.54,26.27
12092,"2025-08-09","2025-08-09",0,1,53.39,53.39,53.39
12093,"2023-05-07","2023-05-07",0,1,230.81,230.81,230.81
12094,"2020-03-02","2020-03-02",0,1,249.31,249.31,249.31
12095,"2024-03-04","2024-03-04",0,1,11.65,11.65,11.65
12096,"2022-03-09","2024-07-23",867,2,121.85,243.69,121.85
12098,"2021-08-15","2021-08-15",0,1,40.47,40.47,40.47
12099,"2020-06-30","2020-06-30",0,1,104.59,104.59,104.59
12100,"2024-01-08","2025-07-01",540,3,142.36,427.08,142.36
12101,"2021-12-03","2021-12-03",0,1,9.95,9.95,9.95
12102,"2020-08-02","2024-07-08",1436,2,50.63,101.26,50.63
12104,"2020-03-28","2021-02-19",328,2,179.52,359.04,179.52
12105,"2021-09-12","2024-12-24",1199,2,255.33,510.65,255.33
12106,"2022-09-26","2022-09-26",0,1,76.04,76.04,76.04
12107,"2023-11-04","2023-12-27",53,2,33.34,66.67,33.34
12108,"2025-03-24","2025-03-24",0,1,20.06,20.06,20.06
12109,"2023-02-20","2025-03-31",770,4,191.20,764.79,191.20
12110,"2024-03-04","2024-03-04",0,1,50.85,50.85,50.85
12111,"2020-02-14","2023-01-15",1066,2,299.83,599.66,299.83
12113,"2022-06-21","2022-06-21",0,1,95.10,95.10,95.10
12114,"2021-03-08","2023-03-05",727,2,279.27,558.53,279.27
12115,"2021-03-29","2021-03-29",0,1,41.13,41.13,41.13
12116,"2024-08-06","2025-06-30",328,2,281.64,563.27,281.64
12117,"2022-10-06","2023-08-13",311,3,517.86,1553.58,517.86
12119,"2020-10-25","2025-09-17",1788,3,67.82,203.47,67.82
12120,"2020-09-14","2025-08-02",1783,3,173.18,519.53,173.18
12121,"2025-03-14","2025-03-14",0,1,28.46,28.46,28.46
12122,"2023-12-31","2023-12-31",0,1,29.83,29.83,29.83
12123,"2022-03-13","2024-06-08",818,2,64.50,128.99,64.50
12124,"2020-02-20","2025-10-31",2080,4,196.07,784.28,196.07
12125,"2022-07-21","2023-11-03",470,2,43.89,87.78,43.89
12126,"2021-07-06","2021-07-06",0,1,201.29,201.29,201.29
12127,"2020-05-15","2022-06-01",747,3,146.10,438.30,146.10
12128,"2022-08-29","2022-08-29",0,1,80.85,80.85,80.85
12129,"2020-02-19","2024-06-13",1576,4,187.29,749.17,187.29
12130,"2023-07-17","2024-02-07",205,2,106.49,212.97,106.49
12131,"2022-08-29","2022-08-29",0,1,395.35,395.35,395.35
12133,"2022-07-10","2022-07-10",0,1,46.12,46.12,46.12
12134,"2020-01-12","2022-06-20",890,2,127.13,254.26,127.13
12135,"2022-11-19","2025-06-17",941,5,68.96,344.81,68.96
12136,"2020-08-31","2023-07-15",1048,4,65.84,263.35,65.84
12137,"2025-04-26","2025-04-26",0,1,66.46,66.46,66.46
12139,"2022-05-18","2023-11-06",537,3,381.76,1145.27,381.76
12140,"2022-02-15","2025-09-05",1298,4,135.22,540.87,135.22
12141,"2025-01-22","2025-01-22",0,1,191.61,191.61,191.61
12142,"2024-03-24","2024-03-24",0,1,28.65,28.65,28.65
12143,"2021-06-05","2021-09-28",115,2,97.73,195.45,97.73
12144,"2021-06-25","2023-03-05",618,2,146.90,293.79,146.90
12145,"2025-04-30","2025-04-30",0,1,190.45,190.45,190.45
12147,"2021-07-21","2025-01-05",1264,4,131.91,527.63,131.91
12148,"2022-08-29","2025-08-22",1089,2,89.92,179.83,89.92
12150,"2020-03-31","2024-10-31",1675,3,117.08,351.24,117.08
12152,"2025-05-02","2025-05-02",0,1,70.45,70.45,70.45
12153,"2021-12-04","2022-11-19",350,2,42.94,85.88,42.94
12154,"2020-08-23","2022-08-03",710,3,79.13,237.38,79.13
12155,"2022-10-13","2022-10-13",0,1,48.47,48.47,48.47
12156,"2021-05-19","2024-12-22",1313,3,52.47,157.42,52.47
12158,"2023-09-05","2023-09-05",0,1,146.11,146.11,146.11
12159,"2025-07-06","2025-07-06",0,1,57.27,57.27,57.27
12160,"2020-11-29","2025-09-12",1748,2,74.76,149.52,74.76
12163,"2021-12-10","2025-03-24",1200,2,131.57,263.14,131.57
12164,"2021-11-19","2021-11-19",0,1,28.12,28.12,28.12
12165,"2020-07-20","2022-06-05",685,2,99.43,198.86,99.43
12166,"2021-12-24","2021-12-24",0,1,98.97,98.97,98.97
12168,"2024-03-23","2024-03-23",0,1,707.97,707.97,707.97
12169,"2025-04-03","2025-04-03",0,1,24.45,24.45,24.45
12171,"2020-05-22","2024-10-05",1597,3,295.51,886.53,295.51
12172,"2020-03-24","2020-03-24",0,1,167.70,167.70,167.70
12173,"2021-07-20","2024-10-29",1197,3,64.01,192.03,64.01
12174,"2022-03-01","2022-03-01",0,1,52.94,52.94,52.94
12175,"2023-02-01","2023-02-01",0,1,16.91,16.91,16.91
12176,"2024-09-13","2024-09-13",0,1,50.87,50.87,50.87
12179,"2024-02-05","2025-07-30",541,2,126.19,252.37,126.19
12181,"2020-11-18","2025-06-02",1657,4,77.56,310.22,77.56
12184,"2022-05-03","2022-05-03",0,1,49.92,49.92,49.92
12186,"2021-02-07","2025-02-12",1466,3,122.87,368.60,122.87
12187,"2020-04-02","2020-04-02",0,1,100.62,100.62,100.62
12188,"2020-03-01","2024-02-01",1432,3,59.97,179.90,59.97
12189,"2024-01-25","2024-06-17",144,2,32.85,65.70,32.85
12190,"2020-08-20","2025-10-05",1872,3,147.50,442.50,147.50
12191,"2021-12-11","2023-03-17",461,2,158.73,317.46,158.73
12193,"2022-08-22","2022-08-22",0,1,22.06,22.06,22.06
12195,"2021-03-28","2025-10-11",1658,3,45.25,135.76,45.25
12196,"2021-08-05","2023-03-21",593,3,170.43,511.29,170.43
12197,"2021-01-29","2024-08-04",1283,4,244.58,978.32,244.58
12199,"2020-01-06","2022-08-24",961,3,210.94,632.83,210.94
12200,"2021-11-03","2025-03-29",1242,2,125.83,251.65,125.83
12202,"2020-08-06","2020-08-06",0,1,79.86,79.86,79.86
12203,"2020-12-02","2023-05-27",906,3,201.85,605.54,201.85
12207,"2022-05-08","2024-04-05",698,2,79.36,158.71,79.36
12209,"2020-06-23","2024-07-07",1475,3,193.39,580.18,193.39
12210,"2023-02-14","2025-04-15",791,2,540.79,1081.57,540.79
12211,"2021-05-04","2024-04-29",1091,2,91.59,183.18,91.59
12212,"2021-11-19","2021-11-19",0,1,134.62,134.62,134.62
12213,"2021-05-31","2025-09-04",1557,3,340.68,1022.04,340.68
12214,"2021-09-15","2024-02-22",890,4,120.53,482.11,120.53
12216,"2025-05-05","2025-05-05",0,1,17.26,17.26,17.26
12217,"2023-07-29","2023-07-29",0,1,31.71,31.71,31.71
12218,"2020-06-05","2023-04-01",1030,4,168.65,674.59,168.65
12219,"2021-03-18","2025-06-08",1543,2,232.98,465.95,232.98
12220,"2020-09-02","2020-09-02",0,1,146.65,146.65,146.65
12221,"2025-07-29","2025-07-29",0,1,35.49,35.49,35.49
12222,"2020-09-27","2024-09-03",1437,3,130.85,392.54,130.85
12223,"2020-02-05","2025-10-15",2079,4,95.94,383.75,95.94
12224,"2022-12-27","2022-12-27",0,1,72.51,72.51,72.51
12225,"2023-11-19","2023-11-19",0,1,103.62,103.62,103.62
12226,"2024-09-15","2025-09-04",354,2,124.23,248.46,124.23
12227,"2021-12-26","2025-10-04",1378,3,171.06,513.17,171.06
12230,"2025-10-12","2025-10-12",0,1,241.57,241.57,241.57
12232,"2020-07-22","2024-11-20",1582,5,102.08,510.41,102.08
12233,"2024-11-24","2024-11-24",0,1,183.24,183.24,183.24
12234,"2023-10-31","2024-12-15",411,2,177.17,354.33,177.17
12235,"2020-07-30","2020-11-20",113,2,79.98,159.96,79.98
12236,"2025-07-03","2025-07-03",0,1,195.70,195.70,195.70
12237,"2020-06-16","2024-01-02",1295,3,150.71,452.14,150.71
12238,"2023-07-04","2023-07-04",0,1,31.28,31.28,31.28
12239,"2021-10-21","2024-08-31",1045,5,64.32,321.61,64.32
12240,"2023-12-09","2023-12-09",0,1,318.61,318.61,318.61
12241,"2020-07-09","2025-07-06",1823,2,53.91,107.81,53.91
12242,"2021-03-12","2024-04-18",1133,3,130.48,391.43,130.48
12243,"2021-09-17","2024-09-07",1086,3,109.84,329.52,109.84
12245,"2021-11-22","2024-11-08",1082,2,115.67,231.34,115.67
12250,"2025-02-02","2025-02-02",0,1,181.58,181.58,181.58
12251,"2025-10-17","2025-10-17",0,1,117.42,117.42,117.42
12253,"2025-08-30","2025-08-30",0,1,12.80,12.80,12.80
12254,"2023-02-12","2024-06-09",483,3,62.95,188.84,62.95
12255,"2020-07-16","2025-05-03",1752,3,59.95,179.86,59.95
12256,"2022-09-04","2023-05-09",247,3,176.92,530.76,176.92
12257,"2020-03-07","2020-07-06",121,2,73.85,147.69,73.85
12258,"2020-08-07","2020-08-07",0,1,57.20,57.20,57.20
12259,"2025-08-27","2025-08-27",0,1,29.71,29.71,29.71
12260,"2023-04-14","2023-04-14",0,1,140.77,140.77,140.77
12261,"2020-04-18","2021-01-26",283,2,75.40,150.80,75.40
12262,"2025-07-21","2025-07-21",0,1,77.26,77.26,77.26
12263,"2020-10-01","2020-10-01",0,1,181.51,181.51,181.51
12264,"2020-06-09","2020-06-09",0,1,39.25,39.25,39.25
12265,"2025-04-26","2025-04-26",0,1,32.38,32.38,32.38
12266,"2021-09-11","2025-01-26",1233,3,53.24,159.71,53.24
12267,"2024-10-20","2024-10-20",0,1,125.72,125.72,125.72
12269,"2023-07-20","2025-07-12",723,4,42.24,168.95,42.24
12270,"2022-12-24","2025-02-13",782,3,67.16,201.47,67.16
12272,"2021-04-28","2021-04-28",0,1,20.19,20.19,20.19
12275,"2020-05-30","2025-01-29",1705,2,98.91,197.82,98.91
12276,"2020-04-02","2024-08-04",1585,3,49.24,147.73,49.24
12277,"2020-05-17","2025-01-02",1691,4,54.00,215.98,54.00
12278,"2021-08-15","2023-07-28",712,2,202.08,404.16,202.08
12279,"2023-07-16","2023-07-16",0,1,94.90,94.90,94.90
12280,"2021-11-30","2024-05-31",913,2,37.05,74.10,37.05
12282,"2024-05-06","2024-05-06",0,1,20.73,20.73,20.73
12284,"2024-05-01","2024-05-01",0,1,37.77,37.77,37.77
12285,"2021-03-20","2023-03-13",723,4,174.99,699.96,174.99
12286,"2024-11-24","2024-11-24",0,1,31.94,31.94,31.94
12287,"2021-03-08","2023-12-06",1003,3,168.41,505.23,168.41
12288,"2020-01-31","2022-05-08",828,2,92.98,185.96,92.98
12289,"2021-01-08","2021-01-08",0,1,108.86,108.86,108.86
12291,"2021-05-14","2024-02-27",1019,3,112.87,338.60,112.87
12292,"2023-09-27","2023-09-27",0,1,8.35,8.35,8.35
12293,"2022-04-25","2022-04-25",0,1,57.52,57.52,57.52
12294,"2020-01-19","2025-09-05",2056,2,145.21,290.42,145.21
12295,"2022-03-28","2022-07-08",102,3,93.99,281.96,93.99
12296,"2023-10-03","2023-10-03",0,1,1000.74,1000.74,1000.74
12297,"2023-02-25","2023-02-25",0,1,116.87,116.87,116.87
12298,"2023-09-10","2024-10-06",392,3,131.01,393.02,131.01
12299,"2023-11-01","2025-06-06",583,2,314.82,629.63,314.82
12300,"2022-05-09","2025-01-17",984,5,71.04,355.20,71.04
12302,"2024-02-24","2024-02-24",0,1,98.19,98.19,98.19
12303,"2022-06-14","2025-09-18",1192,3,204.31,612.93,204.31
12304,"2021-04-07","2021-04-07",0,1,21.26,21.26,21.26
12305,"2025-03-02","2025-03-10",8,2,135.26,270.51,135.26
12306,"2021-11-27","2025-03-22",1211,3,209.40,628.21,209.40
12307,"2023-12-23","2025-06-22",547,2,95.73,191.45,95.73
12308,"2023-01-18","2025-03-15",787,2,104.77,209.54,104.77
12310,"2020-09-29","2023-05-15",958,4,141.42,565.69,141.42
12311,"2020-03-15","2022-04-01",747,2,33.21,66.42,33.21
12312,"2025-09-17","2025-09-17",0,1,82.61,82.61,82.61
12313,"2020-04-17","2020-04-17",0,1,1170.68,1170.68,1170.68
12317,"2021-08-07","2023-12-05",850,3,127.30,381.90,127.30
12319,"2023-08-12","2023-08-12",0,1,178.60,178.60,178.60
12320,"2020-09-30","2020-09-30",0,1,91.16,91.16,91.16
12323,"2021-10-31","2024-10-06",1071,2,57.97,115.93,57.97
12324,"2021-09-20","2024-02-15",878,3,96.11,288.34,96.11
12325,"2022-07-24","2025-06-19",1061,3,154.92,464.75,154.92
12326,"2021-08-30","2024-01-12",865,5,138.89,694.44,138.89
12327,"2023-03-20","2023-09-30",194,2,85.78,171.55,85.78
12328,"2020-08-25","2025-08-26",1827,7,84.59,592.14,84.59
12329,"2024-05-18","2024-11-25",191,2,233.28,466.56,233.28
12330,"2020-03-11","2022-04-16",766,3,73.08,219.25,73.08
12332,"2024-12-31","2024-12-31",0,1,274.13,274.13,274.13
12333,"2021-10-09","2021-10-09",0,1,55.98,55.98,55.98
12334,"2025-10-21","2025-10-21",0,1,779.60,779.60,779.60
12335,"2023-07-31","2023-12-23",145,2,49.83,99.66,49.83
12337,"2023-08-24","2023-08-24",0,1,77.58,77.58,77.58
12338,"2024-10-01","2024-10-12",11,2,169.57,339.13,169.57
12339,"2020-06-02","2024-03-28",1395,2,55.14,110.28,55.14
12340,"2022-08-26","2023-01-12",139,2,203.46,406.92,203.46
12341,"2022-05-12","2024-02-23",652,3,294.69,884.06,294.69
12342,"2022-03-08","2025-09-19",1291,3,66.65,199.95,66.65
12343,"2020-04-06","2023-06-20",1170,2,95.08,190.16,95.08
12344,"2020-07-29","2021-05-18",293,2,64.09,128.18,64.09
12346,"2023-11-10","2023-11-10",0,1,363.60,363.60,363.60
12347,"2020-08-08","2023-12-30",1239,2,93.20,186.40,93.20
12348,"2021-01-04","2021-07-13",190,2,81.67,163.33,81.67
12350,"2025-07-03","2025-07-03",0,1,76.13,76.13,76.13
12351,"2025-04-24","2025-04-24",0,1,171.24,171.24,171.24
12352,"2023-06-26","2023-06-26",0,1,28.59,28.59,28.59
12353,"2022-03-05","2024-09-24",934,3,143.11,429.32,143.11
12355,"2024-01-02","2024-01-02",0,1,434.59,434.59,434.59
12356,"2020-10-08","2024-11-12",1496,2,111.46,222.92,111.46
12357,"2023-08-23","2023-08-23",0,1,7.39,7.39,7.39
12358,"2020-11-14","2025-06-18",1677,5,131.53,657.63,131.53
12360,"2020-12-14","2021-09-23",283,3,206.41,619.23,206.41
12363,"2021-05-29","2023-09-16",840,3,230.69,692.08,230.69
12364,"2022-08-14","2023-04-16",245,3,202.37,607.10,202.37
12365,"2020-11-16","2023-10-30",1078,2,127.83,255.65,127.83
12366,"2024-04-08","2024-04-08",0,1,311.85,311.85,311.85
12367,"2021-02-13","2021-02-13",0,1,82.00,82.00,82.00
12369,"2022-08-18","2025-08-18",1096,3,324.34,973.03,324.34
12372,"2022-08-09","2022-08-09",0,1,250.01,250.01,250.01
12373,"2021-12-10","2025-08-10",1339,4,88.20,352.80,88.20
12375,"2020-03-16","2024-04-28",1504,2,171.69,343.38,171.69
12377,"2023-09-29","2024-05-03",217,2,96.98,193.95,96.98
12378,"2020-08-21","2024-11-24",1556,4,115.40,461.61,115.40
12379,"2021-07-26","2021-07-26",0,1,103.55,103.55,103.55
12380,"2020-09-24","2025-06-29",1739,4,98.98,395.92,98.98
12381,"2021-09-15","2024-12-29",1201,4,67.29,269.17,67.29
12382,"2023-03-21","2024-06-08",445,3,125.38,376.14,125.38
12383,"2024-09-26","2024-09-26",0,1,11.26,11.26,11.26
12384,"2021-02-01","2023-04-07",795,2,97.62,195.24,97.62
12385,"2022-10-24","2022-10-24",0,1,161.60,161.60,161.60
12387,"2020-11-27","2023-08-18",994,2,96.60,193.20,96.60
12389,"2025-08-12","2025-08-12",0,1,114.20,114.20,114.20
12390,"2021-06-14","2021-07-30",46,2,184.22,368.44,184.22
12392,"2021-04-24","2025-07-26",1554,5,268.25,1341.24,268.25
12393,"2021-11-20","2023-10-16",695,2,107.28,214.55,107.28
12396,"2024-05-15","2024-05-15",0,1,78.93,78.93,78.93
12397,"2023-04-02","2023-04-02",0,1,27.14,27.14,27.14
12399,"2023-03-06","2023-03-06",0,1,256.92,256.92,256.92
12400,"2022-01-15","2025-08-28",1321,5,44.47,222.36,44.47
12401,"2022-08-05","2025-05-07",1006,3,91.20,273.60,91.20
12402,"2021-07-09","2021-12-05",149,2,752.56,1505.12,752.56
12403,"2021-11-25","2021-11-25",0,1,149.57,149.57,149.57
12405,"2021-08-01","2025-09-04",1495,3,64.85,194.55,64.85
12406,"2021-01-21","2023-09-06",958,2,217.92,435.83,217.92
12407,"2023-12-28","2025-06-20",540,2,358.31,716.62,358.31
12408,"2021-03-01","2021-03-01",0,1,31.66,31.66,31.66
12409,"2023-08-26","2024-02-13",171,2,134.54,269.07,134.54
12410,"2022-09-06","2022-09-06",0,1,139.81,139.81,139.81
12412,"2022-12-03","2025-06-26",936,3,52.61,157.84,52.61
12413,"2020-11-15","2021-06-08",205,2,93.36,186.71,93.36
12414,"2020-09-25","2025-04-13",1661,3,127.29,381.88,127.29
12415,"2024-09-26","2025-10-21",390,2,249.39,498.78,249.39
12416,"2022-09-06","2025-01-26",873,2,25.51,51.01,25.51
12419,"2020-10-12","2025-02-13",1585,4,185.38,741.52,185.38
12420,"2025-05-21","2025-05-21",0,1,16.45,16.45,16.45
12422,"2020-01-26","2025-06-20",1972,3,27.91,83.72,27.91
12423,"2022-07-22","2025-06-17",1061,2,115.07,230.14,115.07
12424,"2020-02-08","2025-09-04",2035,4,127.27,509.07,127.27
12425,"2020-05-15","2020-09-18",126,2,39.00,77.99,39.00
12426,"2024-03-08","2024-03-08",0,1,7.90,7.90,7.90
12428,"2023-08-13","2023-08-13",0,1,240.51,240.51,240.51
12430,"2024-05-12","2024-05-12",0,1,188.93,188.93,188.93
12431,"2021-09-02","2022-03-31",210,2,185.20,370.40,185.20
12432,"2021-06-22","2025-02-11",1330,2,110.61,221.21,110.61
12433,"2021-06-15","2022-07-11",391,2,112.40,224.79,112.40
12434,"2022-07-25","2024-04-12",627,2,122.86,245.71,122.86
12435,"2022-01-30","2022-01-30",0,1,50.84,50.84,50.84
12436,"2021-05-14","2021-05-14",0,1,9.01,9.01,9.01
12437,"2020-04-15","2025-08-22",1955,3,50.60,151.80,50.60
12438,"2020-05-09","2023-10-29",1268,4,385.20,1540.79,385.20
12439,"2024-06-11","2024-07-02",21,2,200.09,400.18,200.09
12440,"2022-04-23","2023-08-16",480,3,38.25,114.74,38.25
12441,"2021-08-13","2021-08-13",0,1,257.77,257.77,257.77
12442,"2023-02-05","2025-01-29",724,3,63.97,191.90,63.97
12443,"2022-01-22","2023-12-18",695,3,103.23,309.70,103.23
12444,"2025-09-25","2025-09-25",0,1,195.71,195.71,195.71
12445,"2021-02-23","2021-02-23",0,1,232.46,232.46,232.46
12446,"2022-01-14","2024-02-02",749,5,148.39,741.93,148.39
12447,"2020-08-24","2020-08-24",0,1,42.61,42.61,42.61
12448,"2020-11-02","2020-11-02",0,1,1066.11,1066.11,1066.11
12449,"2020-02-09","2022-11-20",1015,2,49.69,99.38,49.69
12450,"2020-06-04","2024-11-28",1638,3,163.46,490.38,163.46
12451,"2020-04-16","2024-04-09",1454,3,102.86,308.57,102.86
12452,"2022-03-07","2023-09-23",565,2,85.74,171.47,85.74
12453,"2020-06-05","2021-12-02",545,2,280.77,561.53,280.77
12456,"2023-03-25","2023-03-25",0,1,51.43,51.43,51.43
12457,"2020-08-30","2022-04-23",601,3,75.39,226.17,75.39
12458,"2025-04-14","2025-04-14",0,1,164.94,164.94,164.94
12459,"2022-08-17","2022-08-17",0,1,197.84,197.84,197.84
12460,"2025-10-04","2025-10-04",0,1,58.09,58.09,58.09
12461,"2021-05-29","2022-11-03",523,2,93.15,186.30,93.15
12462,"2024-02-03","2024-12-26",327,2,136.44,272.88,136.44
12463,"2020-10-08","2023-08-24",1050,3,74.47,223.42,74.47
12464,"2020-07-22","2023-08-10",1114,2,178.04,356.08,178.04
12465,"2024-03-17","2024-03-17",0,1,228.68,228.68,228.68
12466,"2023-06-03","2023-06-03",0,1,233.62,233.62,233.62
12467,"2020-03-17","2023-04-02",1111,3,66.07,198.20,66.07
12468,"2023-06-10","2023-06-10",0,1,60.73,60.73,60.73
12469,"2023-03-07","2024-09-17",560,2,132.25,264.50,132.25
12470,"2020-01-13","2022-05-06",844,3,55.29,165.86,55.29
12472,"2021-12-21","2025-09-04",1353,3,84.41,253.24,84.41
12474,"2024-04-18","2024-04-18",0,1,35.76,35.76,35.76
12475,"2020-08-01","2025-03-15",1687,4,129.03,516.11,129.03
12476,"2024-03-26","2024-03-26",0,1,12.64,12.64,12.64
12479,"2025-09-13","2025-09-13",0,1,121.73,121.73,121.73
12480,"2023-05-28","2023-05-28",0,1,408.18,408.18,408.18
12481,"2023-10-12","2025-09-07",696,2,72.58,145.16,72.58
12482,"2025-04-30","2025-04-30",0,1,112.54,112.54,112.54
12483,"2022-09-25","2022-11-15",51,2,59.19,118.37,59.19
12485,"2021-02-03","2022-04-14",435,2,62.19,124.38,62.19
12488,"2022-11-28","2025-03-16",839,2,35.71,71.41,35.71
12489,"2021-09-01","2025-04-07",1314,4,93.78,375.10,93.78
12490,"2025-04-22","2025-04-22",0,1,66.22,66.22,66.22
12491,"2021-01-03","2024-09-23",1359,4,213.23,852.90,213.23
12492,"2021-01-07","2024-11-06",1399,2,102.06,204.12,102.06
12493,"2022-06-24","2025-01-30",951,3,133.91,401.73,133.91
12494,"2020-01-11","2020-01-11",0,1,8.15,8.15,8.15
12495,"2021-02-10","2021-09-08",210,2,191.97,383.93,191.97
12497,"2024-08-22","2024-08-22",0,1,27.14,27.14,27.14
12498,"2021-02-12","2022-01-19",341,2,122.80,245.60,122.80
12502,"2021-07-08","2025-03-25",1356,2,1055.61,2111.21,1055.61
12504,"2023-09-11","2023-09-11",0,1,104.63,104.63,104.63
12505,"2020-07-13","2022-09-04",783,2,156.24,312.47,156.24
12506,"2021-09-17","2021-09-17",0,1,106.51,106.51,106.51
12507,"2021-12-19","2021-12-19",0,1,6.13,6.13,6.13
12508,"2022-02-15","2024-10-21",979,6,209.68,1258.10,209.68
12510,"2025-05-31","2025-05-31",0,1,82.39,82.39,82.39
12511,"2020-03-30","2025-02-07",1775,7,117.69,823.86,117.69
12512,"2024-04-21","2025-09-30",527,2,145.44,290.87,145.44
12513,"2024-05-17","2024-05-17",0,1,56.30,56.30,56.30
12514,"2021-05-07","2021-05-07",0,1,119.19,119.19,119.19
12515,"2022-05-16","2023-07-27",437,2,17.35,34.69,17.35
12517,"2020-09-01","2020-12-11",101,2,197.21,394.41,197.21
12518,"2021-06-28","2022-08-17",415,2,36.75,73.49,36.75
12519,"2021-02-05","2023-11-27",1025,4,120.36,481.43,120.36
12520,"2021-01-05","2021-09-15",253,3,106.97,320.90,106.97
12521,"2022-11-05","2024-07-02",605,2,360.68,721.35,360.68
12522,"2023-03-05","2023-04-10",36,2,143.74,287.47,143.74
12524,"2020-06-06","2020-06-06",0,1,438.84,438.84,438.84
12526,"2024-05-25","2024-05-25",0,1,41.36,41.36,41.36
12528,"2022-09-29","2022-11-10",42,2,519.18,1038.36,519.18
12529,"2023-10-30","2023-10-30",0,1,30.61,30.61,30.61
12530,"2020-05-14","2025-05-02",1814,4,89.44,357.77,89.44
12531,"2020-05-01","2024-07-29",1550,3,67.34,202.03,67.34
12532,"2023-10-25","2023-10-25",0,1,211.74,211.74,211.74
12533,"2021-08-08","2022-06-02",298,3,91.29,273.87,91.29
12534,"2020-09-18","2024-06-06",1357,2,121.95,243.90,121.95
12535,"2025-02-11","2025-02-11",0,1,19.81,19.81,19.81
12536,"2025-06-28","2025-06-28",0,1,156.07,156.07,156.07
12538,"2021-12-18","2021-12-18",0,1,153.06,153.06,153.06
12539,"2023-09-30","2023-11-16",47,2,74.25,148.49,74.25
12540,"2022-02-28","2022-02-28",0,1,508.37,508.37,508.37
12541,"2024-03-12","2024-03-12",0,1,50.70,50.70,50.70
12542,"2023-07-31","2023-07-31",0,1,44.73,44.73,44.73
12543,"2021-02-07","2021-04-11",63,2,95.39,190.78,95.39
12544,"2022-03-02","2022-03-02",0,1,322.17,322.17,322.17
12545,"2022-03-24","2022-07-05",103,2,32.69,65.37,32.69
12546,"2021-10-25","2023-10-06",711,2,113.41,226.81,113.41
12547,"2021-07-16","2021-07-16",0,1,47.19,47.19,47.19
12550,"2022-05-01","2023-10-16",533,3,82.81,248.42,82.81
12551,"2023-11-20","2023-11-20",0,1,79.45,79.45,79.45
12552,"2024-10-30","2024-10-30",0,1,30.71,30.71,30.71
12553,"2020-12-05","2020-12-05",0,1,86.04,86.04,86.04
12554,"2020-06-06","2024-07-09",1494,3,129.12,387.35,129.12
12555,"2020-08-19","2023-11-30",1198,2,167.56,335.12,167.56
12556,"2023-04-15","2025-07-16",823,2,31.24,62.48,31.24
12557,"2022-05-20","2025-09-17",1216,4,124.69,498.77,124.69
12558,"2020-03-19","2020-03-19",0,1,40.96,40.96,40.96
12559,"2022-09-05","2024-06-09",643,2,58.10,116.20,58.10
12560,"2020-03-05","2021-12-14",649,3,97.10,291.31,97.10
12561,"2021-09-01","2025-04-21",1328,4,83.05,332.20,83.05
12562,"2020-10-03","2025-01-10",1560,4,102.59,410.37,102.59
12565,"2020-01-01","2025-01-31",1857,5,208.10,1040.48,208.10
12567,"2021-06-26","2021-06-26",0,1,15.46,15.46,15.46
12568,"2020-08-21","2023-06-15",1028,2,103.71,207.42,103.71
12569,"2022-01-25","2024-05-17",843,2,46.48,92.95,46.48
12571,"2020-03-09","2023-11-11",1342,3,268.21,804.63,268.21
12572,"2021-11-23","2024-03-27",855,3,199.60,598.79,199.60
12573,"2024-12-29","2024-12-29",0,1,39.30,39.30,39.30
12574,"2025-01-14","2025-04-23",99,2,231.91,463.82,231.91
12575,"2021-03-15","2024-04-15",1127,3,108.20,324.59,108.20
12576,"2020-07-18","2025-02-13",1671,4,433.22,1732.86,433.22
12577,"2020-11-07","2025-07-24",1720,4,117.12,468.49,117.12
12578,"2021-03-11","2021-03-11",0,1,192.35,192.35,192.35
12579,"2021-07-16","2022-12-13",515,3,250.13,750.39,250.13
12581,"2021-07-15","2025-04-12",1367,4,98.96,395.84,98.96
12582,"2023-01-28","2023-11-12",288,2,96.81,193.61,96.81
12584,"2023-10-26","2023-10-26",0,1,218.32,218.32,218.32
12585,"2021-08-09","2021-08-09",0,1,122.50,122.50,122.50
12587,"2020-01-09","2020-04-08",90,2,191.35,382.69,191.35
12588,"2022-01-21","2022-07-30",190,2,268.84,537.67,268.84
12590,"2022-05-08","2022-08-08",92,2,49.83,99.66,49.83
12591,"2021-04-25","2025-03-27",1432,2,76.87,153.73,76.87
12592,"2020-09-08","2025-03-02",1636,3,77.43,232.30,77.43
12593,"2023-09-06","2024-06-26",294,2,246.81,493.61,246.81
12594,"2021-07-31","2025-09-10",1502,2,17.41,34.82,17.41
12596,"2020-09-28","2025-05-13",1688,3,155.06,465.18,155.06
12597,"2024-03-11","2024-03-11",0,1,70.63,70.63,70.63
12598,"2021-10-03","2021-10-03",0,1,77.72,77.72,77.72
12599,"2022-12-13","2024-07-21",586,2,218.60,437.19,218.60
12600,"2020-07-18","2023-01-28",924,2,60.84,121.67,60.84
12601,"2021-04-27","2023-08-17",842,2,89.57,179.14,89.57
12602,"2025-10-05","2025-10-05",0,1,49.44,49.44,49.44
12603,"2021-02-16","2022-12-15",667,3,169.51,508.52,169.51
12605,"2023-12-17","2023-12-17",0,1,40.69,40.69,40.69
12606,"2021-01-24","2021-01-24",0,1,18.56,18.56,18.56
12607,"2020-03-14","2023-09-15",1280,3,233.27,699.81,233.27
12610,"2021-02-16","2024-01-24",1072,2,44.28,88.56,44.28
12611,"2024-12-25","2025-10-24",303,2,209.41,418.81,209.41
12612,"2020-05-25","2024-02-10",1356,2,197.14,394.27,197.14
12613,"2020-01-17","2023-03-11",1149,4,178.75,714.98,178.75
12615,"2022-11-15","2022-12-23",38,2,211.56,423.11,211.56
12616,"2022-11-10","2022-11-10",0,1,229.00,229.00,229.00
12617,"2020-06-07","2020-06-07",0,1,90.36,90.36,90.36
12618,"2021-01-08","2025-04-25",1568,2,159.07,318.13,159.07
12619,"2022-02-21","2022-02-21",0,1,106.96,106.96,106.96
12620,"2023-12-31","2023-12-31",0,1,47.44,47.44,47.44
12621,"2020-06-29","2020-06-29",0,1,269.50,269.50,269.50
12622,"2020-09-02","2021-08-23",355,2,134.17,268.34,134.17
12624,"2021-11-18","2023-09-05",656,4,188.41,753.63,188.41
12625,"2025-01-05","2025-01-05",0,1,195.53,195.53,195.53
12626,"2020-10-02","2024-04-15",1291,3,46.91,140.73,46.91
12627,"2023-01-28","2025-07-04",888,2,63.08,126.16,63.08
12628,"2023-12-31","2024-07-13",195,2,295.15,590.30,295.15
12629,"2021-08-15","2025-04-28",1352,4,59.42,237.66,59.42
12631,"2020-05-23","2024-06-23",1492,4,87.80,351.19,87.80
12632,"2022-03-15","2022-03-15",0,1,72.72,72.72,72.72
12633,"2021-09-02","2021-09-02",0,1,32.94,32.94,32.94
12634,"2024-06-16","2024-06-16",0,1,259.09,259.09,259.09
12635,"2022-04-24","2022-04-24",0,1,140.38,140.38,140.38
12636,"2023-12-20","2023-12-20",0,1,39.67,39.67,39.67
12637,"2020-09-28","2025-06-28",1734,5,87.86,439.30,87.86
12638,"2020-04-14","2023-10-04",1268,4,151.26,605.05,151.26
12639,"2022-04-21","2025-02-19",1035,3,78.36,235.07,78.36
12640,"2022-08-13","2022-08-13",0,1,52.38,52.38,52.38
12641,"2020-09-15","2025-01-27",1595,2,69.66,139.31,69.66
12643,"2022-06-02","2022-06-02",0,1,129.66,129.66,129.66
12645,"2021-10-03","2025-06-10",1346,2,331.16,662.31,331.16
12646,"2023-04-28","2025-09-10",866,4,359.05,1436.19,359.05
12647,"2020-10-05","2025-10-29",1850,5,179.75,898.74,179.75
12648,"2023-03-10","2023-03-10",0,1,416.61,416.61,416.61
12649,"2022-01-03","2025-04-13",1196,2,79.10,158.19,79.10
12652,"2022-12-25","2022-12-25",0,1,34.84,34.84,34.84
12653,"2020-08-21","2020-08-21",0,1,24.63,24.63,24.63
12654,"2020-05-04","2025-10-02",1977,5,107.72,538.59,107.72
12655,"2023-02-21","2023-08-12",172,2,58.60,117.20,58.60
12656,"2025-09-22","2025-09-22",0,1,404.48,404.48,404.48
12657,"2020-11-04","2024-10-16",1442,2,55.26,110.52,55.26
12659,"2021-04-13","2024-11-20",1317,4,63.65,254.61,63.65
12660,"2020-01-24","2021-03-10",411,2,201.56,403.12,201.56
12661,"2020-12-12","2025-07-30",1691,3,64.81,194.43,64.81
12662,"2021-02-08","2024-12-22",1413,3,47.42,142.26,47.42
12663,"2020-06-18","2025-02-04",1692,3,28.30,84.91,28.30
12664,"2022-11-13","2022-12-01",18,2,334.04,668.08,334.04
12665,"2021-03-13","2021-03-13",0,1,223.67,223.67,223.67
12666,"2022-03-08","2025-04-30",1149,4,142.77,571.08,142.77
12667,"2025-09-09","2025-09-09",0,1,79.98,79.98,79.98
12668,"2024-07-21","2025-08-14",389,2,45.18,90.36,45.18
12669,"2023-06-22","2025-01-21",579,3,212.40,637.21,212.40
12670,"2021-10-25","2023-11-08",744,2,84.27,168.53,84.27
12671,"2022-12-15","2024-05-15",517,3,147.18,441.54,147.18
12672,"2023-03-03","2023-07-20",139,2,236.17,472.33,236.17
12673,"2020-11-17","2024-09-26",1409,2,94.69,189.37,94.69
12675,"2025-03-19","2025-03-19",0,1,361.33,361.33,361.33
12676,"2020-04-16","2025-09-10",1973,3,161.99,485.96,161.99
12677,"2021-09-14","2024-10-07",1119,2,207.08,414.15,207.08
12678,"2024-12-31","2024-12-31",0,1,415.67,415.67,415.67
12679,"2022-12-19","2025-05-06",869,3,243.80,731.40,243.80
12683,"2020-08-10","2020-08-10",0,1,53.32,53.32,53.32
12684,"2022-01-08","2025-04-24",1202,2,105.37,210.74,105.37
12685,"2020-07-21","2025-06-07",1782,4,174.37,697.47,174.37
12686,"2022-03-21","2024-04-03",744,3,72.41,217.23,72.41
12687,"2021-11-15","2022-02-09",86,2,104.05,208.09,104.05
12688,"2020-12-01","2023-07-16",957,2,94.56,189.12,94.56
12689,"2022-08-28","2022-11-15",79,2,323.66,647.31,323.66
12691,"2024-04-27","2025-01-16",264,2,52.61,105.22,52.61
12692,"2020-03-30","2025-03-21",1817,3,208.38,625.15,208.38
12693,"2022-04-04","2022-04-04",0,1,116.30,116.30,116.30
12696,"2020-09-24","2024-12-02",1530,2,70.87,141.73,70.87
12698,"2021-11-27","2021-11-27",0,1,15.33,15.33,15.33
12699,"2021-10-27","2022-10-16",354,3,43.23,129.70,43.23
12700,"2020-03-26","2020-03-26",0,1,383.96,383.96,383.96
12701,"2021-11-16","2021-11-16",0,1,42.86,42.86,42.86
12702,"2022-06-21","2024-05-04",683,2,230.81,461.62,230.81
12703,"2020-09-29","2020-09-29",0,1,139.87,139.87,139.87
12704,"2023-08-30","2023-08-30",0,1,75.21,75.21,75.21
12705,"2023-10-10","2023-10-10",0,1,168.25,168.25,168.25
12706,"2021-04-17","2021-04-17",0,1,5.66,5.66,5.66
12707,"2022-03-10","2022-03-10",0,1,49.55,49.55,49.55
12708,"2021-03-06","2021-03-06",0,1,71.15,71.15,71.15
12709,"2020-04-21","2023-11-03",1291,2,51.54,103.07,51.54
12712,"2020-04-09","2021-07-05",452,2,52.32,104.63,52.32
12713,"2023-04-16","2023-04-16",0,1,32.32,32.32,32.32
12714,"2024-09-12","2024-09-12",0,1,147.72,147.72,147.72
12715,"2021-06-28","2025-02-03",1316,4,84.67,338.66,84.67
12716,"2023-01-10","2023-05-22",132,2,242.37,484.73,242.37
12717,"2020-02-22","2025-05-20",1914,5,157.58,787.89,157.58
12718,"2022-11-12","2025-02-13",824,3,61.28,183.84,61.28
12719,"2022-04-01","2022-04-01",0,1,67.53,67.53,67.53
12720,"2020-04-09","2024-03-20",1441,2,101.21,202.41,101.21
12721,"2021-10-12","2024-07-13",1005,2,59.32,118.63,59.32
12723,"2024-07-26","2024-07-26",0,1,29.78,29.78,29.78
12724,"2020-05-09","2022-07-05",787,5,53.13,265.66,53.13
12725,"2022-06-25","2024-02-22",607,4,161.39,645.57,161.39
12726,"2024-01-07","2024-01-07",0,1,195.54,195.54,195.54
12727,"2020-06-13","2020-06-13",0,1,8.68,8.68,8.68
12730,"2021-12-24","2024-09-22",1003,2,85.82,171.64,85.82
12731,"2020-12-28","2021-11-21",328,2,37.69,75.37,37.69
12732,"2020-06-19","2024-03-01",1351,2,192.32,384.64,192.32
12735,"2023-03-20","2024-03-09",355,2,26.71,53.41,26.71
12737,"2024-01-16","2025-07-21",552,3,79.66,238.97,79.66
12738,"2022-05-09","2022-05-09",0,1,54.95,54.95,54.95
12739,"2020-05-21","2023-08-07",1173,2,132.23,264.45,132.23
12740,"2024-07-24","2024-07-24",0,1,111.49,111.49,111.49
12741,"2020-02-01","2020-07-04",154,2,147.06,294.11,147.06
12742,"2024-04-25","2025-03-09",318,2,105.30,210.59,105.30
12743,"2020-08-29","2024-06-28",1399,3,261.74,785.21,261.74
12744,"2022-02-10","2024-12-05",1029,2,58.37,116.74,58.37
12745,"2020-04-04","2020-07-21",108,2,53.84,107.67,53.84
12747,"2025-03-20","2025-03-20",0,1,58.83,58.83,58.83
12748,"2022-09-26","2023-11-01",401,2,176.86,353.71,176.86
12751,"2025-06-25","2025-06-25",0,1,136.30,136.30,136.30
12752,"2021-05-29","2025-04-18",1420,3,26.57,79.70,26.57
12753,"2022-04-17","2024-08-21",857,2,331.26,662.51,331.26
12754,"2020-03-15","2020-03-15",0,1,22.57,22.57,22.57
12755,"2020-11-15","2025-04-20",1617,3,104.16,312.47,104.16
12756,"2022-04-21","2022-04-21",0,1,112.23,112.23,112.23
12758,"2022-04-16","2022-04-16",0,1,85.85,85.85,85.85
12761,"2021-07-18","2021-07-18",0,1,4.30,4.30,4.30
12763,"2020-03-07","2020-03-07",0,1,7.47,7.47,7.47
12764,"2024-04-11","2024-11-07",210,2,49.83,99.66,49.83
12765,"2020-12-18","2025-10-22",1769,2,134.45,268.90,134.45
12766,"2020-05-31","2024-10-09",1592,3,142.58,427.74,142.58
12767,"2023-01-01","2025-03-28",817,3,104.23,312.68,104.23
12768,"2020-04-30","2021-09-16",504,3,77.26,231.77,77.26
12769,"2020-08-28","2025-02-14",1631,3,77.35,232.06,77.35
12771,"2020-08-09","2020-08-09",0,1,94.56,94.56,94.56
12772,"2020-03-08","2023-03-09",1096,2,33.09,66.18,33.09
12773,"2020-03-10","2025-04-02",1849,3,33.10,99.30,33.10
12774,"2022-12-20","2022-12-20",0,1,19.52,19.52,19.52
12778,"2020-07-28","2022-01-13",534,3,230.39,691.16,230.39
12779,"2022-07-29","2022-07-29",0,1,175.49,175.49,175.49
12780,"2020-08-04","2024-05-13",1378,3,277.92,833.76,277.92
12781,"2020-01-17","2020-01-17",0,1,205.08,205.08,205.08
12782,"2020-02-01","2023-07-20",1265,2,56.48,112.96,56.48
12783,"2021-06-22","2024-02-29",982,2,62.41,124.82,62.41
12784,"2020-02-02","2020-03-12",39,2,89.93,179.86,89.93
12785,"2023-11-26","2025-07-30",612,3,56.22,168.67,56.22
12786,"2024-04-01","2024-04-01",0,1,27.28,27.28,27.28
12787,"2021-06-17","2021-12-07",173,2,140.05,280.09,140.05
12788,"2020-12-22","2023-08-24",975,4,201.21,804.82,201.21
12789,"2020-03-13","2025-06-14",1919,4,51.71,206.84,51.71
12790,"2024-05-01","2024-08-25",116,2,113.55,227.09,113.55
12792,"2020-11-05","2020-12-27",52,2,129.71,259.42,129.71
12793,"2023-09-25","2023-12-30",96,2,35.18,70.35,35.18
12794,"2020-07-14","2023-09-25",1168,2,111.24,222.47,111.24
12795,"2025-09-16","2025-09-16",0,1,48.91,48.91,48.91
12796,"2020-05-13","2025-02-16",1740,3,95.39,286.16,95.39
12798,"2020-02-27","2020-08-04",159,2,78.46,156.91,78.46
12800,"2021-12-09","2021-12-09",0,1,118.09,118.09,118.09
12801,"2022-11-02","2025-01-15",805,3,142.52,427.56,142.52
12802,"2020-03-02","2022-10-06",948,4,134.33,537.32,134.33
12804,"2021-09-08","2023-08-11",702,2,78.44,156.88,78.44
12805,"2021-06-29","2021-06-29",0,1,11.22,11.22,11.22
12806,"2020-05-27","2025-05-07",1806,3,59.43,178.29,59.43
12807,"2021-07-24","2023-06-20",696,2,87.90,175.79,87.90
12808,"2022-07-19","2025-07-01",1078,2,135.26,270.51,135.26
12809,"2021-07-10","2021-07-10",0,1,179.06,179.06,179.06
12810,"2025-01-03","2025-01-03",0,1,211.34,211.34,211.34
12811,"2023-12-31","2023-12-31",0,1,56.88,56.88,56.88
12812,"2020-06-15","2024-04-30",1415,4,63.56,254.23,63.56
12813,"2021-12-30","2024-05-11",863,2,213.46,426.91,213.46
12814,"2020-01-25","2022-03-30",795,2,58.60,117.20,58.60
12815,"2020-01-19","2024-08-06",1661,3,233.05,699.16,233.05
12816,"2020-06-02","2025-09-24",1940,5,43.82,219.12,43.82
12817,"2024-06-09","2025-03-08",272,2,146.46,292.92,146.46
12818,"2022-07-03","2024-05-02",669,3,34.73,104.18,34.73
12819,"2021-06-21","2024-03-24",1007,4,143.23,572.92,143.23
12820,"2020-03-16","2025-06-05",1907,4,77.99,311.95,77.99
12821,"2022-11-04","2024-06-17",591,2,233.53,467.06,233.53
12822,"2021-02-04","2025-09-14",1683,3,196.59,589.78,196.59
12823,"2021-04-28","2021-04-28",0,1,85.79,85.79,85.79
12824,"2025-08-29","2025-08-29",0,1,255.87,255.87,255.87
12825,"2020-11-02","2025-03-31",1610,4,109.64,438.56,109.64
12826,"2021-03-19","2021-03-19",0,1,7.47,7.47,7.47
12827,"2023-04-22","2025-05-06",745,3,241.22,723.67,241.22
12828,"2023-09-02","2023-09-02",0,1,57.33,57.33,57.33
12829,"2020-01-28","2022-01-28",731,4,22.61,90.43,22.61
12831,"2023-01-17","2024-02-06",385,2,10.27,20.53,10.27
12832,"2020-06-27","2025-03-19",1726,4,405.82,1623.27,405.82
12836,"2020-10-12","2025-09-21",1805,4,79.39,317.57,79.39
12837,"2025-07-19","2025-07-19",0,1,12.55,12.55,12.55
12838,"2021-04-12","2021-04-12",0,1,65.56,65.56,65.56
12839,"2023-09-14","2023-09-14",0,1,1023.55,1023.55,1023.55
12840,"2020-06-14","2023-03-20",1009,3,146.72,440.17,146.72
12842,"2020-11-05","2020-11-05",0,1,208.87,208.87,208.87
12843,"2023-04-12","2024-09-13",520,2,286.35,572.69,286.35
12844,"2020-11-10","2025-03-25",1596,4,162.72,650.88,162.72
12845,"2020-05-14","2021-07-29",441,2,129.21,258.42,129.21
12846,"2020-12-06","2020-12-06",0,1,54.43,54.43,54.43
12848,"2022-03-03","2022-03-03",0,1,19.50,19.50,19.50
12849,"2022-07-31","2023-03-31",243,2,145.98,291.95,145.98
12850,"2025-06-07","2025-06-07",0,1,58.31,58.31,58.31
12851,"2025-06-20","2025-06-20",0,1,129.38,129.38,129.38
12854,"2021-06-21","2025-02-08",1328,3,316.27,948.82,316.27
12855,"2022-08-29","2022-11-28",91,2,189.69,379.38,189.69
12856,"2025-10-06","2025-10-06",0,1,205.51,205.51,205.51
12857,"2024-09-09","2025-08-14",339,2,17.80,35.59,17.80
12858,"2020-09-05","2023-07-06",1034,4,111.75,447.00,111.75
12859,"2022-11-24","2022-12-30",36,2,246.96,493.92,246.96
12860,"2020-04-08","2020-04-08",0,1,6.15,6.15,6.15
12861,"2020-01-01","2020-04-07",97,2,108.87,217.74,108.87
12862,"2022-09-01","2024-07-21",689,3,331.70,995.11,331.70
12863,"2023-09-21","2023-09-21",0,1,150.24,150.24,150.24
12864,"2023-08-20","2024-06-20",305,2,44.09,88.17,44.09
12866,"2022-11-12","2024-08-27",654,3,283.18,849.55,283.18
12867,"2020-11-16","2025-02-14",1551,4,47.74,190.97,47.74
12870,"2025-05-25","2025-05-25",0,1,21.09,21.09,21.09
12871,"2022-11-12","2025-10-12",1065,2,35.39,70.77,35.39
12872,"2024-03-09","2024-03-09",0,1,242.64,242.64,242.64
12873,"2024-02-11","2024-02-11",0,1,404.46,404.46,404.46
12874,"2024-10-10","2024-10-10",0,1,618.93,618.93,618.93
12875,"2024-07-12","2024-11-25",136,2,58.92,117.83,58.92
12876,"2020-04-19","2023-11-27",1317,6,156.65,939.89,156.65
12878,"2021-09-10","2022-09-14",369,3,67.55,202.65,67.55
12879,"2023-08-24","2025-06-06",652,2,62.09,124.18,62.09
12880,"2021-06-25","2021-06-25",0,1,50.54,50.54,50.54
12881,"2021-12-05","2024-06-20",928,5,121.39,606.93,121.39
12882,"2020-12-09","2023-06-09",912,3,41.08,123.24,41.08
12883,"2022-07-14","2024-08-11",759,2,176.03,352.05,176.03
12884,"2022-12-04","2023-06-12",190,3,126.24,378.71,126.24
12885,"2023-03-16","2023-03-16",0,1,275.40,275.40,275.40
12887,"2020-12-06","2025-03-01",1546,3,102.66,307.99,102.66
12888,"2023-08-17","2023-10-09",53,2,258.73,517.46,258.73
12890,"2021-01-31","2024-03-11",1135,2,52.24,104.47,52.24
12891,"2020-06-09","2022-07-22",773,2,89.35,178.70,89.35
12893,"2022-09-25","2022-09-25",0,1,152.39,152.39,152.39
12894,"2022-05-28","2025-09-08",1199,4,143.42,573.68,143.42
12895,"2024-02-02","2024-04-26",84,2,30.27,60.53,30.27
12897,"2022-09-21","2022-09-21",0,1,200.57,200.57,200.57
12898,"2024-01-09","2024-01-09",0,1,49.13,49.13,49.13
12899,"2020-09-11","2024-02-08",1245,3,204.10,612.31,204.10
12900,"2021-02-28","2024-07-23",1241,3,70.54,211.62,70.54
12901,"2021-05-03","2021-05-03",0,1,83.93,83.93,83.93
12902,"2022-11-27","2022-11-27",0,1,69.64,69.64,69.64
12903,"2021-01-22","2023-01-20",728,3,119.87,359.60,119.87
12904,"2021-06-14","2025-01-11",1307,4,174.58,698.31,174.58
12905,"2020-01-05","2024-02-13",1500,5,250.11,1250.53,250.11
12906,"2020-04-07","2024-11-08",1676,3,43.63,130.89,43.63
12907,"2020-05-25","2024-10-13",1602,5,51.29,256.45,51.29
12908,"2022-07-31","2022-07-31",0,1,247.72,247.72,247.72
12909,"2022-05-17","2023-09-28",499,2,73.94,147.88,73.94
12910,"2021-07-19","2024-10-06",1175,3,42.42,127.26,42.42
12911,"2023-01-26","2023-07-08",163,2,125.93,251.85,125.93
12912,"2023-05-02","2024-12-27",605,3,449.32,1347.97,449.32
12913,"2021-05-02","2021-05-02",0,1,132.25,132.25,132.25
12914,"2023-07-15","2025-03-04",598,3,72.12,216.35,72.12
12915,"2020-05-15","2020-10-27",165,2,106.14,212.28,106.14
12916,"2021-10-31","2021-10-31",0,1,79.61,79.61,79.61
12917,"2023-02-18","2025-05-03",805,2,43.42,86.84,43.42
12918,"2024-04-18","2025-08-24",493,2,186.04,372.08,186.04
12919,"2021-03-16","2022-04-22",402,2,37.47,74.94,37.47
12920,"2020-03-14","2020-03-14",0,1,10.64,10.64,10.64
12921,"2023-06-22","2024-12-22",549,2,55.48,110.96,55.48
12923,"2021-07-27","2025-02-25",1309,3,102.94,308.82,102.94
12925,"2020-03-23","2022-10-21",942,3,65.47,196.40,65.47
12926,"2023-04-12","2023-04-12",0,1,135.15,135.15,135.15
12927,"2025-01-11","2025-01-11",0,1,301.14,301.14,301.14
12928,"2022-04-18","2022-04-18",0,1,202.42,202.42,202.42
12929,"2020-04-10","2023-03-11",1065,2,74.00,148.00,74.00
12930,"2020-01-05","2021-06-26",538,4,329.78,1319.10,329.78
12931,"2024-02-25","2024-02-25",0,1,286.83,286.83,286.83
12932,"2021-05-23","2025-09-25",1586,4,95.95,383.80,95.95
12933,"2021-01-12","2021-02-08",27,2,212.72,425.43,212.72
12934,"2022-07-26","2022-07-26",0,1,119.89,119.89,119.89
12935,"2023-08-03","2025-02-25",572,2,122.58,245.15,122.58
12936,"2022-09-14","2022-09-14",0,1,15.91,15.91,15.91
12937,"2022-08-06","2025-03-06",943,2,152.54,305.07,152.54
12939,"2020-01-16","2025-04-28",1929,4,151.93,607.70,151.93
12940,"2021-10-01","2024-02-04",856,2,58.55,117.10,58.55
12941,"2025-08-13","2025-09-29",47,2,60.20,120.39,60.20
12942,"2020-02-06","2020-02-06",0,1,18.24,18.24,18.24
12943,"2022-11-24","2022-11-24",0,1,53.78,53.78,53.78
12944,"2025-04-16","2025-04-16",0,1,178.12,178.12,178.12
12945,"2020-01-23","2023-09-11",1327,3,84.52,253.56,84.52
12946,"2025-08-17","2025-08-17",0,1,422.48,422.48,422.48
12947,"2023-11-17","2023-11-17",0,1,139.07,139.07,139.07
12948,"2025-01-13","2025-06-28",166,2,204.25,408.50,204.25
12949,"2022-08-09","2022-08-09",0,1,186.00,186.00,186.00
12951,"2024-07-20","2024-07-20",0,1,179.79,179.79,179.79
12952,"2020-08-20","2025-10-23",1890,3,87.65,262.95,87.65
12953,"2021-05-17","2023-10-15",881,2,77.98,155.95,77.98
12954,"2020-08-24","2020-08-24",0,1,36.68,36.68,36.68
12955,"2021-11-15","2025-06-11",1304,2,45.94,91.88,45.94
12956,"2024-06-30","2025-09-21",448,3,239.00,716.99,239.00
12957,"2022-12-18","2024-07-21",581,2,54.50,109.00,54.50
12958,"2020-04-12","2023-08-19",1224,2,468.98,937.96,468.98
12959,"2022-09-13","2022-09-13",0,1,617.21,617.21,617.21
12962,"2020-01-29","2024-08-08",1653,2,39.45,78.89,39.45
12964,"2021-03-13","2021-09-04",175,3,48.01,144.03,48.01
12965,"2020-04-29","2025-05-27",1854,3,104.16,312.48,104.16
12966,"2024-06-10","2024-06-10",0,1,136.39,136.39,136.39
12967,"2020-03-17","2024-07-19",1585,4,68.02,272.07,68.02
12968,"2024-07-21","2025-06-26",340,2,80.15,160.30,80.15
12969,"2020-09-20","2025-08-16",1791,3,327.51,982.53,327.51
12972,"2022-12-19","2022-12-19",0,1,68.92,68.92,68.92
12974,"2021-06-04","2022-12-19",563,5,277.09,1385.46,277.09
12975,"2020-05-23","2020-05-23",0,1,57.57,57.57,57.57
12977,"2021-10-25","2022-12-06",407,2,178.92,357.83,178.92
12978,"2020-04-21","2020-07-28",98,2,49.18,98.36,49.18
12980,"2020-06-18","2025-09-23",1923,4,50.24,200.97,50.24
12981,"2023-04-29","2023-04-29",0,1,116.04,116.04,116.04
12982,"2020-02-01","2025-06-08",1954,5,73.62,368.09,73.62
12983,"2021-09-08","2021-09-08",0,1,27.45,27.45,27.45
12984,"2021-12-04","2024-04-25",873,2,80.86,161.72,80.86
12985,"2024-08-05","2024-08-05",0,1,224.24,224.24,224.24
12986,"2021-02-04","2021-02-04",0,1,18.98,18.98,18.98
12988,"2020-06-14","2022-03-17",641,3,73.11,219.33,73.11
12989,"2023-10-12","2025-06-17",614,2,220.21,440.41,220.21
12990,"2025-03-13","2025-03-13",0,1,61.81,61.81,61.81
12991,"2022-03-08","2022-03-08",0,1,296.97,296.97,296.97
12992,"2023-04-19","2023-04-19",0,1,581.51,581.51,581.51
12993,"2020-04-01","2025-06-06",1892,5,274.53,1372.65,274.53
12994,"2023-12-19","2023-12-19",0,1,381.78,381.78,381.78
12995,"2020-07-12","2024-07-11",1460,2,35.41,70.81,35.41
12997,"2020-12-18","2025-05-26",1620,4,418.12,1672.49,418.12
12998,"2021-03-29","2021-06-24",87,3,152.32,456.97,152.32
12999,"2020-10-11","2025-10-28",1843,3,70.20,210.61,70.20
13001,"2021-08-22","2021-08-22",0,1,81.26,81.26,81.26
13002,"2022-07-09","2025-04-02",998,4,116.56,466.24,116.56
13003,"2021-02-10","2023-06-26",866,2,200.21,400.42,200.21
13004,"2020-01-17","2024-12-31",1810,5,75.55,377.76,75.55
13005,"2022-09-09","2025-07-28",1053,2,90.33,180.66,90.33
13006,"2021-12-06","2021-12-06",0,1,130.24,130.24,130.24
13008,"2023-01-18","2024-06-16",515,2,369.29,738.57,369.29
13009,"2020-02-16","2024-01-20",1434,4,146.82,587.27,146.82
13011,"2025-02-10","2025-02-10",0,1,36.70,36.70,36.70
13012,"2020-05-16","2022-05-17",731,2,95.74,191.48,95.74
13014,"2021-12-05","2024-03-31",847,4,233.45,933.81,233.45
13015,"2023-06-29","2025-02-04",586,2,87.39,174.77,87.39
13016,"2022-10-09","2022-10-09",0,1,63.37,63.37,63.37
13017,"2023-09-23","2023-09-23",0,1,199.63,199.63,199.63
13018,"2021-12-06","2023-04-05",485,2,50.84,101.67,50.84
13019,"2024-12-18","2024-12-18",0,1,191.15,191.15,191.15
13020,"2021-03-11","2021-03-11",0,1,840.49,840.49,840.49
13021,"2025-04-01","2025-04-01",0,1,84.24,84.24,84.24
13022,"2023-06-16","2023-06-16",0,1,46.90,46.90,46.90
13023,"2023-03-15","2023-03-15",0,1,60.68,60.68,60.68
13025,"2020-06-14","2022-04-23",678,2,58.22,116.43,58.22
13026,"2024-02-04","2025-02-07",369,4,53.64,214.56,53.64
13027,"2021-04-14","2025-06-12",1520,4,61.19,244.77,61.19
13028,"2021-04-23","2023-10-22",912,3,39.31,117.94,39.31
13030,"2021-06-25","2022-09-14",446,2,148.25,296.50,148.25
13031,"2021-10-20","2024-10-18",1094,3,124.56,373.68,124.56
13032,"2021-01-06","2025-05-25",1600,4,123.70,494.79,123.70
13033,"2022-10-13","2023-11-25",408,3,54.51,163.54,54.51
13036,"2023-09-16","2025-06-27",650,3,193.64,580.91,193.64
13037,"2021-03-20","2023-04-27",768,2,46.20,92.39,46.20
13038,"2025-08-05","2025-08-05",0,1,28.96,28.96,28.96
13039,"2020-12-03","2025-06-09",1649,5,126.03,630.13,126.03
13040,"2020-12-12","2024-06-17",1283,2,31.27,62.53,31.27
13041,"2024-06-04","2024-06-04",0,1,51.20,51.20,51.20
13043,"2020-01-23","2024-01-30",1468,2,33.51,67.01,33.51
13046,"2021-04-02","2024-11-09",1317,5,110.72,553.61,110.72
13047,"2020-03-10","2025-02-14",1802,3,422.88,1268.65,422.88
13048,"2020-10-08","2023-05-30",964,2,93.75,187.50,93.75
13049,"2021-06-27","2021-06-27",0,1,92.20,92.20,92.20
13050,"2021-05-23","2024-10-21",1247,3,310.31,930.92,310.31
13051,"2022-06-28","2025-03-08",984,3,119.68,359.05,119.68
13052,"2020-12-16","2024-07-28",1320,2,82.90,165.80,82.90
13053,"2023-01-30","2023-11-12",286,2,49.56,99.12,49.56
13054,"2021-07-10","2021-07-10",0,1,51.57,51.57,51.57
13055,"2020-11-24","2022-12-10",746,3,107.32,321.96,107.32
13056,"2025-06-26","2025-06-26",0,1,10.63,10.63,10.63
13057,"2020-09-09","2024-03-05",1273,2,198.75,397.50,198.75
13058,"2020-10-22","2024-05-22",1308,2,107.60,215.19,107.60
13059,"2020-10-01","2024-08-06",1405,4,97.36,389.44,97.36
13061,"2024-06-19","2024-06-19",0,1,149.28,149.28,149.28
13062,"2022-07-02","2024-09-18",809,3,51.76,155.29,51.76
13063,"2024-04-03","2024-04-03",0,1,117.07,117.07,117.07
13066,"2025-10-05","2025-10-05",0,1,108.00,108.00,108.00
13067,"2022-07-13","2022-07-13",0,1,667.24,667.24,667.24
13068,"2020-07-31","2020-07-31",0,1,32.05,32.05,32.05
13070,"2021-02-26","2021-02-26",0,1,152.32,152.32,152.32
13072,"2022-05-15","2024-05-26",742,3,28.34,85.02,28.34
13074,"2025-03-20","2025-03-20",0,1,39.08,39.08,39.08
13075,"2020-09-07","2024-06-12",1374,2,47.47,94.94,47.47
13076,"2022-08-29","2022-08-29",0,1,178.21,178.21,178.21
13077,"2024-12-24","2024-12-24",0,1,161.17,161.17,161.17
13078,"2024-02-28","2025-06-23",481,2,48.15,96.30,48.15
13079,"2023-03-25","2023-03-25",0,1,47.32,47.32,47.32
13080,"2022-06-11","2022-11-22",164,2,301.21,602.42,301.21
13081,"2020-02-11","2021-04-20",434,2,55.35,110.69,55.35
13082,"2021-09-21","2021-09-21",0,1,6.33,6.33,6.33
13084,"2020-11-13","2025-06-20",1680,2,122.85,245.69,122.85
13085,"2022-06-07","2022-06-07",0,1,24.89,24.89,24.89
13086,"2020-01-21","2025-03-06",1871,5,82.94,414.71,82.94
13087,"2023-10-03","2023-10-03",0,1,58.93,58.93,58.93
13089,"2025-01-23","2025-01-23",0,1,78.14,78.14,78.14
13090,"2025-05-27","2025-05-27",0,1,125.55,125.55,125.55
13091,"2024-11-24","2024-11-24",0,1,378.50,378.50,378.50
13094,"2020-09-02","2022-03-09",553,2,42.48,84.96,42.48
13097,"2021-01-30","2021-02-05",6,2,375.86,751.71,375.86
13098,"2020-04-05","2020-04-05",0,1,659.63,659.63,659.63
13100,"2024-01-27","2024-08-30",216,2,56.87,113.74,56.87
13102,"2020-07-14","2020-10-04",82,2,141.75,283.49,141.75
13103,"2020-04-08","2025-01-13",1741,2,53.55,107.09,53.55
13104,"2024-11-15","2024-11-15",0,1,87.52,87.52,87.52
13105,"2020-09-13","2020-09-13",0,1,122.03,122.03,122.03
13106,"2022-01-02","2022-01-02",0,1,110.18,110.18,110.18
13107,"2023-06-26","2024-01-03",191,2,52.28,104.55,52.28
13108,"2022-09-26","2025-09-16",1086,3,299.42,898.25,299.42
13109,"2020-11-05","2024-04-27",1269,3,144.69,434.07,144.69
13110,"2020-09-01","2020-09-01",0,1,198.08,198.08,198.08
13112,"2024-12-03","2024-12-03",0,1,213.94,213.94,213.94
13115,"2024-01-29","2025-07-09",527,4,73.72,294.89,73.72
13116,"2023-01-01","2023-01-01",0,1,82.90,82.90,82.90
13117,"2024-06-26","2024-06-26",0,1,68.32,68.32,68.32
13118,"2020-06-14","2020-06-14",0,1,39.07,39.07,39.07
13119,"2022-09-25","2022-09-25",0,1,103.04,103.04,103.04
13121,"2020-02-23","2025-05-14",1907,4,205.69,822.74,205.69
13122,"2022-09-16","2022-09-16",0,1,46.18,46.18,46.18
13123,"2025-10-16","2025-10-16",0,1,265.06,265.06,265.06
13124,"2023-08-16","2025-04-18",611,2,511.59,1023.17,511.59
13125,"2023-10-17","2023-10-17",0,1,105.09,105.09,105.09
13126,"2020-12-20","2025-01-24",1496,4,165.32,661.26,165.32
13127,"2023-11-24","2023-11-24",0,1,161.11,161.11,161.11
13128,"2022-10-02","2024-06-19",626,2,51.11,102.21,51.11
13129,"2022-07-13","2024-01-24",560,2,28.48,56.95,28.48
13130,"2023-11-09","2023-11-09",0,1,1220.75,1220.75,1220.75
13131,"2020-03-27","2025-02-28",1799,4,58.71,234.85,58.71
13132,"2021-10-07","2023-11-01",755,2,20.18,40.35,20.18
13133,"2021-11-15","2021-11-15",0,1,50.03,50.03,50.03
13134,"2024-12-21","2024-12-21",0,1,115.93,115.93,115.93
13136,"2020-10-31","2020-10-31",0,1,129.69,129.69,129.69
13137,"2021-07-10","2021-07-10",0,1,194.61,194.61,194.61
13138,"2024-06-24","2024-06-24",0,1,54.63,54.63,54.63
13139,"2021-07-02","2024-01-28",940,2,110.72,221.43,110.72
13140,"2021-03-01","2024-01-27",1062,2,33.58,67.16,33.58
13141,"2020-03-25","2025-08-02",1956,2,123.46,246.91,123.46
13142,"2021-10-16","2021-10-16",0,1,65.07,65.07,65.07
13143,"2022-12-01","2025-04-15",866,3,70.69,212.08,70.69
13145,"2021-07-23","2021-07-23",0,1,44.78,44.78,44.78
13146,"2022-01-28","2024-11-30",1037,4,37.97,151.86,37.97
13147,"2023-10-13","2024-09-02",325,2,132.32,264.63,132.32
13149,"2022-08-03","2022-08-03",0,1,219.65,219.65,219.65
13151,"2024-01-07","2024-01-07",0,1,244.24,244.24,244.24
13152,"2022-02-25","2022-02-25",0,1,199.53,199.53,199.53
13153,"2025-01-21","2025-01-21",0,1,30.44,30.44,30.44
13154,"2022-12-28","2025-10-17",1024,3,186.30,558.89,186.30
13155,"2020-06-27","2022-03-13",624,3,141.91,425.72,141.91
13156,"2021-11-28","2022-12-04",371,2,45.34,90.68,45.34
13157,"2022-03-10","2023-05-19",435,2,329.17,658.34,329.17
13158,"2020-06-18","2024-05-17",1429,4,172.64,690.57,172.64
13159,"2020-09-30","2020-09-30",0,1,657.92,657.92,657.92
13160,"2022-03-01","2023-10-13",591,2,145.16,290.32,145.16
13161,"2022-12-30","2024-11-11",682,3,157.00,471.00,157.00
13162,"2020-02-10","2025-01-11",1797,5,90.69,453.46,90.69
13164,"2021-10-11","2021-10-11",0,1,3.74,3.74,3.74
13166,"2022-07-19","2022-07-19",0,1,192.72,192.72,192.72
13167,"2020-04-21","2021-05-12",386,2,118.90,237.80,118.90
13168,"2020-06-18","2024-05-21",1433,4,57.33,229.33,57.33
13169,"2023-03-15","2025-02-12",700,4,28.99,115.96,28.99
13170,"2021-05-30","2023-08-30",822,3,259.42,778.27,259.42
13171,"2021-05-28","2025-01-05",1318,2,212.12,424.23,212.12
13173,"2020-11-04","2020-11-04",0,1,213.50,213.50,213.50
13174,"2020-03-08","2025-09-15",2017,3,70.19,210.58,70.19
13175,"2020-07-20","2024-12-29",1623,4,104.79,419.14,104.79
13176,"2021-01-26","2023-02-08",743,3,347.98,1043.95,347.98
13177,"2022-11-12","2022-11-12",0,1,216.46,216.46,216.46
13178,"2020-08-31","2023-02-09",892,2,71.75,143.49,71.75
13179,"2023-05-01","2025-07-06",797,2,125.09,250.18,125.09
13180,"2023-09-16","2023-09-16",0,1,142.26,142.26,142.26
13181,"2020-09-08","2025-01-17",1592,3,53.84,161.53,53.84
13182,"2022-11-25","2022-11-25",0,1,87.58,87.58,87.58
13183,"2022-11-09","2022-11-09",0,1,8.35,8.35,8.35
13184,"2021-08-16","2024-08-19",1099,3,51.97,155.91,51.97
13185,"2022-11-14","2024-03-24",496,2,209.42,418.83,209.42
13186,"2023-12-13","2023-12-13",0,1,43.27,43.27,43.27
13187,"2020-07-06","2020-07-06",0,1,348.45,348.45,348.45
13189,"2021-01-04","2021-01-04",0,1,27.53,27.53,27.53
13190,"2021-06-11","2023-06-06",725,2,17.57,35.14,17.57
13191,"2023-05-19","2023-05-19",0,1,141.12,141.12,141.12
13193,"2023-12-16","2023-12-16",0,1,49.17,49.17,49.17
13194,"2024-06-08","2024-06-08",0,1,62.27,62.27,62.27
13195,"2023-12-21","2023-12-21",0,1,37.90,37.90,37.90
13196,"2022-03-15","2025-08-20",1254,2,156.74,313.48,156.74
13198,"2022-05-19","2023-09-20",489,2,42.65,85.30,42.65
13199,"2022-07-20","2022-09-17",59,2,359.39,718.78,359.39
13200,"2023-06-30","2023-06-30",0,1,11.20,11.20,11.20
13201,"2020-10-29","2022-04-05",523,2,144.38,288.76,144.38
13203,"2022-07-14","2022-07-14",0,1,63.06,63.06,63.06
13204,"2020-01-26","2020-01-26",0,1,7.68,7.68,7.68
13205,"2020-07-04","2024-10-16",1565,3,119.61,358.82,119.61
13206,"2020-02-23","2020-02-23",0,1,30.12,30.12,30.12
13208,"2020-02-23","2023-01-16",1058,4,157.90,631.59,157.90
13210,"2021-06-14","2021-06-14",0,1,971.75,971.75,971.75
13211,"2021-05-29","2021-05-29",0,1,94.41,94.41,94.41
13212,"2022-01-30","2022-01-30",0,1,60.72,60.72,60.72
13213,"2021-02-07","2022-03-03",389,2,100.30,200.59,100.30
13215,"2021-01-14","2022-05-31",502,2,262.72,525.44,262.72
13216,"2021-02-20","2025-09-06",1659,2,48.41,96.82,48.41
13217,"2020-09-08","2021-10-28",415,2,73.04,146.08,73.04
13218,"2020-02-21","2025-07-31",1987,5,201.86,1009.32,201.86
13220,"2021-06-24","2021-06-24",0,1,232.24,232.24,232.24
13221,"2023-11-06","2023-11-06",0,1,128.97,128.97,128.97
13222,"2022-08-20","2024-02-29",558,2,445.69,891.38,445.69
13223,"2020-11-21","2020-11-21",0,1,60.96,60.96,60.96
13224,"2023-08-13","2023-10-02",50,2,99.71,199.42,99.71
13225,"2021-05-19","2021-05-19",0,1,51.10,51.10,51.10
13226,"2023-01-04","2023-01-04",0,1,78.78,78.78,78.78
13227,"2023-03-03","2023-03-03",0,1,105.58,105.58,105.58
13228,"2020-09-08","2020-09-08",0,1,150.27,150.27,150.27
13229,"2020-07-03","2025-09-23",1908,3,89.10,267.29,89.10
13230,"2020-11-24","2024-09-06",1382,2,400.25,800.49,400.25
13232,"2021-08-24","2024-09-18",1121,3,127.69,383.06,127.69
13234,"2025-07-13","2025-07-13",0,1,129.12,129.12,129.12
13235,"2022-08-29","2024-08-02",704,2,189.15,378.30,189.15
13236,"2020-01-12","2020-09-30",262,3,36.99,110.98,36.99
13237,"2021-01-21","2025-07-27",1648,4,174.44,697.77,174.44
13238,"2024-05-24","2024-05-24",0,1,64.77,64.77,64.77
13239,"2021-06-05","2023-10-14",861,3,67.82,203.47,67.82
13240,"2023-09-24","2023-09-24",0,1,24.49,24.49,24.49
13243,"2020-03-11","2020-03-11",0,1,73.78,73.78,73.78
13244,"2020-02-01","2022-08-29",940,2,256.00,511.99,256.00
13245,"2020-09-20","2020-09-20",0,1,58.07,58.07,58.07
13246,"2023-05-25","2023-05-25",0,1,922.38,922.38,922.38
13247,"2023-12-12","2023-12-12",0,1,144.15,144.15,144.15
13249,"2023-06-14","2024-06-09",361,3,136.94,410.83,136.94
13250,"2025-03-29","2025-03-29",0,1,653.02,653.02,653.02
13251,"2022-02-11","2022-09-04",205,3,63.44,190.32,63.44
13253,"2020-01-16","2020-01-16",0,1,221.16,221.16,221.16
13258,"2020-05-02","2023-03-09",1041,3,125.88,377.63,125.88
13259,"2022-04-19","2022-04-19",0,1,74.49,74.49,74.49
13260,"2020-10-14","2025-10-08",1820,3,164.40,493.20,164.40
13261,"2020-06-21","2025-05-25",1799,4,107.36,429.45,107.36
13262,"2021-12-01","2021-12-01",0,1,53.91,53.91,53.91
13264,"2023-04-29","2023-08-28",121,2,123.40,246.80,123.40
13265,"2025-06-04","2025-06-04",0,1,10.97,10.97,10.97
13266,"2020-04-12","2025-07-08",1913,3,59.97,179.90,59.97
13267,"2024-03-03","2024-03-03",0,1,79.68,79.68,79.68
13269,"2023-04-04","2023-04-04",0,1,125.70,125.70,125.70
13270,"2022-08-03","2022-08-03",0,1,40.31,40.31,40.31
13272,"2024-09-30","2024-09-30",0,1,187.07,187.07,187.07
13273,"2020-05-26","2020-05-26",0,1,59.00,59.00,59.00
13274,"2024-07-10","2024-07-10",0,1,19.86,19.86,19.86
13275,"2025-05-06","2025-05-06",0,1,221.49,221.49,221.49
13276,"2020-08-01","2022-04-26",633,3,43.95,131.84,43.95
13278,"2021-08-05","2025-10-17",1534,4,164.37,657.46,164.37
13279,"2022-03-28","2022-03-28",0,1,33.63,33.63,33.63
13280,"2024-05-08","2024-05-08",0,1,163.04,163.04,163.04
13281,"2024-01-07","2024-01-07",0,1,44.18,44.18,44.18
13282,"2020-07-21","2025-08-17",1853,7,242.44,1697.11,242.44
13283,"2023-12-21","2025-02-22",429,2,345.39,690.77,345.39
13284,"2022-11-16","2022-11-16",0,1,63.20,63.20,63.20
13285,"2021-06-10","2022-12-24",562,2,58.57,117.13,58.57
13286,"2022-05-23","2022-05-23",0,1,98.78,98.78,98.78
13287,"2023-01-11","2023-01-11",0,1,14.08,14.08,14.08
13288,"2020-02-24","2021-02-25",367,2,258.97,517.93,258.97
13290,"2020-03-10","2020-03-10",0,1,118.71,118.71,118.71
13291,"2023-07-09","2023-07-09",0,1,140.83,140.83,140.83
13292,"2020-03-05","2025-01-01",1763,6,98.79,592.75,98.79
13294,"2020-04-29","2024-09-01",1586,4,91.83,367.30,91.83
13295,"2021-02-24","2022-06-26",487,3,76.75,230.24,76.75
13296,"2020-10-06","2020-10-06",0,1,264.58,264.58,264.58
13297,"2022-01-16","2022-04-18",92,2,152.48,304.95,152.48
13298,"2020-06-09","2020-06-09",0,1,56.47,56.47,56.47
13299,"2021-01-29","2021-08-13",196,3,51.69,155.06,51.69
13300,"2021-01-22","2024-07-19",1274,5,125.20,626.00,125.20
13301,"2022-01-16","2025-09-06",1329,3,119.08,357.24,119.08
13302,"2020-05-07","2025-03-23",1781,6,122.28,733.68,122.28
13303,"2022-07-06","2025-09-10",1162,3,211.13,633.40,211.13
13305,"2021-11-25","2023-03-20",480,3,174.50,523.51,174.50
13306,"2023-09-15","2024-10-17",398,3,149.88,449.64,149.88
13307,"2020-03-04","2025-10-27",2063,4,127.99,511.95,127.99
13308,"2020-08-11","2024-04-20",1348,4,68.14,272.54,68.14
13310,"2020-04-21","2020-10-09",171,2,145.24,290.48,145.24
13311,"2023-07-10","2023-07-10",0,1,247.65,247.65,247.65
13312,"2022-12-23","2023-05-21",149,2,103.03,206.05,103.03
13313,"2020-04-23","2023-08-23",1217,2,124.91,249.81,124.91
13314,"2021-10-08","2024-07-03",999,3,355.01,1065.03,355.01
13315,"2024-12-26","2024-12-26",0,1,154.62,154.62,154.62
13318,"2021-08-05","2021-09-29",55,2,67.50,135.00,67.50
13319,"2021-03-12","2025-05-11",1521,3,154.90,464.71,154.90
13320,"2025-02-14","2025-06-16",122,2,147.50,294.99,147.50
13321,"2020-08-15","2020-08-15",0,1,12.26,12.26,12.26
13322,"2024-10-22","2025-05-08",198,2,140.61,281.22,140.61
13323,"2024-01-30","2025-07-12",529,3,71.49,214.46,71.49
13325,"2023-04-23","2025-01-30",648,3,88.65,265.95,88.65
13326,"2025-07-07","2025-07-07",0,1,5.63,5.63,5.63
13327,"2020-06-30","2021-05-14",318,2,76.28,152.55,76.28
13328,"2023-09-09","2023-09-09",0,1,724.60,724.60,724.60
13329,"2022-08-27","2024-06-17",660,3,135.89,407.68,135.89
13330,"2021-05-06","2023-09-01",848,2,40.82,81.64,40.82
13332,"2023-05-22","2025-02-13",633,2,89.82,179.64,89.82
13333,"2021-02-19","2024-09-26",1315,2,79.20,158.40,79.20
13334,"2021-06-14","2024-02-06",967,2,172.79,345.58,172.79
13335,"2020-09-23","2025-03-24",1643,2,46.44,92.87,46.44
13336,"2020-02-23","2020-02-23",0,1,399.74,399.74,399.74
13337,"2020-08-31","2020-08-31",0,1,83.64,83.64,83.64
13339,"2023-12-28","2023-12-28",0,1,95.10,95.10,95.10
13340,"2022-11-10","2022-11-10",0,1,94.20,94.20,94.20
13341,"2025-06-18","2025-06-18",0,1,28.32,28.32,28.32
13343,"2020-12-01","2024-04-11",1227,2,258.82,517.64,258.82
13344,"2020-02-28","2021-12-09",650,2,93.52,187.04,93.52
13345,"2020-01-08","2020-12-19",346,2,507.33,1014.66,507.33
13346,"2022-08-01","2024-06-15",684,2,299.30,598.60,299.30
13348,"2024-06-23","2025-08-19",422,3,44.96,134.89,44.96
13350,"2022-02-22","2022-08-18",177,2,489.74,979.48,489.74
13351,"2021-03-15","2021-03-15",0,1,180.97,180.97,180.97
13352,"2024-02-12","2024-06-01",110,2,10.03,20.05,10.03
13353,"2024-12-25","2024-12-25",0,1,141.13,141.13,141.13
13354,"2022-03-19","2024-11-11",968,4,65.52,262.09,65.52
13356,"2022-07-10","2025-07-30",1116,2,406.49,812.97,406.49
13357,"2020-04-13","2020-04-13",0,1,13.67,13.67,13.67
13358,"2021-05-08","2021-05-08",0,1,14.40,14.40,14.40
13360,"2021-05-28","2023-04-10",682,3,106.13,318.38,106.13
13361,"2022-02-17","2025-08-06",1266,3,166.92,500.75,166.92
13363,"2021-09-01","2023-10-21",780,2,142.36,284.72,142.36
13364,"2021-08-10","2025-10-10",1522,3,98.77,296.30,98.77
13365,"2025-08-11","2025-08-11",0,1,373.81,373.81,373.81
13366,"2023-10-25","2023-10-25",0,1,23.11,23.11,23.11
13367,"2021-08-12","2021-08-12",0,1,25.45,25.45,25.45
13368,"2020-03-28","2024-06-02",1527,5,147.07,735.36,147.07
13370,"2022-07-17","2024-10-31",837,3,125.52,376.57,125.52
13371,"2021-08-01","2024-09-21",1147,3,172.04,516.13,172.04
13372,"2021-01-16","2023-08-05",931,3,59.76,179.27,59.76
13373,"2024-10-12","2024-10-12",0,1,30.12,30.12,30.12
13374,"2023-07-13","2024-05-11",303,2,235.61,471.22,235.61
13375,"2023-09-08","2023-09-08",0,1,39.84,39.84,39.84
13376,"2021-02-16","2021-02-16",0,1,115.11,115.11,115.11
13377,"2021-10-14","2024-08-29",1050,2,182.73,365.46,182.73
13379,"2022-01-19","2022-01-19",0,1,31.72,31.72,31.72
13380,"2025-08-30","2025-08-30",0,1,27.05,27.05,27.05
13382,"2020-08-28","2023-08-31",1098,3,145.71,437.14,145.71
13383,"2021-11-27","2023-05-28",547,2,97.29,194.57,97.29
13384,"2024-05-12","2024-05-12",0,1,82.42,82.42,82.42
13385,"2021-06-03","2021-06-03",0,1,133.24,133.24,133.24
13386,"2023-05-15","2024-01-20",250,2,95.32,190.63,95.32
13387,"2022-12-20","2023-08-09",232,3,59.01,177.03,59.01
13388,"2022-12-25","2023-12-09",349,2,38.26,76.52,38.26
13389,"2021-02-15","2021-11-24",282,3,516.40,1549.21,516.40
13391,"2021-06-17","2022-10-22",492,3,119.68,359.03,119.68
13392,"2021-04-23","2022-11-02",558,2,125.34,250.67,125.34
13393,"2022-08-01","2025-02-16",930,3,134.54,403.62,134.54
13394,"2022-02-07","2022-02-07",0,1,113.24,113.24,113.24
13396,"2023-04-21","2023-04-21",0,1,702.00,702.00,702.00
13397,"2020-06-28","2025-04-10",1747,2,179.65,359.29,179.65
13398,"2020-02-05","2023-03-12",1131,2,16.22,32.43,16.22
13399,"2023-01-07","2023-01-07",0,1,111.27,111.27,111.27
13400,"2020-11-24","2020-11-24",0,1,35.59,35.59,35.59
13401,"2020-07-19","2020-07-19",0,1,170.61,170.61,170.61
13402,"2021-10-19","2022-09-24",340,3,165.50,496.49,165.50
13403,"2020-11-28","2024-12-09",1472,3,52.74,158.22,52.74
13404,"2021-09-27","2021-09-27",0,1,147.58,147.58,147.58
13405,"2021-11-19","2024-04-10",873,3,84.92,254.76,84.92
13406,"2021-06-29","2021-08-19",51,2,182.06,364.11,182.06
13407,"2021-03-23","2022-08-02",497,2,66.08,132.15,66.08
13408,"2022-05-06","2022-05-06",0,1,60.53,60.53,60.53
13409,"2020-10-05","2020-10-05",0,1,66.63,66.63,66.63
13410,"2022-05-11","2024-10-20",893,2,44.61,89.22,44.61
13411,"2020-01-25","2022-11-11",1021,4,111.10,444.38,111.10
13412,"2020-06-17","2025-06-27",1836,2,204.45,408.89,204.45
13413,"2023-04-13","2023-06-02",50,2,122.18,244.36,122.18
13414,"2024-10-30","2025-07-11",254,3,45.37,136.11,45.37
13415,"2024-08-21","2024-08-21",0,1,11.97,11.97,11.97
13417,"2020-07-02","2025-03-28",1730,3,81.34,244.03,81.34
13418,"2020-11-17","2024-12-15",1489,4,35.75,142.99,35.75
13419,"2021-12-11","2024-04-13",854,3,80.58,241.74,80.58
13420,"2020-09-02","2022-07-05",671,2,86.92,173.83,86.92
13422,"2022-04-23","2022-04-23",0,1,288.56,288.56,288.56
13424,"2021-01-30","2024-05-21",1207,2,144.09,288.17,144.09
13425,"2020-06-22","2020-06-22",0,1,89.86,89.86,89.86
13426,"2023-05-11","2023-05-11",0,1,186.12,186.12,186.12
13427,"2021-07-24","2023-06-14",690,3,207.52,622.57,207.52
13428,"2020-11-13","2020-11-13",0,1,56.24,56.24,56.24
13430,"2021-09-16","2022-02-23",160,2,189.36,378.72,189.36
13431,"2021-08-08","2025-10-07",1521,4,68.80,275.21,68.80
13432,"2021-12-04","2021-12-04",0,1,39.76,39.76,39.76
13433,"2025-03-20","2025-03-20",0,1,581.11,581.11,581.11
13434,"2021-03-25","2024-02-29",1071,3,39.98,119.94,39.98
13435,"2024-05-23","2024-12-14",205,2,223.57,447.14,223.57
13436,"2021-11-08","2021-11-08",0,1,374.44,374.44,374.44
13437,"2022-07-08","2022-07-10",2,2,921.66,1843.31,921.66
13438,"2025-01-20","2025-01-20",0,1,55.05,55.05,55.05
13439,"2020-09-25","2022-02-11",504,3,48.91,146.72,48.91
13440,"2020-01-06","2024-08-02",1670,2,146.70,293.39,146.70
13442,"2023-02-09","2023-02-09",0,1,139.12,139.12,139.12
13444,"2021-12-10","2025-09-08",1368,4,88.01,352.05,88.01
13445,"2024-01-29","2024-08-20",204,2,60.96,121.92,60.96
13447,"2024-09-19","2024-09-19",0,1,191.15,191.15,191.15
13448,"2023-08-21","2023-08-21",0,1,29.99,29.99,29.99
13450,"2022-12-29","2024-01-31",398,3,28.49,85.48,28.49
13451,"2020-02-25","2023-10-23",1336,2,96.65,193.29,96.65
13453,"2022-12-24","2023-06-22",180,2,122.70,245.40,122.70
13454,"2023-08-16","2023-08-16",0,1,138.07,138.07,138.07
13455,"2020-04-29","2022-10-07",891,4,28.43,113.73,28.43
13457,"2021-10-01","2022-08-25",328,2,324.59,649.18,324.59
13458,"2023-12-20","2025-09-28",648,2,42.88,85.76,42.88
13461,"2020-05-22","2025-08-21",1917,2,99.99,199.97,99.99
13462,"2021-04-26","2024-12-18",1332,3,112.44,337.32,112.44
13463,"2022-03-12","2025-07-22",1228,3,57.52,172.56,57.52
13464,"2024-01-10","2024-01-10",0,1,14.24,14.24,14.24
13465,"2020-08-04","2024-11-03",1552,4,198.76,795.02,198.76
13466,"2021-04-09","2021-11-07",212,2,173.22,346.44,173.22
13467,"2020-01-31","2024-12-29",1794,3,92.71,278.13,92.71
13470,"2020-05-09","2024-12-01",1667,2,198.63,397.26,198.63
13471,"2024-01-10","2024-01-10",0,1,41.26,41.26,41.26
13472,"2024-07-24","2024-10-04",72,2,94.96,189.91,94.96
13473,"2022-08-08","2023-01-23",168,2,92.69,185.38,92.69
13474,"2024-11-26","2025-01-20",55,2,195.88,391.76,195.88
13475,"2020-06-22","2025-07-13",1847,4,46.62,186.49,46.62
13476,"2021-06-13","2025-08-29",1538,4,132.88,531.53,132.88
13477,"2025-08-07","2025-08-07",0,1,58.23,58.23,58.23
13478,"2020-07-01","2023-05-19",1052,2,45.17,90.34,45.17
13479,"2021-10-01","2022-03-18",168,2,80.96,161.92,80.96
13480,"2021-05-12","2023-02-03",632,2,87.45,174.90,87.45
13481,"2021-01-23","2022-09-14",599,2,35.20,70.39,35.20
13483,"2021-06-30","2025-09-02",1525,6,190.05,1140.29,190.05
13484,"2020-01-19","2020-01-19",0,1,87.58,87.58,87.58
13486,"2024-11-30","2025-07-24",236,2,58.24,116.47,58.24
13488,"2025-02-23","2025-02-23",0,1,28.12,28.12,28.12
13490,"2023-03-17","2025-09-09",907,3,182.38,547.15,182.38
13491,"2021-06-10","2023-03-15",643,2,61.52,123.03,61.52
13495,"2025-04-08","2025-04-08",0,1,13.39,13.39,13.39
13496,"2021-08-22","2021-08-22",0,1,98.51,98.51,98.51
13497,"2024-02-26","2025-06-02",462,2,239.62,479.23,239.62
13498,"2020-08-25","2022-07-10",684,2,49.34,98.68,49.34
13499,"2020-10-23","2020-10-23",0,1,107.61,107.61,107.61
13502,"2020-12-06","2025-07-07",1674,4,161.06,644.23,161.06
13503,"2020-07-09","2025-05-10",1766,3,193.10,579.31,193.10
13504,"2022-11-17","2025-01-30",805,2,431.45,862.89,431.45
13505,"2020-05-27","2022-10-31",887,4,65.01,260.04,65.01
13506,"2020-06-07","2025-04-17",1775,3,25.15,75.45,25.15
13508,"2025-08-08","2025-08-08",0,1,15.64,15.64,15.64
13509,"2025-07-10","2025-07-10",0,1,162.63,162.63,162.63
13510,"2021-08-12","2024-01-13",884,2,49.75,99.49,49.75
13511,"2024-03-02","2024-03-02",0,1,77.50,77.50,77.50
13512,"2020-04-10","2021-03-16",340,2,69.40,138.79,69.40
13513,"2020-02-20","2025-10-30",2079,6,245.48,1472.85,245.48
13514,"2020-11-26","2024-08-20",1363,2,97.81,195.61,97.81
13515,"2020-03-21","2020-03-21",0,1,236.26,236.26,236.26
13516,"2022-03-13","2022-03-13",0,1,105.07,105.07,105.07
13517,"2022-11-15","2023-01-01",47,2,197.36,394.72,197.36
13518,"2023-10-24","2024-04-06",165,2,114.26,228.52,114.26
13519,"2023-03-28","2023-03-28",0,1,74.62,74.62,74.62
13520,"2022-06-29","2022-11-25",149,2,175.65,351.29,175.65
13522,"2020-05-25","2023-04-23",1063,4,116.99,467.94,116.99
13523,"2020-12-03","2025-09-14",1746,3,106.01,318.04,106.01
13525,"2020-02-12","2024-08-04",1635,2,79.40,158.80,79.40
13526,"2020-11-07","2020-11-07",0,1,15.86,15.86,15.86
13527,"2021-10-05","2021-10-05",0,1,252.46,252.46,252.46
13528,"2021-05-04","2021-05-04",0,1,589.78,589.78,589.78
13529,"2020-06-15","2025-10-27",1960,3,128.57,385.72,128.57
13530,"2025-03-18","2025-03-18",0,1,140.74,140.74,140.74
13531,"2025-04-19","2025-04-19",0,1,184.72,184.72,184.72
13533,"2023-12-12","2024-04-07",117,2,135.20,270.40,135.20
13534,"2025-04-27","2025-04-27",0,1,169.77,169.77,169.77
13535,"2020-05-14","2020-05-14",0,1,47.45,47.45,47.45
13536,"2021-09-05","2021-09-05",0,1,24.29,24.29,24.29
13537,"2023-09-22","2023-09-22",0,1,136.74,136.74,136.74
13539,"2020-10-30","2023-02-03",826,3,56.62,169.86,56.62
13540,"2024-11-10","2024-11-10",0,1,164.20,164.20,164.20
13541,"2025-08-11","2025-08-11",0,1,21.85,21.85,21.85
13543,"2023-08-29","2023-08-29",0,1,167.41,167.41,167.41
13544,"2020-10-22","2023-01-24",824,3,195.56,586.69,195.56
13545,"2022-03-31","2022-03-31",0,1,111.74,111.74,111.74
13546,"2022-12-25","2024-11-11",687,2,150.91,301.81,150.91
13547,"2021-10-13","2025-05-01",1296,3,129.20,387.59,129.20
13548,"2023-06-25","2025-04-21",666,2,142.45,284.89,142.45
13549,"2022-12-11","2022-12-11",0,1,15.25,15.25,15.25
13550,"2020-09-11","2022-02-23",530,2,50.10,100.19,50.10
13551,"2020-10-31","2021-02-19",111,2,66.07,132.14,66.07
13552,"2024-05-25","2025-10-21",514,3,185.46,556.38,185.46
13553,"2023-01-24","2023-01-24",0,1,233.10,233.10,233.10
13555,"2021-03-26","2021-08-25",152,2,88.43,176.86,88.43
13556,"2020-08-01","2020-08-01",0,1,19.30,19.30,19.30
13557,"2020-01-08","2020-01-08",0,1,210.04,210.04,210.04
13558,"2020-10-27","2020-10-27",0,1,64.68,64.68,64.68
13559,"2021-12-21","2024-11-08",1053,3,34.37,103.12,34.37
13560,"2020-06-23","2025-01-18",1670,5,55.56,277.82,55.56
13561,"2020-09-30","2021-10-02",367,5,226.13,1130.65,226.13
13563,"2021-03-09","2023-01-10",672,2,221.76,443.52,221.76
13564,"2024-07-29","2024-07-29",0,1,10.04,10.04,10.04
13565,"2022-05-04","2022-06-29",56,2,12.77,25.54,12.77
13566,"2022-05-29","2022-05-29",0,1,102.24,102.24,102.24
13568,"2022-05-11","2025-07-10",1156,4,117.24,468.94,117.24
13569,"2025-07-23","2025-07-23",0,1,18.87,18.87,18.87
13570,"2023-04-13","2025-05-10",758,3,68.78,206.35,68.78
13571,"2022-08-27","2022-08-27",0,1,63.38,63.38,63.38
13572,"2021-11-17","2021-11-17",0,1,87.67,87.67,87.67
13575,"2021-09-18","2024-10-13",1121,3,115.42,346.25,115.42
13577,"2020-06-16","2020-07-28",42,2,363.07,726.13,363.07
13579,"2020-04-27","2025-01-19",1728,2,36.87,73.73,36.87
13580,"2021-08-17","2021-08-17",0,1,156.80,156.80,156.80
13581,"2021-01-26","2024-08-13",1295,2,300.52,601.03,300.52
13583,"2020-06-01","2025-05-06",1800,3,143.56,430.67,143.56
13584,"2020-11-15","2020-11-15",0,1,176.92,176.92,176.92
13585,"2020-01-24","2025-01-29",1832,3,99.12,297.36,99.12
13586,"2022-02-11","2022-02-11",0,1,103.91,103.91,103.91
13587,"2020-03-07","2023-01-27",1056,2,140.12,280.23,140.12
13588,"2022-05-20","2025-08-02",1170,2,311.53,623.06,311.53
13589,"2020-10-02","2025-03-23",1633,5,77.82,389.11,77.82
13590,"2022-02-21","2022-06-04",103,2,42.04,84.07,42.04
13591,"2021-07-01","2021-10-19",110,3,104.67,314.01,104.67
13592,"2021-07-07","2022-04-24",291,2,270.52,541.03,270.52
13593,"2020-12-25","2023-03-19",814,4,87.92,351.67,87.92
13594,"2020-04-01","2020-04-01",0,1,90.58,90.58,90.58
13595,"2020-07-19","2022-06-10",691,2,129.38,258.75,129.38
13596,"2023-07-29","2023-07-29",0,1,56.42,56.42,56.42
13598,"2024-06-17","2024-06-17",0,1,38.19,38.19,38.19
13600,"2023-11-20","2023-11-20",0,1,47.82,47.82,47.82
13601,"2024-01-17","2024-01-17",0,1,31.86,31.86,31.86
13602,"2020-08-22","2024-06-27",1405,3,274.02,822.05,274.02
13603,"2023-12-11","2023-12-11",0,1,11.82,11.82,11.82
13605,"2020-03-08","2023-02-17",1076,2,47.05,94.10,47.05
13606,"2023-05-05","2023-05-05",0,1,33.09,33.09,33.09
13607,"2025-07-26","2025-07-26",0,1,10.57,10.57,10.57
13608,"2020-10-10","2023-09-26",1081,2,97.12,194.24,97.12
13609,"2023-06-11","2023-06-11",0,1,100.53,100.53,100.53
13610,"2023-08-21","2025-05-15",633,3,213.13,639.39,213.13
13611,"2025-07-08","2025-07-08",0,1,335.74,335.74,335.74
13612,"2020-11-01","2025-03-12",1592,2,74.32,148.63,74.32
13613,"2022-04-11","2023-11-15",583,3,86.48,259.43,86.48
13614,"2022-04-14","2024-11-29",960,2,177.03,354.06,177.03
13615,"2020-05-13","2022-01-07",604,2,40.23,80.45,40.23
13618,"2020-10-07","2022-09-06",699,2,155.92,311.83,155.92
13619,"2025-04-03","2025-06-02",60,2,54.36,108.71,54.36
13621,"2023-03-09","2023-12-24",290,2,1243.71,2487.41,1243.71
13622,"2021-10-19","2025-10-26",1468,4,189.19,756.76,189.19
13624,"2023-03-17","2023-08-23",159,2,36.36,72.71,36.36
13625,"2022-01-03","2024-11-29",1061,2,34.41,68.82,34.41
13626,"2024-11-06","2025-02-22",108,2,100.29,200.57,100.29
13627,"2022-04-12","2022-04-12",0,1,274.04,274.04,274.04
13628,"2020-10-22","2022-03-30",524,2,753.40,1506.79,753.40
13629,"2022-09-16","2025-07-26",1044,3,92.89,278.66,92.89
13631,"2020-03-26","2020-03-26",0,1,29.76,29.76,29.76
13632,"2020-08-03","2024-07-10",1437,4,279.76,1119.03,279.76
13633,"2025-07-31","2025-07-31",0,1,27.72,27.72,27.72
13634,"2020-03-27","2025-09-15",1998,4,178.98,715.91,178.98
13635,"2022-10-08","2022-10-08",0,1,118.91,118.91,118.91
13636,"2021-12-13","2021-12-13",0,1,44.18,44.18,44.18
13637,"2020-11-13","2020-11-13",0,1,51.60,51.60,51.60
13638,"2023-06-01","2025-01-11",590,4,154.32,617.29,154.32
13639,"2022-10-12","2022-10-12",0,1,140.48,140.48,140.48
13640,"2021-03-31","2022-09-02",520,2,94.52,189.04,94.52
13641,"2021-10-03","2022-02-15",135,2,50.43,100.86,50.43
13642,"2022-06-07","2024-02-24",627,5,135.03,675.13,135.03
13643,"2025-06-12","2025-06-12",0,1,43.04,43.04,43.04
13644,"2021-11-06","2024-09-17",1046,3,169.33,508.00,169.33
13645,"2021-08-17","2024-02-22",919,2,80.79,161.58,80.79
13646,"2022-05-14","2022-05-14",0,1,63.01,63.01,63.01
13647,"2023-05-16","2023-08-20",96,2,48.92,97.83,48.92
13648,"2020-01-21","2024-08-17",1670,3,144.86,434.59,144.86
13650,"2023-02-23","2023-07-14",141,2,101.74,203.48,101.74
13651,"2023-03-03","2023-03-03",0,1,118.34,118.34,118.34
13653,"2022-05-10","2022-05-10",0,1,151.33,151.33,151.33
13654,"2020-10-22","2021-07-17",268,3,192.13,576.38,192.13
13655,"2023-07-20","2023-07-20",0,1,276.20,276.20,276.20
13657,"2023-10-11","2025-07-21",649,2,153.11,306.22,153.11
13658,"2020-03-02","2020-09-29",211,2,213.65,427.29,213.65
13659,"2020-12-19","2025-01-07",1480,2,82.53,165.06,82.53
13661,"2025-02-15","2025-02-15",0,1,186.38,186.38,186.38
13663,"2021-11-22","2022-02-22",92,2,52.87,105.73,52.87
13664,"2020-02-11","2021-12-25",683,2,89.34,178.67,89.34
13665,"2022-02-21","2022-02-21",0,1,37.18,37.18,37.18
13666,"2021-03-27","2022-04-26",395,2,178.80,357.60,178.80
13667,"2020-09-02","2020-12-13",102,2,340.86,681.72,340.86
13668,"2022-11-05","2022-11-05",0,1,228.67,228.67,228.67
13669,"2023-07-05","2023-07-05",0,1,40.31,40.31,40.31
13670,"2021-01-31","2024-03-12",1136,4,172.59,690.34,172.59
13671,"2022-06-12","2022-06-12",0,1,779.61,779.61,779.61
13672,"2020-04-08","2023-11-17",1318,2,100.97,201.93,100.97
13673,"2022-03-03","2022-03-03",0,1,61.46,61.46,61.46
13676,"2021-08-05","2025-05-04",1368,3,122.79,368.36,122.79
13677,"2021-07-11","2021-07-11",0,1,61.33,61.33,61.33
13678,"2020-11-13","2024-03-03",1206,4,81.55,326.20,81.55
13679,"2021-03-06","2024-12-08",1373,2,369.83,739.65,369.83
13681,"2022-05-24","2022-05-24",0,1,14.02,14.02,14.02
13682,"2024-03-17","2024-03-17",0,1,241.64,241.64,241.64
13683,"2020-07-04","2025-07-06",1828,3,210.61,631.84,210.61
13684,"2020-06-08","2020-08-17",70,2,58.35,116.69,58.35
13685,"2020-04-01","2021-04-29",393,2,83.37,166.74,83.37
13687,"2021-10-26","2021-10-26",0,1,42.83,42.83,42.83
13688,"2022-09-27","2022-09-27",0,1,17.47,17.47,17.47
13691,"2023-03-13","2023-03-13",0,1,133.31,133.31,133.31
13692,"2022-09-17","2022-09-17",0,1,153.65,153.65,153.65
13693,"2021-09-25","2022-02-23",151,2,284.16,568.31,284.16
13694,"2025-08-09","2025-08-09",0,1,121.84,121.84,121.84
13695,"2020-10-27","2020-10-27",0,1,68.74,68.74,68.74
13696,"2021-02-16","2022-07-24",523,2,103.66,207.32,103.66
13697,"2023-10-20","2023-10-20",0,1,69.10,69.10,69.10
13698,"2020-03-19","2020-03-19",0,1,234.48,234.48,234.48
13699,"2025-06-20","2025-06-20",0,1,97.91,97.91,97.91
13700,"2021-07-06","2025-05-30",1424,3,106.00,317.99,106.00
13701,"2020-05-23","2023-11-02",1258,4,382.49,1529.97,382.49
13702,"2025-10-04","2025-10-29",25,2,138.19,276.38,138.19
13703,"2025-03-21","2025-03-21",0,1,266.10,266.10,266.10
13704,"2021-07-29","2021-07-29",0,1,59.96,59.96,59.96
13705,"2022-04-17","2022-04-17",0,1,91.74,91.74,91.74
13706,"2021-12-15","2021-12-15",0,1,104.42,104.42,104.42
13708,"2024-06-09","2024-11-26",170,3,85.73,257.19,85.73
13709,"2020-03-12","2020-03-12",0,1,63.27,63.27,63.27
13710,"2020-08-28","2020-08-28",0,1,82.39,82.39,82.39
13711,"2021-08-25","2022-12-16",478,3,68.65,205.94,68.65
13712,"2021-09-13","2023-11-24",802,2,20.23,40.45,20.23
13713,"2021-05-26","2023-05-31",735,2,302.57,605.13,302.57
13716,"2022-11-13","2024-02-28",472,3,384.23,1152.70,384.23
13717,"2022-07-01","2022-07-01",0,1,58.97,58.97,58.97
13718,"2022-01-27","2025-07-20",1270,3,125.09,375.28,125.09
13719,"2021-01-10","2023-03-15",794,2,117.45,234.89,117.45
13720,"2022-02-22","2023-04-24",426,2,107.79,215.57,107.79
13721,"2020-10-25","2020-10-25",0,1,150.32,150.32,150.32
13722,"2020-04-29","2024-09-13",1598,4,252.60,1010.38,252.60
13723,"2024-10-25","2024-10-25",0,1,44.02,44.02,44.02
13725,"2023-12-05","2023-12-05",0,1,1678.36,1678.36,1678.36
13727,"2022-05-14","2022-05-14",0,1,113.56,113.56,113.56
13728,"2024-08-28","2024-08-28",0,1,44.22,44.22,44.22
13730,"2023-10-02","2023-10-02",0,1,35.01,35.01,35.01
13731,"2022-06-16","2024-03-05",628,4,291.01,1164.04,291.01
13732,"2020-02-26","2020-02-26",0,1,40.68,40.68,40.68
13733,"2020-01-29","2022-04-26",818,2,63.20,126.39,63.20
13734,"2021-08-08","2021-08-08",0,1,63.53,63.53,63.53
13736,"2023-03-04","2025-01-09",677,2,60.65,121.29,60.65
13738,"2022-04-27","2024-12-12",960,5,185.85,929.24,185.85
13739,"2021-06-14","2021-06-14",0,1,35.31,35.31,35.31
13740,"2023-12-18","2024-12-24",372,3,63.27,189.81,63.27
13741,"2021-01-04","2025-09-23",1723,2,60.47,120.93,60.47
13743,"2021-04-03","2023-08-01",850,2,74.07,148.14,74.07
13744,"2020-07-01","2020-07-01",0,1,85.72,85.72,85.72
13745,"2021-11-27","2021-11-27",0,1,11.97,11.97,11.97
13746,"2020-12-27","2020-12-27",0,1,335.67,335.67,335.67
13747,"2020-03-29","2024-01-31",1403,4,236.86,947.43,236.86
13748,"2021-01-15","2023-10-11",999,2,78.85,157.70,78.85
13751,"2021-03-17","2025-07-14",1580,7,124.30,870.11,124.30
13752,"2025-01-14","2025-01-14",0,1,50.15,50.15,50.15
13753,"2021-10-26","2023-03-28",518,3,205.28,615.85,205.28
13755,"2023-05-14","2025-10-05",875,4,79.31,317.24,79.31
13756,"2022-08-25","2022-08-25",0,1,26.64,26.64,26.64
13757,"2020-12-25","2023-02-18",785,3,189.99,569.97,189.99
13758,"2023-08-19","2023-08-19",0,1,20.11,20.11,20.11
13759,"2020-08-11","2023-11-13",1189,3,78.16,234.49,78.16
13760,"2023-06-15","2024-12-31",565,2,79.29,158.57,79.29
13761,"2022-11-12","2022-11-12",0,1,110.33,110.33,110.33
13762,"2021-06-22","2021-10-16",116,2,96.71,193.42,96.71
13764,"2022-10-11","2025-02-14",857,4,115.67,462.66,115.67
13765,"2020-01-06","2022-03-11",795,2,125.96,251.91,125.96
13766,"2022-04-23","2024-11-15",937,2,161.90,323.79,161.90
13768,"2024-12-09","2024-12-09",0,1,5.63,5.63,5.63
13769,"2022-12-12","2022-12-12",0,1,62.21,62.21,62.21
13770,"2021-08-25","2023-03-07",559,3,116.62,349.85,116.62
13771,"2022-03-29","2024-09-22",908,4,100.37,401.46,100.37
13772,"2022-04-26","2024-03-12",686,2,32.97,65.94,32.97
13774,"2024-09-18","2025-04-03",197,2,60.56,121.11,60.56
13776,"2024-03-16","2024-03-16",0,1,389.18,389.18,389.18
13777,"2021-05-08","2021-05-08",0,1,47.42,47.42,47.42
13778,"2021-11-14","2023-04-28",530,2,269.91,539.81,269.91
13779,"2021-08-28","2025-10-19",1513,2,150.25,300.50,150.25
13780,"2020-10-31","2023-05-23",934,2,387.15,774.30,387.15
13781,"2022-01-05","2024-09-11",980,2,62.52,125.04,62.52
13783,"2021-06-25","2021-06-25",0,1,120.19,120.19,120.19
13784,"2021-04-14","2025-09-12",1612,3,113.18,339.54,113.18
13785,"2022-06-21","2022-06-21",0,1,340.60,340.60,340.60
13786,"2020-04-19","2020-04-19",0,1,40.37,40.37,40.37
13787,"2023-09-02","2024-02-16",167,2,16.14,32.28,16.14
13788,"2024-06-26","2024-06-26",0,1,66.72,66.72,66.72
13789,"2020-09-15","2024-08-09",1424,3,38.87,116.61,38.87
13790,"2021-06-29","2025-01-01",1282,4,101.50,406.00,101.50
13791,"2023-02-07","2024-09-29",600,2,29.17,58.34,29.17
13792,"2020-05-28","2023-08-21",1180,3,165.54,496.62,165.54
13793,"2023-05-26","2025-04-17",692,2,113.07,226.14,113.07
13794,"2022-03-04","2022-03-04",0,1,319.51,319.51,319.51
13795,"2021-03-17","2021-03-17",0,1,7.06,7.06,7.06
13796,"2020-09-01","2020-09-01",0,1,32.90,32.90,32.90
13797,"2023-05-14","2023-05-14",0,1,134.25,134.25,134.25
13798,"2020-09-26","2023-07-08",1015,2,48.21,96.42,48.21
13799,"2025-01-30","2025-02-01",2,2,58.83,117.65,58.83
13800,"2023-04-14","2023-04-14",0,1,169.60,169.60,169.60
13801,"2025-10-16","2025-10-16",0,1,52.52,52.52,52.52
13802,"2020-02-19","2020-02-19",0,1,24.10,24.10,24.10
13803,"2020-08-16","2024-09-30",1506,5,56.80,283.98,56.80
13804,"2022-11-01","2022-11-01",0,1,121.06,121.06,121.06
13805,"2022-05-27","2022-05-27",0,1,113.81,113.81,113.81
13806,"2024-02-19","2024-02-19",0,1,74.40,74.40,74.40
13808,"2020-09-04","2020-09-04",0,1,55.11,55.11,55.11
13809,"2020-01-08","2025-04-08",1917,4,139.78,559.10,139.78
13810,"2021-10-10","2025-05-20",1318,3,71.80,215.41,71.80
13811,"2021-11-13","2025-05-09",1273,4,183.87,735.46,183.87
13812,"2024-02-10","2024-02-10",0,1,5.22,5.22,5.22
13813,"2025-03-30","2025-03-30",0,1,24.89,24.89,24.89
13815,"2021-05-16","2021-05-16",0,1,44.53,44.53,44.53
13816,"2022-09-13","2022-09-13",0,1,24.40,24.40,24.40
13817,"2022-09-24","2023-03-30",187,2,137.18,274.35,137.18
13818,"2022-01-10","2024-04-19",830,3,102.30,306.91,102.30
13819,"2021-06-01","2023-01-22",600,2,227.42,454.84,227.42
13821,"2021-04-11","2025-07-11",1552,4,147.15,588.59,147.15
13822,"2020-04-28","2022-08-09",833,3,129.35,388.06,129.35
13823,"2020-02-05","2023-11-14",1378,2,126.00,251.99,126.00
13825,"2020-08-18","2025-05-17",1733,3,125.80,377.41,125.80
13826,"2022-06-26","2023-10-20",481,2,56.49,112.98,56.49
13827,"2023-03-22","2023-03-22",0,1,83.03,83.03,83.03
13829,"2021-01-28","2021-01-28",0,1,166.10,166.10,166.10
13830,"2024-08-01","2025-01-28",180,2,268.74,537.48,268.74
13831,"2020-02-13","2020-02-13",0,1,216.07,216.07,216.07
13832,"2025-10-28","2025-10-28",0,1,461.18,461.18,461.18
13833,"2021-07-25","2023-07-18",723,3,116.97,350.92,116.97
13835,"2020-03-10","2020-09-30",204,2,362.62,725.24,362.62
13836,"2022-01-05","2022-03-21",75,2,89.23,178.45,89.23
13837,"2022-02-19","2025-07-18",1245,2,183.25,366.49,183.25
13838,"2020-05-29","2023-10-12",1231,2,141.04,282.08,141.04
13840,"2023-01-29","2023-01-29",0,1,129.09,129.09,129.09
13841,"2024-08-07","2024-08-07",0,1,56.92,56.92,56.92
13842,"2023-10-19","2025-03-27",525,2,434.54,869.08,434.54
13844,"2021-01-27","2021-01-27",0,1,133.66,133.66,133.66
13845,"2020-08-13","2025-04-12",1703,3,46.38,139.15,46.38
13846,"2023-12-15","2025-04-30",502,2,101.67,203.33,101.67
13847,"2023-08-06","2023-12-01",117,2,151.94,303.88,151.94
13848,"2020-12-30","2022-12-19",719,3,105.24,315.71,105.24
13849,"2022-11-21","2023-11-18",362,2,35.52,71.04,35.52
13850,"2021-01-29","2021-12-04",309,2,134.60,269.20,134.60
13851,"2022-08-10","2022-09-14",35,2,51.34,102.68,51.34
13853,"2024-05-22","2025-06-13",387,3,99.31,297.94,99.31
13854,"2020-04-13","2021-11-25",591,4,295.75,1183.01,295.75
13855,"2020-12-18","2020-12-18",0,1,333.71,333.71,333.71
13856,"2020-06-24","2025-07-11",1843,2,61.37,122.74,61.37
13857,"2020-01-29","2020-01-29",0,1,268.32,268.32,268.32
13858,"2022-06-27","2022-06-27",0,1,140.93,140.93,140.93
13859,"2020-12-15","2020-12-15",0,1,70.64,70.64,70.64
13860,"2022-03-02","2022-03-02",0,1,99.14,99.14,99.14
13862,"2020-05-30","2024-11-14",1629,2,25.32,50.63,25.32
13863,"2024-10-20","2024-10-20",0,1,181.90,181.90,181.90
13865,"2022-06-05","2024-10-11",859,3,176.97,530.90,176.97
13866,"2020-06-20","2023-02-04",959,2,121.12,242.24,121.12
13867,"2022-10-07","2022-10-07",0,1,545.18,545.18,545.18
13869,"2021-07-29","2021-07-29",0,1,340.35,340.35,340.35
13870,"2020-09-09","2020-09-09",0,1,150.10,150.10,150.10
13871,"2023-06-07","2025-01-10",583,2,228.74,457.48,228.74
13873,"2021-09-09","2024-10-17",1134,3,172.38,517.15,172.38
13874,"2020-10-05","2020-10-05",0,1,174.86,174.86,174.86
13876,"2022-06-12","2023-12-28",564,2,39.90,79.80,39.90
13879,"2025-01-29","2025-10-31",275,3,133.28,399.83,133.28
13880,"2024-09-13","2025-05-03",232,2,302.65,605.29,302.65
13881,"2021-06-26","2021-06-26",0,1,406.20,406.20,406.20
13883,"2020-08-16","2022-09-25",770,2,26.42,52.83,26.42
13884,"2021-05-08","2021-05-08",0,1,117.78,117.78,117.78
13885,"2021-06-24","2021-06-24",0,1,47.97,47.97,47.97
13886,"2023-04-04","2025-08-09",858,3,111.74,335.23,111.74
13887,"2020-11-30","2025-01-26",1518,3,108.96,326.89,108.96
13888,"2024-10-08","2024-10-08",0,1,131.00,131.00,131.00
13889,"2021-09-25","2024-04-12",930,3,135.51,406.53,135.51
13890,"2020-06-02","2025-09-06",1922,4,101.42,405.69,101.42
13891,"2020-11-06","2020-11-06",0,1,47.01,47.01,47.01
13893,"2020-01-04","2020-06-13",161,2,42.00,83.99,42.00
13894,"2020-05-03","2025-08-30",1945,5,468.62,2343.10,468.62
13895,"2024-02-15","2024-02-15",0,1,749.78,749.78,749.78
13896,"2023-11-30","2023-11-30",0,1,68.76,68.76,68.76
13897,"2020-10-25","2020-10-25",0,1,390.53,390.53,390.53
13898,"2022-03-03","2022-03-03",0,1,132.74,132.74,132.74
13901,"2021-09-21","2025-07-31",1409,3,106.26,318.77,106.26
13902,"2020-01-21","2022-12-06",1050,4,101.30,405.19,101.30
13903,"2022-12-23","2022-12-23",0,1,283.50,283.50,283.50
13905,"2025-03-12","2025-03-12",0,1,45.47,45.47,45.47
13906,"2025-08-27","2025-08-27",0,1,163.74,163.74,163.74
13907,"2021-02-24","2022-12-19",663,2,85.41,170.82,85.41
13908,"2021-01-27","2024-11-29",1402,3,247.68,743.04,247.68
13909,"2020-01-18","2020-09-04",230,2,195.87,391.74,195.87
13910,"2023-04-12","2023-04-12",0,1,9.39,9.39,9.39
13911,"2023-01-13","2025-07-11",910,3,99.74,299.23,99.74
13912,"2020-06-01","2022-12-29",941,2,213.74,427.47,213.74
13913,"2024-11-17","2024-11-17",0,1,302.72,302.72,302.72
13914,"2020-06-03","2024-09-11",1561,4,115.67,462.69,115.67
13915,"2022-04-16","2022-04-16",0,1,20.57,20.57,20.57
13916,"2020-04-15","2022-01-04",629,3,51.74,155.21,51.74
13917,"2025-01-31","2025-01-31",0,1,85.72,85.72,85.72
13918,"2025-10-14","2025-10-14",0,1,49.92,49.92,49.92
13919,"2024-01-30","2025-04-24",450,4,113.33,453.30,113.33
13920,"2020-10-23","2020-12-01",39,2,118.03,236.06,118.03
13921,"2020-09-28","2024-06-03",1344,3,94.13,282.39,94.13
13922,"2020-05-01","2022-11-24",937,2,91.67,183.33,91.67
13924,"2020-07-01","2020-07-01",0,1,213.22,213.22,213.22
13925,"2020-05-27","2020-05-27",0,1,68.67,68.67,68.67
13927,"2022-03-02","2022-06-30",120,2,35.69,71.37,35.69
13929,"2023-03-23","2023-03-23",0,1,579.67,579.67,579.67
13931,"2025-08-25","2025-08-25",0,1,94.78,94.78,94.78
13932,"2020-05-31","2022-10-07",859,4,176.39,705.57,176.39
13933,"2022-10-30","2024-04-09",527,2,361.04,722.07,361.04
13934,"2023-08-12","2025-09-16",766,4,155.58,622.33,155.58
13935,"2020-08-11","2020-08-11",0,1,76.99,76.99,76.99
13939,"2020-07-21","2020-09-25",66,2,43.63,87.26,43.63
13941,"2024-04-29","2024-04-29",0,1,7.48,7.48,7.48
13944,"2020-02-19","2024-05-03",1535,3,82.70,248.10,82.70
13946,"2020-03-15","2022-01-31",687,3,92.52,277.55,92.52
13947,"2021-09-17","2021-09-17",0,1,189.96,189.96,189.96
13948,"2021-09-11","2021-09-11",0,1,351.03,351.03,351.03
13949,"2020-12-17","2024-03-12",1181,3,91.69,275.07,91.69
13950,"2021-04-30","2023-10-05",888,2,72.89,145.77,72.89
13952,"2020-02-29","2020-11-03",248,2,215.74,431.48,215.74
13953,"2020-04-06","2022-09-17",894,3,213.52,640.55,213.52
13954,"2025-10-29","2025-10-29",0,1,78.12,78.12,78.12
13955,"2022-02-15","2023-07-10",510,3,96.54,289.62,96.54
13956,"2021-01-18","2021-01-18",0,1,263.27,263.27,263.27
13957,"2023-07-07","2023-07-07",0,1,49.75,49.75,49.75
13958,"2022-02-28","2025-06-29",1217,2,107.07,214.13,107.07
13959,"2022-04-13","2023-06-18",431,2,127.05,254.10,127.05
13960,"2021-02-04","2024-10-20",1354,2,114.45,228.90,114.45
13961,"2024-05-12","2024-12-11",213,2,56.60,113.20,56.60
13962,"2022-08-30","2025-05-02",976,2,106.21,212.42,106.21
13963,"2024-10-20","2024-10-20",0,1,103.90,103.90,103.90
13964,"2021-03-02","2024-12-20",1389,4,117.19,468.76,117.19
13965,"2021-02-22","2025-09-11",1662,2,396.23,792.46,396.23
13968,"2020-12-27","2024-12-04",1438,5,209.53,1047.67,209.53
13970,"2022-12-21","2022-12-21",0,1,90.07,90.07,90.07
13971,"2024-03-31","2024-03-31",0,1,51.16,51.16,51.16
13972,"2024-01-09","2024-01-09",0,1,84.01,84.01,84.01
13973,"2021-10-30","2021-10-30",0,1,58.93,58.93,58.93
13974,"2024-08-07","2025-05-09",275,3,134.35,403.05,134.35
13975,"2020-03-30","2024-01-18",1389,2,134.56,269.12,134.56
13976,"2020-02-18","2024-05-12",1545,4,127.27,509.07,127.27
13978,"2022-01-09","2022-01-09",0,1,43.89,43.89,43.89
13979,"2024-07-18","2024-07-18",0,1,91.55,91.55,91.55
13980,"2020-06-10","2021-12-26",564,2,217.92,435.83,217.92
13981,"2022-08-29","2022-08-29",0,1,107.64,107.64,107.64
13982,"2021-09-27","2022-10-13",381,3,88.40,265.19,88.40
13983,"2022-10-18","2025-09-24",1072,2,119.62,239.23,119.62
13984,"2020-12-25","2020-12-25",0,1,97.36,97.36,97.36
13986,"2020-11-07","2022-10-19",711,2,10.41,20.81,10.41
13987,"2020-01-15","2024-05-01",1568,5,178.44,892.21,178.44
13988,"2023-10-17","2025-07-20",642,3,177.10,531.30,177.10
13989,"2020-11-13","2023-12-01",1113,3,191.71,575.12,191.71
13990,"2024-06-16","2024-06-16",0,1,191.13,191.13,191.13
13991,"2024-06-25","2024-06-25",0,1,40.69,40.69,40.69
13992,"2020-01-13","2020-01-13",0,1,49.29,49.29,49.29
13993,"2021-09-21","2022-08-10",323,2,162.37,324.73,162.37
13994,"2021-07-24","2022-07-14",355,2,60.10,120.19,60.10
13995,"2021-12-19","2023-08-03",592,2,85.08,170.16,85.08
13996,"2021-12-26","2023-02-22",423,2,232.88,465.75,232.88
13997,"2022-09-25","2023-07-14",292,2,35.00,69.99,35.00
13998,"2020-02-25","2025-06-12",1934,3,107.32,321.96,107.32
13999,"2021-10-14","2023-07-31",655,2,477.28,954.55,477.28
14000,"2023-06-01","2023-06-01",0,1,293.06,293.06,293.06
14002,"2020-01-18","2020-01-18",0,1,321.23,321.23,321.23
14003,"2021-10-12","2024-12-03",1148,4,61.10,244.41,61.10
14004,"2023-10-03","2023-10-03",0,1,44.94,44.94,44.94
14005,"2021-02-20","2024-09-15",1303,2,192.71,385.42,192.71
14007,"2023-11-20","2024-04-24",156,2,218.29,436.57,218.29
14008,"2021-07-12","2025-09-28",1539,5,57.87,289.33,57.87
14009,"2024-02-07","2024-05-16",99,2,36.69,73.37,36.69
14010,"2023-10-30","2025-08-10",650,3,87.52,262.57,87.52
14011,"2020-03-04","2024-10-31",1702,2,201.54,403.07,201.54
14012,"2025-01-23","2025-01-23",0,1,30.97,30.97,30.97
14015,"2024-12-21","2024-12-21",0,1,170.96,170.96,170.96
14017,"2023-11-16","2023-11-16",0,1,51.23,51.23,51.23
14018,"2020-01-11","2022-09-18",981,3,159.38,478.14,159.38
14019,"2022-06-28","2022-06-28",0,1,40.99,40.99,40.99
14020,"2021-03-21","2025-08-26",1619,2,296.24,592.47,296.24
14021,"2023-02-17","2025-03-22",764,2,137.08,274.15,137.08
14023,"2022-08-30","2025-05-15",989,2,146.27,292.53,146.27
14024,"2020-03-26","2025-07-18",1940,3,136.94,410.83,136.94
14026,"2022-02-01","2022-02-01",0,1,99.40,99.40,99.40
14027,"2025-06-13","2025-06-13",0,1,51.23,51.23,51.23
14029,"2022-01-07","2022-01-07",0,1,381.63,381.63,381.63
14030,"2024-10-02","2024-10-02",0,1,4.54,4.54,4.54
14031,"2020-03-20","2024-11-24",1710,2,255.16,510.32,255.16
14032,"2025-05-02","2025-05-02",0,1,325.59,325.59,325.59
14034,"2024-12-11","2024-12-11",0,1,125.78,125.78,125.78
14035,"2020-09-28","2024-05-12",1322,2,80.85,161.70,80.85
14036,"2024-08-30","2024-08-30",0,1,333.56,333.56,333.56
14037,"2020-10-07","2025-06-22",1719,3,192.02,576.06,192.02
14038,"2023-12-05","2023-12-05",0,1,82.37,82.37,82.37
14039,"2020-03-02","2025-01-24",1789,3,160.75,482.25,160.75
14041,"2021-09-12","2025-05-10",1336,3,113.79,341.37,113.79
14042,"2021-03-14","2021-03-14",0,1,82.91,82.91,82.91
14043,"2020-12-17","2024-11-12",1426,4,220.00,880.01,220.00
14044,"2022-01-04","2025-03-12",1163,3,46.93,140.80,46.93
14045,"2021-05-26","2024-02-07",987,2,21.28,42.56,21.28
14046,"2023-05-12","2023-05-12",0,1,425.41,425.41,425.41
14047,"2022-09-21","2025-06-14",997,3,195.36,586.09,195.36
14049,"2020-08-05","2024-08-27",1483,4,67.22,268.86,67.22
14050,"2022-03-21","2025-09-15",1274,2,117.33,234.66,117.33
14051,"2020-02-08","2024-03-21",1503,4,58.83,235.30,58.83
14052,"2022-05-11","2022-05-11",0,1,21.77,21.77,21.77
14054,"2020-01-02","2025-09-11",2079,3,129.55,388.65,129.55
14055,"2023-05-24","2023-12-08",198,2,105.06,210.11,105.06
14056,"2023-06-20","2023-06-20",0,1,145.09,145.09,145.09
14057,"2020-10-17","2020-10-17",0,1,52.30,52.30,52.30
14058,"2025-05-03","2025-05-03",0,1,28.96,28.96,28.96
14059,"2020-01-15","2020-01-15",0,1,226.12,226.12,226.12
14061,"2024-02-26","2024-02-26",0,1,158.99,158.99,158.99
14062,"2022-12-16","2023-10-02",290,2,184.01,368.02,184.01
14063,"2020-04-04","2024-10-28",1668,3,176.57,529.72,176.57
14064,"2023-04-30","2024-10-11",530,2,95.42,190.83,95.42
14065,"2023-05-03","2023-08-15",104,2,244.14,488.28,244.14
14066,"2020-12-23","2024-04-27",1221,3,69.65,208.96,69.65
14067,"2021-01-22","2021-03-27",64,2,55.94,111.88,55.94
14069,"2024-08-31","2024-08-31",0,1,56.09,56.09,56.09
14071,"2020-07-15","2021-05-16",305,2,191.88,383.75,191.88
14072,"2020-07-21","2025-02-18",1673,2,58.17,116.33,58.17
14073,"2020-04-10","2020-04-10",0,1,105.12,105.12,105.12
14074,"2022-12-13","2023-04-23",131,2,58.38,116.76,58.38
14075,"2020-10-09","2025-08-16",1772,3,177.95,533.86,177.95
14076,"2021-09-09","2024-11-02",1150,3,226.85,680.54,226.85
14077,"2025-09-07","2025-09-07",0,1,43.60,43.60,43.60
14078,"2024-06-29","2025-02-06",222,2,145.99,291.97,145.99
14079,"2021-07-30","2021-07-30",0,1,107.43,107.43,107.43
14080,"2020-01-20","2022-07-14",906,3,183.54,550.62,183.54
14081,"2025-03-22","2025-03-22",0,1,186.25,186.25,186.25
14082,"2022-05-25","2024-08-30",828,2,189.13,378.25,189.13
14084,"2021-06-15","2025-07-14",1490,2,146.60,293.20,146.60
14085,"2021-11-03","2021-11-03",0,1,12.08,12.08,12.08
14086,"2023-07-18","2025-04-30",652,2,103.37,206.73,103.37
14087,"2023-07-31","2023-07-31",0,1,62.39,62.39,62.39
14088,"2020-06-28","2024-03-24",1365,6,242.77,1456.62,242.77
14089,"2024-01-19","2024-01-19",0,1,507.67,507.67,507.67
14090,"2020-12-02","2025-03-29",1578,3,251.85,755.56,251.85
14092,"2022-10-15","2022-11-26",42,2,86.96,173.92,86.96
14093,"2020-10-09","2024-11-22",1505,2,104.77,209.54,104.77
14094,"2021-10-28","2025-06-26",1337,3,104.88,314.64,104.88
14095,"2022-12-12","2022-12-12",0,1,14.02,14.02,14.02
14096,"2021-02-08","2021-12-22",317,2,24.77,49.54,24.77
14097,"2024-03-29","2025-01-13",290,2,61.98,123.96,61.98
14098,"2022-04-18","2022-04-18",0,1,133.03,133.03,133.03
14099,"2022-11-26","2023-01-18",53,2,92.77,185.54,92.77
14102,"2020-05-22","2020-05-22",0,1,33.76,33.76,33.76
14103,"2021-06-08","2022-05-16",342,2,153.29,306.57,153.29
14104,"2024-03-14","2024-11-12",243,2,43.59,87.17,43.59
14105,"2020-02-02","2024-06-28",1608,4,76.05,304.19,76.05
14106,"2024-03-05","2024-03-05",0,1,108.88,108.88,108.88
14107,"2021-04-07","2024-12-10",1343,3,256.12,768.35,256.12
14108,"2024-01-06","2024-01-06",0,1,106.28,106.28,106.28
14109,"2023-09-22","2023-09-22",0,1,389.07,389.07,389.07
14110,"2020-02-21","2023-11-21",1369,4,83.57,334.26,83.57
14111,"2024-07-06","2025-02-18",227,2,160.21,320.41,160.21
14112,"2020-01-08","2023-02-27",1146,5,119.86,599.31,119.86
14113,"2021-02-13","2021-02-13",0,1,24.28,24.28,24.28
14114,"2025-03-22","2025-03-22",0,1,282.91,282.91,282.91
14115,"2020-01-17","2024-03-16",1520,2,502.24,1004.48,502.24
14116,"2021-06-30","2021-06-30",0,1,241.07,241.07,241.07
14117,"2020-05-23","2020-05-23",0,1,134.53,134.53,134.53
14118,"2023-04-30","2024-10-27",546,2,96.74,193.47,96.74
14119,"2020-02-23","2024-03-15",1482,2,48.12,96.23,48.12
14120,"2020-04-10","2021-10-18",556,2,66.64,133.28,66.64
14121,"2025-04-23","2025-04-23",0,1,6.06,6.06,6.06
14123,"2020-04-17","2025-01-21",1740,3,104.27,312.80,104.27
14124,"2025-06-28","2025-06-28",0,1,588.20,588.20,588.20
14125,"2023-10-23","2023-10-23",0,1,267.49,267.49,267.49
14126,"2021-02-22","2025-08-12",1632,2,148.38,296.75,148.38
14127,"2021-08-08","2024-12-31",1241,2,120.97,241.93,120.97
14128,"2024-07-24","2025-04-04",254,2,60.74,121.48,60.74
14129,"2023-10-24","2024-05-09",198,2,24.32,48.64,24.32
14130,"2021-03-20","2021-03-20",0,1,128.54,128.54,128.54
14131,"2020-05-06","2025-02-14",1745,5,212.47,1062.36,212.47
14132,"2020-04-28","2023-05-31",1128,3,103.09,309.28,103.09
14133,"2020-08-13","2024-03-05",1300,3,114.08,342.24,114.08
14134,"2022-03-16","2022-03-16",0,1,311.17,311.17,311.17
14135,"2021-01-08","2023-10-26",1021,3,862.98,2588.95,862.98
14136,"2022-07-19","2022-07-19",0,1,41.13,41.13,41.13
14137,"2021-09-21","2023-10-08",747,3,209.64,628.92,209.64
14138,"2021-07-02","2021-07-02",0,1,35.75,35.75,35.75
14139,"2022-03-02","2022-03-02",0,1,151.12,151.12,151.12
14140,"2020-10-29","2025-03-27",1610,4,160.94,643.76,160.94
14141,"2021-10-25","2025-02-27",1221,3,118.52,355.55,118.52
14142,"2022-06-11","2022-06-11",0,1,28.96,28.96,28.96
14143,"2024-11-18","2024-11-18",0,1,7.79,7.79,7.79
14144,"2021-08-16","2021-08-16",0,1,333.56,333.56,333.56
14145,"2022-04-21","2024-07-20",821,4,197.49,789.96,197.49
14146,"2023-10-15","2023-10-15",0,1,127.33,127.33,127.33
14147,"2023-03-01","2023-08-24",176,2,243.29,486.58,243.29
14149,"2020-04-23","2023-11-20",1306,4,53.43,213.72,53.43
14150,"2020-07-18","2025-04-24",1741,5,83.36,416.78,83.36
14151,"2022-03-07","2022-03-07",0,1,121.13,121.13,121.13
14152,"2021-11-23","2025-08-06",1352,3,173.40,520.19,173.40
14153,"2023-04-05","2023-04-05",0,1,747.76,747.76,747.76
14154,"2021-04-26","2024-05-25",1125,2,81.12,162.23,81.12
14155,"2022-07-06","2024-08-16",772,3,56.18,168.54,56.18
14156,"2023-01-17","2023-01-17",0,1,8.55,8.55,8.55
14157,"2023-09-28","2024-11-22",421,2,85.73,171.46,85.73
14158,"2023-02-05","2024-04-20",440,2,116.58,233.16,116.58
14160,"2022-04-17","2023-11-25",587,2,47.73,95.46,47.73
14161,"2020-06-17","2021-02-19",247,2,87.91,175.81,87.91
14162,"2020-12-25","2024-05-19",1241,2,68.26,136.52,68.26
14166,"2020-04-07","2024-10-01",1638,2,180.19,360.37,180.19
14167,"2023-02-02","2024-04-01",424,2,62.25,124.49,62.25
14168,"2021-04-19","2024-10-28",1288,4,278.28,1113.12,278.28
14169,"2021-04-20","2022-09-17",515,2,293.05,586.10,293.05
14170,"2020-05-01","2023-05-01",1095,2,90.71,181.41,90.71
14171,"2020-06-05","2024-05-05",1430,3,155.61,466.83,155.61
14172,"2021-01-08","2021-01-08",0,1,59.92,59.92,59.92
14174,"2023-01-29","2024-10-04",614,2,47.56,95.12,47.56
14175,"2022-07-31","2022-07-31",0,1,40.61,40.61,40.61
14176,"2021-09-26","2024-09-22",1092,2,44.09,88.17,44.09
14177,"2020-09-01","2022-06-15",652,2,422.36,844.71,422.36
14178,"2021-02-06","2022-03-19",406,3,132.24,396.72,132.24
14180,"2021-07-04","2024-11-29",1244,2,139.29,278.57,139.29
14182,"2021-09-09","2021-09-09",0,1,137.16,137.16,137.16
14183,"2020-02-13","2020-04-29",76,2,124.79,249.58,124.79
14184,"2020-10-04","2022-02-22",506,2,70.53,141.06,70.53
14185,"2021-05-04","2022-10-17",531,2,83.37,166.74,83.37
14187,"2021-07-30","2021-07-30",0,1,6.00,6.00,6.00
14188,"2021-12-05","2025-05-05",1247,4,102.52,410.09,102.52
14189,"2024-08-31","2025-10-22",417,2,17.99,35.97,17.99
14190,"2025-07-24","2025-07-24",0,1,148.54,148.54,148.54
14191,"2023-09-05","2023-09-05",0,1,64.52,64.52,64.52
14192,"2022-07-20","2025-07-20",1096,3,109.47,328.40,109.47
14193,"2020-02-19","2022-04-07",778,2,29.36,58.71,29.36
14194,"2023-06-17","2024-06-02",351,2,108.58,217.16,108.58
14195,"2021-05-01","2023-09-21",873,3,527.16,1581.48,527.16
14196,"2021-11-12","2023-05-29",563,2,132.73,265.45,132.73
14197,"2021-05-29","2021-05-29",0,1,169.28,169.28,169.28
14200,"2022-01-06","2025-08-02",1304,3,83.00,249.00,83.00
14201,"2021-02-28","2021-02-28",0,1,39.23,39.23,39.23
14203,"2020-12-19","2025-04-28",1591,3,59.75,179.24,59.75
14204,"2021-08-19","2024-10-14",1152,2,36.70,73.39,36.70
14205,"2020-04-16","2021-05-07",386,2,63.93,127.85,63.93
14206,"2021-06-30","2023-09-13",805,3,189.72,569.16,189.72
14207,"2024-04-08","2025-02-13",311,2,36.32,72.64,36.32
14210,"2020-02-21","2022-01-10",689,2,281.92,563.83,281.92
14213,"2024-02-06","2025-08-16",557,3,67.41,202.23,67.41
14214,"2024-04-29","2024-04-29",0,1,14.08,14.08,14.08
14215,"2022-05-23","2022-12-31",222,2,124.77,249.54,124.77
14216,"2023-12-26","2023-12-26",0,1,138.92,138.92,138.92
14219,"2021-12-07","2023-08-04",605,3,209.80,629.39,209.80
14221,"2021-07-23","2024-11-18",1214,2,364.34,728.68,364.34
14222,"2022-11-14","2024-04-13",516,2,48.51,97.02,48.51
14224,"2020-02-01","2023-09-06",1313,5,130.32,651.58,130.32
14225,"2025-01-19","2025-01-19",0,1,339.16,339.16,339.16
14226,"2021-06-19","2024-08-02",1140,3,25.21,75.64,25.21
14227,"2021-09-15","2025-04-01",1294,3,334.62,1003.87,334.62
14228,"2020-03-09","2025-09-09",2010,6,113.42,680.51,113.42
14229,"2023-09-29","2023-09-29",0,1,43.70,43.70,43.70
14230,"2020-02-01","2024-01-08",1437,2,142.66,285.31,142.66
14231,"2022-04-02","2025-03-07",1070,2,241.32,482.64,241.32
14232,"2020-06-15","2023-08-02",1143,4,123.27,493.08,123.27
14233,"2023-02-23","2023-02-23",0,1,246.74,246.74,246.74
14235,"2024-07-10","2024-07-10",0,1,55.45,55.45,55.45
14236,"2021-11-20","2022-03-22",122,2,76.66,153.31,76.66
14237,"2024-10-29","2024-10-29",0,1,83.52,83.52,83.52
14238,"2024-07-20","2025-08-12",388,2,114.94,229.88,114.94
14239,"2022-06-09","2022-06-09",0,1,16.43,16.43,16.43
14240,"2020-09-13","2024-08-14",1431,3,147.02,441.07,147.02
14241,"2022-05-31","2024-04-26",696,3,139.50,418.50,139.50
14242,"2021-04-22","2022-05-06",379,2,47.23,94.46,47.23
14244,"2023-05-30","2024-07-08",405,2,178.47,356.94,178.47
14245,"2020-10-28","2023-12-07",1135,2,17.64,35.27,17.64
14246,"2021-08-10","2021-08-10",0,1,27.69,27.69,27.69
14247,"2021-06-17","2021-06-17",0,1,224.97,224.97,224.97
14248,"2020-08-18","2022-02-17",548,2,187.40,374.79,187.40
14249,"2020-05-24","2025-03-28",1769,3,43.38,130.15,43.38
14250,"2025-09-16","2025-09-16",0,1,159.77,159.77,159.77
14251,"2020-03-07","2023-05-01",1150,2,12.85,25.69,12.85
14253,"2021-10-03","2024-12-25",1179,2,305.40,610.80,305.40
14254,"2024-09-18","2024-09-18",0,1,188.28,188.28,188.28
14255,"2023-01-27","2024-12-12",685,2,31.42,62.84,31.42
14256,"2020-08-10","2024-09-27",1509,2,35.80,71.59,35.80
14257,"2021-03-20","2024-07-26",1224,4,109.54,438.14,109.54
14258,"2023-10-21","2023-10-21",0,1,32.22,32.22,32.22
14259,"2021-08-12","2021-08-12",0,1,118.56,118.56,118.56
14260,"2025-04-08","2025-04-08",0,1,182.10,182.10,182.10
14261,"2021-09-05","2021-09-05",0,1,48.38,48.38,48.38
14262,"2021-08-13","2025-07-29",1446,4,51.10,204.40,51.10
14263,"2023-05-23","2025-05-21",729,3,223.57,670.70,223.57
14264,"2021-03-10","2021-03-10",0,1,104.46,104.46,104.46
14265,"2020-06-26","2025-01-03",1652,3,118.84,356.51,118.84
14266,"2022-08-08","2022-12-06",120,2,184.12,368.24,184.12
14267,"2020-04-06","2020-04-06",0,1,129.65,129.65,129.65
14269,"2021-01-21","2022-06-14",509,2,379.24,758.48,379.24
14270,"2022-04-15","2023-10-01",534,2,111.86,223.72,111.86
14271,"2021-02-12","2021-02-12",0,1,816.43,816.43,816.43
14272,"2021-07-15","2021-07-15",0,1,4.86,4.86,4.86
14274,"2022-12-03","2022-12-03",0,1,128.09,128.09,128.09
14278,"2022-04-30","2025-07-19",1176,3,25.63,76.89,25.63
14279,"2020-08-09","2024-10-05",1518,4,261.30,1045.20,261.30
14280,"2020-12-06","2022-09-05",638,2,67.26,134.52,67.26
14281,"2021-10-28","2021-10-28",0,1,41.74,41.74,41.74
14283,"2020-01-12","2025-10-21",2109,4,243.97,975.86,243.97
14289,"2020-09-12","2024-06-03",1360,3,27.57,82.71,27.57
14290,"2021-02-25","2021-02-25",0,1,56.23,56.23,56.23
14291,"2020-03-11","2021-10-28",596,2,188.26,376.51,188.26
14292,"2021-12-28","2021-12-28",0,1,347.63,347.63,347.63
14293,"2020-05-31","2024-10-04",1587,4,144.79,579.14,144.79
14294,"2021-10-02","2021-10-02",0,1,40.23,40.23,40.23
14295,"2021-03-23","2024-09-08",1265,2,89.28,178.55,89.28
14296,"2020-10-06","2020-10-06",0,1,158.96,158.96,158.96
14297,"2024-08-15","2024-08-15",0,1,20.11,20.11,20.11
14298,"2021-07-12","2022-06-08",331,3,111.68,335.04,111.68
14299,"2021-08-25","2024-08-08",1079,4,186.99,747.96,186.99
14301,"2020-02-24","2025-08-16",2000,3,310.72,932.16,310.72
14304,"2021-08-24","2023-04-29",613,3,63.43,190.30,63.43
14305,"2022-03-09","2023-11-11",612,2,114.60,229.20,114.60
14306,"2025-09-04","2025-09-04",0,1,28.32,28.32,28.32
14308,"2022-07-15","2022-12-09",147,2,215.33,430.66,215.33
14309,"2022-03-20","2022-03-20",0,1,72.59,72.59,72.59
14311,"2020-06-12","2021-10-26",501,2,306.11,612.21,306.11
14312,"2020-08-16","2024-09-02",1478,2,29.35,58.70,29.35
14313,"2020-03-29","2020-03-29",0,1,89.84,89.84,89.84
14315,"2020-03-03","2025-01-13",1777,6,133.27,799.60,133.27
14317,"2022-05-13","2022-05-13",0,1,196.60,196.60,196.60
14318,"2021-12-03","2025-09-26",1393,3,123.92,371.75,123.92
14319,"2020-08-17","2025-08-20",1829,2,77.36,154.71,77.36
14320,"2022-08-10","2024-09-06",758,4,33.03,132.10,33.03
14321,"2024-03-26","2025-02-27",338,2,121.81,243.62,121.81
14322,"2025-02-07","2025-07-27",170,2,128.16,256.32,128.16
14323,"2020-03-08","2024-07-12",1587,4,131.60,526.40,131.60
14324,"2020-11-06","2023-02-22",838,3,236.41,709.22,236.41
14325,"2022-11-25","2024-01-09",410,3,57.25,171.74,57.25
14326,"2022-01-22","2024-05-17",846,3,280.53,841.59,280.53
14327,"2022-04-21","2022-04-21",0,1,5.47,5.47,5.47
14328,"2020-10-27","2020-10-27",0,1,561.16,561.16,561.16
14329,"2024-08-08","2024-08-08",0,1,111.28,111.28,111.28
14330,"2022-12-15","2022-12-15",0,1,21.35,21.35,21.35
14331,"2023-08-18","2023-08-18",0,1,23.63,23.63,23.63
14332,"2024-07-01","2024-12-11",163,2,105.73,211.45,105.73
14333,"2023-07-23","2023-11-13",113,3,56.31,168.93,56.31
14334,"2023-01-08","2023-01-08",0,1,99.76,99.76,99.76
14335,"2021-01-03","2021-01-03",0,1,104.36,104.36,104.36
14336,"2020-02-04","2020-02-04",0,1,413.39,413.39,413.39
14337,"2020-03-05","2025-08-05",1979,4,43.11,172.45,43.11
14338,"2020-05-24","2020-05-24",0,1,116.25,116.25,116.25
14339,"2021-09-14","2022-08-11",331,2,120.51,241.02,120.51
14340,"2020-02-20","2024-03-01",1471,3,107.36,322.07,107.36
14341,"2023-08-19","2024-06-04",290,4,64.67,258.68,64.67
14342,"2021-01-20","2021-01-20",0,1,25.98,25.98,25.98
14343,"2021-04-12","2025-08-16",1587,3,56.87,170.62,56.87
14344,"2022-05-15","2022-05-15",0,1,669.98,669.98,669.98
14345,"2020-05-19","2025-01-11",1698,3,57.66,172.97,57.66
14347,"2025-03-24","2025-08-15",144,2,139.40,278.79,139.40
14348,"2021-01-12","2025-06-13",1613,4,152.44,609.76,152.44
14349,"2020-01-24","2020-01-24",0,1,94.68,94.68,94.68
14350,"2022-11-30","2022-11-30",0,1,623.17,623.17,623.17
14351,"2020-10-21","2025-04-11",1633,2,31.92,63.84,31.92
14352,"2020-01-09","2021-03-18",434,2,93.62,187.24,93.62
14353,"2024-03-18","2024-03-18",0,1,529.97,529.97,529.97
14354,"2021-08-30","2024-11-20",1178,3,243.19,729.58,243.19
14356,"2023-04-03","2023-04-03",0,2,234.97,469.93,234.97
14357,"2022-02-27","2025-08-12",1262,2,212.90,425.80,212.90
14358,"2023-04-14","2025-08-17",856,3,63.31,189.94,63.31
14359,"2022-05-10","2024-03-15",675,3,132.03,396.10,132.03
14360,"2025-06-19","2025-06-19",0,1,264.00,264.00,264.00
14361,"2021-09-01","2021-09-01",0,1,41.61,41.61,41.61
14362,"2023-06-11","2023-06-11",0,1,34.57,34.57,34.57
14363,"2021-01-27","2024-06-14",1234,5,105.94,529.68,105.94
14364,"2020-05-19","2020-05-19",0,1,5.73,5.73,5.73
14365,"2021-03-26","2023-06-14",810,4,123.78,495.10,123.78
14366,"2020-02-16","2023-05-11",1180,3,98.83,296.48,98.83
14367,"2025-03-06","2025-03-06",0,1,105.32,105.32,105.32
14368,"2022-03-10","2022-08-26",169,2,118.23,236.46,118.23
14369,"2024-05-31","2024-05-31",0,1,4.95,4.95,4.95
14370,"2022-05-31","2022-05-31",0,1,38.13,38.13,38.13
14371,"2023-06-29","2025-07-24",756,2,214.64,429.27,214.64
14372,"2020-06-13","2024-07-31",1509,2,106.26,212.52,106.26
14374,"2022-04-14","2022-10-15",184,2,93.80,187.59,93.80
14375,"2023-01-15","2025-08-19",947,2,142.08,284.16,142.08
14376,"2020-07-19","2025-07-18",1825,4,207.69,830.75,207.69
14377,"2020-12-12","2024-07-06",1302,2,158.39,316.77,158.39
14378,"2020-01-17","2024-11-02",1751,3,53.43,160.28,53.43
14379,"2021-09-11","2025-04-07",1304,4,85.83,343.32,85.83
14380,"2023-11-01","2025-06-23",600,2,153.85,307.69,153.85
14381,"2022-07-23","2022-07-23",0,1,54.63,54.63,54.63
14382,"2020-06-01","2025-09-28",1945,4,175.92,703.67,175.92
14383,"2020-04-19","2025-05-17",1854,3,291.42,874.26,291.42
14384,"2020-11-03","2020-11-03",0,1,70.00,70.00,70.00
14385,"2021-06-02","2024-01-08",950,3,147.38,442.15,147.38
14387,"2021-02-06","2021-02-06",0,1,91.50,91.50,91.50
14388,"2022-04-17","2025-01-20",1009,2,131.23,262.46,131.23
14391,"2024-04-12","2024-06-21",70,2,108.85,217.69,108.85
14392,"2021-05-10","2021-05-10",0,1,81.58,81.58,81.58
14393,"2024-07-16","2024-07-16",0,1,80.47,80.47,80.47
14394,"2023-07-18","2023-07-18",0,1,72.44,72.44,72.44
14395,"2023-06-16","2023-12-12",179,2,118.46,236.91,118.46
14396,"2023-10-24","2023-10-24",0,1,128.97,128.97,128.97
14397,"2021-04-15","2025-01-15",1371,3,45.72,137.17,45.72
14398,"2022-08-10","2022-08-10",0,1,70.45,70.45,70.45
14399,"2022-12-02","2022-12-02",0,1,394.69,394.69,394.69
14400,"2021-01-30","2024-04-15",1171,2,482.53,965.06,482.53
14401,"2023-11-08","2023-11-08",0,1,19.48,19.48,19.48
14402,"2023-05-18","2023-05-18",0,1,225.30,225.30,225.30
14403,"2020-03-11","2020-03-11",0,1,70.45,70.45,70.45
14404,"2021-12-28","2022-07-17",201,2,64.08,128.15,64.08
14405,"2025-06-07","2025-06-07",0,1,142.41,142.41,142.41
14406,"2025-04-02","2025-04-02",0,1,89.22,89.22,89.22
14407,"2020-04-05","2023-06-12",1163,3,115.66,346.98,115.66
14408,"2020-02-25","2024-10-24",1703,4,68.39,273.54,68.39
14409,"2021-06-20","2022-06-16",361,2,138.41,276.82,138.41
14410,"2023-06-30","2023-06-30",0,1,30.52,30.52,30.52
14411,"2023-09-17","2023-09-17",0,1,384.44,384.44,384.44
14412,"2020-04-19","2024-06-05",1508,4,182.36,729.45,182.36
14413,"2022-01-06","2022-01-06",0,1,80.20,80.20,80.20
14414,"2022-04-23","2023-09-02",497,2,66.76,133.51,66.76
14415,"2025-06-06","2025-06-06",0,1,64.56,64.56,64.56
14416,"2024-09-19","2025-02-21",155,2,72.38,144.76,72.38
14417,"2024-11-02","2024-11-12",10,2,80.32,160.63,80.32
14418,"2021-01-23","2025-08-21",1671,3,24.39,73.17,24.39
14419,"2022-01-08","2025-05-15",1223,2,131.83,263.66,131.83
14420,"2024-10-10","2024-10-10",0,1,39.44,39.44,39.44
14421,"2022-07-09","2023-09-22",440,3,265.35,796.04,265.35
14422,"2022-10-08","2022-10-08",0,1,421.75,421.75,421.75
14424,"2022-11-02","2025-06-22",963,3,151.23,453.69,151.23
14425,"2022-09-03","2023-06-10",280,2,157.19,314.38,157.19
14426,"2023-02-28","2023-02-28",0,1,84.40,84.40,84.40
14427,"2022-02-08","2024-05-26",838,2,31.03,62.05,31.03
14429,"2024-09-24","2024-09-24",0,1,8.79,8.79,8.79
14431,"2020-05-14","2025-04-22",1804,3,106.41,319.24,106.41
14432,"2021-10-17","2024-06-07",964,2,59.39,118.78,59.39
14433,"2023-07-09","2025-03-21",621,2,148.44,296.87,148.44
14434,"2022-10-04","2022-10-04",0,1,55.94,55.94,55.94
14435,"2020-09-17","2022-11-22",796,2,49.13,98.26,49.13
14436,"2021-04-04","2024-12-31",1367,3,96.22,288.65,96.22
14437,"2023-06-13","2025-01-27",594,3,176.25,528.75,176.25
14438,"2022-07-04","2024-09-13",802,3,198.24,594.71,198.24
14439,"2020-03-31","2025-10-06",2015,4,251.02,1004.07,251.02
14440,"2021-04-19","2024-05-25",1132,4,284.88,1139.53,284.88
14441,"2020-01-17","2020-03-29",72,3,99.61,298.83,99.61
14442,"2021-11-27","2021-11-27",0,1,120.63,120.63,120.63
14444,"2023-04-06","2023-04-06",0,1,44.44,44.44,44.44
14445,"2020-06-11","2022-09-30",841,2,76.15,152.29,76.15
14447,"2022-09-27","2025-08-26",1064,2,116.66,233.32,116.66
14448,"2020-10-18","2022-04-07",536,2,27.67,55.34,27.67
14449,"2023-07-05","2023-07-05",0,1,13.71,13.71,13.71
14451,"2025-09-26","2025-09-26",0,1,79.45,79.45,79.45
14452,"2020-08-06","2020-08-06",0,1,462.34,462.34,462.34
14453,"2020-02-26","2020-02-26",0,1,44.46,44.46,44.46
14455,"2020-08-03","2021-05-07",277,2,130.50,261.00,130.50
14456,"2020-07-20","2023-03-23",976,3,121.91,365.74,121.91
14457,"2021-12-14","2021-12-14",0,1,11.30,11.30,11.30
14458,"2022-10-15","2022-10-15",0,1,10.97,10.97,10.97
14459,"2023-12-19","2025-09-10",631,3,70.15,210.44,70.15
14461,"2021-03-28","2021-03-28",0,1,6.72,6.72,6.72
14462,"2023-02-03","2023-02-03",0,1,39.95,39.95,39.95
14464,"2021-01-13","2024-07-16",1280,3,208.67,626.02,208.67
14465,"2021-09-25","2021-09-25",0,1,87.84,87.84,87.84
14466,"2021-10-02","2023-02-10",496,2,166.64,333.28,166.64
14469,"2022-06-13","2022-06-13",0,1,74.58,74.58,74.58
14470,"2023-04-08","2025-04-03",726,4,139.26,557.05,139.26
14472,"2020-06-25","2020-06-25",0,1,84.43,84.43,84.43
14473,"2020-01-18","2020-08-29",224,2,147.97,295.94,147.97
14474,"2020-03-22","2021-06-02",437,2,140.11,280.22,140.11
14477,"2025-04-06","2025-04-06",0,1,10.17,10.17,10.17
14478,"2020-03-20","2025-07-21",1949,6,74.20,445.18,74.20
14479,"2023-03-08","2023-03-08",0,1,127.31,127.31,127.31
14481,"2022-08-13","2023-06-29",320,2,136.44,272.88,136.44
14482,"2022-11-20","2023-02-09",81,2,38.92,77.84,38.92
14483,"2023-03-07","2023-08-16",162,2,43.28,86.55,43.28
14484,"2024-04-02","2025-08-23",508,2,170.32,340.63,170.32
14485,"2021-07-30","2025-06-01",1402,4,41.94,167.77,41.94
14486,"2020-05-03","2024-03-05",1402,3,37.92,113.77,37.92
14489,"2022-09-19","2023-08-29",344,2,214.41,428.82,214.41
14490,"2020-09-18","2025-02-18",1614,3,64.11,192.34,64.11
14491,"2020-06-07","2020-06-07",0,1,335.98,335.98,335.98
14492,"2025-03-01","2025-03-01",0,1,232.67,232.67,232.67
14493,"2023-07-26","2023-07-26",0,1,391.14,391.14,391.14
14494,"2022-03-21","2024-06-15",817,3,72.19,216.58,72.19
14495,"2025-01-10","2025-01-10",0,1,1924.76,1924.76,1924.76
14498,"2020-11-18","2023-09-18",1034,2,145.19,290.37,145.19
14499,"2020-04-04","2020-08-12",130,2,83.55,167.10,83.55
14500,"2023-08-29","2025-04-17",597,2,78.24,156.47,78.24
14501,"2020-08-13","2024-04-06",1332,3,102.21,306.64,102.21
14502,"2020-10-20","2022-11-04",745,3,73.08,219.25,73.08
14503,"2023-07-24","2023-10-27",95,2,68.54,137.07,68.54
14504,"2021-05-11","2021-05-11",0,1,7.12,7.12,7.12
14507,"2020-11-13","2020-11-13",0,1,183.26,183.26,183.26
14508,"2024-09-25","2024-09-25",0,1,58.50,58.50,58.50
14509,"2021-10-28","2023-06-07",587,2,361.79,723.58,361.79
14512,"2022-01-30","2025-04-16",1172,2,68.69,137.38,68.69
14513,"2021-06-23","2021-06-23",0,1,144.60,144.60,144.60
14515,"2021-12-25","2021-12-25",0,1,61.13,61.13,61.13
14516,"2020-09-03","2020-09-03",0,1,17.37,17.37,17.37
14517,"2020-05-29","2022-08-13",806,2,74.19,148.37,74.19
14518,"2022-12-03","2023-04-12",130,2,46.64,93.28,46.64
14519,"2024-11-02","2024-11-02",0,1,23.56,23.56,23.56
14520,"2023-12-10","2024-11-07",333,2,62.59,125.17,62.59
14521,"2020-04-03","2020-04-03",0,1,53.79,53.79,53.79
14522,"2021-04-10","2021-04-10",0,1,270.26,270.26,270.26
14524,"2025-09-22","2025-09-22",0,1,61.33,61.33,61.33
14525,"2021-01-21","2023-12-06",1049,3,54.04,162.13,54.04
14526,"2020-12-28","2025-10-18",1755,2,86.07,172.13,86.07
14527,"2020-02-21","2023-05-08",1172,2,52.06,104.12,52.06
14528,"2023-05-23","2025-08-17",817,3,99.56,298.67,99.56
14529,"2023-07-10","2023-07-10",0,1,202.98,202.98,202.98
14530,"2025-05-18","2025-05-27",9,2,340.68,681.36,340.68
14532,"2022-01-18","2022-01-18",0,1,54.94,54.94,54.94
14533,"2020-04-16","2022-05-01",745,2,164.96,329.92,164.96
14535,"2021-09-02","2021-09-02",0,1,275.74,275.74,275.74
14536,"2022-04-18","2022-04-18",0,1,8.25,8.25,8.25
14537,"2024-09-18","2024-09-18",0,1,103.79,103.79,103.79
14538,"2021-05-10","2023-10-13",886,2,34.63,69.26,34.63
14539,"2021-09-10","2023-04-15",582,3,204.26,612.78,204.26
14540,"2020-02-14","2025-10-03",2058,6,237.83,1426.96,237.83
14541,"2020-01-12","2024-05-30",1600,4,60.01,240.02,60.01
14542,"2021-08-13","2024-02-21",922,3,92.05,276.14,92.05
14544,"2020-04-25","2024-02-21",1397,3,151.00,453.00,151.00
14545,"2024-05-19","2024-12-20",215,2,68.26,136.51,68.26
14547,"2020-05-16","2023-11-05",1268,3,94.58,283.74,94.58
14549,"2023-01-11","2024-04-13",458,4,197.00,787.99,197.00
14550,"2020-01-17","2022-05-04",838,2,154.36,308.71,154.36
14551,"2020-07-01","2020-07-01",0,1,48.47,48.47,48.47
14552,"2020-06-22","2022-11-07",868,2,180.42,360.84,180.42
14553,"2020-01-09","2021-05-12",489,3,126.05,378.15,126.05
14554,"2020-09-14","2021-08-10",330,2,174.98,349.96,174.98
14555,"2021-08-16","2025-06-11",1395,2,155.60,311.20,155.60
14556,"2021-07-11","2024-09-27",1174,2,90.76,181.51,90.76
14557,"2022-12-16","2022-12-16",0,1,37.53,37.53,37.53
14558,"2022-01-16","2022-10-29",286,2,46.96,93.92,46.96
14559,"2023-06-02","2024-10-19",505,3,212.20,636.61,212.20
14561,"2020-10-01","2020-11-12",42,2,59.39,118.77,59.39
14562,"2021-08-28","2025-07-30",1432,5,90.04,450.21,90.04
14563,"2024-01-08","2025-10-28",659,2,69.94,139.87,69.94
14564,"2020-07-16","2020-07-16",0,1,19.65,19.65,19.65
14565,"2020-11-02","2024-06-18",1324,3,206.18,618.53,206.18
14566,"2025-04-08","2025-04-08",0,1,77.63,77.63,77.63
14568,"2020-06-22","2023-01-31",953,2,84.47,168.94,84.47
14569,"2023-01-21","2023-01-21",0,1,186.63,186.63,186.63
14570,"2020-04-04","2021-05-30",421,2,63.59,127.18,63.59
14571,"2024-12-27","2024-12-27",0,1,49.21,49.21,49.21
14572,"2021-05-15","2022-02-11",272,3,112.44,337.32,112.44
14573,"2020-03-27","2024-11-12",1691,4,90.75,363.01,90.75
14574,"2022-04-23","2022-04-23",0,1,30.50,30.50,30.50
14575,"2020-12-08","2025-02-06",1521,2,196.37,392.73,196.37
14576,"2023-06-19","2023-06-19",0,1,58.66,58.66,58.66
14577,"2025-04-03","2025-04-03",0,1,110.79,110.79,110.79
14578,"2025-02-21","2025-07-16",145,2,213.34,426.67,213.34
14579,"2020-06-25","2020-06-25",0,1,134.06,134.06,134.06
14580,"2020-05-25","2024-07-17",1514,2,45.95,91.90,45.95
14585,"2020-11-05","2020-11-05",0,1,90.38,90.38,90.38
14586,"2022-01-12","2022-01-12",0,1,112.38,112.38,112.38
14587,"2020-05-10","2022-02-15",646,2,61.75,123.50,61.75
14589,"2020-04-27","2020-04-27",0,1,81.88,81.88,81.88
14590,"2023-03-13","2023-03-13",0,1,78.14,78.14,78.14
14591,"2021-05-21","2024-05-29",1104,3,283.22,849.65,283.22
14592,"2023-01-24","2023-06-26",153,2,155.38,310.75,155.38
14594,"2020-08-26","2025-10-22",1883,2,129.10,258.20,129.10
14595,"2025-08-25","2025-08-25",0,1,119.58,119.58,119.58
14596,"2020-09-20","2024-10-30",1501,2,103.99,207.97,103.99
14597,"2021-02-18","2021-02-18",0,1,253.72,253.72,253.72
14598,"2020-04-06","2023-07-25",1205,2,154.43,308.85,154.43
14599,"2023-04-30","2025-01-31",642,2,103.59,207.18,103.59
14600,"2022-11-02","2024-08-15",652,4,162.45,649.80,162.45
14601,"2022-08-01","2022-08-01",0,1,209.55,209.55,209.55
14602,"2021-03-02","2021-03-02",0,1,58.84,58.84,58.84
14603,"2025-06-04","2025-06-04",0,1,77.30,77.30,77.30
14604,"2021-07-18","2024-05-08",1025,3,240.73,722.19,240.73
14606,"2021-07-02","2024-08-22",1147,2,82.56,165.11,82.56
14607,"2024-01-02","2024-01-02",0,1,83.38,83.38,83.38
14608,"2021-11-07","2022-10-31",358,2,266.66,533.31,266.66
14609,"2023-09-05","2025-02-19",533,2,217.90,435.79,217.90
14610,"2020-01-20","2023-09-24",1343,3,65.62,196.86,65.62
14611,"2020-07-24","2020-07-24",0,1,75.36,75.36,75.36
14612,"2024-09-07","2024-12-29",113,2,25.49,50.98,25.49
14613,"2022-05-10","2022-06-23",44,3,56.47,169.41,56.47
14614,"2022-04-19","2023-02-10",297,2,144.54,289.08,144.54
14615,"2020-04-22","2025-09-04",1961,5,136.69,683.47,136.69
14616,"2020-03-27","2025-06-19",1910,7,149.46,1046.24,149.46
14617,"2021-11-26","2024-11-08",1078,2,136.75,273.49,136.75
14618,"2021-11-27","2024-11-06",1075,3,95.84,287.52,95.84
14620,"2020-01-18","2021-07-23",552,3,188.11,564.33,188.11
14622,"2020-07-31","2024-09-03",1495,3,51.08,153.25,51.08
14623,"2021-08-05","2024-08-28",1119,2,194.24,388.47,194.24
14624,"2021-02-01","2023-05-30",848,2,54.92,109.83,54.92
14625,"2021-12-16","2025-01-28",1139,2,193.07,386.13,193.07
14626,"2023-11-02","2023-11-02",0,1,199.87,199.87,199.87
14627,"2020-11-28","2025-08-29",1735,4,102.91,411.62,102.91
14628,"2020-04-17","2023-01-25",1013,2,31.81,63.61,31.81
14630,"2020-03-28","2025-03-18",1816,5,55.75,278.77,55.75
14631,"2023-01-21","2023-01-21",0,1,224.73,224.73,224.73
14632,"2021-01-07","2025-09-25",1722,3,128.79,386.36,128.79
14633,"2021-03-27","2021-10-15",202,2,195.86,391.71,195.86
14634,"2021-02-15","2023-01-05",689,3,281.84,845.52,281.84
14635,"2023-12-20","2025-03-31",467,3,46.89,140.67,46.89
14636,"2021-08-05","2024-10-29",1181,2,41.33,82.65,41.33
14637,"2022-12-31","2024-12-05",705,2,95.83,191.66,95.83
14638,"2022-09-04","2022-09-04",0,1,1497.18,1497.18,1497.18
14639,"2021-08-28","2024-11-10",1170,3,25.02,75.06,25.02
14640,"2021-08-20","2024-12-24",1222,3,154.59,463.76,154.59
14641,"2023-01-02","2024-05-22",506,2,34.53,69.06,34.53
14642,"2021-01-08","2024-06-28",1267,4,143.08,572.31,143.08
14644,"2022-05-21","2022-05-21",0,1,91.23,91.23,91.23
14646,"2021-10-01","2021-10-01",0,1,54.95,54.95,54.95
14647,"2020-04-06","2022-03-10",703,3,128.93,386.78,128.93
14648,"2020-10-21","2025-06-09",1692,2,70.36,140.71,70.36
14650,"2021-09-25","2024-09-14",1085,3,104.54,313.61,104.54
14651,"2020-08-15","2020-08-15",0,1,105.52,105.52,105.52
14652,"2022-03-25","2023-05-17",418,2,93.89,187.78,93.89
14653,"2022-03-25","2022-03-25",0,1,432.43,432.43,432.43
14654,"2020-03-04","2022-09-09",919,2,224.20,448.39,224.20
14655,"2021-02-17","2021-02-17",0,1,147.22,147.22,147.22
14656,"2022-10-16","2024-01-16",457,2,217.08,434.16,217.08
14657,"2021-12-16","2023-02-14",425,2,725.32,1450.64,725.32
14658,"2022-04-07","2022-04-07",0,1,196.22,196.22,196.22
14659,"2021-10-03","2024-09-29",1092,3,246.92,740.76,246.92
14660,"2021-09-29","2025-04-12",1291,3,238.08,714.23,238.08
14661,"2022-06-10","2023-07-27",412,2,47.31,94.62,47.31
14662,"2021-10-07","2024-08-05",1033,3,282.55,847.66,282.55
14663,"2021-10-11","2025-02-27",1235,3,166.04,498.13,166.04
14664,"2023-10-08","2025-07-22",653,2,168.81,337.61,168.81
14665,"2021-02-16","2025-07-14",1609,4,249.88,999.53,249.88
14667,"2023-10-28","2023-10-28",0,1,14.56,14.56,14.56
14668,"2021-01-07","2025-06-22",1627,3,94.19,282.56,94.19
14669,"2023-04-09","2023-04-09",0,1,291.33,291.33,291.33
14672,"2023-07-27","2025-02-11",565,3,438.82,1316.47,438.82
14673,"2022-08-25","2024-06-01",646,2,38.05,76.09,38.05
14675,"2021-06-15","2024-12-26",1290,3,118.17,354.52,118.17
14676,"2021-01-28","2021-01-28",0,1,48.40,48.40,48.40
14679,"2022-04-23","2024-04-11",719,3,105.45,316.36,105.45
14680,"2025-08-21","2025-08-21",0,1,165.42,165.42,165.42
14681,"2024-04-02","2025-04-23",386,3,130.29,390.87,130.29
14683,"2024-09-19","2024-09-19",0,1,39.14,39.14,39.14
14684,"2021-12-28","2021-12-28",0,1,138.51,138.51,138.51
14685,"2021-03-15","2021-03-15",0,1,36.70,36.70,36.70
14686,"2025-05-12","2025-05-12",0,1,15.24,15.24,15.24
14687,"2020-09-15","2025-09-09",1820,4,103.20,412.81,103.20
14688,"2022-08-07","2025-04-20",987,3,38.10,114.31,38.10
14689,"2022-08-22","2024-03-31",587,5,126.72,633.58,126.72
14690,"2020-09-13","2021-04-14",213,2,140.85,281.70,140.85
14691,"2024-09-02","2024-09-02",0,1,27.27,27.27,27.27
14692,"2021-11-05","2025-02-24",1207,2,102.97,205.93,102.97
14693,"2020-07-30","2022-09-13",775,3,78.54,235.63,78.54
14694,"2023-07-15","2023-07-15",0,1,118.16,118.16,118.16
14696,"2021-06-03","2024-02-19",991,2,102.18,204.35,102.18
14698,"2022-02-16","2024-12-04",1022,3,304.85,914.54,304.85
14699,"2021-07-07","2025-08-06",1491,3,190.79,572.37,190.79
14701,"2023-03-02","2023-03-02",0,1,43.27,43.27,43.27
14702,"2022-02-01","2025-01-21",1085,3,199.50,598.50,199.50
14703,"2021-01-26","2025-08-24",1671,2,38.02,76.04,38.02
14705,"2021-12-07","2021-12-07",0,1,20.94,20.94,20.94
14706,"2023-06-03","2023-06-03",0,1,40.43,40.43,40.43
14707,"2021-06-13","2021-06-13",0,1,87.99,87.99,87.99
14709,"2025-02-22","2025-02-22",0,1,114.80,114.80,114.80
14710,"2020-05-15","2022-09-05",843,2,71.22,142.43,71.22
14712,"2022-10-23","2025-07-13",994,2,138.30,276.60,138.30
14713,"2020-06-13","2025-09-22",1927,4,48.48,193.92,48.48
14714,"2022-05-12","2025-09-02",1209,2,184.08,368.16,184.08
14715,"2021-05-29","2024-09-21",1211,4,140.81,563.24,140.81
14716,"2021-11-07","2025-08-13",1375,4,111.16,444.65,111.16
14717,"2025-05-10","2025-05-10",0,1,14.55,14.55,14.55
14718,"2022-07-15","2025-09-21",1164,4,107.62,430.46,107.62
14719,"2024-01-04","2024-12-12",343,2,30.79,61.58,30.79
14720,"2020-01-17","2023-07-19",1279,3,34.35,103.06,34.35
14721,"2021-04-06","2025-10-06",1644,4,168.11,672.45,168.11
14722,"2020-02-28","2022-02-22",725,3,216.63,649.89,216.63
14723,"2020-05-01","2020-05-01",0,1,155.68,155.68,155.68
14724,"2021-02-13","2021-02-13",0,1,167.70,167.70,167.70
14726,"2021-05-06","2021-05-06",0,1,230.88,230.88,230.88
14728,"2022-11-15","2022-11-27",12,2,72.96,145.91,72.96
14729,"2022-10-28","2022-10-28",0,1,34.18,34.18,34.18
14730,"2020-08-19","2024-08-13",1455,2,63.32,126.64,63.32
14731,"2021-07-18","2025-09-17",1522,3,86.26,258.77,86.26
14732,"2022-07-31","2025-06-22",1057,4,201.12,804.49,201.12
14734,"2022-07-21","2024-01-23",551,2,34.81,69.62,34.81
14735,"2020-06-28","2023-03-22",997,2,69.89,139.77,69.89
14736,"2022-03-19","2022-03-19",0,1,194.13,194.13,194.13
14737,"2020-01-06","2024-10-26",1755,3,91.00,272.99,91.00
14738,"2020-03-24","2020-03-24",0,1,4.96,4.96,4.96
14739,"2020-02-01","2022-12-30",1063,2,138.91,277.82,138.91
14740,"2020-03-17","2024-07-11",1577,3,188.97,566.91,188.97
14743,"2023-10-10","2023-10-10",0,1,82.08,82.08,82.08
14744,"2021-12-13","2022-11-25",347,2,38.69,77.37,38.69
14745,"2021-03-07","2025-09-22",1660,3,89.19,267.58,89.19
14746,"2024-09-20","2024-09-20",0,1,97.93,97.93,97.93
14747,"2023-06-13","2023-10-12",121,2,475.80,951.60,475.80
14748,"2022-07-09","2025-01-27",933,4,70.14,280.57,70.14
14749,"2020-01-04","2024-12-02",1794,2,98.19,196.38,98.19
14750,"2021-11-16","2021-11-16",0,1,215.23,215.23,215.23
14752,"2021-06-12","2025-09-18",1559,6,122.94,737.66,122.94
14753,"2021-12-17","2023-08-18",609,2,44.34,88.67,44.34
14754,"2025-10-19","2025-10-19",0,1,64.73,64.73,64.73
14755,"2020-06-19","2025-10-23",1952,2,57.45,114.89,57.45
14756,"2023-02-12","2024-12-08",665,3,229.68,689.04,229.68
14759,"2025-02-03","2025-02-03",0,1,31.08,31.08,31.08
14760,"2020-04-21","2024-12-13",1697,3,54.98,164.94,54.98
14761,"2024-03-08","2024-12-09",276,2,80.82,161.63,80.82
14763,"2020-06-29","2023-09-01",1159,2,101.20,202.40,101.20
14764,"2022-03-01","2023-04-11",406,3,117.75,353.25,117.75
14765,"2020-08-06","2021-08-14",373,3,137.68,413.03,137.68
14766,"2021-09-06","2025-08-05",1429,4,102.28,409.12,102.28
14767,"2025-09-03","2025-09-03",0,1,145.99,145.99,145.99
14768,"2025-05-19","2025-05-19",0,1,40.15,40.15,40.15
14769,"2025-08-12","2025-08-12",0,1,162.40,162.40,162.40
14771,"2022-08-08","2022-12-17",131,2,124.90,249.79,124.90
14772,"2021-03-11","2021-10-07",210,3,99.24,297.73,99.24
14773,"2025-07-29","2025-07-29",0,1,147.81,147.81,147.81
14775,"2025-08-25","2025-08-25",0,1,130.34,130.34,130.34
14776,"2023-12-29","2023-12-29",0,1,606.39,606.39,606.39
14777,"2023-08-11","2023-09-01",21,2,38.43,76.86,38.43
14778,"2025-05-07","2025-05-07",0,1,290.67,290.67,290.67
14779,"2022-03-05","2022-03-06",1,2,132.44,264.88,132.44
14781,"2024-09-08","2024-09-08",0,1,156.54,156.54,156.54
14782,"2020-04-11","2020-04-11",0,1,140.73,140.73,140.73
14783,"2020-03-12","2024-12-02",1726,3,274.78,824.33,274.78
14784,"2024-02-26","2024-02-26",0,1,199.73,199.73,199.73
14785,"2020-02-27","2024-12-05",1743,4,74.88,299.51,74.88
14786,"2024-02-11","2024-06-04",114,2,21.02,42.04,21.02
14787,"2023-04-09","2025-05-10",762,2,29.32,58.64,29.32
14790,"2025-10-03","2025-10-03",0,1,232.65,232.65,232.65
14791,"2023-05-06","2025-01-05",610,2,45.89,91.77,45.89
14793,"2025-01-07","2025-01-07",0,1,127.26,127.26,127.26
14794,"2024-10-17","2024-10-17",0,1,75.19,75.19,75.19
14796,"2023-10-18","2024-06-19",245,2,126.41,252.82,126.41
14797,"2022-02-01","2024-02-27",756,2,257.56,515.11,257.56
14798,"2020-05-09","2025-10-15",1985,4,162.89,651.55,162.89
14799,"2022-08-04","2024-05-06",641,2,254.23,508.45,254.23
14800,"2020-09-08","2024-05-03",1333,2,120.50,241.00,120.50
14801,"2025-04-06","2025-04-06",0,1,549.53,549.53,549.53
14802,"2023-10-02","2023-10-02",0,1,168.66,168.66,168.66
14803,"2022-12-24","2024-11-05",682,2,143.66,287.31,143.66
14805,"2020-09-18","2025-05-25",1710,2,248.41,496.82,248.41
14806,"2020-08-14","2025-01-24",1624,2,67.38,134.75,67.38
14807,"2025-05-25","2025-05-25",0,1,28.23,28.23,28.23
14808,"2021-05-16","2021-05-16",0,1,37.65,37.65,37.65
14810,"2021-10-29","2021-10-29",0,1,145.60,145.60,145.60
14811,"2020-12-23","2024-08-23",1339,6,56.23,337.37,56.23
14812,"2021-09-24","2022-03-29",186,3,178.97,536.91,178.97
14813,"2024-05-09","2024-05-09",0,1,60.48,60.48,60.48
14815,"2024-07-07","2024-07-07",0,1,337.38,337.38,337.38
14816,"2022-02-04","2025-10-06",1340,6,107.70,646.18,107.70
14817,"2020-02-19","2022-10-02",956,3,186.49,559.46,186.49
14818,"2021-10-29","2021-10-29",0,1,90.34,90.34,90.34
14819,"2020-04-25","2024-02-23",1399,5,345.52,1727.58,345.52
14821,"2025-06-20","2025-06-20",0,1,101.07,101.07,101.07
14822,"2021-11-19","2024-11-20",1097,2,62.35,124.70,62.35
14823,"2023-06-14","2023-10-08",116,2,255.82,511.63,255.82
14824,"2023-08-22","2023-08-22",0,1,69.75,69.75,69.75
14825,"2021-07-08","2021-07-08",0,1,7.48,7.48,7.48
14826,"2022-02-25","2025-06-20",1211,4,116.37,465.48,116.37
14829,"2025-01-14","2025-01-14",0,1,50.76,50.76,50.76
14830,"2024-05-20","2024-05-20",0,1,90.02,90.02,90.02
14831,"2021-03-15","2022-10-03",567,2,41.72,83.43,41.72
14832,"2020-12-10","2023-07-22",954,3,35.36,106.07,35.36
14833,"2020-01-06","2025-03-06",1886,5,91.58,457.89,91.58
14834,"2021-12-08","2025-01-10",1129,2,86.93,173.85,86.93
14836,"2020-05-27","2023-04-17",1055,4,122.45,489.79,122.45
14837,"2020-01-07","2025-01-01",1821,3,159.45,478.36,159.45
14838,"2023-07-21","2023-07-21",0,1,65.98,65.98,65.98
14839,"2020-05-29","2021-02-08",255,2,130.34,260.68,130.34
14840,"2025-08-30","2025-08-30",0,1,61.85,61.85,61.85
14841,"2024-07-07","2024-07-12",5,2,87.22,174.44,87.22
14842,"2024-06-02","2025-09-18",473,2,70.14,140.28,70.14
14843,"2024-08-31","2024-08-31",0,1,29.08,29.08,29.08
14844,"2020-08-22","2020-08-22",0,1,101.14,101.14,101.14
14845,"2020-03-01","2023-06-18",1204,2,89.25,178.49,89.25
14847,"2022-04-05","2025-01-28",1029,3,292.57,877.72,292.57
14848,"2024-12-08","2024-12-08",0,1,123.53,123.53,123.53
14849,"2021-02-12","2024-08-16",1281,6,56.00,335.97,56.00
14850,"2024-06-15","2024-06-15",0,1,6.26,6.26,6.26
14851,"2020-10-11","2020-10-11",0,1,33.60,33.60,33.60
14852,"2020-05-27","2023-07-18",1147,3,95.53,286.58,95.53
14854,"2022-11-25","2024-02-10",442,2,90.16,180.31,90.16
14855,"2023-05-14","2025-06-03",751,2,20.27,40.53,20.27
14856,"2020-02-15","2023-09-18",1311,4,240.08,960.32,240.08
14857,"2022-07-07","2022-07-07",0,1,234.16,234.16,234.16
14858,"2023-07-07","2023-07-07",0,1,9.84,9.84,9.84
14859,"2025-07-04","2025-07-04",0,1,39.35,39.35,39.35
14860,"2022-09-09","2022-09-09",0,1,243.20,243.20,243.20
14861,"2021-08-27","2023-01-01",492,2,173.32,346.64,173.32
14862,"2022-06-12","2024-10-09",850,2,54.12,108.24,54.12
14863,"2021-07-28","2021-07-28",0,1,44.27,44.27,44.27
14867,"2022-01-19","2024-07-17",910,2,114.18,228.35,114.18
14868,"2020-12-09","2020-12-09",0,1,439.64,439.64,439.64
14869,"2020-06-26","2024-01-07",1290,3,283.87,851.60,283.87
14873,"2020-10-30","2022-02-24",482,3,80.82,242.47,80.82
14874,"2020-06-04","2024-09-23",1572,3,278.37,835.11,278.37
14875,"2021-05-14","2024-05-26",1108,3,53.27,159.80,53.27
14876,"2020-09-08","2021-08-01",327,2,57.34,114.68,57.34
14877,"2020-09-21","2020-12-15",85,2,152.35,304.69,152.35
14879,"2022-09-26","2025-03-18",904,3,86.10,258.31,86.10
14880,"2020-04-26","2022-08-09",835,3,253.48,760.44,253.48
14881,"2024-11-26","2024-11-26",0,1,138.20,138.20,138.20
14882,"2021-04-20","2021-04-20",0,1,42.18,42.18,42.18
14883,"2020-06-19","2023-03-15",999,4,76.83,307.31,76.83
14884,"2021-01-20","2024-09-03",1322,4,154.18,616.73,154.18
14886,"2021-11-01","2023-11-09",738,2,206.42,412.83,206.42
14888,"2020-06-01","2025-08-24",1910,2,65.07,130.14,65.07
14889,"2023-03-27","2023-03-27",0,1,96.29,96.29,96.29
14891,"2021-04-01","2025-02-22",1423,4,84.90,339.61,84.90
14892,"2021-03-03","2021-03-03",0,1,8.85,8.85,8.85
14893,"2020-09-02","2023-07-23",1054,3,289.38,868.14,289.38
14894,"2020-02-20","2022-03-28",767,2,43.91,87.82,43.91
14895,"2022-04-19","2025-10-19",1279,2,46.53,93.05,46.53
14896,"2022-08-10","2023-08-22",377,2,83.66,167.32,83.66
14897,"2023-11-04","2024-06-27",236,2,131.17,262.34,131.17
14898,"2020-01-10","2024-01-17",1468,4,309.39,1237.55,309.39
14899,"2021-06-11","2021-06-11",0,1,352.14,352.14,352.14
14900,"2021-05-30","2025-01-04",1315,4,61.57,246.27,61.57
14902,"2021-08-26","2021-08-26",0,1,199.95,199.95,199.95
14903,"2020-01-05","2022-09-03",972,3,197.88,593.65,197.88
14904,"2020-02-28","2022-08-19",903,3,135.17,405.52,135.17
14906,"2021-11-30","2025-02-25",1183,2,133.58,267.15,133.58
14907,"2020-03-16","2025-01-31",1782,4,95.72,382.86,95.72
14908,"2021-03-19","2024-07-01",1200,4,68.59,274.37,68.59
14909,"2020-03-24","2023-07-13",1206,2,27.78,55.55,27.78
14911,"2021-01-01","2025-06-04",1615,4,244.06,976.24,244.06
14912,"2021-12-17","2021-12-17",0,1,218.63,218.63,218.63
14913,"2022-05-10","2024-01-19",619,2,137.75,275.49,137.75
14914,"2021-01-19","2021-01-19",0,1,138.88,138.88,138.88
14915,"2021-10-09","2022-03-31",173,2,156.59,313.17,156.59
14917,"2021-02-24","2023-01-31",706,4,223.60,894.40,223.60
14918,"2020-01-26","2023-07-11",1262,2,112.67,225.33,112.67
14919,"2022-03-30","2022-08-22",145,2,142.22,284.44,142.22
14920,"2025-09-08","2025-09-08",0,1,23.94,23.94,23.94
14922,"2021-07-26","2025-05-23",1397,4,71.69,286.76,71.69
14923,"2021-12-19","2023-01-07",384,3,57.91,173.72,57.91
14924,"2025-03-30","2025-03-30",0,1,27.05,27.05,27.05
14927,"2024-03-09","2024-03-09",0,1,77.25,77.25,77.25
14928,"2021-01-12","2021-04-28",106,2,92.17,184.34,92.17
14929,"2022-06-11","2025-08-17",1163,2,72.68,145.35,72.68
14930,"2021-12-04","2021-12-04",0,1,222.28,222.28,222.28
14932,"2021-03-17","2025-02-04",1420,2,26.17,52.33,26.17
14934,"2020-01-27","2024-08-30",1677,2,180.47,360.94,180.47
14935,"2020-12-19","2020-12-19",0,1,6.18,6.18,6.18
14936,"2020-08-23","2020-08-23",0,1,38.74,38.74,38.74
14937,"2025-01-22","2025-01-22",0,1,313.77,313.77,313.77
14938,"2020-09-23","2020-09-23",0,1,27.91,27.91,27.91
14939,"2025-10-04","2025-10-04",0,1,133.02,133.02,133.02
14942,"2023-06-05","2025-08-20",807,3,99.73,299.20,99.73
14943,"2021-07-05","2024-02-20",960,2,115.64,231.28,115.64
14944,"2022-12-21","2023-11-24",338,2,86.89,173.78,86.89
14945,"2025-09-18","2025-09-18",0,1,43.70,43.70,43.70
14948,"2025-02-10","2025-02-10",0,1,131.66,131.66,131.66
14951,"2025-04-02","2025-04-02",0,1,55.72,55.72,55.72
14953,"2021-07-12","2022-08-12",396,4,64.24,256.94,64.24
14954,"2025-08-27","2025-10-20",54,2,121.84,243.68,121.84
14955,"2023-11-09","2024-08-23",288,3,140.80,422.40,140.80
14956,"2024-03-18","2025-04-18",396,3,100.31,300.93,100.31
14960,"2021-05-31","2025-03-11",1380,6,142.52,855.10,142.52
14961,"2020-07-03","2025-08-24",1878,3,69.90,209.69,69.90
14962,"2023-01-14","2025-01-08",725,2,414.10,828.20,414.10
14963,"2021-08-17","2025-02-05",1268,2,95.18,190.35,95.18
14964,"2020-04-28","2024-03-21",1423,3,53.14,159.42,53.14
14965,"2022-04-02","2024-08-11",862,3,124.38,373.14,124.38
14967,"2022-12-09","2022-12-09",0,1,135.97,135.97,135.97
14968,"2024-08-07","2024-08-07",0,1,195.22,195.22,195.22
14970,"2021-09-29","2021-09-29",0,1,89.33,89.33,89.33
14972,"2021-03-13","2025-02-16",1436,2,56.89,113.77,56.89
14973,"2021-03-27","2021-07-07",102,2,51.15,102.30,51.15
14974,"2022-08-20","2022-08-20",0,1,180.33,180.33,180.33
14975,"2022-07-03","2022-07-03",0,1,302.74,302.74,302.74
14976,"2022-03-07","2022-03-07",0,1,202.11,202.11,202.11
14977,"2022-12-12","2023-09-05",267,2,94.45,188.89,94.45
14979,"2020-08-04","2020-10-30",87,2,101.76,203.51,101.76
14980,"2025-05-28","2025-10-13",138,2,36.23,72.45,36.23
14981,"2025-05-14","2025-05-14",0,1,91.99,91.99,91.99
14982,"2021-04-09","2023-11-12",947,2,82.18,164.35,82.18
14983,"2020-12-17","2022-01-26",405,3,106.19,318.56,106.19
14984,"2020-09-02","2022-09-17",745,3,190.32,570.96,190.32
14985,"2025-08-14","2025-08-14",0,1,43.72,43.72,43.72
14986,"2020-09-22","2020-09-22",0,1,239.48,239.48,239.48
14988,"2023-12-16","2023-12-16",0,1,537.24,537.24,537.24
14989,"2020-01-15","2023-09-18",1342,2,84.18,168.35,84.18
14990,"2021-08-22","2022-06-15",297,2,68.94,137.88,68.94
14991,"2020-04-26","2024-11-28",1677,3,132.57,397.70,132.57
14992,"2021-10-27","2021-10-27",0,1,70.21,70.21,70.21
14993,"2020-03-21","2020-03-21",0,1,68.78,68.78,68.78
14994,"2022-12-28","2024-04-25",484,3,123.68,371.03,123.68
14995,"2020-05-14","2023-02-07",999,2,64.83,129.66,64.83
14996,"2024-08-14","2024-08-14",0,1,213.44,213.44,213.44
14997,"2024-05-07","2024-11-09",186,3,91.06,273.18,91.06
14998,"2021-12-21","2024-10-05",1019,2,83.70,167.39,83.70
14999,"2022-04-10","2022-04-10",0,1,123.11,123.11,123.11
15001,"2021-12-19","2021-12-19",0,1,57.45,57.45,57.45
15002,"2023-02-18","2025-08-08",902,3,147.00,440.99,147.00
15003,"2023-01-06","2025-05-14",859,3,25.61,76.82,25.61
15005,"2021-10-26","2022-11-28",398,2,117.72,235.44,117.72
15008,"2021-05-22","2021-05-22",0,1,52.78,52.78,52.78
15010,"2024-08-17","2024-08-17",0,1,106.98,106.98,106.98
15011,"2020-03-03","2022-01-02",670,2,28.42,56.84,28.42
15012,"2022-10-07","2025-03-06",881,2,99.38,198.76,99.38
15013,"2021-12-27","2021-12-27",0,1,136.92,136.92,136.92
15014,"2024-11-23","2024-11-23",0,1,9.79,9.79,9.79
15015,"2020-03-09","2023-07-12",1220,3,36.18,108.55,36.18
15016,"2021-08-08","2024-10-28",1177,3,150.03,450.10,150.03
15017,"2024-08-07","2024-08-07",0,1,67.19,67.19,67.19
15018,"2020-12-17","2025-08-02",1689,4,139.33,557.30,139.33
15019,"2021-07-19","2024-03-13",968,5,69.58,347.92,69.58
15020,"2021-02-09","2021-02-09",0,1,115.51,115.51,115.51
15021,"2025-08-02","2025-08-02",0,1,82.58,82.58,82.58
15022,"2021-01-11","2025-10-13",1736,2,312.96,625.91,312.96
15023,"2020-05-07","2022-07-07",791,2,33.89,67.78,33.89
15024,"2025-09-01","2025-09-01",0,1,50.87,50.87,50.87
15025,"2021-07-19","2021-07-19",0,1,69.64,69.64,69.64
15026,"2023-08-10","2023-08-10",0,1,55.73,55.73,55.73
15027,"2021-01-14","2025-10-24",1744,2,98.68,197.35,98.68
15028,"2024-08-05","2024-08-05",0,1,165.97,165.97,165.97
15029,"2020-08-08","2024-08-24",1477,4,289.09,1156.34,289.09
15030,"2021-09-27","2021-09-27",0,1,21.83,21.83,21.83
15031,"2022-02-16","2022-02-16",0,1,81.90,81.90,81.90
15032,"2025-07-09","2025-07-09",0,1,36.72,36.72,36.72
15033,"2023-10-26","2024-12-27",428,2,17.68,35.35,17.68
15035,"2025-06-05","2025-06-05",0,1,7.16,7.16,7.16
15036,"2022-02-28","2025-08-30",1279,3,100.78,302.35,100.78
15037,"2022-03-26","2022-03-26",0,1,67.86,67.86,67.86
15038,"2020-07-31","2021-02-02",186,2,70.20,140.39,70.20
15039,"2022-07-17","2023-07-16",364,2,510.45,1020.90,510.45
15040,"2022-01-29","2024-06-16",869,2,59.66,119.31,59.66
15042,"2025-06-17","2025-06-17",0,1,28.92,28.92,28.92
15043,"2023-04-25","2025-02-15",662,2,107.90,215.79,107.90
15045,"2020-10-24","2020-10-24",0,1,53.09,53.09,53.09
15046,"2022-06-22","2024-11-18",880,3,127.24,381.71,127.24
15047,"2022-09-02","2023-12-02",456,2,59.98,119.96,59.98
15048,"2020-10-05","2020-10-05",0,1,144.96,144.96,144.96
15049,"2022-03-04","2022-05-09",66,2,74.22,148.43,74.22
15050,"2022-10-30","2022-10-30",0,1,646.32,646.32,646.32
15051,"2021-09-13","2021-09-13",0,1,508.23,508.23,508.23
15052,"2024-08-01","2025-09-11",406,2,111.95,223.89,111.95
15053,"2022-10-07","2022-10-07",0,1,12.37,12.37,12.37
15054,"2024-01-26","2024-01-26",0,1,55.66,55.66,55.66
15055,"2023-09-30","2023-09-30",0,1,82.02,82.02,82.02
15056,"2022-01-03","2024-08-29",969,2,210.82,421.64,210.82
15057,"2021-06-17","2022-10-22",492,2,224.47,448.94,224.47
15058,"2020-05-03","2025-08-16",1931,4,68.66,274.63,68.66
15059,"2021-08-21","2024-06-15",1029,3,320.24,960.72,320.24
15060,"2021-08-30","2023-03-11",558,2,449.84,899.67,449.84
15061,"2020-09-15","2024-07-02",1386,4,93.05,372.21,93.05
15062,"2022-05-26","2022-11-11",169,2,94.20,188.40,94.20
15065,"2025-05-03","2025-05-03",0,1,13.83,13.83,13.83
15067,"2022-10-19","2022-12-18",60,2,9.63,19.25,9.63
15069,"2020-02-12","2021-07-01",505,2,148.38,296.76,148.38
15070,"2024-01-04","2024-01-04",0,1,44.44,44.44,44.44
15071,"2023-11-27","2024-12-26",395,2,41.46,82.91,41.46
15072,"2021-03-27","2021-09-04",161,2,173.30,346.60,173.30
15073,"2024-03-22","2024-03-22",0,1,454.09,454.09,454.09
15076,"2021-01-28","2025-06-06",1590,3,7.01,21.03,7.01
15077,"2021-07-26","2024-10-06",1168,2,28.11,56.21,28.11
15078,"2024-12-07","2025-10-06",303,2,22.77,45.53,22.77
15079,"2022-01-30","2024-12-03",1038,2,142.22,284.43,142.22
15080,"2021-01-04","2023-09-01",970,3,112.95,338.86,112.95
15081,"2020-08-02","2021-05-26",297,2,182.00,364.00,182.00
15082,"2020-04-02","2020-04-02",0,1,79.83,79.83,79.83
15084,"2023-06-24","2024-09-15",449,2,184.02,368.04,184.02
15085,"2022-09-14","2022-09-14",0,1,249.79,249.79,249.79
15086,"2020-01-10","2024-08-06",1670,4,123.44,493.76,123.44
15087,"2021-01-28","2023-08-06",920,3,192.01,576.04,192.01
15088,"2022-08-11","2023-10-18",433,2,451.46,902.92,451.46
15090,"2021-08-27","2023-04-14",595,4,108.66,434.64,108.66
15091,"2021-05-23","2022-06-03",376,2,53.04,106.07,53.04
15093,"2021-05-26","2025-10-23",1611,4,98.80,395.20,98.80
15094,"2022-08-27","2022-09-16",20,2,17.69,35.38,17.69
15095,"2021-04-26","2023-12-03",951,3,112.16,336.49,112.16
15096,"2021-06-13","2021-06-13",0,1,100.42,100.42,100.42
15097,"2024-12-08","2024-12-08",0,1,133.69,133.69,133.69
15098,"2022-03-17","2022-03-17",0,1,46.71,46.71,46.71
15099,"2020-02-26","2025-02-21",1822,3,132.04,396.12,132.04
15100,"2024-10-07","2025-07-22",288,3,89.20,267.60,89.20
15101,"2021-10-07","2023-05-04",574,2,68.13,136.25,68.13
15102,"2020-04-10","2020-04-10",0,1,39.84,39.84,39.84
15103,"2020-09-13","2020-09-13",0,1,53.96,53.96,53.96
15104,"2023-05-16","2024-06-20",401,2,128.26,256.52,128.26
15106,"2020-12-27","2025-08-02",1679,4,213.64,854.54,213.64
15107,"2021-04-17","2021-04-17",0,1,16.87,16.87,16.87
15108,"2020-01-29","2024-10-03",1709,5,281.90,1409.51,281.90
15109,"2020-01-22","2020-01-22",0,1,7.40,7.40,7.40
15110,"2021-01-05","2024-01-11",1101,3,91.78,275.34,91.78
15111,"2024-05-22","2024-05-22",0,1,92.11,92.11,92.11
15112,"2022-06-02","2025-06-16",1110,3,60.70,182.10,60.70
15113,"2021-12-02","2021-12-02",0,1,25.08,25.08,25.08
15116,"2020-01-18","2023-12-18",1430,3,194.31,582.92,194.31
15117,"2022-01-19","2025-09-08",1328,3,259.15,777.46,259.15
15118,"2023-12-04","2023-12-04",0,1,74.86,74.86,74.86
15119,"2022-09-01","2022-09-01",0,1,41.81,41.81,41.81
15120,"2020-10-31","2024-05-15",1292,2,68.12,136.24,68.12
15122,"2020-03-25","2022-06-16",813,3,63.53,190.59,63.53
15123,"2021-06-01","2021-06-01",0,1,53.41,53.41,53.41
15124,"2020-09-29","2022-04-01",549,3,202.37,607.10,202.37
15125,"2023-08-07","2023-08-07",0,1,63.22,63.22,63.22
15126,"2020-05-29","2021-11-25",545,5,49.70,248.48,49.70
15127,"2021-09-04","2021-09-04",0,1,28.08,28.08,28.08
15128,"2021-12-19","2025-08-26",1346,4,223.31,893.22,223.31
15129,"2025-06-14","2025-06-27",13,2,135.32,270.64,135.32
15130,"2020-02-28","2023-11-12",1353,4,291.64,1166.56,291.64
15131,"2022-12-09","2024-03-29",476,2,17.42,34.83,17.42
15133,"2020-09-25","2020-09-25",0,1,121.30,121.30,121.30
15136,"2020-03-12","2023-11-19",1347,5,121.92,609.58,121.92
15137,"2022-05-09","2025-06-08",1126,4,131.55,526.21,131.55
15139,"2021-02-07","2022-12-29",690,2,87.58,175.16,87.58
15140,"2025-07-10","2025-07-10",0,1,29.12,29.12,29.12
15142,"2021-07-22","2025-03-14",1331,4,185.22,740.87,185.22
15143,"2022-07-01","2022-07-01",0,1,51.90,51.90,51.90
15144,"2020-06-16","2024-09-30",1567,3,55.81,167.44,55.81
15145,"2024-01-03","2024-08-16",226,2,133.00,265.99,133.00
15146,"2022-03-11","2022-03-11",0,1,48.35,48.35,48.35
15147,"2020-08-03","2020-08-03",0,1,46.64,46.64,46.64
15148,"2022-12-23","2022-12-23",0,1,23.14,23.14,23.14
15149,"2022-11-01","2022-11-01",0,1,95.23,95.23,95.23
15151,"2020-05-17","2020-05-17",0,1,329.88,329.88,329.88
15153,"2020-03-24","2021-04-30",402,2,269.77,539.53,269.77
15156,"2024-05-19","2024-05-19",0,1,82.68,82.68,82.68
15157,"2020-03-10","2022-04-01",752,2,122.15,244.30,122.15
15158,"2024-01-09","2024-01-09",0,1,25.06,25.06,25.06
15159,"2021-01-29","2021-01-29",0,1,99.09,99.09,99.09
15160,"2020-09-05","2024-09-06",1462,4,141.77,567.09,141.77
15161,"2020-12-20","2020-12-20",0,1,364.67,364.67,364.67
15162,"2020-12-04","2022-01-08",400,2,63.65,127.29,63.65
15163,"2025-04-27","2025-04-27",0,1,101.02,101.02,101.02
15166,"2024-07-28","2024-10-04",68,2,32.64,65.27,32.64
15167,"2020-11-06","2020-11-06",0,1,191.88,191.88,191.88
15168,"2020-04-28","2024-02-08",1381,3,75.96,227.87,75.96
15169,"2022-10-11","2022-10-11",0,1,324.31,324.31,324.31
15170,"2020-02-23","2023-06-23",1216,3,128.74,386.21,128.74
15171,"2021-03-07","2021-03-07",0,1,167.88,167.88,167.88
15172,"2025-04-25","2025-04-25",0,1,225.14,225.14,225.14
15173,"2021-03-26","2025-06-01",1528,3,68.82,206.45,68.82
15174,"2020-12-09","2025-04-17",1590,2,111.65,223.30,111.65
15175,"2023-04-13","2023-04-13",0,1,288.15,288.15,288.15
15176,"2023-02-16","2023-08-03",168,2,135.07,270.13,135.07
15177,"2020-02-27","2022-09-03",919,3,104.29,312.86,104.29
15178,"2022-12-18","2022-12-18",0,1,57.33,57.33,57.33
15179,"2020-06-03","2025-08-17",1901,2,61.54,123.07,61.54
15180,"2024-12-27","2024-12-27",0,1,590.97,590.97,590.97
15181,"2020-07-25","2020-07-25",0,1,102.12,102.12,102.12
15182,"2024-06-19","2024-06-19",0,1,29.93,29.93,29.93
15183,"2023-11-11","2023-11-11",0,1,102.05,102.05,102.05
15184,"2021-09-26","2021-09-26",0,1,121.74,121.74,121.74
15185,"2023-07-01","2025-09-24",816,2,239.47,478.93,239.47
15186,"2020-01-23","2020-01-23",0,1,109.48,109.48,109.48
15187,"2020-01-23","2022-09-19",970,2,139.08,278.16,139.08
15189,"2021-04-22","2021-04-22",0,1,331.45,331.45,331.45
15191,"2020-10-20","2020-10-29",9,2,95.39,190.77,95.39
15192,"2025-01-30","2025-03-29",58,2,57.21,114.42,57.21
15193,"2022-08-03","2022-08-03",0,1,195.71,195.71,195.71
15194,"2020-10-15","2025-03-21",1618,4,85.81,343.25,85.81
15195,"2020-05-22","2020-11-08",170,2,566.36,1132.71,566.36
15196,"2022-08-10","2024-03-28",596,4,128.59,514.34,128.59
15197,"2022-04-19","2025-10-18",1278,2,30.53,61.05,30.53
15198,"2020-04-05","2021-09-22",535,2,272.10,544.19,272.10
15199,"2021-08-05","2021-08-05",0,1,49.17,49.17,49.17
15200,"2023-05-31","2023-05-31",0,1,78.77,78.77,78.77
15201,"2020-10-18","2021-01-05",79,2,223.26,446.52,223.26
15202,"2020-06-29","2024-10-15",1569,3,127.48,382.43,127.48
15203,"2024-07-20","2024-07-20",0,1,107.58,107.58,107.58
15204,"2020-08-20","2020-08-20",0,1,83.98,83.98,83.98
15205,"2025-03-02","2025-03-02",0,1,397.10,397.10,397.10
15206,"2021-10-25","2021-10-25",0,1,245.62,245.62,245.62
15207,"2020-10-14","2023-02-09",848,2,111.47,222.93,111.47
15208,"2020-08-03","2024-01-12",1257,2,130.35,260.69,130.35
15211,"2022-01-23","2022-01-23",0,1,51.19,51.19,51.19
15212,"2024-12-10","2024-12-10",0,1,5.76,5.76,5.76
15213,"2020-12-08","2024-11-25",1448,5,80.81,404.05,80.81
15214,"2020-02-23","2020-02-23",0,1,1002.36,1002.36,1002.36
15215,"2020-05-02","2024-08-07",1558,6,114.55,687.30,114.55
15216,"2025-07-07","2025-08-13",37,2,87.85,175.70,87.85
15217,"2024-08-12","2024-08-12",0,1,504.28,504.28,504.28
15219,"2024-01-26","2024-01-26",0,1,145.78,145.78,145.78
15220,"2024-01-18","2025-10-12",633,2,198.27,396.54,198.27
15221,"2022-10-25","2022-10-25",0,1,139.80,139.80,139.80
15225,"2023-08-19","2023-08-19",0,1,236.03,236.03,236.03
15226,"2022-07-26","2022-07-26",0,1,51.57,51.57,51.57
15227,"2022-04-20","2023-04-28",373,2,29.05,58.09,29.05
15228,"2023-11-17","2023-11-17",0,1,317.60,317.60,317.60
15230,"2023-05-24","2023-05-24",0,1,85.45,85.45,85.45
15231,"2020-03-12","2023-02-11",1066,2,20.48,40.96,20.48
15232,"2021-05-24","2021-06-27",34,2,201.21,402.42,201.21
15233,"2020-12-09","2020-12-09",0,1,161.60,161.60,161.60
15234,"2021-05-11","2022-06-02",387,2,123.01,246.01,123.01
15237,"2022-10-15","2022-10-15",0,1,70.15,70.15,70.15
15238,"2023-11-19","2024-05-23",186,3,56.83,170.48,56.83
15239,"2020-11-01","2025-08-14",1747,4,92.09,368.35,92.09
15240,"2023-05-27","2023-05-27",0,1,20.73,20.73,20.73
15241,"2022-02-06","2022-02-06",0,1,42.92,42.92,42.92
15242,"2025-04-01","2025-04-01",0,1,125.53,125.53,125.53
15243,"2022-07-15","2023-11-22",495,2,107.50,215.00,107.50
15244,"2022-08-13","2025-07-09",1061,2,167.51,335.02,167.51
15245,"2022-07-14","2025-04-30",1021,3,396.52,1189.56,396.52
15246,"2025-02-14","2025-02-14",0,1,14.56,14.56,14.56
15248,"2020-05-17","2021-01-31",259,2,173.51,347.02,173.51
15249,"2021-04-30","2021-04-30",0,1,125.26,125.26,125.26
15250,"2025-10-23","2025-10-23",0,1,131.11,131.11,131.11
15251,"2021-02-11","2023-06-23",862,2,59.24,118.47,59.24
15252,"2020-08-29","2023-01-22",876,2,46.09,92.17,46.09
15253,"2022-12-25","2022-12-25",0,1,282.79,282.79,282.79
15255,"2021-04-20","2021-04-20",0,1,280.94,280.94,280.94
15256,"2020-12-12","2020-12-12",0,1,150.16,150.16,150.16
15257,"2021-11-20","2021-11-20",0,1,286.82,286.82,286.82
15258,"2022-11-04","2022-11-04",0,1,150.71,150.71,150.71
15259,"2020-03-11","2025-06-14",1921,3,233.61,700.84,233.61
15260,"2022-10-09","2022-10-18",9,2,107.45,214.89,107.45
15261,"2022-09-15","2022-09-15",0,1,102.78,102.78,102.78
15262,"2023-05-03","2025-07-27",816,3,146.55,439.64,146.55
15263,"2022-10-07","2022-10-07",0,1,56.15,56.15,56.15
15265,"2024-05-17","2024-05-17",0,1,144.43,144.43,144.43
15267,"2020-01-02","2021-09-01",608,3,193.44,580.31,193.44
15269,"2025-01-02","2025-05-20",138,3,114.22,342.66,114.22
15270,"2020-07-23","2020-07-23",0,1,55.02,55.02,55.02
15271,"2023-02-17","2025-01-31",714,2,67.83,135.66,67.83
15272,"2023-03-24","2023-03-24",0,1,24.33,24.33,24.33
15273,"2023-08-22","2024-11-25",461,3,166.32,498.97,166.32
15274,"2020-08-15","2021-10-03",414,2,203.07,406.14,203.07
15275,"2020-04-20","2020-04-20",0,1,139.13,139.13,139.13
15276,"2021-10-27","2025-09-24",1428,3,37.90,113.69,37.90
15277,"2021-06-15","2021-06-15",0,1,144.97,144.97,144.97
15278,"2024-06-05","2024-06-05",0,1,50.47,50.47,50.47
15279,"2022-02-19","2023-10-31",619,2,201.64,403.28,201.64
15280,"2023-04-30","2023-04-30",0,1,35.78,35.78,35.78
15281,"2021-08-18","2024-06-21",1038,3,136.87,410.61,136.87
15283,"2022-02-27","2023-08-30",549,2,201.88,403.75,201.88
15284,"2022-12-04","2022-12-04",0,1,237.58,237.58,237.58
15286,"2021-12-10","2024-11-15",1071,2,145.97,291.93,145.97
15287,"2020-06-30","2020-06-30",0,1,45.78,45.78,45.78
15288,"2021-02-11","2021-02-11",0,1,49.52,49.52,49.52
15290,"2020-07-02","2022-12-17",898,2,97.49,194.97,97.49
15291,"2021-11-18","2025-10-15",1427,5,114.77,573.87,114.77
15292,"2020-09-24","2022-02-06",500,3,89.24,267.72,89.24
15293,"2020-01-26","2020-01-26",0,1,45.20,45.20,45.20
15294,"2021-04-21","2025-01-05",1355,3,225.94,677.82,225.94
15295,"2022-06-20","2022-06-20",0,1,5.70,5.70,5.70
15297,"2024-06-06","2024-06-06",0,1,39.09,39.09,39.09
15298,"2021-05-28","2021-05-28",0,1,426.31,426.31,426.31
15299,"2020-06-29","2021-08-18",415,2,73.86,147.72,73.86
15300,"2020-08-24","2021-06-02",282,2,257.08,514.16,257.08
15301,"2023-12-06","2024-05-14",160,2,40.82,81.64,40.82
15302,"2023-07-30","2023-07-30",0,1,72.45,72.45,72.45
15303,"2022-02-24","2022-02-24",0,1,166.38,166.38,166.38
15304,"2020-06-27","2025-08-09",1869,2,329.11,658.21,329.11
15305,"2020-08-03","2021-10-17",440,2,212.37,424.73,212.37
15307,"2023-05-11","2024-09-10",488,2,77.80,155.59,77.80
15308,"2020-08-21","2020-08-21",0,1,96.80,96.80,96.80
15309,"2025-08-24","2025-08-24",0,1,155.10,155.10,155.10
15310,"2020-05-08","2021-10-30",540,4,139.96,559.82,139.96
15311,"2020-01-20","2020-01-20",0,1,247.37,247.37,247.37
15312,"2024-01-04","2024-01-04",0,1,118.14,118.14,118.14
15315,"2025-09-29","2025-09-29",0,1,426.85,426.85,426.85
15316,"2023-10-17","2024-11-05",385,2,477.07,954.14,477.07
15317,"2022-07-09","2024-10-23",837,3,92.57,277.70,92.57
15319,"2020-04-07","2020-06-16",70,2,261.66,523.32,261.66
15320,"2020-02-25","2020-02-25",0,1,17.19,17.19,17.19
15322,"2021-02-11","2025-02-03",1453,3,106.92,320.77,106.92
15324,"2021-05-08","2021-05-08",0,1,67.70,67.70,67.70
15325,"2020-06-01","2020-06-01",0,1,234.33,234.33,234.33
15326,"2025-08-26","2025-08-26",0,1,244.82,244.82,244.82
15327,"2022-12-02","2022-12-02",0,1,38.70,38.70,38.70
15329,"2021-11-04","2021-11-04",0,1,216.97,216.97,216.97
15330,"2022-06-09","2022-06-09",0,1,159.59,159.59,159.59
15332,"2020-07-20","2024-09-04",1507,3,75.69,227.06,75.69
15333,"2021-09-30","2021-12-05",66,3,248.35,745.06,248.35
15334,"2024-10-03","2025-10-09",371,2,301.37,602.74,301.37
15335,"2023-08-07","2025-03-03",574,3,257.79,773.37,257.79
15336,"2020-10-29","2020-10-29",0,1,106.41,106.41,106.41
15337,"2024-09-20","2024-09-20",0,1,73.75,73.75,73.75
15338,"2021-09-08","2025-06-21",1382,3,78.10,234.31,78.10
15339,"2025-07-29","2025-07-29",0,1,28.55,28.55,28.55
15340,"2022-01-14","2022-08-18",216,2,171.52,343.04,171.52
15341,"2022-07-20","2023-04-09",263,2,177.03,354.05,177.03
15342,"2021-08-01","2021-08-01",0,1,119.96,119.96,119.96
15344,"2022-09-20","2024-07-16",665,3,214.15,642.46,214.15
15346,"2021-12-17","2024-09-09",997,2,39.45,78.90,39.45
15347,"2023-03-26","2024-06-24",456,2,83.03,166.05,83.03
15349,"2020-02-27","2022-10-22",968,4,243.59,974.36,243.59
15350,"2020-03-07","2022-02-28",723,3,91.05,273.16,91.05
15352,"2024-11-26","2024-11-26",0,1,92.16,92.16,92.16
15353,"2021-03-01","2024-09-10",1289,2,84.40,168.79,84.40
15354,"2022-01-09","2025-10-04",1364,2,44.17,88.34,44.17
15355,"2020-12-25","2020-12-25",0,1,427.28,427.28,427.28
15356,"2020-08-12","2024-02-06",1273,3,67.40,202.19,67.40
15357,"2023-01-14","2023-08-18",216,2,166.41,332.82,166.41
15358,"2023-10-08","2023-10-08",0,1,171.77,171.77,171.77
15359,"2023-03-12","2023-03-12",0,1,400.56,400.56,400.56
15360,"2020-03-19","2025-08-05",1965,3,214.36,643.09,214.36
15361,"2021-12-18","2021-12-18",0,1,239.45,239.45,239.45
15364,"2020-09-10","2020-09-10",0,1,49.85,49.85,49.85
15365,"2022-02-04","2022-02-04",0,1,71.48,71.48,71.48
15366,"2022-08-11","2022-08-11",0,1,45.62,45.62,45.62
15367,"2020-11-07","2020-11-07",0,1,135.04,135.04,135.04
15368,"2024-01-11","2025-08-26",593,2,167.93,335.85,167.93
15369,"2021-04-02","2022-07-03",457,2,39.08,78.15,39.08
15370,"2020-09-28","2022-07-28",668,2,55.33,110.66,55.33
15371,"2021-07-03","2025-10-14",1564,3,236.65,709.94,236.65
15372,"2022-09-04","2025-05-01",970,4,44.61,178.45,44.61
15373,"2025-06-12","2025-06-12",0,1,129.74,129.74,129.74
15374,"2021-03-17","2025-01-15",1400,4,81.94,327.75,81.94
15375,"2020-07-08","2025-10-14",1924,3,57.99,173.97,57.99
15376,"2021-11-05","2023-06-09",581,3,55.27,165.81,55.27
15377,"2020-04-19","2024-06-19",1522,4,124.80,499.20,124.80
15378,"2022-06-11","2024-05-08",697,2,124.23,248.46,124.23
15379,"2023-06-06","2023-06-06",0,1,234.00,234.00,234.00
15380,"2024-04-07","2024-04-07",0,1,89.62,89.62,89.62
15381,"2020-02-25","2025-01-17",1788,3,45.82,137.45,45.82
15382,"2024-03-21","2024-11-14",238,2,26.79,53.57,26.79
15384,"2022-12-06","2024-08-28",631,2,140.44,280.88,140.44
15385,"2021-10-29","2025-03-17",1235,2,68.03,136.05,68.03
15387,"2020-09-03","2024-05-17",1352,3,135.26,405.77,135.26
15389,"2020-05-09","2020-05-09",0,1,21.61,21.61,21.61
15391,"2023-05-04","2023-05-04",0,1,29.96,29.96,29.96
15392,"2020-12-14","2020-12-14",0,1,101.21,101.21,101.21
15393,"2022-03-25","2025-04-02",1104,2,26.19,52.38,26.19
15394,"2024-01-03","2024-08-04",214,2,86.68,173.35,86.68
15395,"2021-06-25","2021-06-25",0,1,364.13,364.13,364.13
15396,"2021-01-26","2023-10-06",983,2,231.30,462.59,231.30
15397,"2021-03-27","2021-03-27",0,1,56.86,56.86,56.86
15398,"2022-08-10","2022-08-10",0,1,42.60,42.60,42.60
15399,"2024-07-08","2024-07-08",0,1,13.80,13.80,13.80
15400,"2020-11-16","2020-11-16",0,1,61.64,61.64,61.64
15401,"2021-03-18","2023-05-20",793,3,246.71,740.12,246.71
15402,"2024-02-18","2025-05-31",468,2,219.84,439.68,219.84
15403,"2022-08-07","2024-07-16",709,2,138.53,277.06,138.53
15404,"2021-09-06","2024-06-04",1002,2,104.67,209.34,104.67
15405,"2023-10-16","2024-08-09",298,2,47.35,94.69,47.35
15406,"2022-10-25","2025-09-23",1064,3,50.57,151.70,50.57
15408,"2023-05-17","2023-05-17",0,1,271.57,271.57,271.57
15410,"2021-08-30","2024-05-21",995,5,74.21,371.07,74.21
15411,"2021-10-16","2021-10-16",0,1,219.73,219.73,219.73
15412,"2024-07-10","2024-07-10",0,1,58.49,58.49,58.49
15413,"2025-04-01","2025-04-01",0,1,38.75,38.75,38.75
15414,"2020-03-09","2023-05-23",1170,5,155.94,779.71,155.94
15415,"2023-01-01","2023-05-28",147,2,32.40,64.80,32.40
15416,"2020-08-21","2024-11-18",1550,3,124.21,372.63,124.21
15417,"2021-05-10","2023-08-21",833,2,136.01,272.02,136.01
15419,"2020-04-09","2021-02-26",323,2,253.39,506.78,253.39
15420,"2022-05-11","2022-05-11",0,1,35.03,35.03,35.03
15422,"2020-04-28","2021-07-13",441,2,108.42,216.84,108.42
15423,"2022-02-06","2025-07-04",1244,4,123.12,492.49,123.12
15424,"2024-11-14","2024-11-14",0,1,6.98,6.98,6.98
15425,"2021-10-23","2025-08-27",1404,4,115.40,461.59,115.40
15426,"2022-12-25","2022-12-25",0,1,469.68,469.68,469.68
15427,"2020-01-09","2023-10-13",1373,3,81.97,245.92,81.97
15429,"2020-12-24","2024-07-29",1313,4,76.35,305.38,76.35
15430,"2025-08-02","2025-08-02",0,1,59.96,59.96,59.96
15431,"2021-02-18","2021-02-18",0,1,242.45,242.45,242.45
15432,"2024-09-15","2024-09-15",0,1,74.98,74.98,74.98
15433,"2024-10-01","2024-10-01",0,1,248.94,248.94,248.94
15435,"2022-07-20","2025-09-29",1167,5,327.33,1636.67,327.33
15436,"2024-03-17","2024-03-17",0,1,110.69,110.69,110.69
15437,"2020-06-09","2022-01-15",585,3,175.59,526.77,175.59
15438,"2023-10-04","2023-10-04",0,1,134.91,134.91,134.91
15439,"2024-03-04","2024-03-04",0,1,90.91,90.91,90.91
15440,"2020-05-12","2022-03-04",661,2,158.47,316.93,158.47
15441,"2020-11-19","2023-01-23",795,3,62.07,186.22,62.07
15443,"2023-10-11","2023-10-11",0,1,9.39,9.39,9.39
15444,"2021-04-09","2023-09-19",893,4,197.68,790.73,197.68
15445,"2022-09-03","2022-09-03",0,1,89.68,89.68,89.68
15446,"2021-07-26","2025-03-10",1323,6,138.93,833.60,138.93
15448,"2021-02-22","2022-12-12",658,2,166.17,332.34,166.17
15449,"2021-05-03","2022-03-19",320,2,121.87,243.73,121.87
15451,"2022-08-06","2024-04-13",616,3,38.45,115.36,38.45
15452,"2020-10-02","2024-01-29",1214,2,155.78,311.56,155.78
15453,"2020-12-08","2021-05-14",157,2,249.94,499.88,249.94
15454,"2021-01-08","2023-10-01",996,3,68.31,204.93,68.31
15455,"2022-08-17","2022-08-17",0,1,81.98,81.98,81.98
15456,"2022-06-27","2022-06-27",0,1,55.73,55.73,55.73
15457,"2021-09-04","2021-09-04",0,1,479.93,479.93,479.93
15459,"2021-02-26","2024-06-05",1195,2,76.65,153.30,76.65
15460,"2022-11-24","2025-05-24",912,4,97.82,391.26,97.82
15461,"2023-10-15","2024-11-30",412,2,156.08,312.15,156.08
15462,"2025-10-10","2025-10-10",0,1,149.98,149.98,149.98
15464,"2021-01-27","2025-07-28",1643,2,26.47,52.93,26.47
15465,"2021-10-18","2024-11-22",1131,2,28.92,57.83,28.92
15466,"2020-01-30","2020-01-30",0,1,44.15,44.15,44.15
15468,"2021-12-20","2021-12-25",5,2,150.30,300.59,150.30
15469,"2020-05-23","2022-10-11",871,4,38.07,152.28,38.07
15470,"2023-12-04","2023-12-04",0,1,222.84,222.84,222.84
15471,"2025-04-14","2025-04-14",0,1,236.20,236.20,236.20
15472,"2020-02-01","2021-05-17",471,2,338.34,676.68,338.34
15473,"2025-04-10","2025-08-10",122,2,295.62,591.24,295.62
15474,"2024-07-18","2024-09-09",53,2,55.11,110.21,55.11
15475,"2020-10-12","2024-09-10",1429,6,203.54,1221.25,203.54
15476,"2021-07-08","2021-07-08",0,1,127.84,127.84,127.84
15477,"2021-09-06","2025-02-27",1270,4,107.37,429.49,107.37
15478,"2021-12-22","2025-03-26",1190,2,147.65,295.29,147.65
15479,"2020-06-11","2020-06-11",0,1,29.99,29.99,29.99
15480,"2020-04-06","2025-05-19",1869,3,140.97,422.91,140.97
15481,"2020-10-13","2021-12-17",430,3,155.60,466.80,155.60
15482,"2023-10-24","2023-10-24",0,1,50.82,50.82,50.82
15483,"2024-09-17","2024-09-17",0,1,193.86,193.86,193.86
15484,"2020-04-06","2024-02-29",1424,3,172.16,516.48,172.16
15487,"2025-07-15","2025-07-15",0,1,56.50,56.50,56.50
15489,"2023-09-20","2025-10-23",764,2,103.43,206.85,103.43
15490,"2021-05-31","2024-03-26",1030,4,127.60,510.39,127.60
15491,"2023-03-28","2023-03-28",0,1,81.76,81.76,81.76
15492,"2023-04-26","2025-05-25",760,4,159.77,639.09,159.77
15493,"2021-09-14","2021-09-14",0,1,870.81,870.81,870.81
15494,"2022-10-05","2022-10-05",0,1,226.25,226.25,226.25
15496,"2023-12-30","2023-12-30",0,1,76.94,76.94,76.94
15497,"2022-12-17","2022-12-17",0,1,105.49,105.49,105.49
15498,"2021-08-09","2021-08-09",0,1,39.74,39.74,39.74
15500,"2022-07-04","2022-07-04",0,1,32.13,32.13,32.13
15501,"2022-03-17","2023-03-28",376,2,111.91,223.81,111.91
15502,"2020-02-29","2023-08-02",1250,5,172.75,863.74,172.75
15504,"2021-01-22","2025-06-19",1609,2,57.82,115.64,57.82
15505,"2022-06-16","2022-07-09",23,2,280.76,561.51,280.76
15506,"2022-09-24","2025-10-11",1113,3,35.33,105.98,35.33
15507,"2020-06-09","2022-12-02",906,3,186.31,558.93,186.31
15508,"2020-10-22","2024-04-19",1275,3,129.03,387.10,129.03
15509,"2020-09-04","2025-02-21",1631,2,202.29,404.58,202.29
15510,"2020-01-30","2023-02-10",1107,3,160.00,480.01,160.00
15511,"2024-04-26","2025-08-09",470,4,81.93,327.73,81.93
15512,"2021-03-04","2024-11-22",1359,2,171.50,342.99,171.50
15513,"2024-06-23","2024-06-23",0,1,47.18,47.18,47.18
15514,"2023-12-19","2023-12-19",0,1,94.04,94.04,94.04
15515,"2021-05-01","2021-05-01",0,1,163.74,163.74,163.74
15516,"2023-07-01","2025-06-15",715,3,55.10,165.30,55.10
15517,"2023-01-17","2024-06-14",514,2,508.90,1017.80,508.90
15518,"2021-10-04","2025-07-02",1367,3,121.55,364.64,121.55
15519,"2020-03-05","2021-03-18",378,3,165.24,495.72,165.24
15521,"2021-02-10","2021-02-10",0,1,106.94,106.94,106.94
15522,"2020-05-22","2024-07-04",1504,5,275.80,1379.00,275.80
15523,"2020-07-31","2021-06-08",312,2,109.88,219.76,109.88
15524,"2024-11-03","2024-11-03",0,1,16.16,16.16,16.16
15525,"2023-02-02","2023-02-02",0,1,8.33,8.33,8.33
15526,"2022-11-15","2023-12-04",384,3,90.34,271.02,90.34
15528,"2023-04-29","2023-04-29",0,1,342.60,342.60,342.60
15529,"2022-06-28","2022-06-28",0,1,163.10,163.10,163.10
15531,"2020-04-02","2020-06-04",63,2,96.56,193.11,96.56
15532,"2020-10-03","2023-11-11",1134,3,134.99,404.97,134.99
15533,"2020-11-12","2023-03-30",868,2,73.55,147.09,73.55
15536,"2021-04-10","2025-07-07",1549,5,62.65,313.26,62.65
15538,"2020-12-01","2025-08-15",1718,2,299.50,598.99,299.50
15539,"2021-08-24","2021-11-30",98,2,37.67,75.34,37.67
15540,"2020-02-29","2025-02-22",1820,2,105.37,210.73,105.37
15541,"2023-04-24","2023-04-24",0,1,17.88,17.88,17.88
15542,"2020-12-03","2022-12-17",744,2,60.01,120.02,60.01
15543,"2022-07-11","2025-08-02",1118,3,66.04,198.13,66.04
15544,"2021-01-02","2025-01-05",1464,2,191.56,383.12,191.56
15545,"2020-03-09","2023-12-26",1387,3,48.77,146.31,48.77
15547,"2020-05-13","2022-07-02",780,3,153.47,460.42,153.47
15548,"2020-03-12","2024-01-23",1412,3,103.17,309.52,103.17
15550,"2020-02-17","2025-01-14",1793,2,99.53,199.06,99.53
15551,"2020-10-20","2020-10-20",0,1,60.55,60.55,60.55
15554,"2021-06-11","2022-06-14",368,2,22.95,45.90,22.95
15556,"2023-07-23","2024-11-01",467,2,71.70,143.40,71.70
15557,"2023-05-24","2023-05-24",0,1,123.10,123.10,123.10
15558,"2023-07-17","2023-09-22",67,2,287.59,575.17,287.59
15560,"2025-02-06","2025-02-06",0,1,55.68,55.68,55.68
15561,"2020-03-11","2025-02-13",1800,4,64.72,258.87,64.72
15562,"2022-05-04","2022-05-08",4,2,270.66,541.31,270.66
15563,"2021-10-02","2024-11-26",1151,3,77.08,231.24,77.08
15564,"2022-02-24","2022-02-24",0,1,311.99,311.99,311.99
15565,"2021-01-17","2021-01-17",0,1,16.82,16.82,16.82
15566,"2021-07-28","2021-07-28",0,1,17.88,17.88,17.88
15569,"2025-03-31","2025-03-31",0,1,8.03,8.03,8.03
15570,"2021-03-22","2023-04-19",758,3,171.08,513.23,171.08
15571,"2021-12-25","2024-10-04",1014,4,198.43,793.73,198.43
15572,"2021-10-18","2024-07-04",990,3,118.62,355.85,118.62
15574,"2022-05-06","2024-04-19",714,2,144.60,289.20,144.60
15575,"2023-07-16","2025-04-21",645,2,78.88,157.76,78.88
15576,"2020-08-13","2024-09-26",1505,4,121.97,487.86,121.97
15577,"2023-02-15","2023-02-15",0,1,112.43,112.43,112.43
15578,"2022-10-02","2022-10-02",0,1,64.40,64.40,64.40
15579,"2021-09-05","2024-09-02",1093,3,54.85,164.56,54.85
15580,"2021-04-04","2025-08-18",1597,4,101.07,404.28,101.07
15581,"2023-03-02","2023-03-02",0,1,40.19,40.19,40.19
15582,"2021-09-23","2024-11-21",1155,2,135.55,271.09,135.55
15584,"2022-01-27","2024-03-03",766,3,91.80,275.39,91.80
15585,"2022-02-22","2024-12-20",1032,4,166.20,664.81,166.20
15586,"2022-03-20","2024-09-04",899,3,181.31,543.94,181.31
15587,"2024-09-06","2024-09-06",0,1,102.08,102.08,102.08
15588,"2022-02-16","2025-04-19",1158,3,102.31,306.93,102.31
15589,"2020-01-09","2024-09-16",1712,2,23.29,46.57,23.29
15590,"2021-07-07","2024-10-04",1185,3,117.92,353.76,117.92
15591,"2020-01-07","2021-04-30",479,2,148.92,297.83,148.92
15592,"2021-12-31","2022-09-06",249,2,40.58,81.15,40.58
15594,"2023-09-21","2023-09-21",0,1,70.10,70.10,70.10
15595,"2023-08-22","2025-02-17",545,3,70.76,212.28,70.76
15596,"2023-04-30","2024-01-12",257,2,167.70,335.40,167.70
15597,"2023-01-25","2023-06-17",143,2,427.30,854.59,427.30
15598,"2025-01-12","2025-01-12",0,1,188.73,188.73,188.73
15599,"2023-05-08","2023-05-08",0,1,16.16,16.16,16.16
15600,"2020-11-17","2024-04-21",1251,2,95.41,190.81,95.41
15601,"2021-09-22","2021-09-22",0,1,155.55,155.55,155.55
15602,"2025-08-08","2025-08-08",0,1,51.57,51.57,51.57
15603,"2022-08-25","2024-09-11",748,2,126.93,253.85,126.93
15605,"2020-09-27","2023-10-09",1107,3,128.91,386.73,128.91
15606,"2023-08-20","2024-01-06",139,2,115.38,230.76,115.38
15608,"2022-06-06","2025-06-05",1095,2,98.82,197.63,98.82
15609,"2025-05-14","2025-05-14",0,1,19.56,19.56,19.56
15610,"2022-08-28","2024-03-12",562,2,86.69,173.37,86.69
15611,"2021-01-03","2021-01-03",0,1,61.55,61.55,61.55
15612,"2020-10-15","2023-06-06",964,3,123.73,371.19,123.73
15613,"2021-03-08","2025-08-23",1629,2,223.68,447.36,223.68
15614,"2021-01-11","2023-02-16",766,2,105.31,210.61,105.31
15617,"2023-01-21","2023-01-21",0,1,162.98,162.98,162.98
15618,"2020-05-02","2023-10-31",1277,3,170.93,512.78,170.93
15619,"2024-04-18","2024-04-18",0,1,45.19,45.19,45.19
15620,"2024-03-16","2024-03-16",0,1,151.44,151.44,151.44
15621,"2023-05-28","2025-10-15",871,2,176.06,352.11,176.06
15622,"2023-07-02","2024-06-11",345,3,226.26,678.78,226.26
15624,"2020-01-11","2020-01-11",0,1,29.44,29.44,29.44
15625,"2023-05-18","2023-05-18",0,1,27.68,27.68,27.68
15626,"2021-05-23","2021-05-23",0,1,110.34,110.34,110.34
15627,"2023-08-20","2023-08-20",0,1,36.06,36.06,36.06
15629,"2022-04-28","2022-04-28",0,1,301.66,301.66,301.66
15630,"2020-05-02","2020-05-02",0,1,356.62,356.62,356.62
15631,"2021-11-22","2024-06-07",928,3,97.61,292.84,97.61
15632,"2021-01-26","2023-10-22",999,3,141.07,423.21,141.07
15633,"2022-01-21","2024-03-10",779,3,25.77,77.30,25.77
15634,"2021-01-07","2024-01-29",1117,3,63.13,189.40,63.13
15635,"2025-06-09","2025-06-09",0,1,142.24,142.24,142.24
15637,"2023-09-08","2025-02-22",533,2,42.36,84.71,42.36
15638,"2022-04-05","2025-07-01",1183,3,150.76,452.28,150.76
15639,"2022-05-04","2023-08-20",473,3,88.83,266.48,88.83
15641,"2020-10-09","2023-08-19",1044,2,61.26,122.51,61.26
15642,"2022-11-18","2025-06-15",940,4,65.90,263.58,65.90
15644,"2020-07-17","2023-08-31",1140,2,136.46,272.91,136.46
15645,"2022-09-21","2023-02-06",138,2,75.66,151.31,75.66
15646,"2021-02-24","2024-11-25",1370,3,69.08,207.24,69.08
15647,"2021-08-03","2022-11-18",472,4,326.99,1307.94,326.99
15648,"2025-03-31","2025-03-31",0,1,6.80,6.80,6.80
15649,"2023-09-29","2025-01-31",490,2,111.96,223.92,111.96
15650,"2023-02-14","2023-10-23",251,3,55.11,165.32,55.11
15651,"2020-02-20","2020-02-20",0,1,11.63,11.63,11.63
15652,"2021-07-22","2021-07-22",0,1,35.74,35.74,35.74
15653,"2021-02-05","2025-10-21",1719,2,71.91,143.82,71.91
15654,"2022-02-18","2022-02-18",0,1,59.06,59.06,59.06
15655,"2020-02-02","2023-03-28",1150,2,56.46,112.92,56.46
15656,"2020-11-05","2024-02-20",1202,2,206.68,413.36,206.68
15657,"2022-08-18","2024-03-27",587,4,123.04,492.17,123.04
15658,"2020-10-28","2022-08-30",671,2,100.79,201.57,100.79
15659,"2020-10-04","2025-02-18",1598,3,167.62,502.87,167.62
15660,"2025-10-30","2025-10-30",0,1,509.67,509.67,509.67
15662,"2020-01-23","2025-07-30",2015,3,47.88,143.63,47.88
15663,"2021-02-23","2025-09-30",1680,4,100.78,403.11,100.78
15664,"2020-01-28","2025-03-24",1882,4,90.05,360.18,90.05
15665,"2025-09-16","2025-09-16",0,1,376.75,376.75,376.75
15666,"2020-02-24","2025-01-14",1786,2,178.59,357.17,178.59
15667,"2021-04-10","2023-04-09",729,2,115.32,230.63,115.32
15668,"2021-05-05","2021-11-01",180,3,171.88,515.63,171.88
15669,"2024-07-09","2024-07-09",0,1,52.69,52.69,52.69
15670,"2025-09-13","2025-09-13",0,1,4.50,4.50,4.50
15671,"2023-03-19","2023-03-19",0,1,35.49,35.49,35.49
15672,"2021-02-01","2021-02-01",0,1,9.69,9.69,9.69
15673,"2020-01-05","2025-08-15",2049,4,83.42,333.69,83.42
15674,"2024-02-14","2024-02-14",0,1,191.67,191.67,191.67
15675,"2022-01-01","2022-01-01",0,1,100.37,100.37,100.37
15676,"2024-07-08","2024-07-08",0,1,125.44,125.44,125.44
15677,"2022-10-30","2023-07-08",251,2,497.64,995.27,497.64
15678,"2025-08-09","2025-08-09",0,1,468.80,468.80,468.80
15680,"2020-01-29","2020-09-27",242,2,82.04,164.08,82.04
15681,"2023-12-05","2025-10-17",682,3,196.25,588.75,196.25
15682,"2023-08-14","2023-08-14",0,1,321.63,321.63,321.63
15683,"2023-05-13","2024-07-13",427,2,133.62,267.24,133.62
15685,"2025-03-26","2025-03-26",0,1,83.73,83.73,83.73
15686,"2025-10-07","2025-10-07",0,1,425.69,425.69,425.69
15688,"2024-03-24","2024-03-24",0,1,238.80,238.80,238.80
15689,"2021-03-03","2021-03-03",0,1,21.32,21.32,21.32
15690,"2025-07-12","2025-07-12",0,1,361.70,361.70,361.70
15691,"2021-10-10","2024-06-04",968,2,50.80,101.60,50.80
15692,"2023-09-30","2025-09-22",723,2,115.34,230.68,115.34
15693,"2020-10-29","2020-10-29",0,1,549.85,549.85,549.85
15694,"2023-06-25","2023-06-25",0,1,129.85,129.85,129.85
15696,"2022-01-17","2022-01-17",0,1,27.18,27.18,27.18
15697,"2021-07-06","2024-04-02",1001,5,84.15,420.73,84.15
15698,"2021-09-02","2021-09-02",0,1,33.60,33.60,33.60
15699,"2022-04-06","2023-04-02",361,2,41.41,82.81,41.41
15701,"2021-01-28","2024-03-01",1128,3,145.88,437.65,145.88
15702,"2025-09-14","2025-09-14",0,1,56.40,56.40,56.40
15703,"2020-01-18","2022-05-15",848,2,228.96,457.91,228.96
15704,"2022-01-12","2022-01-12",0,1,318.71,318.71,318.71
15706,"2020-09-21","2024-07-27",1405,3,133.37,400.10,133.37
15707,"2020-06-02","2025-04-28",1791,3,73.60,220.79,73.60
15710,"2022-06-29","2022-06-29",0,1,23.23,23.23,23.23
15711,"2021-11-23","2021-11-23",0,1,35.60,35.60,35.60
15713,"2021-09-13","2023-05-06",600,3,119.36,358.09,119.36
15714,"2020-09-21","2025-04-24",1676,3,80.83,242.49,80.83
15715,"2020-01-10","2023-10-12",1371,2,82.98,165.96,82.98
15716,"2020-05-10","2023-04-18",1073,3,24.79,74.36,24.79
15717,"2021-07-07","2024-06-15",1074,5,85.19,425.94,85.19
15718,"2020-02-24","2023-04-03",1134,3,76.44,229.33,76.44
15719,"2021-10-30","2021-10-30",0,1,22.80,22.80,22.80
15720,"2020-03-28","2021-08-09",499,2,54.38,108.75,54.38
15721,"2021-02-18","2022-04-12",418,2,114.08,228.15,114.08
15722,"2022-10-31","2024-07-17",625,3,53.14,159.41,53.14
15723,"2024-11-02","2024-11-02",0,1,226.32,226.32,226.32
15724,"2022-05-31","2025-09-09",1197,2,105.70,211.39,105.70
15726,"2023-01-06","2023-01-06",0,1,96.90,96.90,96.90
15728,"2020-04-20","2024-01-15",1365,5,140.55,702.73,140.55
15729,"2021-02-19","2024-05-19",1185,6,178.08,1068.46,178.08
15731,"2023-06-09","2025-05-02",693,2,432.56,865.12,432.56
15733,"2020-08-22","2025-09-19",1854,3,202.29,606.87,202.29
15734,"2024-02-22","2024-08-08",168,2,112.12,224.23,112.12
15735,"2022-11-21","2022-11-21",0,1,106.99,106.99,106.99
15736,"2023-07-07","2023-07-07",0,1,320.82,320.82,320.82
15738,"2021-09-11","2024-02-29",901,2,68.95,137.90,68.95
15739,"2023-09-06","2023-09-06",0,1,476.99,476.99,476.99
15741,"2021-05-16","2025-06-14",1490,2,218.17,436.33,218.17
15742,"2020-10-22","2023-09-04",1047,2,33.49,66.97,33.49
15744,"2020-02-12","2025-05-16",1920,4,94.10,376.41,94.10
15745,"2021-10-20","2024-05-23",946,4,117.95,471.80,117.95
15746,"2023-11-28","2025-08-02",613,2,148.33,296.66,148.33
15747,"2021-12-18","2025-07-10",1300,3,75.22,225.67,75.22
15748,"2020-08-08","2022-01-23",533,2,48.84,97.68,48.84
15749,"2024-03-14","2024-03-14",0,1,152.98,152.98,152.98
15750,"2020-02-06","2021-08-05",546,3,261.69,785.08,261.69
15751,"2023-12-25","2025-04-21",483,3,64.10,192.29,64.10
15752,"2020-03-10","2020-03-10",0,1,94.49,94.49,94.49
15753,"2023-07-12","2024-07-28",382,2,93.38,186.75,93.38
15754,"2021-04-03","2025-08-27",1607,2,92.98,185.96,92.98
15755,"2024-03-08","2025-08-15",525,2,47.81,95.62,47.81
15756,"2022-03-12","2025-08-30",1267,6,135.87,815.20,135.87
15757,"2020-08-19","2022-06-04",654,3,311.37,934.11,311.37
15759,"2020-09-20","2025-07-21",1765,3,150.95,452.85,150.95
15760,"2022-08-13","2022-08-13",0,1,305.71,305.71,305.71
15761,"2024-06-23","2024-06-23",0,1,10.21,10.21,10.21
15762,"2020-03-06","2024-08-31",1639,2,157.88,315.76,157.88
15763,"2021-01-28","2021-01-28",0,1,44.88,44.88,44.88
15764,"2021-06-04","2021-06-29",25,2,24.12,48.24,24.12
15765,"2021-03-26","2021-03-26",0,1,39.71,39.71,39.71
15766,"2020-02-04","2023-03-16",1136,4,126.48,505.92,126.48
15768,"2023-06-21","2023-06-21",0,1,116.37,116.37,116.37
15769,"2025-10-18","2025-10-18",0,1,71.20,71.20,71.20
15770,"2021-07-26","2023-12-21",878,2,250.71,501.42,250.71
15771,"2023-06-23","2024-09-29",464,2,106.35,212.70,106.35
15772,"2020-08-01","2022-11-23",844,2,44.79,89.57,44.79
15773,"2023-11-05","2023-11-05",0,1,476.33,476.33,476.33
15774,"2023-05-17","2023-05-17",0,1,168.29,168.29,168.29
15775,"2021-03-28","2021-03-28",0,1,107.00,107.00,107.00
15776,"2023-08-04","2024-11-10",464,2,290.60,581.20,290.60
15778,"2021-02-11","2021-02-11",0,1,219.14,219.14,219.14
15780,"2021-04-29","2024-03-21",1057,2,36.15,72.29,36.15
15781,"2020-11-06","2024-12-17",1502,4,77.88,311.50,77.88
15782,"2022-05-10","2022-05-10",0,1,276.57,276.57,276.57
15783,"2020-01-28","2025-05-10",1929,3,82.04,246.11,82.04
15784,"2020-01-08","2023-07-21",1290,4,222.05,888.21,222.05
15785,"2024-01-31","2024-07-09",160,2,89.77,179.53,89.77
15786,"2021-12-28","2024-07-25",940,3,60.16,180.47,60.16
15788,"2020-04-17","2023-09-01",1232,3,78.59,235.78,78.59
15790,"2020-01-04","2020-01-04",0,1,107.98,107.98,107.98
15791,"2021-03-05","2023-03-06",731,2,197.62,395.24,197.62
15793,"2021-01-08","2021-01-08",0,1,279.83,279.83,279.83
15794,"2020-03-16","2020-07-07",113,2,127.54,255.08,127.54
15795,"2023-07-19","2024-08-11",389,2,430.39,860.77,430.39
15796,"2023-04-14","2023-08-14",122,2,125.97,251.93,125.97
15797,"2025-04-18","2025-04-18",0,1,210.04,210.04,210.04
15799,"2023-07-19","2023-12-12",146,2,127.80,255.60,127.80
15800,"2024-06-26","2024-06-26",0,1,132.43,132.43,132.43
15801,"2020-05-26","2021-08-10",441,3,65.99,197.97,65.99
15802,"2020-07-18","2020-07-18",0,1,95.17,95.17,95.17
15803,"2020-08-21","2020-08-21",0,1,25.85,25.85,25.85
15804,"2020-04-15","2021-03-28",347,3,126.94,380.82,126.94
15805,"2022-02-03","2022-02-03",0,1,121.53,121.53,121.53
15806,"2021-09-26","2025-07-25",1398,3,117.79,353.38,117.79
15808,"2020-11-23","2025-05-21",1640,3,42.06,126.18,42.06
15809,"2020-08-14","2021-12-01",474,2,110.41,220.81,110.41
15810,"2021-02-18","2022-06-06",473,2,141.43,282.85,141.43
15811,"2022-08-12","2024-07-10",698,2,97.11,194.21,97.11
15812,"2020-02-20","2023-09-08",1296,3,112.16,336.49,112.16
15813,"2022-01-04","2022-01-04",0,1,11.72,11.72,11.72
15814,"2020-04-01","2024-06-30",1551,3,137.20,411.61,137.20
15815,"2020-08-12","2025-02-23",1656,3,68.29,204.88,68.29
15816,"2022-12-12","2022-12-12",0,1,45.42,45.42,45.42
15817,"2020-11-18","2020-11-18",0,1,104.40,104.40,104.40
15818,"2022-04-30","2022-04-30",0,1,132.27,132.27,132.27
15819,"2023-02-25","2023-02-25",0,1,202.00,202.00,202.00
15820,"2022-05-25","2022-05-25",0,1,11.82,11.82,11.82
15821,"2020-08-04","2025-01-15",1625,3,60.55,181.64,60.55
15822,"2025-08-05","2025-08-05",0,1,121.64,121.64,121.64
15824,"2022-03-24","2024-03-26",733,3,120.74,362.22,120.74
15825,"2020-07-21","2023-05-23",1036,4,153.42,613.68,153.42
15826,"2020-09-16","2020-09-16",0,1,127.70,127.70,127.70
15827,"2021-09-05","2021-09-05",0,1,27.60,27.60,27.60
15829,"2022-02-24","2022-02-24",0,1,59.13,59.13,59.13
15830,"2020-07-16","2025-08-26",1867,2,156.72,313.43,156.72
15833,"2020-06-26","2025-10-21",1943,3,317.03,951.09,317.03
15834,"2021-09-27","2022-11-25",424,3,86.87,260.60,86.87
15835,"2020-12-16","2023-11-22",1071,4,177.64,710.57,177.64
15836,"2022-02-16","2025-05-04",1173,4,74.01,296.05,74.01
15838,"2022-10-26","2024-10-06",711,2,37.87,75.73,37.87
15839,"2024-04-28","2024-04-28",0,1,255.55,255.55,255.55
15840,"2020-02-26","2024-07-02",1588,5,65.13,325.65,65.13
15841,"2021-05-04","2021-05-04",0,1,30.26,30.26,30.26
15842,"2020-12-27","2024-07-01",1282,2,177.61,355.22,177.61
15843,"2020-01-27","2024-01-30",1464,2,428.73,857.46,428.73
15844,"2020-03-18","2024-10-02",1659,4,73.40,293.61,73.40
15845,"2022-06-27","2024-12-22",909,3,219.00,657.00,219.00
15846,"2020-11-12","2025-02-13",1554,4,99.30,397.20,99.30
15847,"2020-12-03","2024-03-03",1186,2,60.58,121.16,60.58
15848,"2021-07-04","2024-01-20",930,3,125.27,375.81,125.27
15849,"2023-02-13","2024-10-08",603,4,260.35,1041.41,260.35
15850,"2024-11-22","2024-11-22",0,1,47.12,47.12,47.12
15851,"2023-07-24","2023-07-24",0,1,6.28,6.28,6.28
15852,"2020-05-11","2020-05-11",0,1,104.47,104.47,104.47
15854,"2020-12-04","2023-05-09",886,2,161.18,322.36,161.18
15857,"2024-12-14","2025-01-15",32,2,29.13,58.26,29.13
15858,"2020-02-13","2025-02-19",1833,3,617.42,1852.26,617.42
15859,"2025-09-21","2025-09-21",0,1,35.60,35.60,35.60
15860,"2021-09-29","2021-09-29",0,1,162.22,162.22,162.22
15862,"2020-07-31","2021-11-18",475,2,193.47,386.93,193.47
15863,"2021-04-20","2024-01-16",1001,3,135.52,406.57,135.52
15864,"2022-09-08","2025-05-24",989,2,68.00,136.00,68.00
15865,"2024-01-23","2024-01-23",0,1,77.53,77.53,77.53
15866,"2024-04-02","2025-09-12",528,2,86.03,172.06,86.03
15867,"2020-05-05","2024-03-22",1417,2,139.29,278.57,139.29
15868,"2021-06-14","2021-06-14",0,1,168.16,168.16,168.16
15869,"2021-01-08","2022-11-24",685,2,15.41,30.81,15.41
15870,"2023-09-10","2023-09-10",0,1,163.70,163.70,163.70
15872,"2021-03-29","2024-07-14",1203,3,78.49,235.46,78.49
15873,"2021-05-24","2023-02-04",621,2,123.34,246.68,123.34
15875,"2023-03-01","2023-10-13",226,2,20.10,40.20,20.10
15876,"2020-06-24","2022-05-19",694,2,45.54,91.08,45.54
15877,"2021-01-28","2024-04-30",1188,2,86.81,173.61,86.81
15878,"2020-05-28","2022-01-01",583,3,122.90,368.70,122.90
15880,"2020-12-29","2023-03-05",796,2,138.16,276.32,138.16
15884,"2022-03-08","2025-03-29",1117,3,169.35,508.04,169.35
15885,"2020-04-27","2021-09-06",497,3,94.61,283.82,94.61
15886,"2022-02-22","2024-01-25",702,3,28.22,84.65,28.22
15889,"2023-03-20","2025-03-21",732,3,91.71,275.12,91.71
15890,"2020-10-25","2023-09-04",1044,4,88.14,352.57,88.14
15891,"2022-05-07","2024-06-19",774,2,78.57,157.13,78.57
15895,"2020-07-15","2022-07-02",717,4,235.62,942.48,235.62
15896,"2021-08-01","2021-08-01",0,1,345.03,345.03,345.03
15897,"2020-05-18","2023-11-07",1268,3,215.04,645.12,215.04
15898,"2021-08-16","2025-02-05",1269,3,246.28,738.85,246.28
15899,"2022-11-12","2023-01-04",53,2,160.68,321.36,160.68
15900,"2023-10-20","2025-07-04",623,3,47.76,143.29,47.76
15902,"2025-03-07","2025-03-07",0,1,10.25,10.25,10.25
15903,"2022-04-03","2025-01-05",1008,2,190.63,381.25,190.63
15904,"2021-07-04","2024-06-22",1084,2,16.38,32.76,16.38
15905,"2025-07-25","2025-07-25",0,1,9.97,9.97,9.97
15906,"2020-12-08","2025-09-14",1741,2,95.17,190.34,95.17
15908,"2021-06-30","2025-04-07",1377,3,63.82,191.45,63.82
15910,"2020-07-03","2020-07-03",0,1,10.23,10.23,10.23
15911,"2021-09-14","2025-05-04",1328,3,106.26,318.79,106.26
15912,"2020-10-30","2022-02-05",463,3,133.64,400.92,133.64
15913,"2022-07-30","2024-05-18",658,2,207.25,414.50,207.25
15914,"2020-02-20","2024-03-26",1496,3,215.93,647.78,215.93
15915,"2025-06-11","2025-06-11",0,1,179.40,179.40,179.40
15916,"2021-11-15","2022-07-17",244,2,35.06,70.11,35.06
15918,"2020-06-04","2020-06-04",0,1,153.52,153.52,153.52
15919,"2022-03-23","2024-12-25",1008,2,100.96,201.91,100.96
15920,"2020-02-19","2023-07-15",1242,2,136.98,273.95,136.98
15921,"2020-12-02","2025-10-18",1781,5,138.52,692.61,138.52
15922,"2021-08-22","2025-07-13",1421,3,116.66,349.98,116.66
15923,"2021-06-30","2021-06-30",0,1,17.10,17.10,17.10
15924,"2024-03-11","2024-03-11",0,1,80.15,80.15,80.15
15925,"2024-10-30","2024-10-30",0,1,130.80,130.80,130.80
15926,"2023-12-25","2025-06-20",543,2,64.45,128.90,64.45
15927,"2021-04-19","2023-03-22",702,2,197.80,395.60,197.80
15928,"2022-02-28","2024-01-31",702,2,137.40,274.80,137.40
15929,"2023-05-09","2023-05-09",0,1,207.65,207.65,207.65
15930,"2022-07-08","2022-07-08",0,1,79.01,79.01,79.01
15931,"2021-07-06","2021-07-06",0,1,16.46,16.46,16.46
15934,"2020-01-06","2023-04-22",1202,2,147.03,294.05,147.03
15936,"2022-02-24","2023-08-07",529,3,45.79,137.38,45.79
15937,"2025-07-19","2025-10-09",82,2,270.16,540.31,270.16
15938,"2021-06-23","2025-06-19",1457,3,134.25,402.75,134.25
15940,"2020-04-02","2025-03-24",1817,7,139.09,973.64,139.09
15941,"2020-03-03","2023-11-19",1356,3,193.80,581.39,193.80
15942,"2022-07-06","2024-02-14",588,2,252.98,505.95,252.98
15943,"2020-01-25","2024-07-01",1619,3,119.40,358.19,119.40
15944,"2020-08-18","2023-01-17",882,4,83.26,333.03,83.26
15946,"2021-08-26","2021-08-26",0,1,26.73,26.73,26.73
15947,"2020-04-23","2020-04-25",2,2,187.24,374.47,187.24
15948,"2023-01-01","2023-01-01",0,1,65.42,65.42,65.42
15949,"2023-05-02","2024-06-19",414,2,107.19,214.38,107.19
15950,"2022-08-04","2022-08-04",0,1,26.02,26.02,26.02
15951,"2022-07-30","2024-04-20",630,2,402.14,804.27,402.14
15952,"2020-01-24","2020-04-30",97,2,119.41,238.82,119.41
15953,"2020-04-24","2022-10-22",911,2,167.90,335.79,167.90
15954,"2024-10-09","2024-10-09",0,1,179.24,179.24,179.24
15955,"2021-04-10","2024-08-16",1224,2,28.52,57.04,28.52
15956,"2020-07-17","2025-05-27",1775,4,166.39,665.55,166.39
15957,"2024-09-16","2024-09-16",0,1,64.09,64.09,64.09
15958,"2021-06-18","2022-05-07",323,2,62.82,125.64,62.82
15961,"2022-05-03","2024-03-28",695,2,84.50,169.00,84.50
15962,"2022-01-26","2022-09-09",226,2,114.96,229.91,114.96
15963,"2023-03-22","2025-08-17",879,3,66.33,199.00,66.33
15965,"2022-05-11","2024-06-03",754,2,25.19,50.37,25.19
15966,"2024-08-07","2024-08-07",0,1,108.17,108.17,108.17
15967,"2025-09-30","2025-09-30",0,1,75.78,75.78,75.78
15968,"2025-01-12","2025-01-12",0,1,143.56,143.56,143.56
15970,"2022-03-21","2022-03-21",0,1,74.14,74.14,74.14
15971,"2021-07-16","2025-10-23",1560,3,34.89,104.68,34.89
15973,"2020-09-21","2025-01-17",1579,4,44.88,179.53,44.88
15974,"2022-02-05","2022-11-13",281,2,153.94,307.87,153.94
15975,"2020-11-07","2024-07-05",1336,2,33.48,66.95,33.48
15976,"2024-08-25","2024-08-25",0,1,28.89,28.89,28.89
15977,"2020-09-12","2025-03-18",1648,4,238.67,954.67,238.67
15979,"2020-11-21","2022-02-01",437,3,77.49,232.48,77.49
15980,"2025-03-19","2025-03-19",0,1,358.80,358.80,358.80
15981,"2020-08-12","2023-05-06",997,2,196.25,392.50,196.25
15982,"2020-09-24","2024-03-03",1256,2,288.11,576.22,288.11
15983,"2020-04-28","2022-05-03",735,3,38.37,115.11,38.37
15984,"2021-05-09","2022-06-13",400,2,38.19,76.37,38.19
15985,"2022-12-08","2022-12-08",0,1,23.31,23.31,23.31
15986,"2023-02-08","2024-11-12",643,2,134.58,269.15,134.58
15987,"2020-03-12","2024-11-13",1707,3,169.01,507.04,169.01
15988,"2020-07-30","2024-10-05",1528,3,193.90,581.71,193.90
15989,"2022-12-11","2022-12-11",0,1,34.53,34.53,34.53
15990,"2020-10-13","2024-01-14",1188,2,75.38,150.75,75.38
15991,"2020-01-06","2020-01-06",0,1,6.65,6.65,6.65
15992,"2022-05-04","2022-05-08",4,2,223.05,446.09,223.05
15993,"2022-08-12","2024-10-16",796,3,247.97,743.91,247.97
15994,"2020-06-24","2020-06-24",0,1,55.39,55.39,55.39
15995,"2020-03-27","2024-11-07",1686,3,166.32,498.95,166.32
15996,"2022-09-21","2023-10-17",391,2,73.05,146.10,73.05
15997,"2024-09-24","2024-09-24",0,1,189.19,189.19,189.19
15998,"2022-12-22","2022-12-22",0,1,155.88,155.88,155.88
15999,"2021-02-27","2024-08-08",1258,2,115.76,231.52,115.76
16001,"2023-09-01","2024-05-19",261,2,112.40,224.80,112.40
16002,"2020-11-21","2022-05-23",548,2,72.71,145.41,72.71
16003,"2023-01-17","2023-01-17",0,1,16.82,16.82,16.82
16004,"2023-05-24","2025-01-05",592,2,98.64,197.27,98.64
16005,"2020-07-15","2023-12-13",1246,4,135.98,543.91,135.98
16007,"2020-01-10","2024-01-09",1460,2,136.14,272.27,136.14
16008,"2021-03-25","2025-10-21",1671,4,111.21,444.85,111.21
16009,"2025-05-09","2025-05-09",0,1,287.90,287.90,287.90
16010,"2021-04-01","2024-08-18",1235,2,230.07,460.14,230.07
16012,"2021-07-23","2022-05-03",284,2,76.92,153.83,76.92
16014,"2025-05-15","2025-05-15",0,1,85.28,85.28,85.28
16015,"2020-10-05","2020-10-05",0,1,100.30,100.30,100.30
16016,"2023-09-30","2025-09-10",711,2,51.10,102.20,51.10
16017,"2021-01-20","2021-01-20",0,1,279.47,279.47,279.47
16018,"2022-06-28","2025-03-28",1004,3,93.53,280.59,93.53
16020,"2020-05-22","2020-10-17",148,3,65.70,197.09,65.70
16021,"2024-10-11","2024-10-11",0,1,135.48,135.48,135.48
16023,"2023-04-01","2025-01-07",647,4,73.07,292.29,73.07
16024,"2021-05-14","2024-07-23",1166,4,80.24,320.96,80.24
16025,"2021-04-26","2023-10-19",906,2,142.58,285.15,142.58
16028,"2021-03-03","2021-03-03",0,1,38.75,38.75,38.75
16029,"2021-03-29","2023-06-16",809,3,119.30,357.91,119.30
16032,"2024-10-17","2024-10-17",0,1,33.01,33.01,33.01
16033,"2023-12-10","2023-12-10",0,1,176.45,176.45,176.45
16034,"2023-05-18","2023-05-18",0,1,26.98,26.98,26.98
16035,"2022-06-27","2024-11-28",885,3,32.82,98.47,32.82
16036,"2022-02-07","2022-02-07",0,1,159.91,159.91,159.91
16037,"2025-03-24","2025-03-24",0,1,48.76,48.76,48.76
16038,"2023-04-27","2023-04-27",0,1,262.59,262.59,262.59
16039,"2020-09-27","2020-09-27",0,1,94.14,94.14,94.14
16040,"2023-02-09","2025-04-17",798,2,139.00,277.99,139.00
16042,"2025-05-14","2025-05-14",0,1,34.74,34.74,34.74
16043,"2025-07-13","2025-07-13",0,1,222.78,222.78,222.78
16044,"2021-08-03","2021-08-03",0,1,12.73,12.73,12.73
16045,"2022-03-24","2022-03-24",0,1,51.02,51.02,51.02
16046,"2023-09-15","2024-11-11",423,2,301.24,602.48,301.24
16047,"2024-01-15","2024-03-27",72,2,516.58,1033.15,516.58
16048,"2020-05-09","2020-05-09",0,1,264.40,264.40,264.40
16049,"2020-11-30","2024-08-07",1346,4,95.95,383.78,95.95
16051,"2020-04-22","2023-11-20",1307,2,89.51,179.02,89.51
16053,"2021-04-30","2024-08-21",1209,6,103.44,620.63,103.44
16054,"2020-08-17","2022-05-14",635,2,155.38,310.75,155.38
16055,"2020-07-18","2023-07-17",1094,3,40.50,121.51,40.50
16056,"2020-12-28","2023-02-02",766,2,51.65,103.30,51.65
16059,"2022-01-18","2023-12-05",686,2,71.07,142.13,71.07
16062,"2022-02-12","2022-03-05",21,2,139.27,278.54,139.27
16063,"2024-12-13","2024-12-13",0,1,115.35,115.35,115.35
16064,"2022-02-21","2022-02-21",0,1,12.49,12.49,12.49
16065,"2024-12-16","2024-12-16",0,1,98.59,98.59,98.59
16066,"2023-02-07","2023-11-17",283,2,51.02,102.03,51.02
16067,"2020-04-13","2021-01-03",265,2,130.04,260.07,130.04
16068,"2020-07-31","2020-07-31",0,1,11.64,11.64,11.64
16069,"2024-03-11","2025-04-28",413,4,200.11,800.42,200.11
16070,"2021-06-21","2021-06-21",0,1,184.20,184.20,184.20
16073,"2020-09-15","2022-05-27",619,4,46.61,186.44,46.61
16074,"2022-06-03","2025-03-10",1011,3,158.30,474.89,158.30
16075,"2024-10-16","2025-04-18",184,2,88.46,176.91,88.46
16077,"2023-02-18","2023-02-18",0,1,65.11,65.11,65.11
16078,"2020-02-12","2025-03-30",1873,3,57.98,173.95,57.98
16079,"2023-01-05","2023-01-05",0,1,118.86,118.86,118.86
16080,"2022-05-30","2022-07-06",37,2,146.75,293.49,146.75
16081,"2020-04-20","2024-12-25",1710,2,193.77,387.53,193.77
16082,"2020-09-08","2020-09-08",0,1,127.26,127.26,127.26
16083,"2021-10-21","2025-07-10",1358,3,137.96,413.88,137.96
16084,"2020-03-07","2022-07-29",874,3,102.40,307.21,102.40
16085,"2020-12-17","2020-12-17",0,1,193.22,193.22,193.22
16086,"2020-04-23","2023-08-27",1221,6,67.75,406.50,67.75
16087,"2022-06-04","2023-01-06",216,2,209.85,419.69,209.85
16088,"2020-07-12","2025-01-04",1637,3,132.35,397.05,132.35
16089,"2021-12-18","2025-08-03",1324,3,66.05,198.15,66.05
16090,"2020-08-02","2025-10-22",1907,3,85.94,257.83,85.94
16091,"2020-08-27","2020-08-27",0,1,35.49,35.49,35.49
16092,"2020-03-03","2025-06-17",1932,3,231.94,695.83,231.94
16093,"2022-09-16","2024-04-03",565,2,70.02,140.04,70.02
16095,"2023-01-17","2024-07-24",554,4,272.64,1090.55,272.64
16097,"2021-02-19","2022-03-19",393,2,138.05,276.10,138.05
16098,"2022-08-30","2024-04-03",582,2,190.66,381.32,190.66
16099,"2020-03-31","2020-10-08",191,2,50.74,101.48,50.74
16101,"2025-05-09","2025-05-09",0,1,43.24,43.24,43.24
16102,"2024-05-02","2025-08-04",459,3,108.56,325.69,108.56
16103,"2021-04-18","2021-05-28",40,2,92.75,185.49,92.75
16106,"2021-01-23","2023-11-26",1037,2,43.96,87.92,43.96
16107,"2023-04-26","2025-04-17",722,3,141.60,424.79,141.60
16108,"2020-11-07","2021-10-09",336,2,279.72,559.44,279.72
16109,"2023-04-06","2025-09-11",889,3,125.67,377.01,125.67
16110,"2021-05-28","2021-05-28",0,1,59.07,59.07,59.07
16111,"2021-05-16","2025-02-24",1380,2,184.40,368.79,184.40
16112,"2021-02-13","2021-02-13",0,1,111.30,111.30,111.30
16113,"2022-03-05","2022-03-05",0,1,38.13,38.13,38.13
16114,"2020-03-10","2025-10-12",2042,6,154.49,926.92,154.49
16116,"2021-08-03","2023-08-23",750,2,462.73,925.46,462.73
16117,"2020-10-31","2021-08-04",277,2,235.16,470.32,235.16
16118,"2020-10-18","2020-10-18",0,1,168.36,168.36,168.36
16119,"2020-02-27","2023-02-19",1088,2,196.10,392.19,196.10
16121,"2022-07-18","2023-03-29",254,2,80.87,161.74,80.87
16123,"2023-06-18","2023-06-18",0,1,223.16,223.16,223.16
16125,"2021-01-04","2021-01-04",0,1,91.43,91.43,91.43
16126,"2020-01-01","2025-03-14",1899,4,251.18,1004.70,251.18
16127,"2022-03-15","2025-06-26",1199,2,288.29,576.58,288.29
16128,"2025-06-07","2025-06-07",0,1,35.00,35.00,35.00
16129,"2025-06-19","2025-06-19",0,1,399.42,399.42,399.42
16130,"2023-08-09","2025-09-17",770,2,45.45,90.89,45.45
16131,"2021-12-20","2024-03-08",809,3,51.02,153.05,51.02
16132,"2021-07-17","2025-07-03",1447,3,138.46,415.37,138.46
16133,"2023-06-24","2023-06-24",0,1,286.60,286.60,286.60
16134,"2023-12-31","2023-12-31",0,1,189.40,189.40,189.40
16135,"2021-10-09","2024-12-29",1177,2,100.36,200.72,100.36
16136,"2020-07-28","2020-10-06",70,2,34.50,68.99,34.50
16137,"2025-04-20","2025-08-10",112,2,84.14,168.27,84.14
16138,"2020-07-20","2024-07-10",1451,4,309.16,1236.63,309.16
16139,"2022-01-18","2024-09-25",981,2,326.58,653.15,326.58
16140,"2020-01-28","2020-01-28",0,1,100.93,100.93,100.93
16142,"2020-03-13","2024-12-20",1743,4,82.05,328.21,82.05
16144,"2021-04-01","2021-04-01",0,1,61.95,61.95,61.95
16146,"2022-03-04","2022-03-04",0,1,169.07,169.07,169.07
16147,"2023-11-10","2024-09-23",318,2,53.37,106.74,53.37
16148,"2020-07-24","2022-12-29",888,3,641.31,1923.92,641.31
16149,"2024-07-16","2025-02-05",204,3,40.99,122.97,40.99
16150,"2021-12-29","2025-09-04",1345,3,122.15,366.46,122.15
16151,"2020-12-22","2025-01-17",1487,2,105.84,211.68,105.84
16152,"2024-11-30","2024-11-30",0,1,587.75,587.75,587.75
16154,"2021-08-01","2023-06-29",697,2,67.27,134.53,67.27
16155,"2025-07-11","2025-07-11",0,1,10.25,10.25,10.25
16156,"2020-08-01","2023-04-08",980,2,134.55,269.10,134.55
16157,"2020-09-12","2020-09-12",0,1,15.10,15.10,15.10
16158,"2021-11-26","2021-11-26",0,1,212.43,212.43,212.43
16159,"2020-05-17","2025-08-11",1912,6,197.19,1183.12,197.19
16160,"2023-07-08","2024-02-23",230,2,482.87,965.73,482.87
16161,"2022-07-08","2022-07-08",0,1,217.90,217.90,217.90
16162,"2020-02-28","2024-10-30",1706,2,160.39,320.77,160.39
16163,"2025-06-05","2025-09-26",113,2,26.67,53.33,26.67
16164,"2021-05-09","2023-04-03",694,2,105.57,211.14,105.57
16165,"2020-06-15","2025-04-15",1765,4,115.22,460.89,115.22
16166,"2024-10-21","2024-10-21",0,1,60.43,60.43,60.43
16168,"2020-07-10","2024-12-11",1615,3,113.28,339.85,113.28
16170,"2021-05-24","2023-11-13",903,2,111.80,223.59,111.80
16171,"2020-06-30","2025-05-17",1782,3,115.36,346.09,115.36
16172,"2021-06-07","2021-06-07",0,1,259.72,259.72,259.72
16173,"2023-03-23","2025-02-25",705,2,218.81,437.62,218.81
16174,"2020-05-05","2025-04-22",1813,4,210.22,840.89,210.22
16175,"2020-06-12","2023-06-16",1099,3,78.01,234.03,78.01
16177,"2022-11-25","2022-11-25",0,1,527.93,527.93,527.93
16178,"2023-01-16","2023-01-16",0,1,61.13,61.13,61.13
16181,"2020-04-15","2020-04-15",0,1,92.02,92.02,92.02
16183,"2022-01-02","2022-01-02",0,1,233.77,233.77,233.77
16184,"2022-08-11","2025-02-18",922,2,431.46,862.92,431.46
16186,"2023-09-08","2023-09-08",0,1,7.06,7.06,7.06
16187,"2022-07-06","2025-08-26",1147,3,96.18,288.53,96.18
16189,"2023-08-17","2023-10-12",56,2,230.92,461.84,230.92
16190,"2021-08-14","2022-11-02",445,2,44.18,88.35,44.18
16193,"2020-04-30","2023-02-06",1012,2,68.22,136.44,68.22
16194,"2022-11-23","2024-07-14",599,3,18.26,54.77,18.26
16195,"2022-11-21","2022-11-21",0,1,185.59,185.59,185.59
16197,"2020-03-09","2025-08-22",1992,4,97.47,389.88,97.47
16198,"2020-04-17","2025-01-09",1728,2,139.53,279.05,139.53
16199,"2021-12-12","2025-09-29",1387,2,81.81,163.61,81.81
16200,"2024-09-04","2024-09-04",0,1,9.03,9.03,9.03
16201,"2021-11-30","2021-11-30",0,1,28.53,28.53,28.53
16204,"2023-12-14","2025-09-12",638,4,119.60,478.41,119.60
16205,"2023-07-12","2023-07-12",0,1,76.45,76.45,76.45
16206,"2022-08-30","2024-12-18",841,2,122.66,245.32,122.66
16207,"2020-10-15","2023-07-19",1007,2,133.68,267.36,133.68
16208,"2020-09-14","2023-04-22",950,4,139.66,558.63,139.66
16209,"2021-10-23","2023-06-27",612,2,76.10,152.20,76.10
16211,"2023-06-15","2023-06-15",0,1,48.65,48.65,48.65
16212,"2020-08-16","2023-06-09",1027,2,84.32,168.64,84.32
16213,"2021-10-31","2021-10-31",0,1,38.32,38.32,38.32
16214,"2020-10-19","2023-04-12",905,2,230.53,461.05,230.53
16215,"2023-03-08","2023-03-08",0,1,97.95,97.95,97.95
16216,"2024-09-07","2024-09-07",0,1,86.54,86.54,86.54
16217,"2022-05-12","2024-12-26",959,2,44.02,88.04,44.02
16219,"2022-11-05","2024-05-27",569,2,139.70,279.40,139.70
16221,"2020-06-10","2025-07-07",1853,3,115.72,347.17,115.72
16222,"2024-02-17","2025-01-04",322,2,341.68,683.36,341.68
16223,"2022-11-20","2022-11-20",0,1,15.89,15.89,15.89
16225,"2020-06-09","2020-09-05",88,2,46.26,92.51,46.26
16226,"2022-11-14","2023-02-09",87,2,112.94,225.88,112.94
16229,"2020-09-02","2020-09-02",0,1,105.17,105.17,105.17
16230,"2020-12-13","2024-05-11",1245,4,104.56,418.25,104.56
16232,"2020-03-14","2025-07-06",1940,6,330.16,1980.98,330.16
16233,"2025-01-13","2025-01-13",0,1,233.31,233.31,233.31
16236,"2020-10-18","2021-09-03",320,2,59.79,119.58,59.79
16237,"2020-05-29","2025-08-11",1900,5,125.71,628.56,125.71
16238,"2020-04-02","2023-08-28",1243,3,197.45,592.36,197.45
16239,"2020-11-09","2025-02-22",1566,4,189.10,756.38,189.10
16240,"2023-02-13","2023-06-22",129,2,367.01,734.02,367.01
16241,"2020-06-23","2025-06-04",1807,6,257.66,1545.94,257.66
16242,"2025-07-26","2025-07-26",0,1,326.50,326.50,326.50
16243,"2020-06-10","2020-06-10",0,1,97.35,97.35,97.35
16244,"2022-06-09","2022-06-09",0,1,215.09,215.09,215.09
16245,"2022-03-28","2025-04-12",1111,4,97.05,388.20,97.05
16246,"2021-02-04","2025-06-22",1599,4,240.18,960.71,240.18
16247,"2021-06-15","2022-02-19",249,2,102.35,204.70,102.35
16248,"2021-03-08","2025-05-12",1526,2,40.12,80.24,40.12
16250,"2020-09-18","2025-04-19",1674,4,65.61,262.44,65.61
16252,"2021-02-05","2021-02-05",0,1,209.44,209.44,209.44
16253,"2021-11-07","2025-03-30",1239,2,109.40,218.79,109.40
16254,"2023-02-26","2023-02-26",0,1,49.52,49.52,49.52
16255,"2020-03-10","2020-03-10",0,1,52.06,52.06,52.06
16256,"2022-10-27","2022-10-27",0,1,56.24,56.24,56.24
16258,"2020-04-10","2020-04-10",0,1,188.28,188.28,188.28
16259,"2020-03-17","2020-03-17",0,1,11.57,11.57,11.57
16260,"2021-01-13","2024-07-23",1287,4,107.10,428.41,107.10
16261,"2021-06-12","2025-08-26",1536,3,66.41,199.22,66.41
16262,"2020-08-04","2023-09-24",1146,5,155.37,776.86,155.37
16264,"2023-02-21","2023-05-20",88,2,233.86,467.72,233.86
16266,"2020-06-18","2025-04-13",1760,3,94.75,284.24,94.75
16267,"2023-08-24","2024-08-08",350,2,114.56,229.11,114.56
16268,"2022-11-16","2024-07-13",605,2,188.28,376.55,188.28
16269,"2022-06-30","2024-11-26",880,3,121.44,364.33,121.44
16270,"2025-05-29","2025-05-29",0,1,119.89,119.89,119.89
16271,"2023-05-05","2024-08-22",475,2,201.90,403.79,201.90
16272,"2020-06-21","2025-03-05",1718,5,83.48,417.39,83.48
16273,"2020-01-17","2020-01-17",0,1,42.91,42.91,42.91
16274,"2022-05-06","2024-02-16",651,3,345.41,1036.24,345.41
16275,"2023-02-12","2025-03-19",766,3,42.46,127.39,42.46
16277,"2021-08-25","2021-08-25",0,1,11.75,11.75,11.75
16278,"2020-08-31","2022-11-18",809,3,110.41,331.24,110.41
16279,"2020-05-10","2020-05-10",0,1,23.43,23.43,23.43
16280,"2024-04-16","2024-04-16",0,1,121.25,121.25,121.25
16281,"2023-10-25","2024-08-28",308,2,115.73,231.45,115.73
16282,"2021-11-20","2025-08-29",1378,2,83.65,167.29,83.65
16283,"2024-05-16","2024-09-08",115,2,100.37,200.73,100.37
16284,"2021-03-02","2024-05-31",1186,2,118.62,237.23,118.62
16286,"2022-12-06","2023-11-26",355,3,324.86,974.57,324.86
16287,"2021-12-05","2024-05-16",893,3,91.92,275.77,91.92
16288,"2025-04-28","2025-04-28",0,1,241.56,241.56,241.56
16290,"2021-07-21","2021-07-21",0,1,72.83,72.83,72.83
16291,"2021-10-12","2021-10-12",0,1,7.35,7.35,7.35
16292,"2020-08-10","2024-06-04",1394,3,53.87,161.60,53.87
16293,"2022-09-22","2023-05-12",232,2,71.92,143.84,71.92
16294,"2024-06-19","2024-06-19",0,1,103.94,103.94,103.94
16295,"2022-12-28","2022-12-28",0,1,171.40,171.40,171.40
16296,"2024-03-30","2024-03-30",0,1,90.58,90.58,90.58
16297,"2020-01-24","2020-02-18",25,2,138.28,276.55,138.28
16299,"2020-06-15","2025-10-04",1937,4,173.90,695.61,173.90
16302,"2021-04-13","2021-04-13",0,1,17.42,17.42,17.42
16303,"2024-04-07","2025-04-22",380,2,95.18,190.36,95.18
16304,"2022-02-21","2024-02-08",717,2,56.01,112.01,56.01
16305,"2021-07-08","2021-07-08",0,1,27.47,27.47,27.47
16306,"2021-06-25","2021-06-25",0,1,49.52,49.52,49.52
16307,"2023-10-23","2023-10-23",0,1,21.08,21.08,21.08
16308,"2021-03-17","2024-04-06",1116,3,80.34,241.03,80.34
16309,"2020-07-22","2023-12-29",1255,4,33.68,134.73,33.68
16310,"2021-03-14","2023-07-18",856,3,270.52,811.57,270.52
16311,"2025-03-09","2025-03-09",0,1,159.10,159.10,159.10
16313,"2021-07-20","2023-06-30",710,3,105.71,317.14,105.71
16314,"2024-01-18","2024-04-16",89,3,95.91,287.73,95.91
16315,"2023-06-09","2023-06-09",0,1,15.89,15.89,15.89
16316,"2021-06-11","2021-06-11",0,1,386.99,386.99,386.99
16318,"2022-06-20","2024-03-18",637,3,106.80,320.39,106.80
16319,"2022-06-23","2022-07-31",38,2,208.15,416.30,208.15
16320,"2025-01-16","2025-02-06",21,2,122.39,244.78,122.39
16322,"2021-01-22","2021-01-22",0,1,44.91,44.91,44.91
16324,"2023-04-19","2023-04-19",0,1,54.65,54.65,54.65
16325,"2021-04-18","2024-12-27",1349,2,222.94,445.87,222.94
16326,"2021-03-27","2024-08-09",1231,3,95.46,286.39,95.46
16327,"2022-04-23","2022-04-23",0,1,242.89,242.89,242.89
16328,"2020-01-20","2024-06-04",1597,3,72.05,216.15,72.05
16329,"2024-06-13","2024-12-13",183,3,127.67,383.02,127.67
16331,"2022-12-03","2022-12-03",0,1,40.09,40.09,40.09
16332,"2021-07-30","2021-07-30",0,1,127.52,127.52,127.52
16333,"2020-07-06","2025-09-05",1887,2,54.76,109.52,54.76
16334,"2023-08-25","2023-11-03",70,2,252.37,504.73,252.37
16335,"2020-09-04","2024-10-24",1511,5,152.38,761.90,152.38
16336,"2023-09-29","2025-02-18",508,2,117.17,234.33,117.17
16337,"2024-10-19","2024-10-19",0,1,151.01,151.01,151.01
16338,"2021-07-26","2021-07-26",0,1,211.44,211.44,211.44
16339,"2020-06-13","2025-10-25",1960,5,103.66,518.30,103.66
16340,"2023-10-18","2023-10-18",0,1,12.05,12.05,12.05
16341,"2020-03-03","2023-03-31",1123,4,162.82,651.26,162.82
16342,"2022-11-02","2022-11-02",0,1,255.94,255.94,255.94
16343,"2020-01-04","2024-04-24",1572,2,222.19,444.38,222.19
16344,"2021-06-20","2021-06-20",0,1,110.08,110.08,110.08
16345,"2022-04-05","2022-04-05",0,1,96.00,96.00,96.00
16346,"2021-06-10","2023-04-09",668,2,96.59,193.17,96.59
16348,"2022-06-27","2024-08-31",796,2,132.99,265.98,132.99
16349,"2022-04-22","2023-11-05",562,2,71.81,143.61,71.81
16350,"2021-06-20","2022-04-26",310,2,75.82,151.64,75.82
16351,"2021-10-16","2022-07-11",268,3,166.94,500.83,166.94
16352,"2020-07-23","2020-07-23",0,1,30.71,30.71,30.71
16353,"2020-08-15","2020-08-15",0,1,334.43,334.43,334.43
16354,"2020-03-05","2024-08-22",1631,3,46.67,140.00,46.67
16358,"2025-08-25","2025-08-25",0,1,332.84,332.84,332.84
16359,"2020-02-25","2020-02-25",0,1,27.68,27.68,27.68
16360,"2022-09-02","2024-06-16",653,2,224.15,448.29,224.15
16361,"2020-02-12","2024-07-19",1619,4,45.70,182.79,45.70
16362,"2024-07-04","2024-07-04",0,1,18.54,18.54,18.54
16363,"2023-05-11","2023-05-11",0,1,100.30,100.30,100.30
16365,"2021-03-31","2021-03-31",0,1,136.98,136.98,136.98
16366,"2020-04-26","2025-10-19",2002,4,118.11,472.42,118.11
16367,"2020-07-19","2021-04-21",276,3,71.92,215.76,71.92
16369,"2020-09-11","2022-06-08",635,2,413.08,826.15,413.08
16370,"2022-04-23","2024-01-05",622,2,241.13,482.25,241.13
16371,"2020-09-06","2024-11-01",1517,3,65.67,197.00,65.67
16372,"2022-03-11","2022-03-11",0,1,46.71,46.71,46.71
16373,"2021-03-12","2021-03-12",0,1,85.16,85.16,85.16
16374,"2020-04-09","2025-10-23",2023,3,68.06,204.17,68.06
16375,"2020-02-16","2024-09-07",1665,3,29.59,88.77,29.59
16376,"2022-11-13","2025-06-21",951,4,24.82,99.27,24.82
16377,"2023-07-04","2025-02-10",587,4,181.82,727.27,181.82
16378,"2025-01-30","2025-01-30",0,1,157.95,157.95,157.95
16379,"2022-03-20","2024-03-11",722,2,37.02,74.03,37.02
16380,"2022-12-05","2022-12-05",0,1,22.86,22.86,22.86
16381,"2020-12-04","2024-02-21",1174,2,79.60,159.20,79.60
16383,"2020-10-11","2024-09-26",1446,3,33.04,99.13,33.04
16384,"2020-02-16","2024-12-26",1775,3,107.48,322.45,107.48
16387,"2020-02-20","2024-04-22",1523,4,63.34,253.34,63.34
16388,"2025-02-06","2025-02-06",0,1,662.61,662.61,662.61
16389,"2025-03-30","2025-03-30",0,1,223.18,223.18,223.18
16390,"2022-11-24","2022-11-24",0,1,83.86,83.86,83.86
16391,"2023-12-24","2025-08-05",590,3,207.28,621.83,207.28
16392,"2024-02-23","2024-02-23",0,1,87.89,87.89,87.89
16393,"2021-01-15","2024-11-10",1395,4,97.97,391.88,97.97
16394,"2022-01-09","2025-08-30",1329,3,143.37,430.11,143.37
16396,"2021-03-04","2025-09-14",1655,3,100.85,302.56,100.85
16397,"2023-06-02","2023-06-02",0,1,59.05,59.05,59.05
16398,"2020-06-12","2024-11-25",1627,5,162.27,811.37,162.27
16399,"2022-09-14","2023-10-17",398,2,125.02,250.03,125.02
16400,"2020-12-15","2023-07-17",944,2,41.11,82.22,41.11
16401,"2023-05-17","2024-04-24",343,2,339.27,678.53,339.27
16402,"2025-06-18","2025-06-18",0,1,40.78,40.78,40.78
16404,"2023-01-23","2023-01-23",0,1,178.48,178.48,178.48
16405,"2023-07-22","2023-07-22",0,1,38.74,38.74,38.74
16406,"2025-03-11","2025-03-11",0,1,118.63,118.63,118.63
16407,"2022-01-18","2024-03-12",784,2,186.15,372.29,186.15
16408,"2022-09-13","2023-02-18",158,2,47.74,95.47,47.74
16409,"2021-12-05","2021-12-05",0,1,64.51,64.51,64.51
16410,"2024-10-17","2024-10-17",0,1,180.32,180.32,180.32
16412,"2023-05-18","2025-01-26",619,3,76.22,228.67,76.22
16413,"2023-03-11","2023-03-11",0,1,640.31,640.31,640.31
16414,"2022-09-14","2023-06-10",269,2,108.34,216.68,108.34
16415,"2025-07-14","2025-07-14",0,1,56.86,56.86,56.86
16416,"2020-01-12","2022-09-20",982,3,182.98,548.95,182.98
16417,"2023-05-22","2025-05-18",727,2,82.89,165.78,82.89
16418,"2024-12-12","2024-12-12",0,1,7.41,7.41,7.41
16419,"2021-04-23","2021-04-23",0,1,119.43,119.43,119.43
16420,"2020-03-19","2025-04-08",1846,2,358.28,716.56,358.28
16421,"2020-06-02","2024-05-17",1445,3,297.37,892.12,297.37
16422,"2024-11-07","2024-11-07",0,1,69.77,69.77,69.77
16423,"2022-05-17","2023-11-01",533,2,154.66,309.32,154.66
16424,"2020-04-17","2021-06-17",426,2,34.04,68.07,34.04
16427,"2022-08-05","2022-08-05",0,1,47.02,47.02,47.02
16428,"2024-02-21","2024-02-21",0,1,258.56,258.56,258.56
16429,"2021-04-16","2023-05-04",748,2,20.50,41.00,20.50
16430,"2022-02-04","2025-02-14",1106,3,99.74,299.23,99.74
16431,"2020-03-08","2020-03-08",0,1,258.01,258.01,258.01
16432,"2020-06-01","2025-08-08",1894,3,403.82,1211.46,403.82
16433,"2024-02-04","2024-11-28",298,3,65.62,196.86,65.62
16434,"2021-10-20","2024-03-18",880,3,117.55,352.65,117.55
16435,"2020-12-14","2025-08-20",1710,2,100.01,200.02,100.01
16436,"2020-02-18","2020-02-18",0,1,68.39,68.39,68.39
16437,"2020-08-01","2020-08-01",0,1,108.64,108.64,108.64
16438,"2020-03-08","2024-08-05",1611,3,102.61,307.82,102.61
16440,"2023-01-24","2024-06-20",513,3,108.71,326.12,108.71
16441,"2024-03-07","2024-03-07",0,1,835.69,835.69,835.69
16442,"2021-07-24","2021-07-24",0,1,454.29,454.29,454.29
16443,"2023-03-21","2023-03-21",0,1,99.70,99.70,99.70
16445,"2020-08-29","2020-08-29",0,1,88.59,88.59,88.59
16447,"2021-06-30","2021-06-30",0,1,42.57,42.57,42.57
16448,"2020-10-23","2024-12-12",1511,3,259.57,778.72,259.57
16449,"2021-04-27","2021-04-27",0,1,260.46,260.46,260.46
16450,"2021-08-22","2022-06-06",288,3,54.07,162.20,54.07
16451,"2022-05-15","2022-05-15",0,1,160.28,160.28,160.28
16452,"2021-09-20","2021-09-20",0,1,55.63,55.63,55.63
16453,"2020-08-29","2025-01-14",1599,3,103.59,310.76,103.59
16454,"2021-04-22","2022-07-23",457,2,132.29,264.58,132.29
16455,"2023-02-22","2023-02-22",0,1,33.75,33.75,33.75
16456,"2023-04-05","2023-04-05",0,1,143.00,143.00,143.00
16459,"2020-05-20","2020-05-20",0,1,467.67,467.67,467.67
16460,"2021-06-28","2025-07-30",1493,3,134.19,402.57,134.19
16461,"2020-05-19","2025-06-30",1868,3,44.39,133.17,44.39
16462,"2020-10-16","2021-12-06",416,2,23.01,46.01,23.01
16463,"2020-08-15","2022-08-11",726,4,135.71,542.84,135.71
16464,"2020-04-09","2025-03-15",1801,4,212.49,849.97,212.49
16466,"2020-04-27","2020-09-17",143,2,180.41,360.81,180.41
16467,"2021-12-14","2024-03-17",824,3,346.60,1039.81,346.60
16468,"2023-05-11","2023-05-11",0,1,39.50,39.50,39.50
16469,"2020-06-15","2022-11-30",898,5,223.95,1119.76,223.95
16470,"2021-03-28","2023-05-19",782,2,18.89,37.78,18.89
16472,"2020-02-19","2025-04-09",1876,4,71.37,285.46,71.37
16473,"2021-12-23","2021-12-23",0,1,419.23,419.23,419.23
16475,"2022-02-05","2025-03-30",1149,2,66.33,132.66,66.33
16476,"2020-05-09","2020-05-09",0,1,18.03,18.03,18.03
16477,"2020-11-12","2020-11-12",0,1,69.52,69.52,69.52
16478,"2025-09-27","2025-09-27",0,1,18.40,18.40,18.40
16480,"2022-10-09","2024-09-22",714,2,189.60,379.19,189.60
16481,"2024-10-11","2025-09-13",337,3,155.92,467.75,155.92
16482,"2021-10-24","2021-10-24",0,1,103.73,103.73,103.73
16483,"2024-11-25","2024-11-25",0,1,113.45,113.45,113.45
16484,"2022-07-21","2022-07-21",0,1,106.08,106.08,106.08
16485,"2021-02-10","2023-11-26",1019,2,92.21,184.41,92.21
16486,"2020-02-03","2024-02-11",1469,2,176.54,353.08,176.54
16487,"2022-04-27","2023-06-10",409,4,257.62,1030.49,257.62
16488,"2020-11-01","2023-07-01",972,2,88.02,176.03,88.02
16489,"2021-08-25","2021-08-25",0,1,106.16,106.16,106.16
16490,"2021-06-11","2021-06-11",0,1,317.09,317.09,317.09
16492,"2022-04-01","2023-08-25",511,2,144.53,289.05,144.53
16493,"2021-08-15","2025-05-04",1358,3,172.95,518.84,172.95
16494,"2020-01-03","2022-12-05",1067,2,249.49,498.98,249.49
16495,"2022-03-01","2025-04-14",1140,2,137.85,275.69,137.85
16496,"2020-10-04","2020-10-04",0,1,77.58,77.58,77.58
16497,"2023-12-14","2023-12-14",0,1,148.54,148.54,148.54
16498,"2022-05-21","2024-03-27",676,4,82.29,329.15,82.29
16499,"2022-03-16","2025-07-30",1232,4,105.15,420.60,105.15
16501,"2021-02-19","2024-01-23",1068,3,225.52,676.55,225.52
16502,"2022-02-02","2023-09-28",603,3,60.20,180.59,60.20
16503,"2020-12-08","2023-01-04",757,2,48.46,96.91,48.46
16504,"2021-08-22","2024-02-17",909,3,146.06,438.17,146.06
16505,"2020-11-04","2020-11-04",0,1,752.46,752.46,752.46
16506,"2020-02-04","2020-02-04",0,1,4.59,4.59,4.59
16508,"2021-04-08","2024-02-29",1057,3,85.16,255.48,85.16
16509,"2023-11-28","2023-11-28",0,1,27.53,27.53,27.53
16510,"2024-04-13","2024-04-13",0,1,96.30,96.30,96.30
16511,"2023-06-24","2024-10-29",493,3,169.38,508.14,169.38
16512,"2021-03-18","2025-10-11",1668,3,151.23,453.68,151.23
16513,"2020-03-05","2020-03-05",0,1,104.40,104.40,104.40
16515,"2023-06-26","2023-06-26",0,1,39.58,39.58,39.58
16516,"2020-02-17","2025-05-07",1906,2,78.62,157.23,78.62
16517,"2020-04-19","2025-08-07",1936,3,155.38,466.13,155.38
16519,"2021-10-29","2025-10-19",1451,2,51.47,102.94,51.47
16520,"2022-01-14","2024-10-05",995,2,131.15,262.30,131.15
16521,"2023-06-01","2023-06-01",0,1,92.13,92.13,92.13
16522,"2020-07-10","2024-03-25",1354,4,155.03,620.12,155.03
16523,"2020-07-24","2020-07-24",0,1,45.87,45.87,45.87
16524,"2021-12-18","2022-02-13",57,2,650.10,1300.20,650.10
16525,"2020-04-02","2022-01-01",639,2,111.53,223.05,111.53
16526,"2020-02-11","2025-08-03",2000,3,32.16,96.47,32.16
16530,"2021-01-23","2021-01-23",0,1,64.57,64.57,64.57
16531,"2020-12-17","2024-05-27",1257,3,86.27,258.82,86.27
16532,"2024-05-06","2024-11-26",204,2,164.51,329.01,164.51
16534,"2021-06-02","2024-11-05",1252,3,58.85,176.54,58.85
16535,"2021-08-22","2021-08-22",0,1,16.04,16.04,16.04
16537,"2024-08-08","2024-08-08",0,1,125.59,125.59,125.59
16538,"2025-02-14","2025-03-08",22,2,173.42,346.83,173.42
16539,"2020-06-20","2023-11-11",1239,3,58.18,174.55,58.18
16540,"2022-11-17","2022-11-17",0,1,16.32,16.32,16.32
16541,"2023-08-02","2023-08-02",0,1,265.91,265.91,265.91
16542,"2021-06-30","2021-06-30",0,1,109.44,109.44,109.44
16543,"2020-10-20","2020-10-20",0,1,578.56,578.56,578.56
16544,"2024-07-15","2024-07-15",0,1,116.66,116.66,116.66
16545,"2020-05-09","2025-06-08",1856,2,52.56,105.11,52.56
16546,"2023-05-19","2023-05-19",0,1,35.56,35.56,35.56
16547,"2022-11-07","2025-02-27",843,3,105.72,317.17,105.72
16548,"2021-12-05","2024-08-31",1000,2,134.92,269.83,134.92
16549,"2023-11-12","2023-11-12",0,1,28.92,28.92,28.92
16552,"2022-12-18","2022-12-18",0,1,35.12,35.12,35.12
16553,"2020-12-12","2025-06-05",1636,3,271.07,813.20,271.07
16554,"2021-03-09","2024-09-03",1274,6,89.36,536.17,89.36
16555,"2020-01-24","2021-11-18",664,3,42.85,128.55,42.85
16557,"2023-03-09","2023-03-09",0,1,93.85,93.85,93.85
16558,"2020-12-23","2023-06-23",912,4,190.85,763.38,190.85
16559,"2020-11-12","2021-11-16",369,2,44.29,88.58,44.29
16560,"2020-12-31","2023-10-23",1026,2,315.74,631.47,315.74
16562,"2020-07-09","2024-10-02",1546,2,224.76,449.51,224.76
16563,"2023-11-13","2024-09-06",298,2,337.47,674.93,337.47
16564,"2021-10-17","2021-10-17",0,1,44.14,44.14,44.14
16565,"2021-09-09","2024-10-28",1145,4,494.13,1976.53,494.13
16567,"2020-10-10","2020-10-10",0,1,44.09,44.09,44.09
16568,"2023-08-14","2025-10-09",787,4,123.47,493.86,123.47
16569,"2021-07-13","2021-07-13",0,1,81.14,81.14,81.14
16570,"2020-05-17","2022-11-28",925,3,213.95,641.86,213.95
16571,"2020-11-07","2025-09-15",1773,4,69.97,279.88,69.97
16572,"2021-04-18","2022-10-10",540,2,119.63,239.26,119.63
16573,"2020-05-31","2020-05-31",0,1,120.00,120.00,120.00
16574,"2021-03-03","2021-06-26",115,2,86.52,173.03,86.52
16576,"2022-06-02","2022-06-26",24,2,262.68,525.36,262.68
16578,"2020-10-28","2020-10-28",0,1,36.28,36.28,36.28
16579,"2021-05-08","2024-03-14",1041,2,65.65,131.29,65.65
16581,"2021-05-31","2023-05-14",713,2,349.40,698.79,349.40
16582,"2023-04-18","2023-04-18",0,1,492.26,492.26,492.26
16583,"2022-04-20","2022-04-20",0,1,270.55,270.55,270.55
16584,"2020-07-20","2022-11-29",862,3,25.38,76.13,25.38
16585,"2023-06-27","2023-06-27",0,1,112.00,112.00,112.00
16586,"2021-03-21","2021-03-21",0,1,88.32,88.32,88.32
16587,"2022-02-27","2025-07-06",1225,2,49.22,98.44,49.22
16588,"2022-04-06","2023-08-22",503,4,173.12,692.48,173.12
16589,"2021-03-10","2022-09-17",556,2,156.81,313.62,156.81
16590,"2020-05-16","2020-05-16",0,1,84.83,84.83,84.83
16592,"2023-08-18","2023-08-18",0,1,39.84,39.84,39.84
16593,"2021-10-05","2021-10-05",0,1,66.53,66.53,66.53
16594,"2021-03-12","2025-06-28",1569,2,103.44,206.88,103.44
16595,"2020-06-04","2022-08-08",795,3,180.59,541.77,180.59
16598,"2021-03-28","2025-05-22",1516,3,259.03,777.09,259.03
16600,"2020-10-17","2022-01-19",459,2,25.20,50.39,25.20
16601,"2024-10-12","2024-10-12",0,1,78.04,78.04,78.04
16602,"2023-10-13","2024-05-11",211,2,43.02,86.04,43.02
16603,"2020-07-25","2024-03-10",1324,3,262.36,787.09,262.36
16604,"2022-06-09","2025-03-21",1016,3,186.13,558.40,186.13
16605,"2022-03-15","2025-10-02",1297,4,155.53,622.13,155.53
16606,"2023-07-15","2025-01-19",554,2,277.37,554.74,277.37
16607,"2021-09-21","2023-10-20",759,2,203.45,406.90,203.45
16608,"2020-08-06","2020-08-06",0,1,290.27,290.27,290.27
16609,"2020-02-21","2022-10-15",967,2,101.89,203.78,101.89
16610,"2023-03-04","2023-03-04",0,1,33.97,33.97,33.97
16612,"2021-12-09","2021-12-09",0,1,5.37,5.37,5.37
16613,"2021-07-12","2025-08-02",1482,2,166.74,333.47,166.74
16614,"2020-09-01","2024-01-03",1219,2,75.86,151.71,75.86
16616,"2024-02-10","2024-02-10",0,1,108.78,108.78,108.78
16617,"2021-06-04","2022-12-04",548,2,29.41,58.82,29.41
16618,"2020-08-22","2024-10-31",1531,3,155.48,466.43,155.48
16619,"2021-11-04","2023-02-16",469,2,58.14,116.27,58.14
16620,"2021-05-25","2024-05-02",1073,4,108.60,434.41,108.60
16622,"2022-12-23","2022-12-23",0,1,227.38,227.38,227.38
16623,"2021-03-20","2023-04-04",745,3,54.10,162.29,54.10
16624,"2020-08-22","2025-03-02",1653,6,110.13,660.76,110.13
16626,"2023-06-15","2023-06-15",0,1,15.86,15.86,15.86
16627,"2020-05-01","2022-06-12",772,2,69.32,138.63,69.32
16628,"2024-10-11","2024-10-11",0,1,43.79,43.79,43.79
16630,"2020-10-31","2025-09-28",1793,2,17.37,34.73,17.37
16631,"2020-09-18","2025-06-02",1718,3,20.49,61.48,20.49
16632,"2020-12-07","2024-10-15",1408,2,328.30,656.59,328.30
16633,"2020-02-11","2023-02-10",1095,3,263.31,789.93,263.31
16634,"2024-02-06","2024-02-06",0,1,49.51,49.51,49.51
16635,"2020-01-21","2023-12-29",1438,4,265.73,1062.93,265.73
16636,"2020-05-31","2020-05-31",0,1,149.59,149.59,149.59
16637,"2023-02-02","2023-02-02",0,1,13.81,13.81,13.81
16639,"2023-04-18","2024-12-22",614,2,29.62,59.24,29.62
16640,"2024-03-04","2024-03-04",0,1,52.87,52.87,52.87
16642,"2020-10-16","2020-10-16",0,1,200.84,200.84,200.84
16643,"2025-09-03","2025-09-03",0,1,25.48,25.48,25.48
16644,"2020-02-02","2020-02-02",0,1,209.66,209.66,209.66
16645,"2020-06-23","2020-06-23",0,1,17.58,17.58,17.58
16647,"2020-04-20","2020-04-20",0,1,36.00,36.00,36.00
16648,"2020-05-01","2025-03-07",1771,4,127.43,509.71,127.43
16649,"2024-08-13","2024-08-13",0,1,56.47,56.47,56.47
16651,"2022-09-22","2024-03-02",527,3,131.81,395.44,131.81
16653,"2025-03-17","2025-06-14",89,2,93.57,187.14,93.57
16654,"2021-03-08","2021-11-28",265,2,64.87,129.73,64.87
16655,"2022-07-08","2022-07-08",0,1,34.38,34.38,34.38
16656,"2021-10-04","2023-07-31",665,4,65.24,260.95,65.24
16657,"2025-09-07","2025-09-07",0,1,213.56,213.56,213.56
16658,"2021-10-11","2025-05-29",1326,3,142.12,426.37,142.12
16659,"2020-10-16","2023-10-18",1097,2,56.07,112.13,56.07
16661,"2020-07-26","2023-06-29",1068,2,129.39,258.77,129.39
16662,"2023-01-09","2023-01-09",0,1,5.69,5.69,5.69
16663,"2022-02-11","2025-07-03",1238,3,203.89,611.66,203.89
16664,"2021-04-02","2022-10-15",561,3,82.97,248.91,82.97
16665,"2020-05-09","2022-11-08",913,4,126.20,504.80,126.20
16666,"2024-07-05","2024-07-05",0,1,333.99,333.99,333.99
16668,"2022-11-25","2022-11-25",0,1,192.99,192.99,192.99
16669,"2020-04-04","2020-04-04",0,1,141.92,141.92,141.92
16671,"2023-07-23","2023-07-23",0,1,74.13,74.13,74.13
16672,"2022-05-27","2023-07-17",416,2,172.79,345.57,172.79
16675,"2021-12-11","2024-10-03",1027,4,121.72,486.89,121.72
16677,"2020-12-28","2025-10-17",1754,3,80.82,242.47,80.82
16678,"2022-06-11","2025-05-18",1072,2,109.86,219.71,109.86
16679,"2022-08-11","2022-08-11",0,1,422.66,422.66,422.66
16681,"2024-01-21","2025-08-31",588,2,24.25,48.50,24.25
16682,"2023-05-29","2024-11-23",544,2,160.00,320.00,160.00
16683,"2024-02-22","2024-02-22",0,1,142.92,142.92,142.92
16684,"2020-07-11","2020-07-11",0,1,209.99,209.99,209.99
16685,"2020-11-04","2024-07-28",1362,2,180.75,361.49,180.75
16686,"2020-09-06","2023-05-26",992,2,33.79,67.58,33.79
16687,"2021-05-08","2024-10-27",1268,3,59.46,178.38,59.46
16689,"2020-08-25","2024-12-31",1589,2,258.45,516.90,258.45
16690,"2024-06-11","2024-06-11",0,1,306.90,306.90,306.90
16691,"2023-04-17","2023-04-17",0,1,173.00,173.00,173.00
16693,"2020-08-22","2021-06-30",312,3,66.76,200.27,66.76
16694,"2021-03-26","2023-11-06",955,2,197.31,394.61,197.31
16695,"2023-03-15","2023-03-15",0,1,135.81,135.81,135.81
16696,"2022-05-09","2022-08-29",112,2,110.05,220.10,110.05
16697,"2021-06-21","2023-06-27",736,3,370.02,1110.07,370.02
16698,"2021-10-19","2024-09-01",1048,3,104.49,313.47,104.49
16699,"2021-05-27","2023-01-16",599,5,147.20,735.99,147.20
16700,"2022-12-12","2025-04-13",853,2,250.21,500.42,250.21
16702,"2021-01-12","2021-01-12",0,1,4.30,4.30,4.30
16703,"2021-04-24","2023-09-09",868,2,59.49,118.97,59.49
16704,"2020-01-29","2020-01-29",0,1,73.61,73.61,73.61
16705,"2022-01-09","2022-01-09",0,1,219.91,219.91,219.91
16706,"2020-01-31","2025-07-22",1999,5,103.49,517.45,103.49
16707,"2021-10-31","2021-10-31",0,1,46.39,46.39,46.39
16708,"2020-04-12","2024-03-24",1442,3,163.96,491.87,163.96
16709,"2021-02-22","2025-06-03",1562,3,91.22,273.65,91.22
16711,"2024-03-20","2024-03-24",4,2,114.78,229.56,114.78
16712,"2021-12-07","2023-01-20",409,2,85.17,170.34,85.17
16714,"2025-01-27","2025-01-27",0,1,39.27,39.27,39.27
16715,"2021-03-20","2024-11-08",1329,3,29.70,89.09,29.70
16716,"2021-10-29","2025-06-24",1334,3,162.48,487.45,162.48
16717,"2023-10-10","2025-08-04",664,2,80.60,161.20,80.60
16718,"2021-01-22","2023-06-29",888,3,134.37,403.12,134.37
16719,"2021-12-29","2023-02-15",413,2,91.13,182.25,91.13
16720,"2020-07-06","2025-01-23",1662,6,72.80,436.80,72.80
16721,"2020-09-24","2021-07-04",283,3,98.19,294.58,98.19
16722,"2022-08-07","2025-10-07",1157,2,13.79,27.57,13.79
16723,"2020-09-10","2022-08-26",715,2,59.16,118.32,59.16
16724,"2021-06-08","2025-01-21",1323,3,174.39,523.18,174.39
16725,"2024-05-27","2025-05-17",355,2,207.72,415.43,207.72
16727,"2025-09-13","2025-09-13",0,1,66.22,66.22,66.22
16728,"2020-09-17","2025-01-06",1572,3,90.59,271.76,90.59
16729,"2020-03-12","2023-09-04",1271,3,41.56,124.68,41.56
16730,"2020-02-14","2023-07-18",1250,2,48.17,96.33,48.17
16731,"2023-07-03","2023-07-03",0,1,39.94,39.94,39.94
16732,"2020-01-03","2020-01-03",0,1,211.86,211.86,211.86
16733,"2020-11-05","2020-11-06",1,2,116.51,233.02,116.51
16734,"2021-11-11","2021-11-11",0,1,310.15,310.15,310.15
16735,"2021-08-06","2025-02-22",1296,3,75.90,227.69,75.90
16736,"2022-08-17","2022-08-17",0,1,33.06,33.06,33.06
16737,"2022-04-12","2025-03-25",1078,2,162.54,325.07,162.54
16738,"2025-09-17","2025-09-17",0,1,8.35,8.35,8.35
16740,"2021-04-12","2023-11-23",955,3,130.16,390.48,130.16
16741,"2021-05-18","2022-08-31",470,2,97.49,194.97,97.49
16742,"2020-12-04","2020-12-04",0,1,67.36,67.36,67.36
16743,"2025-04-14","2025-04-14",0,1,294.05,294.05,294.05
16744,"2022-10-06","2024-01-24",475,2,129.60,259.20,129.60
16746,"2021-04-25","2021-04-25",0,1,41.61,41.61,41.61
16748,"2025-10-14","2025-10-14",0,1,301.69,301.69,301.69
16749,"2021-08-18","2024-03-20",945,5,132.14,660.70,132.14
16750,"2024-02-03","2024-02-03",0,1,11.37,11.37,11.37
16751,"2020-04-09","2020-09-06",150,2,177.77,355.53,177.77
16752,"2020-09-01","2020-09-01",0,1,9.27,9.27,9.27
16753,"2021-08-24","2024-09-21",1124,2,26.34,52.67,26.34
16754,"2021-10-09","2024-03-09",882,2,119.67,239.33,119.67
16755,"2021-05-10","2021-05-10",0,1,376.88,376.88,376.88
16757,"2021-07-08","2021-07-08",0,1,39.60,39.60,39.60
16758,"2020-03-14","2024-11-13",1705,2,129.59,259.17,129.59
16759,"2023-11-20","2024-02-22",94,2,39.21,78.42,39.21
16760,"2022-04-13","2024-06-04",783,3,197.66,592.98,197.66
16762,"2020-05-06","2024-05-12",1467,3,165.04,495.12,165.04
16763,"2020-02-24","2024-06-02",1560,4,103.66,414.63,103.66
16764,"2022-01-05","2022-01-05",0,1,65.50,65.50,65.50
16765,"2022-07-23","2022-07-23",0,1,408.53,408.53,408.53
16768,"2020-04-20","2025-08-27",1955,7,94.72,663.03,94.72
16769,"2023-02-04","2023-02-04",0,1,53.49,53.49,53.49
16770,"2023-08-20","2023-08-20",0,1,248.82,248.82,248.82
16772,"2024-01-20","2025-06-29",526,3,302.04,906.11,302.04
16773,"2020-12-28","2025-10-09",1746,6,73.47,440.84,73.47
16775,"2024-06-24","2024-06-24",0,1,75.95,75.95,75.95
16776,"2020-06-27","2023-06-18",1086,2,78.63,157.25,78.63
16777,"2020-08-14","2024-05-25",1380,2,245.25,490.50,245.25
16778,"2020-02-29","2020-07-06",128,2,108.71,217.41,108.71
16779,"2023-08-28","2024-10-14",413,2,62.49,124.97,62.49
16782,"2024-02-19","2025-07-26",523,4,181.96,727.84,181.96
16783,"2022-03-22","2022-03-22",0,1,10.91,10.91,10.91
16785,"2023-07-28","2025-01-04",526,2,328.63,657.26,328.63
16786,"2020-01-02","2025-10-02",2100,5,113.47,567.34,113.47
16787,"2020-07-22","2020-07-22",0,1,230.31,230.31,230.31
16789,"2022-09-24","2022-09-24",0,1,103.94,103.94,103.94
16790,"2023-03-29","2023-03-29",0,1,317.64,317.64,317.64
16791,"2022-04-26","2022-04-26",0,1,14.08,14.08,14.08
16792,"2023-10-02","2023-10-02",0,1,188.82,188.82,188.82
16793,"2022-05-24","2024-05-10",717,2,106.05,212.10,106.05
16795,"2023-12-06","2023-12-06",0,1,153.96,153.96,153.96
16796,"2020-01-10","2020-05-05",116,2,102.91,205.81,102.91
16797,"2020-04-07","2024-10-13",1650,6,256.85,1541.08,256.85
16798,"2020-05-15","2025-09-24",1958,2,44.53,89.05,44.53
16799,"2022-01-30","2022-03-07",36,2,58.59,117.17,58.59
16800,"2023-03-15","2023-03-15",0,1,577.91,577.91,577.91
16801,"2023-12-16","2023-12-16",0,1,208.24,208.24,208.24
16802,"2021-01-10","2022-06-02",508,4,114.16,456.63,114.16
16803,"2020-08-30","2020-08-30",0,1,748.10,748.10,748.10
16804,"2020-04-30","2022-11-22",936,3,40.20,120.59,40.20
16805,"2023-12-25","2025-08-24",608,3,110.69,332.06,110.69
16806,"2021-01-21","2021-01-21",0,1,480.35,480.35,480.35
16807,"2021-12-25","2023-12-14",719,2,64.12,128.24,64.12
16809,"2020-09-11","2025-09-12",1827,5,161.54,807.68,161.54
16812,"2025-01-23","2025-01-23",0,1,73.70,73.70,73.70
16814,"2020-11-16","2021-05-16",181,2,52.54,105.08,52.54
16815,"2021-04-01","2021-04-01",0,1,29.62,29.62,29.62
16816,"2024-04-22","2024-04-22",0,1,62.20,62.20,62.20
16817,"2024-11-08","2024-12-04",26,2,40.71,81.42,40.71
16818,"2021-09-30","2021-09-30",0,1,165.75,165.75,165.75
16820,"2021-01-26","2022-04-04",433,2,87.61,175.22,87.61
16822,"2020-07-27","2024-05-12",1385,3,151.52,454.55,151.52
16825,"2023-04-21","2023-04-21",0,1,234.24,234.24,234.24
16826,"2023-07-05","2023-07-05",0,1,36.17,36.17,36.17
16827,"2024-09-24","2025-09-18",359,2,196.56,393.11,196.56
16828,"2023-07-18","2025-08-08",752,2,62.06,124.11,62.06
16829,"2022-12-02","2025-04-17",867,2,25.08,50.15,25.08
16830,"2021-09-02","2021-12-21",110,2,180.83,361.66,180.83
16831,"2020-10-15","2020-10-15",0,1,79.04,79.04,79.04
16832,"2020-02-03","2020-02-03",0,1,30.17,30.17,30.17
16834,"2024-04-11","2024-06-14",64,3,17.47,52.41,17.47
16836,"2021-01-14","2024-05-06",1208,3,133.78,401.34,133.78
16837,"2021-08-11","2023-01-25",532,2,158.97,317.93,158.97
16838,"2023-06-24","2023-06-24",0,1,55.45,55.45,55.45
16839,"2023-08-17","2023-08-17",0,1,122.99,122.99,122.99
16840,"2021-10-21","2025-05-16",1303,3,55.08,165.24,55.08
16842,"2020-06-09","2020-10-17",130,2,154.96,309.91,154.96
16843,"2023-12-19","2025-10-08",659,2,185.94,371.87,185.94
16845,"2020-09-28","2024-10-11",1474,2,465.90,931.79,465.90
16846,"2020-01-03","2025-02-02",1857,2,173.26,346.51,173.26
16847,"2021-07-05","2021-07-05",0,1,197.27,197.27,197.27
16848,"2020-01-13","2025-02-01",1846,3,65.34,196.03,65.34
16849,"2021-02-16","2023-06-23",857,2,29.13,58.26,29.13
16850,"2020-10-19","2020-10-19",0,1,39.88,39.88,39.88
16851,"2020-02-03","2024-01-06",1433,3,129.20,387.59,129.20
16852,"2022-01-25","2024-02-01",737,3,175.48,526.44,175.48
16853,"2022-12-20","2024-12-10",721,2,62.75,125.50,62.75
16854,"2020-12-01","2024-11-26",1456,2,123.16,246.31,123.16
16855,"2021-03-25","2023-03-19",724,3,208.69,626.08,208.69
16856,"2020-08-06","2023-12-27",1238,4,117.48,469.93,117.48
16857,"2022-02-18","2022-02-18",0,1,102.96,102.96,102.96
16858,"2021-08-28","2024-05-09",985,3,176.16,528.48,176.16
16859,"2023-12-04","2023-12-04",0,1,48.32,48.32,48.32
16860,"2023-08-17","2023-08-17",0,1,84.54,84.54,84.54
16861,"2021-02-22","2021-02-22",0,1,69.69,69.69,69.69
16862,"2021-06-28","2021-06-28",0,1,669.67,669.67,669.67
16863,"2020-09-16","2024-08-11",1425,4,185.64,742.54,185.64
16865,"2023-01-21","2023-01-21",0,1,281.65,281.65,281.65
16866,"2024-03-12","2025-06-17",462,3,101.74,305.23,101.74
16867,"2022-01-23","2025-10-03",1349,5,97.56,487.82,97.56
16868,"2022-01-15","2023-07-24",555,2,309.61,619.22,309.61
16869,"2021-12-14","2021-12-14",0,1,32.60,32.60,32.60
16872,"2020-04-18","2024-11-13",1670,2,50.07,100.13,50.07
16873,"2021-01-01","2021-01-01",0,1,81.16,81.16,81.16
16875,"2022-08-15","2025-06-05",1025,4,72.16,288.63,72.16
16876,"2021-02-25","2021-02-25",0,1,133.12,133.12,133.12
16877,"2020-01-02","2025-08-15",2052,4,168.15,672.61,168.15
16878,"2020-04-05","2020-06-08",64,2,63.29,126.57,63.29
16879,"2020-03-15","2020-11-06",236,2,111.49,222.97,111.49
16880,"2022-10-23","2024-12-03",772,3,246.04,738.11,246.04
16881,"2025-01-24","2025-01-24",0,1,96.79,96.79,96.79
16882,"2024-11-18","2024-11-18",0,1,554.64,554.64,554.64
16883,"2022-05-15","2023-09-12",485,3,102.23,306.69,102.23
16884,"2021-10-01","2022-03-16",166,2,11.00,22.00,11.00
16886,"2023-05-10","2023-05-10",0,1,234.70,234.70,234.70
16887,"2020-02-22","2022-02-14",723,2,257.94,515.88,257.94
16888,"2023-02-09","2025-06-30",872,3,101.29,303.86,101.29
16889,"2022-01-09","2023-02-06",393,2,57.88,115.75,57.88
16891,"2020-11-03","2024-07-01",1336,4,82.60,330.40,82.60
16892,"2021-01-05","2023-09-30",998,3,78.62,235.85,78.62
16893,"2021-10-11","2025-09-04",1424,4,63.61,254.43,63.61
16894,"2025-10-30","2025-10-30",0,1,71.84,71.84,71.84
16895,"2021-01-03","2021-03-17",73,2,226.59,453.18,226.59
16896,"2023-03-16","2023-03-16",0,1,251.10,251.10,251.10
16897,"2023-01-18","2025-07-29",923,4,119.44,477.75,119.44
16898,"2023-03-09","2024-12-03",635,2,51.57,103.14,51.57
16899,"2020-01-15","2023-09-10",1334,3,102.81,308.44,102.81
16900,"2021-05-08","2021-05-08",0,1,7.24,7.24,7.24
16901,"2022-02-23","2024-12-14",1025,2,128.56,257.12,128.56
16902,"2023-12-24","2023-12-24",0,1,47.76,47.76,47.76
16905,"2022-01-13","2024-05-18",856,2,253.15,506.29,253.15
16907,"2020-07-25","2022-12-11",869,2,69.81,139.61,69.81
16908,"2022-02-09","2025-10-23",1352,2,49.49,98.97,49.49
16909,"2023-07-02","2024-10-15",471,2,325.85,651.69,325.85
16910,"2021-08-19","2021-08-19",0,1,156.62,156.62,156.62
16911,"2022-08-11","2025-03-04",936,2,104.74,209.47,104.74
16912,"2022-09-28","2025-08-23",1060,3,125.28,375.83,125.28
16913,"2020-05-23","2020-12-20",211,2,215.39,430.77,215.39
16914,"2024-09-02","2025-06-03",274,2,183.58,367.15,183.58
16916,"2022-04-25","2022-04-25",0,1,110.75,110.75,110.75
16919,"2020-10-28","2022-11-29",762,4,62.75,251.01,62.75
16920,"2021-05-21","2021-05-21",0,1,77.31,77.31,77.31
16921,"2024-05-02","2025-03-10",312,2,175.81,351.62,175.81
16922,"2025-07-28","2025-07-28",0,1,121.66,121.66,121.66
16923,"2022-12-02","2024-06-05",551,2,210.34,420.67,210.34
16924,"2021-04-23","2021-04-23",0,1,467.17,467.17,467.17
16925,"2020-09-07","2020-09-07",0,1,171.62,171.62,171.62
16926,"2021-12-06","2024-04-03",849,2,50.00,100.00,50.00
16927,"2020-10-25","2022-04-02",524,2,53.30,106.60,53.30
16928,"2023-08-23","2025-09-07",746,2,233.49,466.98,233.49
16929,"2021-01-27","2021-01-27",0,1,138.12,138.12,138.12
16930,"2020-03-05","2024-05-27",1544,2,76.54,153.07,76.54
16931,"2022-06-15","2025-09-25",1198,4,110.89,443.56,110.89
16932,"2020-03-21","2023-04-14",1119,4,47.77,191.09,47.77
16933,"2020-03-11","2020-03-28",17,2,53.81,107.61,53.81
16934,"2020-07-17","2020-07-17",0,1,12.44,12.44,12.44
16935,"2022-12-13","2023-12-15",367,2,87.51,175.02,87.51
16936,"2023-05-17","2023-05-17",0,1,50.72,50.72,50.72
16937,"2020-11-02","2025-04-05",1615,3,31.78,95.33,31.78
16939,"2020-06-16","2025-05-02",1781,4,89.97,359.88,89.97
16940,"2020-01-15","2025-03-23",1894,6,178.36,1070.17,178.36
16942,"2021-01-09","2021-01-09",0,1,215.12,215.12,215.12
16943,"2022-03-30","2025-10-15",1295,4,119.18,476.72,119.18
16945,"2021-10-03","2025-03-31",1275,2,90.21,180.41,90.21
16946,"2023-07-29","2025-05-02",643,2,476.18,952.35,476.18
16947,"2023-07-12","2023-07-12",0,1,72.33,72.33,72.33
16948,"2022-01-27","2024-08-12",928,4,52.53,210.11,52.53
16949,"2021-04-08","2025-02-15",1409,4,227.31,909.25,227.31
16950,"2023-01-20","2024-06-09",506,2,79.60,159.20,79.60
16951,"2021-08-15","2023-09-06",752,3,110.99,332.96,110.99
16952,"2024-10-29","2025-03-10",132,3,59.53,178.59,59.53
16954,"2022-10-30","2023-04-17",169,2,81.90,163.79,81.90
16955,"2024-10-15","2024-10-15",0,1,54.29,54.29,54.29
16958,"2021-11-01","2024-10-31",1095,4,147.34,589.36,147.34
16959,"2021-05-09","2025-09-10",1585,2,254.94,509.88,254.94
16960,"2021-02-15","2021-03-18",31,2,130.59,261.17,130.59
16961,"2021-05-12","2021-05-12",0,1,155.48,155.48,155.48
16962,"2021-11-26","2021-11-26",0,1,541.00,541.00,541.00
16963,"2022-07-13","2024-09-06",786,3,178.61,535.83,178.61
16965,"2023-02-05","2023-02-05",0,1,51.57,51.57,51.57
16967,"2020-12-23","2024-12-16",1454,4,215.71,862.83,215.71
16968,"2020-09-28","2024-03-22",1271,3,295.43,886.28,295.43
16969,"2022-01-08","2022-01-08",0,1,231.28,231.28,231.28
16971,"2020-07-16","2024-03-05",1328,3,102.56,307.67,102.56
16973,"2021-09-14","2021-09-14",0,1,242.02,242.02,242.02
16974,"2020-01-16","2024-02-04",1480,2,77.44,154.87,77.44
16976,"2023-01-03","2025-08-17",957,2,23.19,46.38,23.19
16977,"2022-02-08","2025-03-13",1129,4,160.21,640.84,160.21
16978,"2023-10-03","2025-06-28",634,2,168.10,336.19,168.10
16980,"2021-11-07","2022-04-24",168,2,302.92,605.84,302.92
16981,"2021-01-25","2021-12-30",339,2,172.88,345.76,172.88
16982,"2020-09-20","2024-05-18",1336,4,143.19,572.76,143.19
16983,"2023-10-05","2023-10-05",0,1,80.25,80.25,80.25
16984,"2025-08-10","2025-08-10",0,1,48.99,48.99,48.99
16985,"2021-09-15","2024-03-06",903,3,311.17,933.52,311.17
16986,"2021-05-12","2021-05-12",0,1,34.03,34.03,34.03
16987,"2020-03-22","2020-11-14",237,2,100.01,200.01,100.01
16988,"2025-02-07","2025-02-07",0,1,36.13,36.13,36.13
16989,"2022-04-10","2023-11-07",576,3,162.14,486.42,162.14
16990,"2020-12-10","2023-05-02",873,2,29.67,59.33,29.67
16991,"2021-10-30","2021-10-30",0,1,223.55,223.55,223.55
16992,"2020-01-29","2020-01-29",0,1,105.85,105.85,105.85
16993,"2020-11-01","2025-02-15",1567,3,161.41,484.23,161.41
16994,"2020-05-14","2022-04-13",699,2,245.42,490.83,245.42
16995,"2020-02-22","2020-04-05",43,2,78.77,157.53,78.77
16996,"2020-10-13","2022-10-06",723,3,230.28,690.85,230.28
16997,"2020-07-21","2024-08-09",1480,2,153.50,306.99,153.50
16998,"2023-03-01","2025-09-07",921,2,213.50,426.99,213.50
16999,"2020-04-10","2023-12-18",1347,2,26.59,53.17,26.59
17001,"2021-06-28","2025-01-27",1309,4,68.34,273.37,68.34
17002,"2020-02-23","2022-07-13",871,3,87.71,263.14,87.71
17004,"2023-01-13","2025-02-02",751,4,162.51,650.03,162.51
17005,"2022-04-07","2022-04-07",0,1,1046.68,1046.68,1046.68
17006,"2020-08-27","2020-08-27",0,1,188.01,188.01,188.01
17008,"2020-06-16","2025-09-23",1925,4,148.45,593.80,148.45
17009,"2021-11-18","2024-01-21",794,2,94.40,188.80,94.40
17010,"2022-03-29","2022-08-04",128,3,93.36,280.09,93.36
17012,"2022-11-01","2022-11-01",0,1,17.47,17.47,17.47
17014,"2021-02-25","2023-12-03",1011,2,129.45,258.89,129.45
17015,"2023-01-25","2025-04-23",819,3,105.42,316.26,105.42
17016,"2021-11-12","2025-09-26",1414,5,420.30,2101.50,420.30
17017,"2025-03-21","2025-03-21",0,1,12.37,12.37,12.37
17019,"2022-08-27","2023-04-19",235,2,85.38,170.75,85.38
17020,"2020-03-17","2024-12-15",1734,3,125.99,377.97,125.99
17022,"2021-04-28","2025-08-24",1579,4,79.14,316.57,79.14
17024,"2021-04-29","2021-04-29",0,1,227.17,227.17,227.17
17025,"2020-09-04","2020-09-04",0,1,34.02,34.02,34.02
17026,"2021-02-12","2024-12-16",1403,3,254.11,762.34,254.11
17027,"2020-06-17","2025-02-11",1700,2,109.53,219.05,109.53
17028,"2022-10-19","2022-10-19",0,1,39.68,39.68,39.68
17029,"2020-02-10","2024-04-13",1524,3,82.67,248.00,82.67
17030,"2022-06-12","2024-09-28",839,2,56.19,112.38,56.19
17031,"2020-03-13","2021-01-23",316,2,88.26,176.51,88.26
17033,"2020-02-09","2024-05-09",1551,2,149.95,299.90,149.95
17034,"2025-07-16","2025-07-16",0,1,146.89,146.89,146.89
17035,"2023-04-20","2023-04-20",0,1,65.98,65.98,65.98
17036,"2022-06-11","2023-07-12",396,2,106.16,212.31,106.16
17037,"2020-02-21","2022-10-26",978,2,425.81,851.61,425.81
17038,"2021-03-14","2021-03-14",0,1,56.76,56.76,56.76
17039,"2023-02-26","2023-07-21",145,2,272.39,544.78,272.39
17040,"2021-02-21","2025-01-16",1425,3,177.62,532.85,177.62
17042,"2020-01-06","2025-06-11",1983,6,221.60,1329.62,221.60
17043,"2020-03-15","2025-04-30",1872,2,174.92,349.84,174.92
17044,"2023-07-16","2023-07-16",0,1,17.66,17.66,17.66
17045,"2021-10-13","2025-07-06",1362,2,215.36,430.71,215.36
17046,"2023-02-25","2025-03-30",764,2,72.92,145.83,72.92
17047,"2023-06-23","2024-05-30",342,2,208.77,417.53,208.77
17048,"2021-08-18","2025-02-28",1290,3,42.14,126.41,42.14
17049,"2021-12-29","2022-12-25",361,3,11.17,33.51,11.17
17050,"2023-05-29","2025-09-28",853,3,104.91,314.72,104.91
17052,"2020-03-16","2024-12-20",1740,6,129.73,778.38,129.73
17053,"2022-07-30","2022-07-30",0,1,350.59,350.59,350.59
17054,"2023-01-13","2023-08-12",211,2,164.95,329.89,164.95
17055,"2020-03-27","2024-11-12",1691,5,174.39,871.93,174.39
17058,"2020-03-12","2023-09-08",1275,3,114.16,342.49,114.16
17059,"2020-12-02","2025-02-12",1533,4,104.93,419.71,104.93
17061,"2020-08-26","2023-11-19",1180,3,36.02,108.06,36.02
17063,"2021-01-30","2024-10-30",1369,2,85.42,170.84,85.42
17064,"2020-07-11","2023-01-04",907,3,121.98,365.95,121.98
17065,"2022-10-14","2025-02-28",868,2,79.07,158.13,79.07
17066,"2020-11-13","2021-06-29",228,2,40.91,81.82,40.91
17067,"2021-08-25","2021-08-25",0,1,14.54,14.54,14.54
17068,"2021-01-15","2024-05-02",1203,5,182.66,913.30,182.66
17069,"2022-04-04","2024-06-21",809,2,278.52,557.03,278.52
17070,"2021-11-22","2022-08-11",262,3,109.74,329.23,109.74
17071,"2020-05-07","2025-06-19",1869,3,153.62,460.85,153.62
17072,"2023-08-16","2023-08-16",0,1,128.97,128.97,128.97
17073,"2024-11-02","2024-11-02",0,1,358.66,358.66,358.66
17074,"2020-08-16","2024-12-30",1597,2,268.62,537.23,268.62
17077,"2020-12-08","2025-03-09",1552,4,100.84,403.34,100.84
17078,"2022-04-21","2022-04-21",0,1,235.50,235.50,235.50
17079,"2023-05-08","2023-05-08",0,1,44.57,44.57,44.57
17081,"2020-03-21","2020-03-21",0,1,90.62,90.62,90.62
17083,"2020-09-22","2025-08-02",1775,6,161.00,966.02,161.00
17084,"2020-08-19","2022-08-20",731,2,425.50,851.00,425.50
17085,"2021-03-06","2022-05-07",427,2,93.72,187.44,93.72
17086,"2022-06-27","2022-11-30",156,2,50.77,101.53,50.77
17087,"2023-06-15","2023-06-15",0,1,4.86,4.86,4.86
17089,"2022-11-22","2023-03-04",102,2,147.81,295.61,147.81
17090,"2020-04-24","2024-11-13",1664,3,39.61,118.83,39.61
17091,"2020-10-29","2020-10-29",0,1,263.30,263.30,263.30
17092,"2022-03-18","2025-08-19",1250,4,180.99,723.94,180.99
17094,"2021-04-22","2021-04-22",0,1,8.79,8.79,8.79
17095,"2022-02-14","2022-02-14",0,1,225.07,225.07,225.07
17097,"2020-02-05","2025-09-22",2056,5,166.72,833.62,166.72
17098,"2021-05-05","2025-05-25",1481,2,58.06,116.12,58.06
17099,"2022-04-11","2022-10-15",187,2,105.10,210.20,105.10
17100,"2022-04-11","2023-09-08",515,2,51.74,103.47,51.74
17102,"2021-02-15","2025-09-03",1661,2,39.77,79.54,39.77
17103,"2020-01-16","2024-07-31",1658,3,207.90,623.70,207.90
17104,"2020-10-20","2025-01-27",1560,2,122.93,245.85,122.93
17105,"2022-07-11","2022-07-11",0,1,93.33,93.33,93.33
17106,"2023-05-26","2023-11-09",167,2,106.34,212.67,106.34
17107,"2021-03-23","2022-09-08",534,2,85.29,170.57,85.29
17108,"2020-08-31","2025-01-15",1598,4,60.52,242.07,60.52
17110,"2022-10-15","2025-05-12",940,3,34.90,104.71,34.90
17112,"2022-12-01","2024-11-25",725,2,61.37,122.73,61.37
17113,"2021-03-27","2022-02-19",329,2,125.64,251.27,125.64
17114,"2025-10-13","2025-10-13",0,1,349.35,349.35,349.35
17115,"2022-10-28","2022-10-28",0,1,103.53,103.53,103.53
17116,"2021-10-31","2021-10-31",0,1,89.56,89.56,89.56
17117,"2020-03-25","2023-09-08",1262,3,290.29,870.88,290.29
17118,"2020-01-30","2023-11-30",1400,3,62.00,186.00,62.00
17119,"2020-12-10","2020-12-10",0,1,9.54,9.54,9.54
17120,"2020-05-06","2021-12-15",588,2,75.58,151.15,75.58
17121,"2024-04-15","2024-08-30",137,2,124.38,248.75,124.38
17122,"2021-10-02","2021-10-02",0,1,17.82,17.82,17.82
17123,"2020-05-16","2021-10-08",510,2,222.49,444.97,222.49
17125,"2022-03-06","2024-07-23",870,2,183.71,367.42,183.71
17126,"2025-08-09","2025-08-09",0,1,57.53,57.53,57.53
17127,"2020-07-30","2025-07-06",1802,3,196.79,590.38,196.79
17128,"2022-10-02","2024-01-20",475,2,82.21,164.41,82.21
17130,"2020-03-29","2020-03-29",0,1,116.90,116.90,116.90
17132,"2020-04-28","2024-11-04",1651,2,27.83,55.65,27.83
17133,"2023-09-19","2025-10-21",763,2,116.95,233.90,116.95
17134,"2023-10-16","2023-10-16",0,1,47.19,47.19,47.19
17135,"2020-08-27","2020-08-27",0,1,35.03,35.03,35.03
17136,"2022-10-26","2023-02-05",102,3,67.50,202.51,67.50
17137,"2020-10-01","2025-04-12",1654,2,73.23,146.46,73.23
17138,"2020-06-01","2023-10-31",1247,3,82.20,246.59,82.20
17139,"2024-11-15","2024-11-15",0,1,108.60,108.60,108.60
17140,"2024-11-11","2024-11-11",0,1,352.25,352.25,352.25
17141,"2021-02-06","2024-11-22",1385,5,172.32,861.60,172.32
17143,"2021-11-12","2021-11-12",0,1,597.70,597.70,597.70
17145,"2020-02-20","2023-03-31",1135,2,113.76,227.51,113.76
17146,"2024-02-18","2024-02-18",0,1,41.16,41.16,41.16
17147,"2022-04-30","2024-06-09",771,3,75.82,227.46,75.82
17148,"2021-02-14","2025-07-08",1605,3,131.52,394.56,131.52
17149,"2023-12-23","2025-10-17",664,2,83.93,167.85,83.93
17151,"2020-03-23","2021-08-28",523,4,342.01,1368.05,342.01
17153,"2020-01-30","2020-12-26",331,2,116.69,233.37,116.69
17154,"2023-03-21","2023-03-21",0,1,39.13,39.13,39.13
17155,"2021-08-12","2021-08-12",0,1,71.16,71.16,71.16
17156,"2021-09-23","2021-09-23",0,1,64.23,64.23,64.23
17157,"2024-05-23","2024-05-23",0,1,243.82,243.82,243.82
17158,"2021-04-05","2023-02-18",684,3,99.18,297.53,99.18
17159,"2020-03-12","2024-07-20",1591,4,64.92,259.67,64.92
17160,"2022-09-11","2023-07-17",309,2,85.49,170.97,85.49
17161,"2021-04-15","2021-04-15",0,1,54.63,54.63,54.63
17163,"2025-05-07","2025-05-07",0,1,22.08,22.08,22.08
17164,"2020-12-04","2024-08-09",1344,4,173.26,693.02,173.26
17165,"2020-10-12","2022-07-29",655,2,29.15,58.29,29.15
17166,"2022-08-04","2022-08-04",0,1,103.68,103.68,103.68
17167,"2022-10-06","2025-03-11",887,2,56.99,113.97,56.99
17169,"2021-10-11","2025-02-19",1227,2,39.26,78.51,39.26
17170,"2021-05-08","2024-02-06",1004,2,26.00,52.00,26.00
17171,"2024-08-27","2024-08-27",0,1,199.24,199.24,199.24
17172,"2021-04-27","2023-11-16",933,2,107.63,215.26,107.63
17174,"2020-08-11","2021-10-27",442,2,92.41,184.81,92.41
17175,"2024-08-11","2024-08-11",0,1,88.29,88.29,88.29
17176,"2022-02-05","2023-05-19",468,2,207.08,414.15,207.08
17177,"2023-01-12","2023-01-12",0,1,238.65,238.65,238.65
17178,"2020-11-12","2023-05-20",919,2,68.06,136.12,68.06
17179,"2022-09-05","2022-09-05",0,1,233.34,233.34,233.34
17180,"2023-11-21","2025-06-23",580,2,132.52,265.04,132.52
17181,"2021-03-10","2025-07-18",1591,3,164.56,493.68,164.56
17182,"2025-04-03","2025-04-03",0,1,118.30,118.30,118.30
17183,"2020-12-02","2023-08-30",1001,3,66.92,200.75,66.92
17186,"2021-03-01","2021-03-01",0,1,47.99,47.99,47.99
17187,"2021-05-29","2021-10-18",142,2,106.53,213.06,106.53
17188,"2021-08-23","2021-08-23",0,1,81.22,81.22,81.22
17189,"2021-11-14","2023-01-19",431,3,184.96,554.89,184.96
17191,"2024-10-12","2025-05-04",204,2,114.13,228.26,114.13
17192,"2020-11-14","2022-02-03",446,2,283.45,566.89,283.45
17193,"2020-12-05","2023-10-31",1060,2,412.61,825.21,412.61
17195,"2022-08-04","2025-08-23",1115,2,43.03,86.05,43.03
17197,"2025-01-08","2025-01-08",0,1,37.54,37.54,37.54
17198,"2021-07-14","2025-08-23",1501,4,106.13,424.53,106.13
17199,"2023-11-05","2024-04-13",160,2,246.77,493.54,246.77
17200,"2021-03-03","2023-10-04",945,3,180.07,540.21,180.07
17201,"2020-12-27","2020-12-27",0,1,190.25,190.25,190.25
17202,"2025-08-05","2025-08-05",0,1,272.75,272.75,272.75
17203,"2020-03-28","2021-06-12",441,2,58.35,116.70,58.35
17204,"2020-07-16","2025-09-18",1890,3,213.96,641.87,213.96
17205,"2024-01-14","2024-01-14",0,1,55.05,55.05,55.05
17206,"2021-09-10","2021-11-01",52,3,135.73,407.19,135.73
17207,"2023-05-03","2025-02-22",661,3,156.88,470.65,156.88
17209,"2020-04-20","2024-06-05",1507,5,156.40,782.01,156.40
17211,"2023-08-07","2023-08-07",0,1,58.31,58.31,58.31
17212,"2022-03-14","2022-03-14",0,1,330.80,330.80,330.80
17213,"2024-01-04","2024-01-04",0,1,164.01,164.01,164.01
17214,"2022-02-07","2022-06-10",123,2,103.86,207.71,103.86
17215,"2024-07-20","2024-07-20",0,1,24.76,24.76,24.76
17217,"2022-08-08","2023-03-27",231,2,154.45,308.89,154.45
17218,"2023-01-08","2023-05-12",124,2,92.01,184.01,92.01
17219,"2020-08-04","2024-12-01",1580,2,36.69,73.38,36.69
17220,"2021-10-03","2021-10-03",0,1,192.01,192.01,192.01
17221,"2020-06-24","2020-06-24",0,1,122.04,122.04,122.04
17222,"2020-11-11","2025-10-27",1811,4,217.69,870.77,217.69
17223,"2020-04-26","2023-11-23",1306,4,79.68,318.71,79.68
17224,"2020-03-15","2021-06-03",445,3,216.56,649.69,216.56
17225,"2020-12-31","2025-01-03",1464,3,87.52,262.57,87.52
17226,"2020-08-12","2021-05-12",273,2,164.33,328.66,164.33
17228,"2024-01-05","2025-08-04",577,2,46.20,92.40,46.20
17230,"2021-07-06","2021-07-06",0,1,30.13,30.13,30.13
17231,"2021-06-14","2023-10-13",851,2,74.71,149.42,74.71
17232,"2020-06-06","2021-04-28",326,2,57.33,114.65,57.33
17233,"2021-08-25","2025-10-02",1499,5,145.14,725.70,145.14
17234,"2021-12-17","2021-12-17",0,1,144.15,144.15,144.15
17235,"2020-10-28","2022-04-11",530,2,125.50,251.00,125.50
17237,"2020-02-05","2020-02-05",0,1,90.06,90.06,90.06
17238,"2020-01-03","2024-08-01",1672,2,16.68,33.36,16.68
17240,"2020-02-14","2025-06-22",1955,3,108.82,326.45,108.82
17241,"2021-01-06","2025-02-01",1487,3,47.40,142.19,47.40
17242,"2022-09-05","2025-06-30",1029,3,285.99,857.98,285.99
17243,"2020-04-10","2024-10-10",1644,3,376.24,1128.73,376.24
17244,"2024-04-28","2024-04-28",0,1,62.56,62.56,62.56
17245,"2023-05-19","2023-05-19",0,1,85.81,85.81,85.81
17246,"2021-06-05","2025-08-12",1529,5,306.91,1534.55,306.91
17248,"2020-07-05","2020-07-05",0,1,133.70,133.70,133.70
17249,"2021-07-25","2025-01-03",1258,2,136.71,273.41,136.71
17250,"2022-04-20","2025-03-14",1059,2,203.68,407.36,203.68
17252,"2021-07-08","2021-07-08",0,1,550.04,550.04,550.04
17253,"2023-03-05","2025-03-20",746,2,214.77,429.53,214.77
17254,"2020-01-12","2024-10-25",1748,5,247.44,1237.21,247.44
17256,"2021-12-25","2023-11-20",695,2,62.41,124.81,62.41
17257,"2021-05-16","2023-11-16",914,2,139.17,278.34,139.17
17258,"2021-09-30","2025-04-22",1300,2,93.37,186.74,93.37
17263,"2023-11-10","2025-01-06",423,2,168.34,336.68,168.34
17264,"2020-04-19","2024-03-04",1415,3,202.19,606.56,202.19
17265,"2021-12-21","2021-12-21",0,1,35.13,35.13,35.13
17266,"2022-01-31","2023-08-11",557,2,67.36,134.71,67.36
17268,"2023-05-28","2023-05-28",0,1,7.89,7.89,7.89
17269,"2023-10-20","2024-02-06",109,2,149.90,299.79,149.90
17270,"2021-11-30","2021-11-30",0,1,9.95,9.95,9.95
17271,"2023-08-27","2023-08-27",0,1,285.94,285.94,285.94
17272,"2021-10-04","2024-06-04",974,2,50.01,100.01,50.01
17274,"2020-03-23","2024-04-03",1472,3,61.67,185.01,61.67
17275,"2021-04-09","2023-07-05",817,3,93.91,281.72,93.91
17276,"2020-05-11","2024-09-12",1585,5,98.14,490.71,98.14
17277,"2021-07-15","2021-07-15",0,1,10.18,10.18,10.18
17278,"2021-02-14","2023-11-29",1018,5,171.89,859.47,171.89
17279,"2025-02-10","2025-02-10",0,1,271.95,271.95,271.95
17280,"2020-07-23","2020-07-23",0,1,56.04,56.04,56.04
17281,"2020-11-26","2024-02-03",1164,4,305.54,1222.14,305.54
17282,"2024-06-27","2025-07-28",396,2,83.82,167.63,83.82
17283,"2021-11-24","2025-03-28",1220,3,243.79,731.38,243.79
17284,"2020-08-29","2020-08-29",0,1,175.87,175.87,175.87
17285,"2020-10-31","2021-10-05",339,2,32.10,64.20,32.10
17286,"2021-07-05","2024-05-05",1035,3,237.27,711.80,237.27
17287,"2022-02-03","2022-02-03",0,1,4.78,4.78,4.78
17288,"2020-09-28","2025-02-20",1606,2,21.14,42.27,21.14
17289,"2021-06-05","2025-06-28",1484,3,380.85,1142.55,380.85
17290,"2023-06-30","2023-06-30",0,1,62.36,62.36,62.36
17291,"2024-08-31","2024-08-31",0,1,153.23,153.23,153.23
17293,"2021-01-06","2022-05-18",497,2,256.67,513.33,256.67
17294,"2022-09-29","2025-09-09",1076,2,56.86,113.72,56.86
17295,"2024-10-25","2025-09-10",320,2,26.14,52.28,26.14
17297,"2023-03-24","2023-03-24",0,1,81.23,81.23,81.23
17298,"2024-05-01","2025-03-25",328,3,117.98,353.93,117.98
17299,"2020-12-04","2022-10-30",695,2,246.69,493.37,246.69
17300,"2020-11-05","2025-01-08",1525,3,71.07,213.21,71.07
17301,"2025-05-20","2025-05-20",0,1,217.76,217.76,217.76
17302,"2022-05-25","2025-08-27",1190,3,62.86,188.58,62.86
17303,"2022-11-17","2022-11-17",0,1,7.54,7.54,7.54
17304,"2020-12-25","2024-01-14",1115,4,207.67,830.67,207.67
17305,"2024-02-14","2025-07-06",508,2,179.88,359.76,179.88
17306,"2022-07-12","2022-07-12",0,1,33.64,33.64,33.64
17308,"2021-10-27","2024-08-06",1014,3,93.48,280.43,93.48
17309,"2022-11-05","2022-11-05",0,1,36.92,36.92,36.92
17310,"2024-01-03","2024-05-18",136,2,104.85,209.70,104.85
17311,"2024-03-19","2024-03-19",0,1,30.45,30.45,30.45
17312,"2022-07-02","2022-07-02",0,1,26.51,26.51,26.51
17313,"2023-07-18","2024-08-26",405,2,251.28,502.56,251.28
17314,"2021-01-25","2021-01-25",0,1,56.60,56.60,56.60
17316,"2020-06-06","2025-04-19",1778,2,56.59,113.17,56.59
17319,"2021-05-05","2024-11-22",1297,3,40.94,122.83,40.94
17320,"2021-09-26","2021-12-09",74,2,123.96,247.91,123.96
17321,"2021-01-10","2024-07-19",1286,2,28.35,56.69,28.35
17322,"2025-09-16","2025-09-16",0,1,31.63,31.63,31.63
17323,"2021-02-06","2024-09-18",1320,3,197.15,591.44,197.15
17324,"2025-02-03","2025-09-09",218,2,43.08,86.15,43.08
17325,"2025-04-18","2025-04-18",0,1,15.18,15.18,15.18
17329,"2022-12-17","2025-03-16",820,2,135.93,271.86,135.93
17330,"2023-07-25","2025-10-18",816,3,128.06,384.19,128.06
17331,"2023-10-30","2023-10-30",0,1,223.87,223.87,223.87
17332,"2023-06-27","2023-06-27",0,1,203.10,203.10,203.10
17333,"2020-09-28","2021-06-28",273,2,205.78,411.56,205.78
17334,"2023-01-16","2025-08-02",929,3,86.41,259.23,86.41
17335,"2020-03-01","2022-11-30",1004,2,129.64,259.28,129.64
17336,"2021-04-18","2024-09-17",1248,3,92.44,277.31,92.44
17337,"2024-07-28","2025-09-13",412,2,75.58,151.16,75.58
17338,"2023-08-13","2025-08-03",721,2,180.76,361.51,180.76
17339,"2021-05-26","2024-10-03",1226,3,40.40,121.21,40.40
17340,"2022-12-14","2022-12-14",0,1,83.53,83.53,83.53
17341,"2020-12-07","2020-12-07",0,1,32.45,32.45,32.45
17345,"2020-09-09","2024-09-11",1463,2,68.19,136.38,68.19
17346,"2023-04-11","2023-04-11",0,1,34.32,34.32,34.32
17347,"2021-07-08","2025-06-10",1433,3,367.40,1102.20,367.40
17348,"2021-11-20","2025-02-15",1183,3,89.36,268.09,89.36
17349,"2021-12-11","2024-03-16",826,2,39.46,78.92,39.46
17350,"2021-12-06","2023-08-17",619,2,56.53,113.05,56.53
17351,"2021-04-10","2025-01-17",1378,3,71.34,214.02,71.34
17353,"2024-01-25","2024-10-26",275,2,127.99,255.98,127.99
17355,"2024-08-21","2024-08-21",0,1,216.08,216.08,216.08
17356,"2020-08-07","2020-08-07",0,1,133.38,133.38,133.38
17358,"2021-08-05","2023-03-15",587,3,148.44,445.33,148.44
17362,"2022-04-25","2022-04-25",0,1,84.68,84.68,84.68
17363,"2020-02-12","2025-05-10",1914,3,173.84,521.51,173.84
17364,"2020-02-09","2021-01-10",336,3,155.94,467.83,155.94
17365,"2024-08-04","2024-08-04",0,1,8.39,8.39,8.39
17366,"2025-10-09","2025-10-09",0,1,48.40,48.40,48.40
17367,"2022-10-24","2025-10-01",1073,4,155.80,623.18,155.80
17368,"2021-07-31","2025-09-09",1501,2,281.09,562.17,281.09
17369,"2021-01-10","2025-10-11",1735,2,19.43,38.85,19.43
17370,"2021-10-28","2021-10-28",0,1,92.60,92.60,92.60
17371,"2024-07-04","2025-01-08",188,2,117.60,235.20,117.60
17372,"2022-01-01","2024-02-03",763,2,94.15,188.29,94.15
17373,"2024-07-23","2025-06-20",332,2,307.78,615.56,307.78
17374,"2025-05-09","2025-05-09",0,1,160.43,160.43,160.43
17375,"2023-04-30","2025-02-18",660,2,380.95,761.89,380.95
17376,"2021-04-22","2021-04-22",0,1,54.23,54.23,54.23
17377,"2022-12-26","2022-12-26",0,1,68.05,68.05,68.05
17379,"2022-03-20","2025-03-25",1101,4,123.85,495.41,123.85
17380,"2021-04-24","2021-08-23",121,2,235.99,471.98,235.99
17381,"2020-05-09","2021-02-10",277,2,489.18,978.35,489.18
17382,"2023-02-03","2023-11-15",285,2,52.23,104.45,52.23
17383,"2021-06-13","2024-11-14",1250,3,80.85,242.54,80.85
17384,"2020-12-05","2021-10-19",318,2,567.77,1135.53,567.77
17386,"2023-02-17","2024-03-14",391,2,30.58,61.16,30.58
17387,"2020-07-06","2023-12-27",1269,4,127.27,509.07,127.27
17388,"2023-06-08","2023-06-08",0,1,90.33,90.33,90.33
17389,"2024-09-17","2024-09-17",0,1,47.66,47.66,47.66
17390,"2020-05-16","2022-08-11",817,3,185.73,557.18,185.73
17391,"2023-01-12","2023-01-12",0,1,242.56,242.56,242.56
17392,"2021-03-29","2021-03-29",0,1,268.95,268.95,268.95
17393,"2023-12-24","2025-05-13",506,2,263.81,527.61,263.81
17394,"2024-10-03","2024-10-03",0,1,11.72,11.72,11.72
17397,"2025-07-10","2025-07-10",0,1,5.37,5.37,5.37
17399,"2021-05-19","2023-04-22",703,2,66.29,132.58,66.29
17400,"2024-02-08","2025-03-16",402,2,100.93,201.86,100.93
17402,"2023-09-18","2023-09-18",0,1,321.96,321.96,321.96
17403,"2025-10-12","2025-10-12",0,1,24.78,24.78,24.78
17404,"2022-03-23","2024-12-02",985,2,82.13,164.26,82.13
17405,"2020-01-16","2023-06-09",1240,2,257.78,515.56,257.78
17406,"2020-01-10","2025-03-27",1903,3,109.92,329.75,109.92
17407,"2022-07-11","2022-07-11",0,1,32.05,32.05,32.05
17408,"2020-11-19","2024-02-21",1189,3,266.93,800.80,266.93
17409,"2024-07-01","2025-04-12",285,2,73.04,146.07,73.04
17410,"2021-04-03","2024-12-27",1364,4,118.14,472.56,118.14
17411,"2023-01-06","2023-01-06",0,1,150.53,150.53,150.53
17412,"2022-04-16","2024-10-09",907,2,79.55,159.10,79.55
17414,"2022-01-23","2024-11-07",1019,3,98.28,294.83,98.28
17415,"2023-03-11","2025-08-21",894,2,87.00,173.99,87.00
17416,"2020-09-03","2024-12-28",1577,3,27.44,82.33,27.44
17417,"2022-07-15","2024-07-21",737,2,8.96,17.92,8.96
17418,"2024-03-06","2025-06-21",472,2,157.54,315.08,157.54
17419,"2022-08-31","2022-08-31",0,1,224.99,224.99,224.99
17420,"2023-06-26","2023-06-26",0,1,98.99,98.99,98.99
17421,"2024-09-02","2024-10-05",33,3,78.93,236.79,78.93
17422,"2024-05-06","2025-10-20",532,2,128.33,256.66,128.33
17423,"2023-03-09","2025-10-24",960,5,53.81,269.06,53.81
17424,"2023-01-09","2023-01-09",0,1,198.45,198.45,198.45
17425,"2025-05-25","2025-09-29",127,2,294.49,588.97,294.49
17426,"2024-01-08","2024-06-20",164,2,107.52,215.04,107.52
17427,"2024-04-19","2024-04-19",0,1,242.28,242.28,242.28
17428,"2021-04-26","2021-12-18",236,2,73.12,146.24,73.12
17429,"2022-03-26","2025-08-28",1251,2,70.68,141.35,70.68
17430,"2021-03-21","2021-03-21",0,1,73.39,73.39,73.39
17431,"2021-04-19","2021-04-19",0,1,122.20,122.20,122.20
17432,"2022-02-23","2022-02-23",0,1,271.34,271.34,271.34
17433,"2021-08-07","2025-08-22",1476,4,137.17,548.68,137.17
17434,"2021-10-24","2024-10-01",1073,2,227.99,455.98,227.99
17435,"2023-02-07","2025-06-26",870,5,135.13,675.66,135.13
17436,"2022-02-03","2023-04-18",439,2,75.86,151.72,75.86
17437,"2020-05-17","2024-04-28",1442,2,14.62,29.23,14.62
17438,"2021-10-23","2022-04-06",165,2,48.73,97.46,48.73
17439,"2021-10-19","2023-11-06",748,2,47.19,94.38,47.19
17440,"2025-10-23","2025-10-23",0,1,43.89,43.89,43.89
17441,"2022-06-19","2025-05-10",1056,2,44.44,88.88,44.44
17442,"2020-11-13","2025-05-20",1649,3,221.90,665.71,221.90
17443,"2021-10-28","2024-11-23",1122,2,85.46,170.92,85.46
17444,"2023-12-27","2023-12-27",0,1,185.34,185.34,185.34
17445,"2021-09-04","2023-03-08",550,3,155.35,466.05,155.35
17447,"2020-09-07","2021-09-23",381,3,91.15,273.44,91.15
17448,"2025-02-13","2025-10-26",255,3,99.04,297.11,99.04
17449,"2020-03-30","2024-01-10",1381,3,121.94,365.83,121.94
17450,"2023-02-20","2024-10-19",607,2,223.58,447.16,223.58
17451,"2024-11-23","2025-05-18",176,2,120.20,240.40,120.20
17453,"2023-03-02","2023-03-02",0,1,381.08,381.08,381.08
17454,"2020-07-31","2023-03-04",946,3,50.85,152.55,50.85
17455,"2022-07-23","2022-07-23",0,1,74.17,74.17,74.17
17456,"2021-07-04","2025-04-27",1393,5,113.66,568.30,113.66
17457,"2021-02-24","2021-02-24",0,1,33.47,33.47,33.47
17458,"2020-01-21","2021-02-22",398,2,139.85,279.69,139.85
17459,"2020-04-11","2024-04-09",1459,3,58.34,175.02,58.34
17460,"2020-10-08","2020-10-08",0,1,168.30,168.30,168.30
17462,"2023-04-29","2025-06-23",786,2,203.32,406.63,203.32
17463,"2020-09-15","2024-01-01",1203,2,64.43,128.86,64.43
17464,"2022-08-01","2024-10-31",822,3,65.64,196.92,65.64
17465,"2021-03-12","2023-08-14",885,2,54.80,109.60,54.80
17466,"2022-12-06","2022-12-06",0,1,48.07,48.07,48.07
17467,"2020-03-13","2022-03-25",742,3,128.20,384.59,128.20
17468,"2023-01-18","2023-11-11",297,2,117.08,234.16,117.08
17469,"2020-04-06","2025-09-03",1976,5,140.10,700.52,140.10
17470,"2020-07-12","2020-07-12",0,1,36.81,36.81,36.81
17471,"2020-06-22","2021-03-27",278,2,44.13,88.26,44.13
17472,"2024-01-06","2025-04-26",476,2,242.37,484.73,242.37
17473,"2020-06-29","2023-07-15",1111,4,154.43,617.73,154.43
17474,"2020-07-04","2025-08-31",1884,2,40.05,80.10,40.05
17475,"2023-12-14","2023-12-14",0,1,79.14,79.14,79.14
17476,"2022-03-23","2022-03-23",0,1,279.78,279.78,279.78
17477,"2025-09-11","2025-09-11",0,1,112.25,112.25,112.25
17478,"2020-04-22","2025-10-08",1995,3,101.11,303.34,101.11
17479,"2022-04-26","2025-05-01",1101,3,19.91,59.73,19.91
17480,"2020-04-06","2020-07-03",88,2,157.79,315.57,157.79
17483,"2023-03-17","2024-03-23",372,2,69.11,138.22,69.11
17484,"2020-01-07","2024-09-08",1706,5,114.35,571.74,114.35
17485,"2021-10-27","2024-09-22",1061,3,169.60,508.79,169.60
17486,"2023-05-16","2023-05-16",0,1,32.53,32.53,32.53
17487,"2022-03-05","2023-08-30",543,2,292.96,585.91,292.96
17488,"2021-11-09","2021-11-09",0,1,110.84,110.84,110.84
17490,"2023-12-26","2023-12-26",0,1,121.23,121.23,121.23
17491,"2022-09-29","2025-07-12",1017,2,82.05,164.09,82.05
17492,"2022-01-24","2025-01-15",1087,3,278.11,834.33,278.11
17493,"2022-01-07","2023-08-11",581,3,98.49,295.46,98.49
17494,"2022-05-08","2022-05-08",0,1,489.74,489.74,489.74
17495,"2025-10-17","2025-10-17",0,1,58.77,58.77,58.77
17497,"2022-10-14","2022-10-14",0,1,168.73,168.73,168.73
17499,"2022-12-25","2022-12-25",0,1,155.19,155.19,155.19
17500,"2022-02-24","2022-02-24",0,1,78.50,78.50,78.50
17501,"2023-06-11","2023-06-11",0,1,43.62,43.62,43.62
17502,"2024-06-03","2024-06-03",0,1,415.64,415.64,415.64
17503,"2021-11-11","2023-12-03",752,2,86.70,173.40,86.70
17505,"2021-09-20","2022-05-18",240,3,158.37,475.10,158.37
17507,"2025-01-16","2025-01-16",0,1,116.13,116.13,116.13
17509,"2020-09-10","2025-05-07",1700,4,75.58,302.32,75.58
17510,"2020-09-15","2022-08-11",695,2,59.99,119.97,59.99
17513,"2020-05-27","2020-05-27",0,1,51.71,51.71,51.71
17514,"2024-10-24","2024-10-24",0,1,151.04,151.04,151.04
17515,"2020-04-10","2021-02-01",297,2,137.68,275.35,137.68
17517,"2021-09-28","2021-12-14",77,2,105.43,210.86,105.43
17518,"2020-05-06","2020-07-18",73,2,367.78,735.56,367.78
17519,"2020-08-15","2024-03-19",1312,2,115.78,231.56,115.78
17522,"2021-03-11","2021-03-11",0,1,68.67,68.67,68.67
17523,"2020-12-22","2025-10-17",1760,2,22.98,45.96,22.98
17524,"2020-08-20","2024-06-26",1406,3,100.19,300.56,100.19
17526,"2020-04-04","2020-04-04",0,1,55.07,55.07,55.07
17527,"2022-04-26","2023-01-11",260,2,711.45,1422.90,711.45
17528,"2023-03-23","2025-08-16",877,2,45.14,90.27,45.14
17529,"2021-05-23","2022-01-19",241,2,133.44,266.87,133.44
17530,"2021-02-15","2022-10-03",595,2,55.93,111.86,55.93
17532,"2020-06-06","2020-10-17",133,2,211.12,422.23,211.12
17533,"2022-06-13","2025-03-27",1018,2,68.27,136.54,68.27
17534,"2023-03-26","2023-03-26",0,1,399.30,399.30,399.30
17535,"2020-09-19","2025-07-01",1746,3,242.01,726.04,242.01
17536,"2022-03-24","2025-01-21",1034,4,168.78,675.12,168.78
17537,"2025-05-21","2025-05-21",0,1,7.42,7.42,7.42
17538,"2022-05-11","2023-12-31",599,3,79.17,237.51,79.17
17539,"2020-08-21","2024-09-20",1491,3,122.86,368.58,122.86
17541,"2023-12-19","2024-05-22",155,2,119.98,239.95,119.98
17542,"2024-08-19","2024-08-19",0,1,155.85,155.85,155.85
17543,"2022-02-15","2024-04-02",777,2,137.65,275.30,137.65
17544,"2024-12-23","2025-03-05",72,2,233.19,466.37,233.19
17545,"2020-04-17","2021-08-26",496,2,11.61,23.21,11.61
17547,"2025-04-16","2025-04-16",0,1,2680.64,2680.64,2680.64
17548,"2021-01-09","2021-01-09",0,1,308.97,308.97,308.97
17550,"2025-06-07","2025-09-09",94,2,108.31,216.61,108.31
17551,"2022-06-02","2024-06-06",735,4,188.52,754.09,188.52
17553,"2022-05-26","2025-07-15",1146,4,56.59,226.37,56.59
17555,"2021-12-13","2024-08-28",989,2,44.15,88.29,44.15
17556,"2020-06-12","2024-12-31",1663,4,68.32,273.29,68.32
17557,"2023-12-27","2023-12-27",0,1,93.17,93.17,93.17
17558,"2021-01-29","2024-11-24",1395,3,67.82,203.45,67.82
17560,"2023-08-11","2024-03-07",209,2,62.78,125.55,62.78
17561,"2022-02-13","2023-08-28",561,5,64.04,320.18,64.04
17562,"2024-08-14","2024-08-14",0,1,104.63,104.63,104.63
17563,"2020-08-08","2025-03-11",1676,3,78.23,234.69,78.23
17565,"2022-10-10","2025-01-05",818,2,279.86,559.71,279.86
17566,"2021-03-01","2023-11-13",987,3,68.69,206.08,68.69
17568,"2022-11-07","2024-01-17",436,2,66.12,132.24,66.12
17569,"2021-12-30","2025-09-20",1360,3,57.34,172.03,57.34
17570,"2021-08-23","2021-08-23",0,1,69.36,69.36,69.36
17571,"2020-08-31","2023-03-19",930,2,29.11,58.22,29.11
17572,"2020-11-22","2024-11-19",1458,3,280.50,841.49,280.50
17573,"2024-09-07","2024-09-07",0,1,112.30,112.30,112.30
17574,"2021-12-15","2024-02-13",790,2,186.87,373.74,186.87
17575,"2021-03-02","2025-01-12",1412,3,42.32,126.95,42.32
17577,"2023-05-31","2025-10-02",855,2,83.88,167.76,83.88
17578,"2022-06-26","2022-06-26",0,1,308.58,308.58,308.58
17579,"2020-04-15","2020-04-15",0,1,55.10,55.10,55.10
17580,"2022-11-04","2022-11-04",0,1,7.91,7.91,7.91
17581,"2023-09-28","2023-09-28",0,1,136.01,136.01,136.01
17583,"2023-05-23","2023-05-23",0,1,558.57,558.57,558.57
17585,"2024-08-14","2025-08-29",380,2,57.53,115.05,57.53
17586,"2021-10-18","2024-02-16",851,2,51.50,102.99,51.50
17587,"2021-08-01","2024-06-28",1062,3,157.05,471.15,157.05
17588,"2023-09-12","2025-06-11",638,4,203.63,814.51,203.63
17589,"2022-11-18","2024-12-19",762,2,145.88,291.75,145.88
17590,"2021-02-12","2025-03-22",1499,3,63.15,189.46,63.15
17591,"2021-03-17","2024-11-14",1338,2,87.37,174.73,87.37
17592,"2022-05-25","2023-11-18",542,2,1513.21,3026.42,1513.21
17593,"2021-03-19","2022-12-07",628,3,247.13,741.38,247.13
17594,"2024-12-19","2024-12-19",0,1,85.11,85.11,85.11
17596,"2020-10-10","2024-03-16",1253,2,64.57,129.14,64.57
17598,"2023-01-20","2024-12-13",693,3,44.88,134.64,44.88
17599,"2024-09-04","2024-12-26",113,2,63.93,127.85,63.93
17600,"2020-07-15","2024-02-27",1322,2,52.75,105.50,52.75
17601,"2021-01-22","2025-10-10",1722,4,55.61,222.42,55.61
17604,"2022-01-19","2024-11-08",1024,2,193.86,387.71,193.86
17605,"2025-06-17","2025-06-17",0,1,39.76,39.76,39.76
17606,"2020-09-30","2025-09-26",1822,3,104.13,312.38,104.13
17608,"2022-01-29","2024-02-22",754,2,31.71,63.42,31.71
17609,"2024-05-07","2024-05-07",0,1,202.82,202.82,202.82
17611,"2020-02-09","2023-07-03",1240,4,54.09,216.34,54.09
17612,"2020-01-26","2024-07-02",1619,3,255.98,767.94,255.98
17613,"2021-03-06","2024-04-13",1134,2,62.94,125.87,62.94
17614,"2021-10-20","2021-10-20",0,1,62.80,62.80,62.80
17615,"2021-06-12","2024-10-12",1218,4,224.58,898.31,224.58
17616,"2023-03-25","2023-03-25",0,1,154.82,154.82,154.82
17617,"2024-01-23","2024-01-23",0,1,102.26,102.26,102.26
17618,"2020-05-20","2023-09-04",1202,3,74.03,222.10,74.03
17619,"2022-09-01","2024-05-21",628,2,86.47,172.94,86.47
17620,"2022-01-25","2024-05-21",847,2,142.53,285.05,142.53
17621,"2022-05-03","2024-06-23",782,2,144.62,289.24,144.62
17622,"2024-07-24","2024-07-24",0,1,221.75,221.75,221.75
17623,"2022-07-06","2022-07-06",0,1,93.57,93.57,93.57
17624,"2021-01-25","2024-03-08",1138,3,40.85,122.54,40.85
17626,"2022-02-14","2024-12-24",1044,2,73.61,147.21,73.61
17627,"2022-08-08","2022-08-08",0,1,76.66,76.66,76.66
17628,"2020-11-07","2023-03-05",848,4,189.10,756.40,189.10
17629,"2021-04-15","2021-04-15",0,1,28.60,28.60,28.60
17630,"2021-12-19","2021-12-19",0,1,166.11,166.11,166.11
17631,"2022-03-31","2024-08-16",869,3,262.96,788.88,262.96
17633,"2022-04-17","2022-04-17",0,1,51.02,51.02,51.02
17634,"2023-01-27","2024-08-28",579,2,220.72,441.44,220.72
17635,"2023-05-27","2024-12-01",554,2,20.54,41.07,20.54
17636,"2021-08-08","2025-08-24",1477,2,249.75,499.49,249.75
17637,"2021-05-10","2022-05-12",367,3,111.35,334.05,111.35
17638,"2022-10-20","2022-10-20",0,1,29.05,29.05,29.05
17639,"2020-03-11","2024-01-10",1400,3,276.63,829.88,276.63
17640,"2021-02-07","2025-03-02",1484,2,133.23,266.45,133.23
17641,"2024-03-31","2024-03-31",0,1,167.76,167.76,167.76
17642,"2023-01-04","2024-07-24",567,2,100.88,201.75,100.88
17643,"2022-05-26","2022-05-26",0,1,6.26,6.26,6.26
17644,"2021-04-23","2022-04-07",349,2,107.12,214.24,107.12
17645,"2021-04-27","2021-04-27",0,1,21.48,21.48,21.48
17646,"2022-12-14","2024-04-10",483,2,34.10,68.19,34.10
17647,"2020-06-19","2021-12-22",551,3,121.07,363.22,121.07
17648,"2020-10-21","2021-08-27",310,3,137.91,413.74,137.91
17649,"2020-10-27","2020-10-27",0,1,79.31,79.31,79.31
17650,"2021-07-08","2022-05-31",327,2,223.89,447.78,223.89
17651,"2021-04-19","2024-06-02",1140,4,76.21,304.82,76.21
17653,"2020-07-21","2025-08-03",1839,5,91.55,457.77,91.55
17654,"2021-07-17","2021-07-17",0,1,126.34,126.34,126.34
17655,"2025-02-08","2025-08-19",192,2,92.17,184.34,92.17
17656,"2022-10-13","2025-05-28",958,2,172.54,345.08,172.54
17657,"2023-09-19","2024-11-02",410,2,40.64,81.27,40.64
17658,"2025-04-08","2025-04-08",0,1,44.73,44.73,44.73
17659,"2020-03-20","2022-06-23",825,4,124.82,499.29,124.82
17660,"2023-07-01","2024-06-09",344,2,13.81,27.61,13.81
17661,"2023-11-24","2023-11-24",0,1,164.83,164.83,164.83
17663,"2020-05-14","2024-05-05",1452,2,185.65,371.29,185.65
17665,"2020-08-03","2024-10-06",1525,4,84.34,337.37,84.34
17667,"2020-09-15","2025-03-14",1641,2,23.62,47.24,23.62
17668,"2020-01-28","2020-01-28",0,1,88.37,88.37,88.37
17669,"2021-11-04","2024-02-12",830,4,103.39,413.54,103.39
17670,"2023-09-15","2023-09-15",0,1,125.39,125.39,125.39
17671,"2024-03-01","2024-03-01",0,1,30.71,30.71,30.71
17672,"2021-09-26","2021-09-26",0,1,16.16,16.16,16.16
17673,"2020-04-20","2021-12-20",609,2,65.62,131.23,65.62
17674,"2024-01-23","2024-01-23",0,1,39.84,39.84,39.84
17676,"2024-05-11","2024-05-11",0,1,41.97,41.97,41.97
17677,"2024-06-26","2024-06-26",0,1,179.61,179.61,179.61
17678,"2025-05-20","2025-05-20",0,1,330.30,330.30,330.30
17679,"2023-03-05","2023-03-05",0,1,67.75,67.75,67.75
17680,"2020-06-22","2021-11-14",510,2,18.58,37.16,18.58
17681,"2022-04-04","2022-04-04",0,1,326.70,326.70,326.70
17683,"2023-09-07","2023-09-07",0,1,105.25,105.25,105.25
17684,"2021-11-02","2023-03-16",499,2,196.49,392.98,196.49
17685,"2020-01-31","2020-01-31",0,1,60.21,60.21,60.21
17686,"2024-05-02","2024-05-02",0,1,263.50,263.50,263.50
17688,"2024-10-10","2024-10-10",0,1,87.51,87.51,87.51
17689,"2020-02-09","2022-09-20",954,2,207.74,415.48,207.74
17690,"2023-07-07","2024-06-30",359,3,108.93,326.79,108.93
17692,"2025-03-31","2025-03-31",0,1,1293.76,1293.76,1293.76
17694,"2023-01-11","2023-01-11",0,1,35.25,35.25,35.25
17695,"2021-12-29","2023-12-10",711,2,45.26,90.52,45.26
17696,"2023-06-20","2025-04-15",665,3,302.23,906.69,302.23
17697,"2023-03-01","2023-03-01",0,1,25.73,25.73,25.73
17698,"2021-02-12","2023-01-16",703,3,90.65,271.95,90.65
17699,"2022-10-05","2022-10-05",0,1,39.11,39.11,39.11
17701,"2022-08-14","2025-03-30",959,3,83.09,249.28,83.09
17702,"2023-04-07","2023-04-07",0,1,277.68,277.68,277.68
17703,"2020-07-08","2025-06-18",1806,4,111.79,447.15,111.79
17704,"2020-07-23","2020-07-23",0,1,227.06,227.06,227.06
17705,"2021-04-26","2024-11-22",1306,5,156.27,781.33,156.27
17707,"2021-05-15","2024-11-04",1269,2,46.92,93.84,46.92
17708,"2020-02-08","2020-02-10",2,2,43.69,87.38,43.69
17709,"2023-06-07","2024-05-16",344,2,199.37,398.74,199.37
17710,"2022-07-30","2024-02-06",556,2,24.33,48.66,24.33
17711,"2025-03-25","2025-03-25",0,1,264.26,264.26,264.26
17713,"2022-06-23","2025-07-16",1119,2,32.23,64.45,32.23
17715,"2023-04-01","2025-07-14",835,2,75.87,151.74,75.87
17716,"2024-11-17","2024-11-17",0,1,85.71,85.71,85.71
17717,"2021-07-28","2022-11-22",482,2,171.08,342.15,171.08
17718,"2025-10-29","2025-10-29",0,1,116.15,116.15,116.15
17719,"2024-02-17","2024-02-17",0,1,9.82,9.82,9.82
17720,"2023-10-24","2025-08-11",657,2,138.57,277.14,138.57
17721,"2020-10-15","2023-12-05",1146,2,67.92,135.83,67.92
17723,"2021-08-17","2024-08-13",1092,3,79.57,238.71,79.57
17725,"2022-01-12","2025-08-13",1309,3,73.27,219.82,73.27
17726,"2021-05-16","2021-05-16",0,1,45.01,45.01,45.01
17727,"2023-08-18","2025-02-02",534,3,196.75,590.25,196.75
17728,"2020-07-15","2024-04-17",1372,4,205.16,820.62,205.16
17729,"2022-04-25","2025-05-08",1109,2,71.93,143.86,71.93
17730,"2020-06-18","2023-06-23",1100,5,91.05,455.25,91.05
17732,"2021-04-05","2025-03-01",1426,2,133.74,267.48,133.74
17733,"2022-06-22","2025-07-29",1133,2,243.21,486.42,243.21
17734,"2022-06-18","2023-07-17",394,3,211.11,633.32,211.11
17736,"2021-07-27","2023-08-20",754,2,82.08,164.16,82.08
17737,"2020-02-10","2023-05-07",1182,2,105.85,211.70,105.85
17738,"2022-12-16","2022-12-16",0,1,102.53,102.53,102.53
17740,"2023-01-23","2025-09-24",975,2,103.01,206.02,103.01
17742,"2022-10-01","2023-12-29",454,2,140.10,280.19,140.10
17745,"2021-08-24","2023-02-21",546,3,108.91,326.73,108.91
17746,"2022-07-08","2022-08-30",53,2,210.85,421.69,210.85
17747,"2021-03-19","2021-03-19",0,1,10.92,10.92,10.92
17748,"2020-05-17","2025-06-25",1865,2,240.24,480.47,240.24
17749,"2020-01-01","2020-01-01",0,1,142.10,142.10,142.10
17750,"2022-08-10","2023-12-15",492,2,281.92,563.84,281.92
17752,"2024-05-28","2024-05-28",0,1,256.47,256.47,256.47
17753,"2022-03-13","2025-01-21",1045,2,175.63,351.25,175.63
17754,"2022-08-10","2022-08-10",0,1,366.49,366.49,366.49
17755,"2023-06-10","2023-06-10",0,1,20.73,20.73,20.73
17756,"2023-12-13","2023-12-13",0,1,70.60,70.60,70.60
17757,"2021-12-21","2021-12-21",0,1,16.45,16.45,16.45
17758,"2021-01-09","2025-03-12",1523,3,49.42,148.27,49.42
17759,"2021-01-19","2024-05-23",1220,3,271.45,814.34,271.45
17761,"2022-09-24","2022-09-24",0,1,281.96,281.96,281.96
17762,"2021-06-19","2022-08-24",431,2,47.35,94.69,47.35
17763,"2020-01-09","2020-01-18",9,2,96.36,192.72,96.36
17764,"2024-06-12","2024-06-12",0,1,55.67,55.67,55.67
17766,"2020-03-05","2020-03-05",0,1,5.63,5.63,5.63
17767,"2021-07-12","2024-12-03",1240,2,77.24,154.47,77.24
17768,"2022-09-13","2025-07-06",1027,3,120.77,362.32,120.77
17770,"2023-02-19","2023-10-12",235,3,51.75,155.24,51.75
17771,"2022-12-22","2025-02-14",785,2,17.09,34.18,17.09
17772,"2025-06-08","2025-06-08",0,1,71.77,71.77,71.77
17773,"2021-03-27","2022-01-25",304,2,121.48,242.95,121.48
17774,"2022-01-01","2023-11-26",694,2,88.74,177.48,88.74
17775,"2020-11-04","2023-05-24",931,4,163.39,653.56,163.39
17776,"2020-07-03","2025-06-15",1808,2,100.27,200.54,100.27
17777,"2020-09-11","2020-09-11",0,1,247.99,247.99,247.99
17778,"2024-01-03","2025-08-04",579,2,103.10,206.19,103.10
17779,"2025-06-06","2025-06-06",0,1,26.40,26.40,26.40
17780,"2021-07-02","2021-08-11",40,2,96.95,193.89,96.95
17781,"2023-11-11","2025-06-11",578,2,94.79,189.58,94.79
17782,"2025-09-19","2025-09-19",0,1,65.58,65.58,65.58
17783,"2021-07-04","2025-10-10",1559,3,77.59,232.77,77.59
17784,"2023-10-16","2023-10-16",0,1,516.38,516.38,516.38
17785,"2021-06-24","2021-06-24",0,1,30.82,30.82,30.82
17786,"2020-12-28","2022-05-11",499,2,353.15,706.30,353.15
17787,"2020-12-23","2022-07-24",578,2,46.53,93.06,46.53
17788,"2022-04-04","2024-05-23",780,3,113.47,340.40,113.47
17789,"2020-02-24","2024-12-30",1771,3,121.84,365.52,121.84
17790,"2021-04-12","2024-02-11",1035,4,189.29,757.17,189.29
17791,"2020-04-12","2022-11-13",945,3,141.24,423.72,141.24
17792,"2021-11-23","2025-06-04",1289,3,35.18,105.54,35.18
17793,"2022-07-06","2025-07-30",1120,2,322.03,644.06,322.03
17794,"2024-04-23","2024-04-23",0,1,201.27,201.27,201.27
17795,"2020-03-10","2023-01-21",1047,3,172.84,518.52,172.84
17796,"2021-11-09","2022-10-19",344,3,183.06,549.18,183.06
17797,"2024-02-29","2024-02-29",0,1,88.28,88.28,88.28
17798,"2020-06-14","2023-01-28",958,3,256.21,768.63,256.21
17799,"2023-12-26","2023-12-26",0,1,69.49,69.49,69.49
17800,"2022-10-06","2024-07-03",636,3,164.74,494.22,164.74
17801,"2020-12-14","2024-09-01",1357,3,69.77,209.30,69.77
17802,"2024-02-04","2024-10-02",241,2,235.30,470.60,235.30
17803,"2022-01-23","2022-01-23",0,1,136.01,136.01,136.01
17806,"2021-04-03","2024-03-13",1075,3,68.53,205.59,68.53
17807,"2020-03-07","2020-03-07",0,1,102.24,102.24,102.24
17808,"2021-11-04","2024-03-01",848,2,115.74,231.47,115.74
17809,"2020-08-04","2025-07-20",1811,5,116.38,581.88,116.38
17810,"2020-07-09","2024-03-13",1343,3,181.33,544.00,181.33
17814,"2022-12-02","2023-12-09",372,2,99.70,199.40,99.70
17815,"2022-03-31","2025-06-24",1181,2,90.58,181.16,90.58
17817,"2025-02-20","2025-02-20",0,1,423.54,423.54,423.54
17819,"2022-09-09","2025-06-08",1003,2,63.56,127.12,63.56
17822,"2022-09-14","2024-06-05",630,3,73.91,221.73,73.91
17823,"2023-09-24","2023-09-24",0,1,24.77,24.77,24.77
17824,"2020-12-10","2023-05-10",881,2,157.96,315.92,157.96
17826,"2020-04-03","2022-03-16",712,3,109.62,328.86,109.62
17829,"2022-02-15","2024-06-18",854,5,203.31,1016.56,203.31
17830,"2021-07-17","2021-07-17",0,1,10.81,10.81,10.81
17831,"2020-06-22","2020-06-22",0,1,290.65,290.65,290.65
17832,"2021-09-13","2024-12-08",1182,4,200.13,800.51,200.13
17833,"2023-10-18","2025-09-15",698,2,181.94,363.88,181.94
17834,"2020-09-13","2024-10-03",1481,3,84.15,252.44,84.15
17836,"2022-07-05","2022-10-04",91,2,69.66,139.32,69.66
17837,"2024-04-26","2024-04-26",0,1,147.17,147.17,147.17
17838,"2021-06-06","2021-06-06",0,1,35.34,35.34,35.34
17839,"2022-08-06","2025-02-03",912,2,129.51,259.02,129.51
17840,"2021-03-28","2021-03-28",0,1,427.90,427.90,427.90
17841,"2020-05-02","2024-11-28",1671,3,152.49,457.47,152.49
17843,"2025-07-31","2025-07-31",0,1,37.10,37.10,37.10
17844,"2020-09-18","2023-07-12",1027,2,64.25,128.49,64.25
17845,"2020-01-13","2023-11-20",1407,4,197.71,790.82,197.71
17846,"2024-06-28","2024-06-28",0,1,54.20,54.20,54.20
17847,"2020-06-02","2023-07-13",1136,3,104.39,313.18,104.39
17848,"2021-09-09","2021-12-08",90,2,17.13,34.26,17.13
17849,"2025-01-12","2025-01-12",0,1,28.44,28.44,28.44
17850,"2020-06-20","2020-06-20",0,1,15.33,15.33,15.33
17852,"2020-10-10","2021-10-05",360,2,109.42,218.83,109.42
17853,"2025-03-28","2025-03-28",0,1,168.65,168.65,168.65
17854,"2024-03-02","2024-03-02",0,1,92.74,92.74,92.74
17855,"2021-09-25","2023-04-02",554,2,43.16,86.31,43.16
17856,"2022-11-08","2022-11-17",9,2,177.87,355.73,177.87
17857,"2023-02-09","2024-07-30",537,3,102.28,306.85,102.28
17858,"2023-10-05","2024-10-26",387,2,53.37,106.73,53.37
17860,"2022-09-30","2025-10-07",1103,2,61.30,122.60,61.30
17861,"2022-10-19","2024-11-04",747,3,94.66,283.99,94.66
17863,"2024-09-27","2025-09-26",364,2,139.18,278.35,139.18
17865,"2020-08-21","2025-07-09",1783,2,163.74,327.48,163.74
17866,"2020-08-03","2025-06-12",1774,3,136.57,409.71,136.57
17867,"2020-06-02","2024-04-19",1417,2,116.71,233.42,116.71
17868,"2022-05-12","2023-09-21",497,2,197.27,394.54,197.27
17869,"2020-01-16","2024-09-20",1709,3,149.34,448.03,149.34
17870,"2020-01-02","2024-02-15",1505,2,51.34,102.68,51.34
17871,"2021-04-18","2024-01-17",1004,2,59.59,119.17,59.59
17872,"2020-04-16","2023-06-23",1163,2,169.31,338.61,169.31
17873,"2021-12-21","2021-12-21",0,1,83.01,83.01,83.01
17874,"2021-06-26","2022-11-29",521,2,86.73,173.46,86.73
17875,"2025-03-02","2025-03-02",0,1,130.26,130.26,130.26
17876,"2022-01-28","2024-06-05",859,2,267.75,535.49,267.75
17877,"2021-06-17","2021-06-17",0,1,96.48,96.48,96.48
17878,"2021-02-05","2021-05-02",86,2,136.38,272.75,136.38
17879,"2023-04-11","2025-01-09",639,2,184.34,368.67,184.34
17880,"2021-12-19","2021-12-19",0,1,56.44,56.44,56.44
17881,"2020-03-26","2023-09-21",1274,2,84.72,169.43,84.72
17882,"2023-08-05","2025-02-20",565,2,73.59,147.18,73.59
17883,"2022-09-01","2022-09-01",0,1,135.81,135.81,135.81
17884,"2024-07-30","2024-07-30",0,1,207.81,207.81,207.81
17885,"2020-11-28","2020-11-28",0,1,57.52,57.52,57.52
17886,"2023-08-10","2023-08-10",0,1,112.40,112.40,112.40
17887,"2021-06-08","2024-07-30",1148,2,27.11,54.21,27.11
17888,"2025-05-18","2025-05-18",0,1,302.51,302.51,302.51
17890,"2025-01-08","2025-08-23",227,2,153.55,307.10,153.55
17891,"2022-12-31","2025-09-07",981,3,114.12,342.37,114.12
17892,"2023-02-10","2023-02-10",0,1,12.90,12.90,12.90
17893,"2024-09-15","2024-10-14",29,2,61.59,123.17,61.59
17894,"2021-03-05","2021-03-05",0,1,77.09,77.09,77.09
17895,"2020-03-20","2021-02-05",322,2,99.92,199.83,99.92
17896,"2020-12-11","2024-07-08",1305,3,31.41,94.23,31.41
17898,"2023-11-07","2023-11-07",0,1,55.31,55.31,55.31
17899,"2024-01-25","2024-01-25",0,1,129.81,129.81,129.81
17900,"2024-03-10","2024-03-10",0,1,163.89,163.89,163.89
17901,"2021-07-09","2023-11-04",848,4,106.37,425.49,106.37
17903,"2020-12-16","2024-06-29",1291,2,362.40,724.79,362.40
17904,"2020-03-12","2025-07-24",1960,3,204.78,614.34,204.78
17905,"2020-06-21","2020-06-21",0,1,39.18,39.18,39.18
17906,"2024-08-03","2024-08-03",0,1,215.81,215.81,215.81
17907,"2021-01-22","2021-06-04",133,2,116.75,233.49,116.75
17908,"2022-03-26","2024-04-23",759,3,119.68,359.04,119.68
17909,"2020-10-19","2023-08-08",1023,3,82.84,248.53,82.84
17910,"2020-03-11","2024-02-24",1445,5,68.65,343.24,68.65
17912,"2020-03-30","2024-03-21",1452,3,95.83,287.50,95.83
17913,"2021-10-19","2021-10-19",0,1,96.57,96.57,96.57
17915,"2022-10-17","2022-10-17",0,1,174.27,174.27,174.27
17916,"2020-02-05","2022-11-30",1029,3,49.73,149.18,49.73
17917,"2022-01-30","2022-01-30",0,1,42.52,42.52,42.52
17918,"2020-10-31","2022-06-28",605,2,152.72,305.44,152.72
17919,"2022-08-06","2025-01-04",882,2,18.93,37.85,18.93
17920,"2021-02-03","2024-02-12",1104,3,155.81,467.43,155.81
17921,"2021-04-19","2024-12-07",1328,2,65.32,130.63,65.32
17922,"2020-06-30","2022-04-19",658,3,50.44,151.31,50.44
17923,"2020-03-12","2024-01-20",1409,3,221.09,663.27,221.09
17924,"2020-03-24","2024-12-11",1723,3,59.85,179.54,59.85
17925,"2021-10-03","2021-11-26",54,2,165.75,331.50,165.75
17926,"2020-02-26","2022-11-12",990,3,191.14,573.42,191.14
17927,"2021-12-16","2024-07-26",953,3,143.01,429.03,143.01
17928,"2022-09-18","2024-01-02",471,2,21.19,42.38,21.19
17929,"2023-05-23","2023-05-23",0,1,858.70,858.70,858.70
17930,"2020-04-20","2023-10-13",1271,3,184.92,554.77,184.92
17931,"2020-12-21","2025-04-12",1573,2,72.06,144.11,72.06
17932,"2024-07-29","2025-09-17",415,4,185.32,741.27,185.32
17933,"2021-08-10","2021-08-10",0,1,176.81,176.81,176.81
17935,"2021-04-18","2021-11-04",200,2,35.15,70.29,35.15
17936,"2020-01-04","2020-01-04",0,1,190.01,190.01,190.01
17938,"2022-05-19","2024-08-07",811,2,105.79,211.58,105.79
17939,"2023-12-13","2024-04-12",121,2,49.93,99.86,49.93
17940,"2022-02-15","2022-02-15",0,1,7.90,7.90,7.90
17941,"2021-04-26","2021-04-26",0,1,208.35,208.35,208.35
17942,"2021-06-11","2022-01-26",229,3,157.37,472.11,157.37
17943,"2020-11-17","2025-04-06",1601,3,163.82,491.46,163.82
17944,"2022-12-12","2023-06-13",183,2,42.50,84.99,42.50
17945,"2020-04-01","2024-04-16",1476,4,121.25,484.98,121.25
17946,"2023-01-13","2023-01-13",0,1,48.73,48.73,48.73
17947,"2020-10-20","2020-10-20",0,1,156.84,156.84,156.84
17948,"2022-10-24","2024-09-28",705,3,310.89,932.68,310.89
17949,"2021-02-06","2024-07-29",1269,4,38.89,155.56,38.89
17950,"2021-12-01","2021-12-01",0,1,48.21,48.21,48.21
17951,"2020-02-22","2020-02-22",0,1,250.91,250.91,250.91
17952,"2021-04-21","2025-10-06",1629,4,121.14,484.56,121.14
17953,"2020-12-19","2025-08-02",1687,2,111.64,223.28,111.64
17954,"2021-03-04","2023-06-17",835,4,161.12,644.49,161.12
17955,"2021-08-09","2021-08-09",0,1,15.19,15.19,15.19
17956,"2022-09-02","2023-11-24",448,3,41.95,125.84,41.95
17957,"2023-02-10","2023-02-10",0,1,24.77,24.77,24.77
17960,"2020-02-15","2020-04-24",69,2,73.60,147.19,73.60
17965,"2022-03-06","2025-10-17",1321,7,96.47,675.31,96.47
17967,"2025-03-30","2025-03-30",0,1,177.23,177.23,177.23
17968,"2024-12-07","2024-12-07",0,1,55.57,55.57,55.57
17969,"2023-03-17","2023-03-17",0,1,13.62,13.62,13.62
17971,"2021-05-04","2023-01-13",619,2,100.86,201.71,100.86
17973,"2022-10-04","2024-06-07",612,2,175.47,350.93,175.47
17974,"2021-05-18","2023-10-12",877,2,81.79,163.58,81.79
17975,"2022-01-10","2022-01-10",0,1,12.63,12.63,12.63
17976,"2022-08-12","2025-03-07",938,3,80.45,241.34,80.45
17978,"2020-03-19","2022-06-21",824,3,290.01,870.04,290.01
17979,"2023-01-10","2024-08-14",582,3,349.07,1047.22,349.07
17980,"2024-04-14","2024-04-14",0,1,138.09,138.09,138.09
17981,"2024-10-06","2024-10-06",0,1,43.82,43.82,43.82
17984,"2024-02-27","2024-02-27",0,1,38.86,38.86,38.86
17985,"2021-02-22","2021-03-06",12,2,218.30,436.60,218.30
17986,"2020-11-25","2025-09-13",1753,3,54.14,162.42,54.14
17988,"2020-12-28","2020-12-28",0,1,3.32,3.32,3.32
17989,"2023-10-07","2023-12-13",67,2,129.31,258.62,129.31
17990,"2020-05-11","2020-05-11",0,1,109.89,109.89,109.89
17992,"2022-10-03","2025-01-09",829,2,350.99,701.98,350.99
17993,"2021-11-29","2021-11-29",0,1,22.86,22.86,22.86
17994,"2020-02-20","2024-09-24",1678,2,81.11,162.21,81.11
17995,"2021-02-14","2024-07-12",1244,2,93.52,187.03,93.52
17996,"2021-09-25","2021-11-04",40,2,109.71,219.42,109.71
17997,"2023-04-22","2023-04-22",0,1,231.93,231.93,231.93
17998,"2023-10-22","2023-10-22",0,1,28.48,28.48,28.48
18000,"2022-06-14","2022-06-14",0,1,31.82,31.82,31.82
18001,"2025-02-06","2025-02-06",0,1,85.89,85.89,85.89
18002,"2020-12-19","2024-09-29",1380,3,108.56,325.67,108.56
18005,"2021-05-25","2025-02-05",1352,3,83.66,250.97,83.66
18006,"2020-11-22","2020-11-22",0,1,105.39,105.39,105.39
18008,"2021-10-02","2021-10-02",0,1,26.06,26.06,26.06
18010,"2020-07-24","2020-07-24",0,1,91.54,91.54,91.54
18011,"2021-02-11","2021-02-11",0,1,249.84,249.84,249.84
18012,"2020-07-22","2024-03-18",1335,2,416.91,833.81,416.91
18013,"2022-04-16","2022-04-16",0,1,23.14,23.14,23.14
18014,"2021-11-30","2025-08-23",1362,3,75.97,227.91,75.97
18015,"2023-11-21","2023-11-21",0,1,18.26,18.26,18.26
18016,"2021-08-04","2022-12-12",495,2,157.49,314.98,157.49
18018,"2021-02-10","2021-02-10",0,1,248.72,248.72,248.72
18019,"2021-11-21","2023-08-04",621,2,95.89,191.78,95.89
18020,"2020-01-10","2022-02-08",760,2,66.52,133.03,66.52
18021,"2022-10-19","2023-11-05",382,2,250.85,501.70,250.85
18022,"2020-02-13","2024-09-19",1680,6,122.19,733.12,122.19
18023,"2021-06-24","2023-07-25",761,3,119.06,357.17,119.06
18024,"2021-05-20","2021-05-20",0,1,10.82,10.82,10.82
18025,"2022-05-23","2022-05-23",0,1,217.95,217.95,217.95
18026,"2023-03-16","2023-03-16",0,1,62.27,62.27,62.27
18027,"2022-07-04","2023-05-16",316,3,221.46,664.39,221.46
18028,"2021-08-22","2021-08-22",0,1,10.21,10.21,10.21
18029,"2021-12-27","2024-10-18",1026,4,50.54,202.16,50.54
18031,"2023-12-23","2023-12-23",0,1,225.05,225.05,225.05
18032,"2020-02-28","2020-02-28",0,1,255.52,255.52,255.52
18033,"2020-12-30","2025-09-21",1726,3,164.58,493.74,164.58
18034,"2022-09-01","2022-09-01",0,1,128.48,128.48,128.48
18035,"2020-03-24","2025-07-08",1932,4,124.04,496.14,124.04
18036,"2024-11-19","2025-02-19",92,2,100.17,200.33,100.17
18037,"2022-08-11","2022-08-11",0,1,61.81,61.81,61.81
18038,"2025-08-15","2025-08-15",0,1,13.60,13.60,13.60
18039,"2025-01-30","2025-01-30",0,1,282.77,282.77,282.77
18040,"2025-08-07","2025-08-07",0,1,282.50,282.50,282.50
18041,"2022-06-03","2022-06-03",0,1,9.40,9.40,9.40
18042,"2022-01-30","2025-07-11",1258,3,18.60,55.81,18.60
18043,"2022-06-18","2023-07-24",401,2,55.66,111.31,55.66
18044,"2020-03-05","2025-03-30",1851,2,31.83,63.65,31.83
18045,"2021-06-23","2024-08-21",1155,2,81.13,162.25,81.13
18046,"2022-01-05","2022-01-05",0,1,160.01,160.01,160.01
18047,"2020-02-20","2024-07-12",1604,3,144.41,433.23,144.41
18048,"2022-03-04","2022-03-04",0,1,87.35,87.35,87.35
18049,"2020-06-01","2025-03-04",1737,4,87.83,351.32,87.83
18050,"2022-06-12","2025-07-25",1139,2,147.86,295.71,147.86
18051,"2020-06-29","2025-02-08",1685,4,119.45,477.81,119.45
18054,"2021-08-24","2021-08-24",0,1,205.52,205.52,205.52
18057,"2022-08-05","2022-08-05",0,1,102.66,102.66,102.66
18059,"2021-05-03","2022-08-22",476,4,144.95,579.78,144.95
18060,"2023-06-25","2023-06-25",0,1,276.30,276.30,276.30
18061,"2020-04-04","2020-04-04",0,1,36.62,36.62,36.62
18062,"2020-09-30","2020-09-30",0,1,210.19,210.19,210.19
18063,"2020-03-20","2025-06-10",1908,3,111.88,335.64,111.88
18064,"2020-06-30","2023-02-25",970,2,118.90,237.79,118.90
18065,"2020-09-28","2021-05-29",243,2,131.86,263.72,131.86
18066,"2023-09-12","2024-10-12",396,3,89.52,268.55,89.52
18067,"2021-08-17","2021-08-17",0,1,6.21,6.21,6.21
18068,"2022-05-08","2022-05-08",0,1,62.10,62.10,62.10
18069,"2020-12-05","2025-09-11",1741,4,167.71,670.85,167.71
18071,"2020-12-27","2024-09-08",1351,2,193.46,386.91,193.46
18072,"2020-02-21","2025-07-29",1985,4,118.24,472.94,118.24
18073,"2020-02-02","2024-09-27",1699,3,140.31,420.93,140.31
18074,"2023-02-03","2023-07-17",164,2,90.96,181.91,90.96
18075,"2022-01-31","2022-01-31",0,1,18.98,18.98,18.98
18076,"2023-03-03","2023-03-03",0,1,28.12,28.12,28.12
18078,"2021-10-03","2022-11-03",396,3,110.71,332.14,110.71
18079,"2021-12-16","2021-12-16",0,1,73.40,73.40,73.40
18080,"2023-07-05","2023-07-05",0,1,307.25,307.25,307.25
18081,"2020-06-05","2024-01-24",1328,2,101.81,203.61,101.81
18082,"2020-11-10","2022-11-11",731,4,66.71,266.82,66.71
18083,"2021-04-15","2025-04-07",1453,4,82.46,329.82,82.46
18084,"2020-11-22","2021-03-17",115,2,62.41,124.81,62.41
18085,"2021-05-13","2023-09-25",865,4,91.35,365.38,91.35
18086,"2024-01-01","2024-01-01",0,1,178.14,178.14,178.14
18087,"2020-09-08","2022-11-12",795,2,120.36,240.72,120.36
18088,"2024-02-15","2024-02-15",0,1,60.74,60.74,60.74
18089,"2024-07-24","2024-10-25",93,2,75.01,150.02,75.01
18090,"2020-04-05","2021-07-30",481,2,33.32,66.64,33.32
18091,"2022-05-24","2025-02-18",1001,2,179.32,358.64,179.32
18092,"2020-01-08","2025-09-01",2063,3,419.01,1257.03,419.01
18093,"2020-01-02","2021-01-15",379,2,334.57,669.14,334.57
18094,"2021-05-14","2025-10-07",1607,6,60.81,364.86,60.81
18095,"2021-02-13","2021-02-13",0,1,3.82,3.82,3.82
18096,"2020-10-30","2020-10-30",0,1,47.14,47.14,47.14
18097,"2020-04-23","2025-09-16",1972,3,133.70,401.09,133.70
18098,"2022-09-18","2023-07-10",295,2,254.48,508.95,254.48
18099,"2020-12-10","2024-04-11",1218,3,47.70,143.10,47.70
18100,"2024-10-01","2024-10-01",0,1,241.92,241.92,241.92
18103,"2021-09-19","2021-09-19",0,1,161.97,161.97,161.97
18104,"2020-06-22","2021-11-28",524,4,65.24,260.97,65.24
18106,"2020-11-21","2022-01-13",418,3,85.90,257.70,85.90
18107,"2023-05-18","2024-01-07",234,3,251.32,753.97,251.32
18108,"2022-02-16","2022-02-16",0,1,44.94,44.94,44.94
18110,"2024-12-04","2025-05-11",158,2,118.31,236.61,118.31
18111,"2021-12-30","2024-12-15",1081,3,34.73,104.19,34.73
18112,"2021-03-13","2022-11-05",602,3,66.78,200.35,66.78
18113,"2023-08-23","2023-08-23",0,1,19.05,19.05,19.05
18114,"2022-06-12","2025-05-11",1064,2,118.85,237.70,118.85
18115,"2022-10-12","2025-08-25",1048,3,83.79,251.36,83.79
18116,"2022-04-06","2025-06-08",1159,2,89.83,179.65,89.83
18118,"2021-06-05","2021-06-07",2,2,180.84,361.68,180.84
18119,"2024-08-04","2024-08-10",6,2,97.43,194.86,97.43
18120,"2021-09-11","2022-10-20",404,3,251.96,755.87,251.96
18121,"2025-03-09","2025-09-08",183,2,177.63,355.25,177.63
18122,"2024-02-07","2024-05-28",111,2,77.17,154.34,77.17
18123,"2020-12-20","2022-03-05",440,2,56.66,113.32,56.66
18124,"2023-08-17","2023-11-14",89,2,147.91,295.81,147.91
18125,"2021-07-05","2025-02-19",1325,4,144.67,578.69,144.67
18126,"2020-01-16","2025-09-19",2073,2,53.70,107.39,53.70
18128,"2024-06-07","2024-06-07",0,1,312.05,312.05,312.05
18129,"2021-08-15","2024-10-14",1156,6,132.02,792.13,132.02
18132,"2022-07-29","2023-11-10",469,2,190.07,380.14,190.07
18133,"2022-07-30","2025-07-21",1087,4,56.10,224.41,56.10
18134,"2021-08-24","2022-06-09",289,2,339.29,678.58,339.29
18135,"2025-05-12","2025-05-12",0,1,326.99,326.99,326.99
18136,"2020-01-10","2025-07-31",2029,4,154.79,619.15,154.79
18137,"2020-10-30","2020-10-30",0,1,87.17,87.17,87.17
18138,"2021-07-05","2024-06-21",1082,5,165.43,827.13,165.43
18140,"2024-06-09","2024-06-09",0,1,210.65,210.65,210.65
18141,"2024-12-11","2024-12-11",0,1,53.62,53.62,53.62
18142,"2023-05-21","2023-12-18",211,2,99.89,199.77,99.89
18143,"2022-03-02","2025-10-09",1317,3,79.60,238.79,79.60
18144,"2022-12-31","2025-07-29",941,3,198.72,596.17,198.72
18145,"2022-09-12","2024-08-09",697,2,31.76,63.51,31.76
18146,"2023-08-25","2023-08-25",0,1,43.28,43.28,43.28
18147,"2020-06-28","2025-09-05",1895,5,148.22,741.12,148.22
18148,"2021-11-12","2021-11-12",0,1,159.05,159.05,159.05
18149,"2023-05-12","2024-08-02",448,2,75.35,150.70,75.35
18150,"2024-08-19","2024-10-12",54,2,260.11,520.21,260.11
18151,"2020-09-07","2020-09-07",0,1,172.10,172.10,172.10
18152,"2021-02-12","2021-02-12",0,1,46.70,46.70,46.70
18153,"2024-03-13","2024-03-13",0,1,96.51,96.51,96.51
18154,"2024-02-20","2025-10-04",592,3,112.66,337.97,112.66
18155,"2021-06-02","2024-07-14",1138,3,193.63,580.88,193.63
18156,"2023-06-17","2025-03-23",645,3,269.31,807.93,269.31
18157,"2023-04-09","2023-04-09",0,1,429.55,429.55,429.55
18158,"2021-03-09","2023-06-03",816,2,308.18,616.35,308.18
18160,"2024-12-03","2024-12-03",0,1,85.99,85.99,85.99
18161,"2021-02-19","2023-02-22",733,2,93.96,187.92,93.96
18163,"2022-12-07","2024-05-25",535,3,91.66,274.99,91.66
18165,"2020-03-29","2020-03-29",0,1,324.24,324.24,324.24
18167,"2025-06-16","2025-06-16",0,1,58.36,58.36,58.36
18168,"2020-09-01","2023-03-24",934,3,210.68,632.05,210.68
18169,"2020-11-03","2021-05-11",189,2,140.01,280.02,140.01
18170,"2025-06-17","2025-06-17",0,1,58.69,58.69,58.69
18172,"2025-02-23","2025-02-23",0,1,108.06,108.06,108.06
18174,"2021-07-04","2021-07-04",0,1,12.41,12.41,12.41
18176,"2021-11-18","2021-11-18",0,1,10.55,10.55,10.55
18177,"2022-07-28","2022-07-28",0,1,101.81,101.81,101.81
18178,"2021-11-01","2025-05-24",1300,3,175.89,527.66,175.89
18179,"2023-03-11","2024-04-26",412,2,142.38,284.76,142.38
18180,"2020-03-13","2025-01-31",1785,5,178.80,894.00,178.80
18181,"2024-02-10","2024-05-24",104,2,19.38,38.76,19.38
18182,"2021-10-23","2021-12-26",64,2,86.57,173.13,86.57
18184,"2023-03-10","2023-03-10",0,1,10.03,10.03,10.03
18185,"2021-10-29","2023-05-06",554,3,102.17,306.50,102.17
18186,"2023-08-07","2025-04-13",615,2,20.53,41.05,20.53
18188,"2021-01-21","2025-05-27",1587,4,154.93,619.72,154.93
18189,"2022-02-08","2025-08-18",1287,2,198.69,397.37,198.69
18192,"2021-04-05","2021-07-04",90,2,109.01,218.02,109.01
18193,"2022-04-03","2022-04-03",0,1,126.26,126.26,126.26
18194,"2023-06-08","2025-05-21",713,5,143.61,718.06,143.61
18195,"2020-12-29","2025-01-24",1487,2,337.24,674.47,337.24
18197,"2024-09-12","2025-07-20",311,2,129.96,259.91,129.96
18199,"2020-05-02","2021-07-23",447,2,114.89,229.77,114.89
18200,"2021-04-01","2025-10-04",1647,3,79.85,239.56,79.85
18201,"2021-06-07","2025-07-17",1501,5,104.20,520.99,104.20
18202,"2024-06-29","2025-04-13",288,2,95.80,191.59,95.80
18203,"2020-12-11","2025-05-24",1625,3,33.49,100.47,33.49
18204,"2023-11-10","2023-11-10",0,1,28.79,28.79,28.79
18205,"2020-02-13","2025-07-03",1967,3,77.61,232.82,77.61
18206,"2025-06-05","2025-06-05",0,1,40.61,40.61,40.61
18207,"2024-02-23","2024-08-28",187,2,9.88,19.76,9.88
18208,"2021-02-18","2021-02-18",0,1,37.23,37.23,37.23
18211,"2024-07-02","2024-07-02",0,1,321.09,321.09,321.09
18212,"2021-01-29","2024-06-30",1248,3,103.45,310.34,103.45
18213,"2023-02-21","2023-02-21",0,1,27.66,27.66,27.66
18214,"2020-09-15","2020-09-15",0,1,13.90,13.90,13.90
18216,"2020-06-21","2023-12-24",1281,3,129.40,388.21,129.40
18217,"2020-02-01","2025-02-13",1839,2,120.71,241.41,120.71
18218,"2022-12-29","2022-12-29",0,1,33.02,33.02,33.02
18219,"2022-05-09","2022-05-09",0,1,91.08,91.08,91.08
18220,"2020-12-14","2023-11-19",1070,2,214.23,428.46,214.23
18221,"2020-03-27","2020-03-27",0,1,205.48,205.48,205.48
18222,"2021-07-23","2021-07-23",0,1,44.26,44.26,44.26
18223,"2022-05-19","2025-09-03",1203,3,127.25,381.76,127.25
18224,"2022-01-15","2022-12-20",339,2,34.03,68.05,34.03
18225,"2022-08-06","2022-08-06",0,1,30.90,30.90,30.90
18226,"2024-01-30","2024-01-30",0,1,111.44,111.44,111.44
18227,"2022-02-08","2023-04-06",422,2,36.90,73.79,36.90
18229,"2021-04-04","2021-04-04",0,1,38.20,38.20,38.20
18230,"2021-10-26","2024-11-30",1131,2,90.86,181.72,90.86
18231,"2020-10-03","2020-10-03",0,1,260.73,260.73,260.73
18232,"2021-05-27","2023-12-24",941,3,137.75,413.26,137.75
18233,"2023-05-24","2023-05-24",0,1,58.02,58.02,58.02
18234,"2020-04-28","2020-04-28",0,1,201.67,201.67,201.67
18235,"2020-11-13","2020-11-13",0,1,303.14,303.14,303.14
18236,"2020-08-21","2020-08-21",0,1,53.49,53.49,53.49
18237,"2020-05-01","2024-08-03",1555,5,95.75,478.73,95.75
18238,"2020-12-03","2020-12-03",0,1,53.95,53.95,53.95
18239,"2025-04-02","2025-04-02",0,1,35.10,35.10,35.10
18240,"2022-10-03","2023-12-08",431,2,182.44,364.87,182.44
18241,"2020-10-18","2020-10-18",0,1,42.34,42.34,42.34
18242,"2022-07-21","2024-10-21",823,2,148.85,297.70,148.85
18244,"2021-03-01","2021-12-17",291,2,109.62,219.24,109.62
18245,"2022-12-11","2025-06-25",927,3,147.16,441.47,147.16
18246,"2020-12-11","2020-12-11",0,1,116.25,116.25,116.25
18247,"2023-02-22","2024-10-28",614,2,90.55,181.10,90.55
18248,"2020-03-21","2023-06-29",1195,4,157.44,629.75,157.44
18249,"2021-06-09","2024-09-27",1206,3,78.87,236.62,78.87
18250,"2020-07-16","2025-03-16",1704,2,134.82,269.63,134.82
18252,"2022-04-29","2022-04-29",0,1,11.57,11.57,11.57
18253,"2020-05-02","2020-05-14",12,2,112.89,225.78,112.89
18254,"2022-03-09","2024-10-10",946,4,41.88,167.53,41.88
18255,"2020-09-07","2024-09-07",1461,3,89.60,268.81,89.60
18256,"2023-06-22","2025-06-07",716,3,98.47,295.40,98.47
18257,"2020-11-20","2022-06-17",574,2,539.13,1078.26,539.13
18258,"2022-01-01","2025-07-11",1287,3,29.95,89.86,29.95
18259,"2023-03-16","2023-03-16",0,1,143.89,143.89,143.89
18260,"2020-05-11","2024-08-20",1562,4,52.64,210.55,52.64
18261,"2020-03-06","2020-03-06",0,1,128.62,128.62,128.62
18262,"2021-01-19","2021-08-17",210,2,132.82,265.63,132.82
18263,"2020-04-27","2020-04-27",0,1,49.13,49.13,49.13
18265,"2025-07-23","2025-07-23",0,1,643.65,643.65,643.65
18268,"2021-02-23","2021-03-02",7,2,276.87,553.74,276.87
18269,"2021-09-26","2021-11-20",55,2,50.04,100.07,50.04
18270,"2020-11-10","2022-06-10",577,2,156.95,313.89,156.95
18271,"2024-02-20","2024-12-06",290,2,56.78,113.56,56.78
18272,"2022-02-16","2025-10-18",1340,2,119.24,238.48,119.24
18273,"2021-05-06","2022-03-02",300,2,106.91,213.82,106.91
18274,"2024-05-23","2024-05-23",0,1,121.57,121.57,121.57
18276,"2021-07-17","2023-05-16",668,2,107.93,215.85,107.93
18277,"2020-10-19","2020-10-19",0,1,17.48,17.48,17.48
18278,"2021-02-06","2021-02-06",0,1,156.79,156.79,156.79
18279,"2023-03-08","2023-03-08",0,1,59.96,59.96,59.96
18280,"2024-01-14","2025-09-27",622,2,62.39,124.78,62.39
18284,"2021-11-14","2021-11-14",0,1,173.28,173.28,173.28
18285,"2020-04-20","2020-04-20",0,1,5.93,5.93,5.93
18287,"2021-01-20","2021-08-11",203,2,288.46,576.92,288.46
18288,"2022-06-20","2024-12-07",901,3,212.25,636.74,212.25
18290,"2022-07-03","2023-09-04",428,2,212.20,424.39,212.20
18291,"2021-10-23","2021-10-23",0,1,176.71,176.71,176.71
18292,"2021-08-13","2021-08-13",0,1,42.24,42.24,42.24
18293,"2021-02-12","2025-03-13",1490,2,216.75,433.50,216.75
18294,"2020-07-09","2024-07-12",1464,5,48.93,244.63,48.93
18295,"2023-10-04","2023-10-04",0,1,4.95,4.95,4.95
18296,"2023-12-20","2024-09-18",273,2,31.63,63.25,31.63
18297,"2020-02-21","2025-05-06",1901,3,50.43,151.29,50.43
18299,"2021-06-01","2024-03-23",1026,3,28.37,85.10,28.37
18301,"2020-02-21","2025-07-21",1977,2,141.92,283.84,141.92
18302,"2023-07-21","2023-07-21",0,1,16.94,16.94,16.94
18304,"2022-07-16","2024-07-25",740,2,164.86,329.72,164.86
18305,"2023-01-21","2023-01-21",0,1,50.72,50.72,50.72
18306,"2022-12-08","2025-10-19",1046,3,73.73,221.19,73.73
18307,"2020-02-26","2023-06-29",1219,3,81.02,243.06,81.02
18308,"2022-06-12","2022-06-12",0,1,88.74,88.74,88.74
18309,"2022-12-03","2022-12-03",0,1,83.81,83.81,83.81
18311,"2024-07-27","2024-07-27",0,1,111.93,111.93,111.93
18312,"2021-06-18","2021-06-18",0,1,240.33,240.33,240.33
18313,"2021-12-12","2023-11-22",710,3,161.70,485.10,161.70
18314,"2023-09-14","2023-09-14",0,1,38.28,38.28,38.28
18315,"2020-05-19","2021-05-26",372,3,49.10,147.29,49.10
18316,"2023-03-05","2024-12-14",650,3,56.08,168.24,56.08
18317,"2020-11-01","2020-11-01",0,1,204.44,204.44,204.44
18318,"2021-10-20","2025-05-30",1318,2,125.52,251.04,125.52
18319,"2021-04-18","2024-01-10",997,2,163.82,327.63,163.82
18320,"2022-09-01","2023-09-08",372,2,135.17,270.33,135.17
18321,"2021-02-24","2021-05-20",85,2,89.53,179.06,89.53
18322,"2020-01-04","2022-05-02",849,3,69.09,207.26,69.09
18323,"2024-04-12","2024-05-08",26,2,51.33,102.66,51.33
18325,"2021-10-02","2024-12-23",1178,2,412.34,824.68,412.34
18326,"2020-05-03","2025-01-09",1712,3,83.19,249.58,83.19
18327,"2020-02-09","2022-05-17",828,2,140.13,280.25,140.13
18328,"2020-05-21","2021-09-07",474,2,71.23,142.46,71.23
18331,"2021-10-24","2025-10-29",1466,2,226.34,452.68,226.34
18332,"2020-03-23","2020-03-23",0,1,628.12,628.12,628.12
18334,"2020-08-06","2025-05-09",1737,3,269.00,806.99,269.00
18335,"2021-01-27","2025-04-18",1542,4,343.35,1373.38,343.35
18336,"2024-08-13","2024-08-13",0,1,263.65,263.65,263.65
18338,"2024-02-25","2024-02-25",0,1,298.49,298.49,298.49
18339,"2020-02-12","2022-04-15",793,4,56.92,227.67,56.92
18341,"2020-12-24","2025-10-23",1764,4,56.54,226.14,56.54
18342,"2020-04-30","2020-04-30",0,1,12.17,12.17,12.17
18343,"2021-09-02","2025-02-19",1266,7,75.22,526.51,75.22
18344,"2021-11-08","2024-11-01",1089,2,20.84,41.67,20.84
18345,"2022-10-14","2024-07-27",652,4,101.80,407.21,101.80
18346,"2020-10-17","2020-10-17",0,1,130.82,130.82,130.82
18347,"2022-08-02","2022-08-02",0,1,80.59,80.59,80.59
18348,"2021-05-22","2021-05-22",0,1,21.32,21.32,21.32
18349,"2022-04-27","2023-09-05",496,2,75.09,150.18,75.09
18350,"2020-12-29","2025-04-07",1560,3,41.44,124.32,41.44
18351,"2022-02-09","2022-02-09",0,1,35.22,35.22,35.22
18352,"2020-12-01","2023-05-17",897,2,141.60,283.19,141.60
18353,"2020-05-28","2025-10-01",1952,3,49.59,148.78,49.59
18354,"2023-03-23","2024-01-07",290,2,109.90,219.79,109.90
18355,"2022-02-16","2025-02-06",1086,3,236.05,708.15,236.05
18356,"2021-10-14","2025-04-29",1293,4,126.32,505.27,126.32
18357,"2021-09-19","2025-03-19",1277,5,122.37,611.86,122.37
18358,"2020-12-19","2025-07-03",1657,4,105.99,423.97,105.99
18359,"2020-10-16","2020-10-16",0,1,40.19,40.19,40.19
18360,"2025-06-30","2025-06-30",0,1,150.32,150.32,150.32
18361,"2020-02-14","2024-09-07",1667,4,158.80,635.21,158.80
18362,"2021-05-11","2021-05-11",0,1,81.84,81.84,81.84
18363,"2023-02-01","2023-02-01",0,1,53.71,53.71,53.71
18364,"2021-01-03","2023-04-10",827,3,101.33,304.00,101.33
18365,"2021-07-06","2025-09-14",1531,2,146.71,293.41,146.71
18367,"2021-11-26","2024-07-01",948,2,92.09,184.18,92.09
18368,"2022-07-02","2023-03-01",242,2,17.57,35.13,17.57
18369,"2020-07-20","2025-04-09",1724,2,40.45,80.89,40.45
18370,"2024-10-17","2024-10-17",0,1,22.22,22.22,22.22
18372,"2020-07-02","2025-09-21",1907,4,232.98,931.92,232.98
18373,"2024-10-13","2024-10-13",0,1,35.36,35.36,35.36
18374,"2020-11-04","2022-08-12",646,2,60.19,120.37,60.19
18375,"2021-07-13","2024-05-18",1040,3,152.64,457.92,152.64
18376,"2024-10-05","2024-10-05",0,1,28.67,28.67,28.67
18377,"2021-05-03","2024-07-30",1184,2,79.14,158.27,79.14
18378,"2024-11-22","2024-11-22",0,1,73.24,73.24,73.24
18380,"2022-08-20","2022-10-22",63,2,394.28,788.55,394.28
18381,"2022-05-21","2022-07-22",62,2,236.69,473.37,236.69
18382,"2021-08-01","2025-04-27",1365,5,191.61,958.05,191.61
18383,"2021-04-26","2023-12-01",949,2,127.54,255.07,127.54
18384,"2020-12-30","2020-12-30",0,1,61.82,61.82,61.82
18385,"2023-07-27","2023-07-27",0,1,916.12,916.12,916.12
18386,"2020-12-22","2025-04-08",1568,2,87.26,174.51,87.26
18387,"2023-07-15","2023-09-02",49,2,74.01,148.02,74.01
18389,"2021-06-07","2022-02-16",254,2,115.67,231.33,115.67
18390,"2023-07-15","2023-07-15",0,1,40.96,40.96,40.96
18391,"2025-03-20","2025-03-20",0,1,94.67,94.67,94.67
18392,"2022-08-07","2025-03-31",967,3,257.12,771.36,257.12
18393,"2021-02-22","2025-06-14",1573,5,114.31,571.56,114.31
18394,"2021-10-24","2021-10-24",0,1,44.57,44.57,44.57
18395,"2020-08-11","2021-11-19",465,2,180.30,360.60,180.30
18396,"2021-10-08","2025-05-19",1319,4,134.65,538.61,134.65
18398,"2025-01-18","2025-01-18",0,1,7.51,7.51,7.51
18399,"2022-03-09","2023-02-22",350,2,409.64,819.27,409.64
18400,"2024-11-27","2024-11-27",0,1,41.70,41.70,41.70
18401,"2020-11-26","2020-11-26",0,1,30.75,30.75,30.75
18403,"2024-09-22","2024-09-22",0,1,53.09,53.09,53.09
18405,"2022-06-04","2023-11-02",516,2,64.44,128.87,64.44
18406,"2024-02-09","2024-02-09",0,1,75.05,75.05,75.05
18408,"2020-06-06","2024-03-30",1393,2,137.04,274.07,137.04
18409,"2021-01-30","2022-06-27",513,2,76.78,153.56,76.78
18410,"2021-03-15","2023-08-23",891,2,149.79,299.57,149.79
18411,"2020-04-18","2020-09-18",153,2,215.25,430.50,215.25
18412,"2021-11-04","2025-10-17",1443,3,60.32,180.95,60.32
18413,"2023-10-15","2025-05-06",569,2,69.19,138.38,69.19
18414,"2023-04-21","2023-04-21",0,1,208.98,208.98,208.98
18415,"2023-08-12","2023-08-12",0,1,76.21,76.21,76.21
18416,"2020-01-30","2020-01-30",0,1,32.41,32.41,32.41
18417,"2022-09-01","2022-09-01",0,1,77.07,77.07,77.07
18418,"2022-01-11","2024-11-19",1043,2,138.08,276.15,138.08
18419,"2024-10-05","2024-10-05",0,1,164.32,164.32,164.32
18421,"2020-06-21","2024-04-01",1380,5,164.94,824.70,164.94
18423,"2023-07-08","2024-01-01",177,2,112.34,224.68,112.34
18424,"2020-01-05","2025-07-09",2012,4,161.57,646.28,161.57
18425,"2022-06-10","2022-06-10",0,1,193.67,193.67,193.67
18426,"2021-01-07","2024-11-01",1394,2,916.84,1833.68,916.84
18427,"2021-09-18","2021-09-18",0,1,28.12,28.12,28.12
18428,"2023-07-11","2024-08-29",415,2,162.36,324.72,162.36
18429,"2022-07-18","2022-07-18",0,1,68.47,68.47,68.47
18430,"2022-05-26","2023-02-11",261,2,168.78,337.56,168.78
18431,"2020-04-16","2021-06-05",415,3,108.22,324.65,108.22
18432,"2020-09-19","2020-09-19",0,1,95.82,95.82,95.82
18433,"2022-04-19","2025-03-09",1055,2,218.74,437.47,218.74
18434,"2022-04-09","2022-04-09",0,1,68.50,68.50,68.50
18435,"2020-09-18","2025-06-25",1741,3,64.60,193.80,64.60
18436,"2020-01-08","2021-11-10",672,5,229.76,1148.82,229.76
18437,"2020-07-28","2020-07-28",0,1,217.66,217.66,217.66
18438,"2022-05-15","2022-05-15",0,1,37.45,37.45,37.45
18439,"2023-12-23","2023-12-23",0,1,171.50,171.50,171.50
18440,"2021-02-03","2022-03-21",411,2,176.87,353.74,176.87
18441,"2020-04-16","2020-10-19",186,2,96.98,193.95,96.98
18442,"2024-03-06","2024-03-06",0,1,133.72,133.72,133.72
18443,"2023-12-04","2025-05-16",529,3,77.27,231.82,77.27
18445,"2021-02-27","2021-03-05",6,2,39.80,79.59,39.80
18446,"2025-06-22","2025-09-18",88,2,282.59,565.17,282.59
18447,"2022-08-13","2022-08-13",0,1,65.93,65.93,65.93
18448,"2020-02-20","2023-03-08",1112,5,177.01,885.07,177.01
18450,"2025-07-19","2025-07-19",0,1,67.74,67.74,67.74
18452,"2020-05-09","2025-09-02",1942,4,97.18,388.73,97.18
18453,"2020-09-13","2024-12-01",1540,4,123.73,494.91,123.73
18456,"2025-01-19","2025-02-08",20,2,47.17,94.33,47.17
18457,"2024-03-02","2024-11-17",260,3,84.72,254.15,84.72
18459,"2021-10-16","2021-10-16",0,1,81.13,81.13,81.13
18460,"2021-09-18","2021-09-18",0,1,62.85,62.85,62.85
18461,"2020-10-04","2023-08-14",1044,2,68.08,136.16,68.08
18462,"2021-07-05","2023-09-05",792,2,47.76,95.52,47.76
18463,"2025-07-23","2025-07-23",0,1,13.13,13.13,13.13
18464,"2022-07-27","2022-07-27",0,1,70.03,70.03,70.03
18466,"2020-01-30","2020-01-30",0,1,19.69,19.69,19.69
18467,"2021-12-24","2022-10-18",298,3,157.67,473.00,157.67
18468,"2021-03-16","2025-01-17",1403,4,35.40,141.61,35.40
18469,"2020-06-05","2022-03-06",639,2,84.00,168.00,84.00
18471,"2020-07-17","2023-12-16",1247,3,273.71,821.12,273.71
18472,"2025-06-12","2025-06-12",0,1,28.23,28.23,28.23
18473,"2022-10-01","2022-10-01",0,1,157.15,157.15,157.15
18474,"2022-02-16","2025-01-28",1077,2,47.04,94.07,47.04
18475,"2023-05-30","2023-05-30",0,1,304.49,304.49,304.49
18477,"2020-05-13","2020-05-13",0,1,764.73,764.73,764.73
18478,"2022-10-16","2023-11-27",407,2,83.50,166.99,83.50
18479,"2021-05-09","2024-01-01",967,2,182.19,364.37,182.19
18482,"2020-05-27","2025-01-13",1692,5,43.52,217.60,43.52
18483,"2023-07-03","2025-06-28",726,3,63.26,189.78,63.26
18484,"2020-01-23","2020-01-23",0,1,69.62,69.62,69.62
18485,"2022-04-05","2022-04-05",0,1,32.27,32.27,32.27
18487,"2023-01-01","2024-08-13",590,3,70.80,212.41,70.80
18488,"2024-02-14","2024-04-27",73,2,342.95,685.90,342.95
18490,"2022-02-17","2022-02-17",0,1,21.90,21.90,21.90
18491,"2024-09-17","2024-09-17",0,1,159.07,159.07,159.07
18492,"2022-03-18","2024-10-24",951,2,115.58,231.16,115.58
18493,"2022-07-13","2022-07-13",0,1,111.16,111.16,111.16
18494,"2020-03-08","2024-10-12",1679,5,120.37,601.83,120.37
18496,"2022-04-17","2022-04-17",0,1,83.82,83.82,83.82
18498,"2022-06-15","2022-06-15",0,1,49.69,49.69,49.69
18499,"2020-02-08","2021-04-07",424,2,53.75,107.49,53.75
18500,"2024-07-17","2024-07-17",0,1,328.32,328.32,328.32
18501,"2023-12-21","2023-12-21",0,1,9.58,9.58,9.58
18502,"2021-11-13","2021-11-13",0,1,97.05,97.05,97.05
18503,"2020-10-30","2020-10-30",0,1,75.86,75.86,75.86
18504,"2020-09-23","2025-08-20",1792,5,126.66,633.28,126.66
18506,"2021-08-04","2023-01-15",529,2,145.90,291.80,145.90
18508,"2025-01-05","2025-01-05",0,1,93.13,93.13,93.13
18509,"2022-08-16","2022-08-16",0,1,30.12,30.12,30.12
18510,"2023-12-24","2023-12-24",0,1,36.74,36.74,36.74
18511,"2020-06-01","2025-06-20",1845,5,50.61,253.05,50.61
18512,"2023-04-02","2023-06-26",85,2,155.58,311.15,155.58
18513,"2023-07-23","2023-12-17",147,2,53.40,106.79,53.40
18514,"2023-02-04","2023-02-04",0,1,118.83,118.83,118.83
18515,"2020-08-12","2025-06-05",1758,4,254.94,1019.74,254.94
18518,"2021-10-24","2023-08-14",659,2,63.08,126.16,63.08
18520,"2024-12-17","2024-12-17",0,1,46.88,46.88,46.88
18521,"2023-04-30","2023-04-30",0,1,223.69,223.69,223.69
18522,"2021-02-28","2024-12-09",1380,2,69.30,138.59,69.30
18523,"2023-12-26","2024-04-30",126,2,52.72,105.43,52.72
18524,"2022-09-09","2025-10-28",1145,4,307.72,1230.86,307.72
18526,"2021-01-17","2024-10-23",1375,2,29.93,59.86,29.93
18528,"2021-03-19","2025-02-25",1439,3,109.43,328.29,109.43
18530,"2021-03-13","2021-03-13",0,1,59.34,59.34,59.34
18531,"2021-12-10","2022-03-30",110,2,319.05,638.09,319.05
18532,"2021-12-30","2023-09-17",626,2,52.69,105.37,52.69
18533,"2022-04-29","2022-04-29",0,1,35.60,35.60,35.60
18535,"2020-09-15","2023-10-17",1127,2,332.11,664.22,332.11
18536,"2021-10-22","2024-01-18",818,2,40.18,80.35,40.18
18537,"2023-04-10","2023-04-10",0,1,259.86,259.86,259.86
18538,"2020-05-31","2022-11-10",893,2,82.06,164.12,82.06
18539,"2020-04-05","2025-04-15",1836,5,238.78,1193.89,238.78
18540,"2021-07-21","2021-07-21",0,1,71.48,71.48,71.48
18541,"2020-04-04","2022-04-01",727,2,141.18,282.35,141.18
18542,"2021-11-01","2024-10-18",1082,2,85.95,171.89,85.95
18543,"2022-07-22","2022-07-22",0,1,229.88,229.88,229.88
18546,"2024-12-20","2024-12-20",0,1,60.38,60.38,60.38
18547,"2023-09-28","2024-07-30",306,2,81.23,162.45,81.23
18548,"2020-08-02","2024-03-01",1307,3,92.13,276.40,92.13
18549,"2020-05-29","2025-10-11",1961,5,110.96,554.79,110.96
18550,"2020-06-20","2025-10-28",1956,3,133.00,398.99,133.00
18551,"2020-07-31","2024-03-09",1317,3,438.93,1316.80,438.93
18552,"2022-06-29","2025-06-03",1070,3,30.11,90.34,30.11
18553,"2021-06-18","2021-06-18",0,1,63.27,63.27,63.27
18555,"2020-10-06","2025-05-24",1691,3,201.67,605.02,201.67
18557,"2024-12-05","2024-12-05",0,1,113.27,113.27,113.27
18558,"2023-09-09","2024-08-21",347,2,178.45,356.90,178.45
18559,"2021-02-26","2021-02-26",0,1,101.89,101.89,101.89
18560,"2022-10-20","2024-04-03",531,2,199.73,399.45,199.73
18561,"2021-03-10","2022-10-05",574,5,134.75,673.75,134.75
18562,"2021-12-23","2025-08-23",1339,7,236.84,1657.85,236.84
18563,"2020-10-27","2020-10-27",0,1,528.76,528.76,528.76
18564,"2024-03-21","2024-03-21",0,1,28.57,28.57,28.57
18566,"2021-11-16","2025-06-06",1298,3,40.34,121.02,40.34
18567,"2021-12-28","2021-12-28",0,1,25.47,25.47,25.47
18568,"2021-12-13","2025-03-24",1197,2,138.51,277.02,138.51
18569,"2022-04-15","2024-09-06",875,3,112.67,338.00,112.67
18571,"2024-03-28","2024-03-28",0,1,6.54,6.54,6.54
18572,"2024-12-02","2024-12-02",0,1,237.95,237.95,237.95
18573,"2022-02-10","2024-11-14",1008,3,277.79,833.36,277.79
18574,"2020-08-18","2024-11-11",1546,3,51.79,155.37,51.79
18575,"2023-03-13","2024-05-20",434,2,66.13,132.26,66.13
18576,"2020-06-02","2023-01-02",944,2,140.35,280.69,140.35
18578,"2025-01-29","2025-01-29",0,1,31.48,31.48,31.48
18579,"2021-10-22","2022-03-04",133,2,30.59,61.17,30.59
18581,"2024-07-23","2024-07-23",0,1,733.56,733.56,733.56
18582,"2021-11-16","2025-04-12",1243,3,151.38,454.14,151.38
18583,"2021-10-21","2021-10-21",0,1,576.68,576.68,576.68
18584,"2021-12-20","2024-04-04",836,3,55.55,166.65,55.55
18587,"2023-05-10","2023-05-10",0,1,33.60,33.60,33.60
18588,"2023-02-05","2024-04-27",447,3,49.18,147.55,49.18
18589,"2021-09-11","2023-12-13",823,2,125.56,251.11,125.56
18591,"2021-07-04","2022-06-01",332,2,173.22,346.44,173.22
18592,"2020-02-26","2025-07-04",1955,4,46.86,187.42,46.86
18593,"2020-08-18","2022-05-01",621,4,64.82,259.29,64.82
18594,"2021-10-08","2023-07-30",660,3,133.89,401.66,133.89
18595,"2023-03-24","2023-03-24",0,1,161.62,161.62,161.62
18596,"2025-03-12","2025-03-12",0,1,147.77,147.77,147.77
18597,"2020-10-25","2025-04-28",1646,3,65.94,197.82,65.94
18598,"2021-08-22","2025-05-16",1363,2,36.03,72.06,36.03
18599,"2022-06-03","2024-01-24",600,3,86.97,260.91,86.97
18600,"2020-07-11","2025-02-16",1681,5,129.91,649.55,129.91
18601,"2020-12-27","2021-09-12",259,2,44.90,89.80,44.90
18602,"2022-01-12","2025-09-18",1345,2,74.66,149.32,74.66
18603,"2024-04-28","2024-04-28",0,1,333.41,333.41,333.41
18604,"2025-01-10","2025-01-10",0,1,27.35,27.35,27.35
18605,"2020-07-26","2024-07-04",1439,2,126.40,252.79,126.40
18606,"2022-08-29","2024-02-29",549,3,153.21,459.62,153.21
18607,"2021-05-21","2023-09-15",847,3,86.05,258.14,86.05
18608,"2021-11-18","2025-09-15",1397,5,85.17,425.83,85.17
18610,"2020-04-22","2020-08-05",105,2,417.17,834.34,417.17
18612,"2024-07-10","2024-07-10",0,1,145.83,145.83,145.83
18614,"2020-08-24","2024-03-01",1285,3,151.45,454.36,151.45
18615,"2020-12-01","2024-11-06",1436,4,60.31,241.23,60.31
18616,"2022-01-16","2022-07-28",193,2,144.29,288.58,144.29
18617,"2023-08-01","2023-08-01",0,1,28.73,28.73,28.73
18618,"2022-10-31","2022-10-31",0,1,22.97,22.97,22.97
18619,"2020-03-26","2024-10-26",1675,3,87.90,263.69,87.90
18620,"2021-10-16","2025-09-21",1436,4,99.24,396.96,99.24
18621,"2021-10-07","2022-07-27",293,2,244.67,489.33,244.67
18622,"2020-05-08","2024-11-08",1645,3,36.20,108.61,36.20
18623,"2023-08-06","2023-08-06",0,1,9.25,9.25,9.25
18624,"2020-12-17","2024-01-20",1129,3,157.01,471.02,157.01
18625,"2024-08-10","2024-08-10",0,1,179.36,179.36,179.36
18626,"2022-07-07","2024-03-03",605,2,377.24,754.48,377.24
18628,"2022-06-06","2022-06-06",0,1,12.64,12.64,12.64
18631,"2021-06-30","2024-08-21",1148,3,114.69,344.07,114.69
18632,"2024-06-19","2025-08-14",421,4,191.38,765.51,191.38
18635,"2022-10-18","2022-10-18",0,1,69.95,69.95,69.95
18636,"2020-02-27","2022-08-18",903,3,141.66,424.98,141.66
18637,"2021-12-28","2021-12-28",0,1,308.70,308.70,308.70
18639,"2020-03-08","2021-09-05",546,4,87.81,351.25,87.81
18640,"2022-08-17","2022-08-17",0,1,41.50,41.50,41.50
18642,"2020-02-29","2025-08-18",1997,3,115.19,345.58,115.19
18644,"2022-12-03","2024-11-22",720,4,51.29,205.14,51.29
18645,"2020-04-25","2023-08-28",1220,2,210.46,420.92,210.46
18646,"2020-10-16","2021-04-21",187,3,508.41,1525.23,508.41
18647,"2020-07-31","2020-07-31",0,1,424.36,424.36,424.36
18648,"2021-04-15","2023-08-29",866,2,134.92,269.84,134.92
18649,"2022-12-05","2023-09-03",272,2,77.45,154.90,77.45
18650,"2021-04-07","2022-09-15",526,2,122.60,245.19,122.60
18651,"2023-11-11","2025-10-22",711,2,164.83,329.65,164.83
18653,"2025-05-16","2025-05-16",0,1,36.00,36.00,36.00
18654,"2020-06-02","2023-07-18",1141,3,121.46,364.38,121.46
18655,"2022-11-22","2023-11-28",371,2,51.56,103.12,51.56
18656,"2023-11-06","2024-02-06",92,2,54.46,108.91,54.46
18657,"2023-06-20","2023-06-20",0,1,38.86,38.86,38.86
18658,"2024-11-24","2024-11-24",0,1,244.80,244.80,244.80
18659,"2020-07-17","2025-09-14",1885,2,104.88,209.76,104.88
18660,"2020-10-24","2020-10-24",0,1,135.80,135.80,135.80
18662,"2021-06-26","2024-12-01",1254,3,109.38,328.13,109.38
18663,"2023-08-24","2023-08-24",0,1,287.37,287.37,287.37
18664,"2022-04-14","2025-07-25",1198,3,353.82,1061.46,353.82
18665,"2020-08-29","2025-07-04",1770,3,109.38,328.15,109.38
18666,"2020-05-04","2024-05-09",1466,5,64.16,320.79,64.16
18667,"2023-08-30","2023-08-30",0,1,198.26,198.26,198.26
18668,"2022-10-11","2022-10-11",0,1,247.10,247.10,247.10
18669,"2023-01-13","2023-11-14",305,2,69.28,138.55,69.28
18670,"2025-03-25","2025-03-25",0,1,47.14,47.14,47.14
18671,"2024-01-30","2024-01-30",0,1,108.25,108.25,108.25
18673,"2023-12-21","2024-02-16",57,2,26.49,52.98,26.49
18675,"2020-09-17","2025-07-11",1758,3,42.20,126.59,42.20
18676,"2020-07-25","2022-12-11",869,3,180.30,540.91,180.30
18677,"2022-01-21","2025-06-01",1227,3,104.88,314.64,104.88
18678,"2020-09-04","2022-11-23",810,3,196.80,590.41,196.80
18680,"2020-02-08","2025-06-01",1940,2,103.98,207.96,103.98
18681,"2021-10-11","2025-03-15",1251,2,74.43,148.85,74.43
18682,"2020-08-12","2020-08-12",0,1,208.61,208.61,208.61
18686,"2023-06-14","2023-06-14",0,1,174.39,174.39,174.39
18688,"2021-11-11","2023-10-02",690,2,137.30,274.60,137.30
18689,"2021-04-14","2023-12-15",975,2,30.83,61.66,30.83
18690,"2020-10-13","2020-10-13",0,1,78.43,78.43,78.43
18691,"2020-02-04","2024-10-31",1731,3,132.56,397.67,132.56
18692,"2021-05-15","2024-07-17",1159,3,190.01,570.03,190.01
18693,"2020-04-26","2020-04-26",0,1,86.96,86.96,86.96
18695,"2020-04-14","2022-01-21",647,2,297.36,594.71,297.36
18696,"2020-01-27","2024-10-24",1732,6,245.02,1470.09,245.02
18697,"2021-12-08","2021-12-08",0,1,70.43,70.43,70.43
18698,"2021-12-14","2021-12-14",0,1,21.64,21.64,21.64
18700,"2023-02-21","2023-02-21",0,1,157.96,157.96,157.96
18701,"2020-10-11","2025-03-29",1630,3,63.03,189.08,63.03
18702,"2024-10-20","2024-12-08",49,2,45.86,91.72,45.86
18703,"2022-07-26","2022-07-26",0,1,32.49,32.49,32.49
18705,"2021-11-18","2023-09-30",681,2,58.95,117.90,58.95
18706,"2025-10-15","2025-10-15",0,1,200.87,200.87,200.87
18707,"2021-07-14","2021-07-14",0,1,117.37,117.37,117.37
18708,"2022-03-20","2022-03-20",0,1,84.76,84.76,84.76
18709,"2022-02-13","2024-02-10",727,2,104.24,208.48,104.24
18710,"2020-10-01","2023-04-28",939,3,179.47,538.40,179.47
18711,"2024-08-20","2024-12-03",105,2,121.00,241.99,121.00
18712,"2021-01-11","2025-09-09",1702,3,209.62,628.85,209.62
18713,"2021-02-16","2021-02-16",0,1,60.64,60.64,60.64
18714,"2023-09-19","2025-03-16",544,2,165.51,331.02,165.51
18715,"2020-11-17","2021-10-05",322,2,47.12,94.23,47.12
18717,"2021-11-21","2023-09-30",678,3,240.80,722.39,240.80
18718,"2021-06-25","2021-06-25",0,1,143.40,143.40,143.40
18719,"2024-11-23","2024-11-23",0,1,50.15,50.15,50.15
18720,"2020-06-07","2023-07-27",1145,2,128.71,257.41,128.71
18721,"2021-07-12","2022-03-27",258,2,36.87,73.73,36.87
18722,"2021-02-13","2021-02-13",0,1,58.07,58.07,58.07
18724,"2024-05-21","2024-09-25",127,2,43.53,87.05,43.53
18725,"2022-07-10","2022-07-10",0,1,104.23,104.23,104.23
18726,"2021-05-29","2021-05-29",0,1,156.03,156.03,156.03
18727,"2021-09-17","2021-09-17",0,1,1149.72,1149.72,1149.72
18728,"2020-05-27","2021-12-05",557,2,51.83,103.66,51.83
18729,"2020-09-28","2025-06-13",1719,2,244.86,489.72,244.86
18730,"2020-08-05","2024-12-20",1598,4,101.63,406.52,101.63
18731,"2020-03-15","2025-02-05",1788,3,100.81,302.42,100.81
18732,"2023-09-05","2023-11-24",80,2,167.08,334.16,167.08
18733,"2024-01-28","2024-01-28",0,1,282.36,282.36,282.36
18734,"2024-10-31","2024-10-31",0,1,12.73,12.73,12.73
18735,"2022-11-29","2025-03-20",842,3,245.69,737.06,245.69
18736,"2020-11-04","2020-11-04",0,1,113.46,113.46,113.46
18737,"2023-08-05","2025-01-18",532,2,150.07,300.13,150.07
18738,"2025-04-11","2025-04-11",0,1,104.75,104.75,104.75
18739,"2021-04-05","2021-04-05",0,1,391.93,391.93,391.93
18740,"2020-10-17","2023-10-13",1091,3,81.48,244.43,81.48
18741,"2020-08-07","2024-07-29",1452,7,119.52,836.63,119.52
18742,"2020-07-13","2023-12-19",1254,4,114.71,458.82,114.71
18743,"2020-12-26","2024-05-29",1250,4,141.53,566.12,141.53
18745,"2025-08-01","2025-08-01",0,1,137.94,137.94,137.94
18747,"2020-05-01","2020-05-01",0,1,119.82,119.82,119.82
18748,"2023-08-23","2023-08-23",0,1,22.97,22.97,22.97
18749,"2021-12-21","2024-08-12",965,2,31.31,62.62,31.31
18750,"2023-04-22","2023-04-22",0,1,18.59,18.59,18.59
18751,"2022-01-23","2025-08-22",1307,3,174.76,524.29,174.76
18752,"2020-03-22","2020-03-22",0,1,79.83,79.83,79.83
18754,"2020-06-18","2023-12-26",1286,4,133.39,533.57,133.39
18756,"2025-09-20","2025-09-20",0,1,64.46,64.46,64.46
18757,"2023-05-21","2023-05-21",0,1,88.62,88.62,88.62
18758,"2025-05-12","2025-05-12",0,1,131.66,131.66,131.66
18759,"2025-02-05","2025-02-05",0,1,170.38,170.38,170.38
18760,"2020-08-28","2023-01-03",858,4,98.01,392.04,98.01
18763,"2020-02-07","2025-05-11",1920,2,82.15,164.29,82.15
18765,"2020-04-18","2024-08-28",1593,5,112.67,563.37,112.67
18767,"2021-04-11","2021-04-11",0,1,243.51,243.51,243.51
18768,"2021-11-04","2025-04-04",1247,2,162.01,324.02,162.01
18769,"2020-11-23","2024-12-12",1480,4,133.71,534.83,133.71
18770,"2021-11-04","2021-11-04",0,1,29.40,29.40,29.40
18771,"2023-09-01","2023-09-01",0,1,128.61,128.61,128.61
18772,"2021-06-06","2021-06-06",0,1,131.87,131.87,131.87
18773,"2021-12-19","2025-06-03",1262,2,84.05,168.10,84.05
18775,"2021-06-23","2023-02-03",590,2,84.18,168.36,84.18
18776,"2022-01-25","2025-02-28",1130,2,57.55,115.10,57.55
18777,"2022-03-14","2022-11-01",232,2,140.64,281.27,140.64
18778,"2021-09-09","2025-10-23",1505,2,143.84,287.68,143.84
18779,"2024-08-08","2024-08-08",0,1,61.07,61.07,61.07
18780,"2021-11-02","2025-04-03",1248,2,123.41,246.82,123.41
18781,"2020-09-06","2022-11-10",795,2,119.25,238.50,119.25
18782,"2022-05-03","2024-07-18",807,2,175.21,350.42,175.21
18783,"2020-07-31","2025-08-15",1841,5,219.62,1098.12,219.62
18784,"2023-02-28","2023-03-10",10,2,163.64,327.28,163.64
18785,"2025-09-10","2025-09-10",0,1,190.03,190.03,190.03
18786,"2021-04-16","2025-06-05",1511,2,214.67,429.34,214.67
18787,"2021-12-31","2023-08-31",608,2,130.20,260.39,130.20
18788,"2020-07-11","2023-08-22",1137,3,68.09,204.26,68.09
18789,"2020-05-14","2024-10-10",1610,4,155.91,623.65,155.91
18790,"2020-05-06","2021-05-04",363,2,34.15,68.30,34.15
18791,"2021-08-03","2021-10-02",60,2,135.50,270.99,135.50
18793,"2022-01-08","2023-07-26",564,2,29.70,59.40,29.70
18794,"2023-01-03","2025-01-12",740,2,374.65,749.30,374.65
18795,"2020-01-05","2021-12-30",725,2,192.91,385.82,192.91
18796,"2024-12-28","2024-12-28",0,1,56.82,56.82,56.82
18797,"2024-07-25","2024-08-29",35,2,49.65,99.30,49.65
18798,"2020-02-06","2020-02-06",0,1,14.42,14.42,14.42
18799,"2020-06-04","2024-11-22",1632,4,156.66,626.63,156.66
18800,"2020-10-08","2023-09-23",1080,3,119.70,359.11,119.70
18801,"2021-05-27","2025-06-15",1480,4,124.07,496.28,124.07
18802,"2022-05-22","2024-05-13",722,2,33.94,67.87,33.94
18803,"2022-04-11","2024-11-07",941,2,181.49,362.97,181.49
18804,"2021-06-29","2022-05-16",321,2,47.76,95.52,47.76
18805,"2021-12-18","2023-10-18",669,4,313.29,1253.16,313.29
18806,"2021-03-03","2021-03-03",0,1,103.50,103.50,103.50
18807,"2020-04-28","2023-01-12",989,2,19.92,39.83,19.92
18808,"2020-10-14","2024-06-26",1351,3,43.41,130.24,43.41
18809,"2023-03-07","2023-03-07",0,1,141.33,141.33,141.33
18810,"2021-09-17","2024-02-16",882,4,116.99,467.96,116.99
18811,"2020-10-07","2024-11-02",1487,3,70.06,210.17,70.06
18813,"2020-04-29","2023-05-29",1125,3,241.18,723.55,241.18
18814,"2021-02-11","2021-02-11",0,1,63.55,63.55,63.55
18815,"2021-05-27","2025-01-30",1344,5,126.29,631.46,126.29
18816,"2020-07-16","2020-07-16",0,1,18.37,18.37,18.37
18817,"2024-04-11","2025-06-16",431,2,152.08,304.16,152.08
18818,"2020-01-14","2024-10-30",1751,5,178.97,894.84,178.97
18820,"2024-09-10","2024-09-10",0,1,240.07,240.07,240.07
18822,"2020-03-15","2022-12-06",996,2,119.14,238.28,119.14
18823,"2020-04-26","2024-09-09",1597,2,361.93,723.85,361.93
18824,"2025-04-20","2025-04-20",0,1,5.92,5.92,5.92
18825,"2021-10-03","2021-10-03",0,1,77.21,77.21,77.21
18826,"2021-08-24","2021-08-24",0,1,19.58,19.58,19.58
18827,"2022-08-15","2025-10-12",1154,5,58.22,291.11,58.22
18828,"2024-01-09","2024-01-09",0,1,65.82,65.82,65.82
18829,"2021-03-27","2021-10-31",218,3,235.45,706.35,235.45
18830,"2025-09-23","2025-09-23",0,1,220.71,220.71,220.71
18831,"2020-11-07","2020-11-07",0,1,332.88,332.88,332.88
18832,"2020-08-03","2022-05-19",654,3,200.24,600.71,200.24
18835,"2025-09-17","2025-09-17",0,1,63.69,63.69,63.69
18836,"2024-01-03","2024-01-05",2,2,203.20,406.39,203.20
18837,"2021-12-03","2025-02-22",1177,3,67.77,203.31,67.77
18838,"2022-06-19","2023-05-29",344,2,37.12,74.24,37.12
18840,"2021-01-10","2021-01-10",0,1,119.71,119.71,119.71
18841,"2020-04-03","2023-09-22",1267,2,166.90,333.80,166.90
18842,"2022-07-27","2022-07-27",0,1,17.60,17.60,17.60
18843,"2020-01-19","2024-07-16",1640,2,51.23,102.46,51.23
18844,"2023-08-05","2025-07-25",720,3,113.27,339.81,113.27
18845,"2023-07-29","2023-07-29",0,1,412.34,412.34,412.34
18846,"2021-06-16","2025-05-12",1426,2,117.23,234.46,117.23
18847,"2025-07-18","2025-07-18",0,1,242.75,242.75,242.75
18848,"2021-06-25","2021-06-25",0,1,162.30,162.30,162.30
18849,"2022-01-16","2022-01-16",0,1,172.46,172.46,172.46
18850,"2020-06-30","2025-01-20",1665,2,356.01,712.02,356.01
18851,"2021-03-07","2023-07-05",850,3,84.07,252.22,84.07
18852,"2022-04-01","2025-01-15",1020,4,149.26,597.02,149.26
18853,"2023-05-25","2025-03-12",657,3,172.21,516.64,172.21
18854,"2020-03-27","2022-04-01",735,3,128.02,384.05,128.02
18855,"2021-04-15","2021-04-15",0,1,138.27,138.27,138.27
18856,"2021-10-02","2024-06-24",996,2,84.99,169.97,84.99
18857,"2022-09-08","2022-09-08",0,1,24.10,24.10,24.10
18858,"2021-05-03","2023-08-21",840,2,130.19,260.37,130.19
18860,"2025-10-22","2025-10-22",0,1,279.92,279.92,279.92
18861,"2020-04-19","2024-11-19",1675,4,43.91,175.63,43.91
18862,"2023-06-06","2024-06-27",387,2,134.63,269.25,134.63
18864,"2022-07-05","2024-11-28",877,3,274.90,824.70,274.90
18868,"2024-05-21","2024-05-21",0,1,8.55,8.55,8.55
18869,"2021-09-23","2021-09-23",0,1,39.52,39.52,39.52
18870,"2020-06-06","2025-06-14",1834,4,97.20,388.81,97.20
18871,"2024-08-26","2024-08-26",0,1,459.51,459.51,459.51
18873,"2020-01-27","2023-02-10",1110,3,122.47,367.41,122.47
18874,"2024-12-04","2024-12-04",0,1,189.77,189.77,189.77
18875,"2025-03-01","2025-03-01",0,1,193.24,193.24,193.24
18876,"2022-09-09","2022-09-09",0,1,1049.68,1049.68,1049.68
18877,"2024-01-26","2024-01-26",0,1,82.90,82.90,82.90
18878,"2024-11-07","2024-11-07",0,1,24.77,24.77,24.77
18880,"2020-06-05","2021-12-26",569,2,701.84,1403.68,701.84
18881,"2023-11-24","2024-03-03",100,2,776.52,1553.03,776.52
18882,"2023-05-28","2025-01-07",590,3,197.81,593.42,197.81
18883,"2020-09-02","2022-10-10",768,2,39.59,79.17,39.59
18884,"2022-02-21","2022-02-21",0,1,44.26,44.26,44.26
18886,"2020-04-07","2020-04-07",0,1,8.32,8.32,8.32
18887,"2022-10-01","2022-10-01",0,1,66.01,66.01,66.01
18888,"2021-12-23","2025-02-12",1147,3,42.38,127.13,42.38
18889,"2020-08-31","2025-05-08",1711,3,87.70,263.10,87.70
18890,"2020-03-10","2023-06-11",1188,2,166.47,332.93,166.47
18891,"2023-02-23","2023-02-23",0,1,92.51,92.51,92.51
18892,"2023-01-11","2023-01-11",0,1,11.57,11.57,11.57
18893,"2021-10-20","2023-12-12",783,2,110.59,221.17,110.59
18894,"2023-03-18","2023-04-12",25,2,62.72,125.44,62.72
18895,"2020-04-08","2024-04-25",1478,2,38.32,76.63,38.32
18897,"2023-06-07","2023-08-14",68,2,49.63,99.25,49.63
18898,"2021-11-25","2024-05-22",909,3,67.36,202.07,67.36
18899,"2022-05-24","2025-02-15",998,2,69.58,139.16,69.58
18900,"2021-03-29","2021-03-29",0,1,52.06,52.06,52.06
18901,"2021-06-27","2025-06-18",1452,2,203.90,407.80,203.90
18902,"2020-02-03","2023-12-22",1418,6,47.29,283.73,47.29
18903,"2020-12-26","2023-08-26",973,2,104.63,209.26,104.63
18905,"2022-11-01","2023-09-24",327,2,201.01,402.02,201.01
18907,"2023-07-23","2024-05-03",285,2,65.51,131.02,65.51
18908,"2023-10-03","2023-10-03",0,2,104.62,209.23,104.62
18910,"2021-07-15","2023-05-21",675,2,75.12,150.23,75.12
18911,"2023-01-28","2024-04-30",458,2,11.78,23.56,11.78
18912,"2023-01-14","2023-01-14",0,1,4.69,4.69,4.69
18913,"2024-05-21","2024-05-21",0,1,89.01,89.01,89.01
18914,"2021-06-25","2021-10-09",106,2,66.58,133.15,66.58
18915,"2020-04-02","2025-04-08",1832,3,74.57,223.72,74.57
18916,"2021-04-26","2021-04-26",0,1,432.87,432.87,432.87
18917,"2021-02-07","2024-01-09",1066,3,222.01,666.02,222.01
18918,"2023-04-11","2023-08-26",137,2,85.05,170.09,85.05
18919,"2021-02-08","2025-06-10",1583,5,222.14,1110.71,222.14
18920,"2025-10-05","2025-10-05",0,1,192.17,192.17,192.17
18921,"2020-10-02","2024-10-03",1462,3,57.41,172.22,57.41
18922,"2022-03-15","2025-04-08",1120,2,55.01,110.02,55.01
18923,"2022-06-12","2025-10-26",1232,3,253.87,761.60,253.87
18924,"2024-10-02","2024-10-02",0,1,17.48,17.48,17.48
18925,"2025-10-19","2025-10-19",0,1,190.01,190.01,190.01
18926,"2021-03-16","2025-10-17",1676,3,164.45,493.36,164.45
18928,"2020-02-19","2024-09-09",1664,3,153.60,460.79,153.60
18929,"2021-11-27","2021-11-27",0,1,5.35,5.35,5.35
18930,"2022-08-25","2023-10-29",430,2,70.44,140.87,70.44
18931,"2025-07-09","2025-07-09",0,1,43.43,43.43,43.43
18932,"2020-06-24","2020-06-24",0,1,140.41,140.41,140.41
18933,"2020-04-10","2025-02-20",1777,5,160.72,803.58,160.72
18934,"2023-01-22","2023-01-22",0,1,212.09,212.09,212.09
18935,"2020-03-31","2023-11-23",1332,2,98.81,197.62,98.81
18936,"2020-04-17","2025-03-08",1786,3,149.94,449.81,149.94
18937,"2025-04-08","2025-04-08",0,1,105.15,105.15,105.15
18938,"2023-02-21","2024-10-01",588,2,353.29,706.57,353.29
18939,"2023-02-04","2025-08-29",937,3,98.15,294.46,98.15
18940,"2020-06-15","2023-07-18",1128,4,184.93,739.71,184.93
18941,"2025-08-30","2025-10-24",55,2,133.54,267.07,133.54
18942,"2022-03-12","2022-03-12",0,1,52.34,52.34,52.34
18943,"2020-12-17","2022-11-30",713,4,111.87,447.47,111.87
18945,"2020-01-02","2025-03-16",1900,3,89.11,267.34,89.11
18946,"2021-12-09","2021-12-09",0,1,258.41,258.41,258.41
18947,"2024-01-10","2024-09-26",260,2,240.22,480.43,240.22
18948,"2022-04-21","2022-04-21",0,1,86.99,86.99,86.99
18949,"2022-09-15","2023-05-14",241,2,28.08,56.16,28.08
18950,"2020-02-29","2023-08-16",1264,3,82.81,248.44,82.81
18951,"2024-10-16","2024-11-02",17,2,193.54,387.08,193.54
18952,"2023-10-26","2023-10-26",0,1,624.10,624.10,624.10
18953,"2020-01-26","2024-10-08",1717,2,64.42,128.84,64.42
18954,"2021-12-15","2021-12-15",0,1,124.96,124.96,124.96
18955,"2020-05-07","2024-09-04",1581,3,130.62,391.86,130.62
18956,"2024-05-27","2024-05-27",0,1,127.53,127.53,127.53
18957,"2020-12-09","2023-03-19",830,3,293.91,881.74,293.91
18958,"2024-09-16","2025-01-17",123,3,238.34,715.03,238.34
18959,"2022-10-10","2022-10-10",0,1,108.17,108.17,108.17
18960,"2020-11-13","2025-05-14",1643,5,135.79,678.93,135.79
18963,"2021-02-24","2021-02-24",0,1,6.03,6.03,6.03
18964,"2021-12-05","2022-01-13",39,2,77.75,155.50,77.75
18965,"2022-04-30","2025-09-11",1230,6,169.28,1015.69,169.28
18966,"2025-10-24","2025-10-24",0,1,70.43,70.43,70.43
18967,"2020-03-20","2025-06-16",1914,3,35.87,107.60,35.87
18968,"2021-03-20","2024-07-08",1206,3,154.33,462.98,154.33
18969,"2020-08-03","2025-08-31",1854,3,164.94,494.81,164.94
18970,"2020-07-20","2020-07-20",0,1,150.28,150.28,150.28
18971,"2020-01-26","2024-04-21",1547,2,28.61,57.22,28.61
18973,"2020-08-02","2025-10-22",1907,4,71.74,286.97,71.74
18975,"2021-04-05","2021-04-05",0,1,66.01,66.01,66.01
18976,"2022-01-04","2025-09-02",1337,3,113.68,341.04,113.68
18977,"2021-07-23","2022-04-17",268,2,44.47,88.93,44.47
18978,"2022-06-27","2024-03-18",630,2,129.29,258.58,129.29
18979,"2022-09-19","2024-04-30",589,4,100.83,403.30,100.83
18980,"2023-01-16","2023-01-16",0,1,133.87,133.87,133.87
18981,"2021-01-30","2025-07-15",1627,4,33.47,133.89,33.47
18982,"2020-01-07","2022-08-07",943,4,34.60,138.38,34.60
18983,"2020-08-22","2025-09-01",1836,6,113.11,678.68,113.11
18984,"2021-09-05","2025-01-29",1242,3,33.34,100.03,33.34
18985,"2020-05-04","2022-05-02",728,2,181.99,363.98,181.99
18987,"2022-08-15","2025-05-28",1017,3,50.40,151.21,50.40
18989,"2025-07-21","2025-07-21",0,1,109.71,109.71,109.71
18990,"2025-04-11","2025-04-11",0,1,267.57,267.57,267.57
18991,"2021-08-10","2024-06-03",1028,3,91.57,274.70,91.57
18992,"2020-03-06","2025-04-12",1863,3,43.28,129.83,43.28
18993,"2022-06-02","2023-07-09",402,2,118.50,237.00,118.50
18995,"2022-10-18","2025-01-27",832,2,311.73,623.45,311.73
18996,"2021-01-17","2025-07-16",1641,2,17.29,34.57,17.29
18997,"2021-02-19","2022-09-25",583,2,75.59,151.18,75.59
18998,"2025-01-17","2025-01-17",0,1,103.42,103.42,103.42
18999,"2020-04-01","2025-07-11",1927,3,172.49,517.47,172.49
19000,"2023-12-03","2023-12-03",0,1,194.54,194.54,194.54
19001,"2024-10-08","2024-10-08",0,1,169.11,169.11,169.11
19002,"2021-06-23","2024-10-23",1218,2,64.93,129.85,64.93
19003,"2020-10-02","2023-05-22",962,2,127.20,254.39,127.20
19004,"2022-08-05","2022-08-05",0,1,142.26,142.26,142.26
19005,"2020-05-01","2024-09-27",1610,2,81.55,163.09,81.55
19006,"2021-01-07","2024-09-27",1359,3,132.00,396.00,132.00
19008,"2020-04-28","2025-09-24",1975,3,97.97,293.90,97.97
19009,"2021-05-27","2024-04-04",1043,3,98.56,295.68,98.56
19011,"2021-12-03","2021-12-03",0,1,38.89,38.89,38.89
19012,"2024-05-13","2024-05-13",0,1,5.37,5.37,5.37
19013,"2020-12-21","2022-08-27",614,4,74.99,299.94,74.99
19014,"2022-07-09","2024-08-04",757,3,136.15,408.46,136.15
19016,"2020-08-04","2020-08-04",0,1,185.21,185.21,185.21
19017,"2020-04-25","2022-08-30",857,3,35.88,107.65,35.88
19018,"2025-09-24","2025-09-24",0,1,69.59,69.59,69.59
19019,"2022-02-03","2022-02-03",0,1,55.74,55.74,55.74
19021,"2020-09-30","2024-11-22",1514,4,130.54,522.15,130.54
19022,"2022-11-22","2022-11-22",0,1,61.38,61.38,61.38
19023,"2020-03-22","2023-02-09",1054,2,101.43,202.85,101.43
19024,"2025-01-28","2025-01-28",0,1,32.51,32.51,32.51
19025,"2020-01-15","2022-03-18",793,3,158.14,474.42,158.14
19026,"2021-05-02","2022-06-01",395,2,332.65,665.29,332.65
19029,"2021-10-05","2024-07-18",1017,4,106.72,426.88,106.72
19030,"2021-08-12","2025-04-07",1334,4,89.23,356.90,89.23
19031,"2020-01-17","2020-01-17",0,1,98.46,98.46,98.46
19033,"2020-10-07","2025-06-19",1716,2,54.30,108.59,54.30
19034,"2021-04-19","2022-06-10",417,2,86.16,172.31,86.16
19036,"2022-11-08","2024-05-14",553,2,54.00,107.99,54.00
19037,"2024-10-05","2024-10-05",0,1,323.61,323.61,323.61
19038,"2022-03-20","2022-03-20",0,1,46.40,46.40,46.40
19039,"2021-07-02","2023-12-31",912,2,133.46,266.91,133.46
19040,"2023-01-21","2023-01-21",0,1,115.57,115.57,115.57
19041,"2022-08-17","2025-06-06",1024,3,55.68,167.03,55.68
19042,"2022-08-30","2022-08-30",0,1,395.49,395.49,395.49
19043,"2022-12-12","2024-05-19",524,2,323.54,647.07,323.54
19045,"2021-12-15","2021-12-15",0,1,17.02,17.02,17.02
19047,"2022-03-11","2024-09-12",916,2,107.98,215.95,107.98
19048,"2021-05-23","2024-12-07",1294,2,31.53,63.05,31.53
19049,"2020-06-20","2024-09-17",1550,3,224.10,672.29,224.10
19050,"2022-08-20","2023-03-01",193,2,122.74,245.47,122.74
19051,"2020-07-25","2020-07-25",0,1,64.37,64.37,64.37
19053,"2024-02-21","2024-02-21",0,1,50.87,50.87,50.87
19054,"2022-09-11","2024-08-08",697,2,122.61,245.22,122.61
19055,"2020-04-24","2020-04-24",0,1,30.02,30.02,30.02
19056,"2020-12-22","2025-02-26",1527,4,137.28,549.12,137.28
19058,"2022-01-19","2025-08-18",1307,2,49.50,98.99,49.50
19059,"2020-09-12","2022-01-30",505,2,91.53,183.05,91.53
19060,"2025-01-25","2025-01-25",0,1,135.34,135.34,135.34
19062,"2023-01-06","2023-01-06",0,1,165.64,165.64,165.64
19063,"2021-03-31","2025-07-03",1555,3,64.38,193.15,64.38
19064,"2020-01-02","2024-04-03",1553,3,126.11,378.32,126.11
19065,"2021-07-12","2025-07-24",1473,2,47.16,94.32,47.16
19066,"2020-11-08","2022-01-16",434,2,121.23,242.45,121.23
19067,"2020-03-05","2020-03-05",0,1,192.15,192.15,192.15
19068,"2021-05-09","2021-05-09",0,1,235.31,235.31,235.31
19069,"2021-09-14","2021-09-14",0,1,471.00,471.00,471.00
19070,"2025-03-24","2025-03-24",0,1,28.73,28.73,28.73
19071,"2020-05-22","2024-03-23",1401,4,91.32,365.29,91.32
19072,"2023-01-08","2023-01-08",0,1,133.17,133.17,133.17
19074,"2022-07-04","2022-07-04",0,1,307.89,307.89,307.89
19075,"2021-12-01","2022-09-30",303,2,193.85,387.70,193.85
19076,"2021-12-21","2024-11-18",1063,3,128.98,386.93,128.98
19077,"2020-12-21","2024-04-16",1212,3,210.94,632.83,210.94
19079,"2021-09-06","2025-08-10",1434,2,102.09,204.18,102.09
19080,"2024-01-10","2024-01-10",0,1,27.47,27.47,27.47
19081,"2021-03-20","2024-12-17",1368,4,74.83,299.33,74.83
19082,"2022-03-17","2022-03-17",0,1,8.56,8.56,8.56
19083,"2020-01-04","2020-01-04",0,1,76.08,76.08,76.08
19085,"2023-06-04","2025-01-07",583,2,211.69,423.37,211.69
19087,"2022-04-02","2023-08-04",489,3,21.32,63.96,21.32
19088,"2021-12-12","2021-12-12",0,1,197.37,197.37,197.37
19089,"2022-03-18","2022-03-18",0,1,152.05,152.05,152.05
19091,"2022-01-21","2022-08-31",222,3,82.86,248.57,82.86
19092,"2021-05-17","2025-06-10",1485,2,242.89,485.77,242.89
19093,"2021-01-09","2025-03-08",1519,3,110.38,331.15,110.38
19094,"2023-09-02","2023-09-02",0,1,27.91,27.91,27.91
19095,"2022-12-06","2022-12-06",0,1,338.51,338.51,338.51
19096,"2020-06-27","2025-08-19",1879,3,235.29,705.86,235.29
19097,"2021-08-27","2025-10-05",1500,3,205.37,616.12,205.37
19098,"2020-12-06","2024-08-28",1361,3,84.37,253.11,84.37
19100,"2021-01-14","2023-05-24",860,3,337.06,1011.19,337.06
19102,"2021-02-25","2025-08-26",1643,2,73.11,146.21,73.11
19103,"2020-11-20","2022-10-25",704,2,149.58,299.15,149.58
19104,"2022-04-28","2024-06-28",792,2,153.38,306.75,153.38
19105,"2024-03-15","2024-03-15",0,1,202.07,202.07,202.07
19106,"2025-09-15","2025-09-15",0,1,26.85,26.85,26.85
19107,"2024-05-31","2024-08-18",79,2,23.38,46.75,23.38
19108,"2021-10-14","2025-03-09",1242,2,82.71,165.41,82.71
19109,"2020-03-23","2021-03-17",359,2,158.02,316.04,158.02
19110,"2024-10-04","2025-01-25",113,2,45.42,90.84,45.42
19111,"2020-06-17","2023-09-14",1184,4,261.53,1046.10,261.53
19112,"2023-08-17","2023-08-17",0,1,46.44,46.44,46.44
19113,"2020-12-25","2020-12-25",0,1,632.35,632.35,632.35
19116,"2025-06-14","2025-06-14",0,1,34.29,34.29,34.29
19117,"2020-07-22","2021-04-07",259,2,192.32,384.63,192.32
19118,"2021-07-10","2021-07-10",0,1,728.08,728.08,728.08
19119,"2022-03-15","2025-08-04",1238,3,81.77,245.30,81.77
19121,"2021-12-06","2024-07-20",957,2,126.56,253.11,126.56
19122,"2020-02-22","2025-02-21",1826,2,197.95,395.90,197.95
19123,"2020-01-20","2021-03-01",406,2,109.26,218.51,109.26
19125,"2023-08-11","2025-10-24",805,4,46.75,187.00,46.75
19126,"2022-10-22","2023-12-18",422,2,134.72,269.43,134.72
19127,"2020-05-19","2020-06-24",36,2,334.66,669.31,334.66
19130,"2022-05-23","2022-05-23",0,1,61.85,61.85,61.85
19131,"2023-05-22","2023-05-22",0,1,233.05,233.05,233.05
19132,"2020-03-24","2025-08-15",1970,3,38.48,115.43,38.48
19133,"2022-02-01","2025-02-21",1116,2,99.47,198.94,99.47
19135,"2022-07-13","2024-06-10",698,2,242.34,484.68,242.34
19136,"2023-11-24","2023-11-24",0,1,101.80,101.80,101.80
19137,"2024-03-27","2024-03-27",0,1,29.99,29.99,29.99
19138,"2021-11-15","2022-10-28",347,2,70.18,140.35,70.18
19139,"2021-06-16","2021-06-16",0,1,133.95,133.95,133.95
19141,"2022-03-07","2024-09-17",925,2,63.71,127.42,63.71
19142,"2020-03-29","2024-04-03",1466,2,137.34,274.68,137.34
19143,"2020-02-04","2022-07-05",882,2,181.55,363.10,181.55
19144,"2023-09-11","2023-09-11",0,1,467.17,467.17,467.17
19145,"2022-07-18","2022-07-18",0,1,5.50,5.50,5.50
19146,"2023-10-12","2023-10-12",0,1,17.33,17.33,17.33
19147,"2024-05-04","2024-06-23",50,2,88.95,177.90,88.95
19148,"2023-08-15","2024-10-27",439,2,141.25,282.50,141.25
19149,"2023-04-17","2023-04-17",0,1,50.46,50.46,50.46
19150,"2023-01-12","2025-10-22",1014,3,223.70,671.10,223.70
19151,"2021-11-05","2025-01-01",1153,4,207.63,830.53,207.63
19152,"2020-04-26","2023-07-03",1163,3,226.90,680.69,226.90
19153,"2021-07-05","2022-04-08",277,4,93.16,372.62,93.16
19156,"2020-02-23","2020-02-23",0,1,31.64,31.64,31.64
19157,"2025-06-21","2025-09-23",94,2,204.91,409.81,204.91
19158,"2022-02-10","2025-05-25",1200,2,78.34,156.67,78.34
19159,"2021-03-07","2024-09-07",1280,2,238.86,477.72,238.86
19160,"2020-03-06","2023-07-31",1242,4,242.58,970.32,242.58
19161,"2025-04-05","2025-04-05",0,1,5.25,5.25,5.25
19162,"2025-09-23","2025-09-23",0,1,682.02,682.02,682.02
19163,"2021-02-06","2021-02-06",0,1,200.00,200.00,200.00
19164,"2020-06-19","2023-12-27",1286,4,92.75,371.00,92.75
19166,"2022-04-22","2022-04-22",0,1,94.97,94.97,94.97
19167,"2020-09-01","2020-09-01",0,1,60.49,60.49,60.49
19168,"2021-03-01","2024-09-12",1291,4,98.78,395.10,98.78
19169,"2020-06-28","2021-10-01",460,2,26.86,53.71,26.86
19170,"2025-04-30","2025-04-30",0,1,139.25,139.25,139.25
19171,"2021-11-20","2025-08-05",1354,4,36.90,147.58,36.90
19172,"2022-04-27","2023-03-20",327,3,75.08,225.23,75.08
19174,"2024-03-24","2024-03-24",0,1,97.41,97.41,97.41
19175,"2021-02-17","2025-06-06",1570,2,113.59,227.17,113.59
19176,"2020-05-10","2023-10-20",1258,2,175.18,350.36,175.18
19177,"2020-05-23","2022-11-25",916,2,24.01,48.02,24.01
19178,"2020-09-04","2025-03-10",1648,3,86.17,258.50,86.17
19179,"2021-02-28","2021-02-28",0,1,161.43,161.43,161.43
19180,"2020-06-14","2023-04-10",1030,2,76.29,152.58,76.29
19182,"2022-06-28","2023-09-20",449,2,203.41,406.82,203.41
19183,"2025-01-15","2025-01-15",0,1,80.61,80.61,80.61
19184,"2023-09-29","2024-09-30",367,2,212.84,425.68,212.84
19185,"2020-02-20","2024-10-09",1693,5,88.93,444.67,88.93
19186,"2025-02-19","2025-09-10",203,3,34.17,102.51,34.17
19188,"2024-03-21","2024-08-07",139,2,190.03,380.05,190.03
19190,"2024-05-06","2024-05-06",0,1,396.14,396.14,396.14
19191,"2020-11-03","2022-05-30",573,2,99.69,199.37,99.69
19192,"2020-08-17","2021-11-07",447,3,68.14,204.42,68.14
19193,"2022-09-12","2022-09-12",0,1,189.96,189.96,189.96
19194,"2024-01-08","2024-01-08",0,1,421.70,421.70,421.70
19195,"2022-11-13","2024-12-11",759,2,251.12,502.23,251.12
19196,"2022-03-27","2022-08-16",142,2,128.60,257.19,128.60
19197,"2020-11-22","2025-08-28",1740,4,128.37,513.47,128.37
19199,"2020-08-26","2020-08-26",0,1,224.91,224.91,224.91
19200,"2024-12-23","2024-12-23",0,1,36.68,36.68,36.68
19201,"2021-09-07","2024-05-17",983,2,66.73,133.45,66.73
19202,"2024-07-24","2024-07-24",0,1,238.01,238.01,238.01
19203,"2023-03-29","2024-06-08",437,2,200.63,401.25,200.63
19204,"2023-02-04","2025-08-20",928,4,139.81,559.25,139.81
19205,"2024-01-11","2024-01-11",0,1,79.06,79.06,79.06
19206,"2021-06-06","2025-01-22",1326,2,73.86,147.71,73.86
19207,"2020-05-31","2024-01-10",1319,2,109.13,218.26,109.13
19208,"2025-01-12","2025-01-12",0,1,187.52,187.52,187.52
19209,"2020-07-13","2021-05-15",306,2,170.33,340.66,170.33
19210,"2021-07-04","2023-04-26",661,2,66.18,132.35,66.18
19211,"2021-04-09","2021-04-09",0,1,104.98,104.98,104.98
19212,"2020-02-09","2021-02-13",370,2,254.33,508.66,254.33
19214,"2023-05-04","2023-05-04",0,1,417.88,417.88,417.88
19215,"2021-02-06","2023-08-29",934,4,164.27,657.06,164.27
19216,"2025-05-31","2025-05-31",0,1,92.94,92.94,92.94
19218,"2022-05-30","2022-05-30",0,1,10.55,10.55,10.55
19219,"2020-04-21","2022-12-28",981,3,241.79,725.38,241.79
19221,"2025-03-26","2025-03-26",0,1,85.09,85.09,85.09
19222,"2020-09-11","2025-04-07",1669,3,346.13,1038.38,346.13
19223,"2020-11-25","2024-10-27",1432,4,134.38,537.51,134.38
19224,"2020-01-11","2023-09-27",1355,2,175.91,351.82,175.91
19225,"2020-01-20","2024-11-11",1757,2,51.98,103.95,51.98
19226,"2021-07-15","2021-07-15",0,1,36.78,36.78,36.78
19227,"2022-01-17","2022-01-17",0,1,75.93,75.93,75.93
19228,"2023-05-26","2023-09-05",102,2,277.93,555.86,277.93
19229,"2020-05-23","2024-08-01",1531,3,103.48,310.44,103.48
19230,"2020-01-07","2023-07-07",1277,2,49.40,98.80,49.40
19231,"2022-02-20","2022-02-20",0,1,88.79,88.79,88.79
19232,"2020-12-05","2024-02-04",1156,4,85.21,340.82,85.21
19233,"2020-07-18","2025-02-21",1679,3,27.41,82.24,27.41
19235,"2020-05-23","2024-03-03",1380,2,122.52,245.04,122.52
19236,"2023-01-15","2023-01-15",0,1,117.89,117.89,117.89
19237,"2021-12-03","2024-11-09",1072,3,133.09,399.28,133.09
19238,"2025-05-11","2025-05-11",0,1,164.83,164.83,164.83
19239,"2021-09-11","2021-09-11",0,1,272.09,272.09,272.09
19240,"2023-11-16","2023-12-03",17,2,223.88,447.76,223.88
19241,"2020-01-28","2022-08-24",939,2,299.83,599.65,299.83
19242,"2022-04-24","2024-11-10",931,2,78.54,157.08,78.54
19243,"2022-09-25","2022-09-25",0,1,816.48,816.48,816.48
19244,"2021-10-03","2024-08-29",1061,2,167.80,335.59,167.80
19245,"2025-07-03","2025-07-03",0,1,152.59,152.59,152.59
19246,"2025-08-20","2025-08-20",0,1,181.53,181.53,181.53
19247,"2020-10-05","2025-09-20",1811,3,98.78,296.34,98.78
19248,"2025-01-16","2025-01-16",0,1,388.79,388.79,388.79
19249,"2020-01-17","2025-10-07",2090,2,330.16,660.31,330.16
19250,"2025-03-11","2025-03-11",0,1,55.59,55.59,55.59
19251,"2024-02-25","2024-02-25",0,1,164.16,164.16,164.16
19252,"2020-10-22","2020-10-22",0,1,143.27,143.27,143.27
19253,"2022-07-22","2024-07-21",730,2,153.47,306.94,153.47
19254,"2024-12-24","2025-02-20",58,2,61.20,122.39,61.20
19255,"2021-05-01","2021-05-01",0,1,310.94,310.94,310.94
19256,"2020-02-08","2022-02-13",736,3,15.11,45.34,15.11
19258,"2021-10-26","2023-04-14",535,2,217.56,435.11,217.56
19259,"2020-04-23","2023-08-16",1210,3,159.84,479.53,159.84
19260,"2025-09-16","2025-09-16",0,1,4.86,4.86,4.86
19262,"2021-11-15","2023-06-03",565,2,88.12,176.23,88.12
19263,"2025-05-04","2025-05-04",0,1,214.50,214.50,214.50
19264,"2023-10-07","2024-04-25",201,2,119.52,239.04,119.52
19265,"2025-09-16","2025-09-16",0,1,12.34,12.34,12.34
19267,"2023-09-19","2025-10-29",771,3,81.94,245.83,81.94
19268,"2022-03-29","2022-03-29",0,1,73.70,73.70,73.70
19269,"2022-05-29","2022-05-29",0,1,108.98,108.98,108.98
19270,"2022-07-23","2025-01-23",915,2,117.04,234.08,117.04
19271,"2022-06-21","2022-10-25",126,2,84.65,169.30,84.65
19272,"2020-06-17","2022-10-27",862,3,175.77,527.30,175.77
19273,"2025-04-18","2025-04-18",0,1,116.09,116.09,116.09
19275,"2020-05-14","2025-09-10",1945,7,171.77,1202.36,171.77
19276,"2020-05-23","2020-05-23",0,1,211.50,211.50,211.50
19277,"2022-03-18","2024-04-14",758,4,74.15,296.60,74.15
19278,"2021-06-04","2025-03-06",1371,3,133.14,399.43,133.14
19280,"2021-11-29","2021-11-29",0,1,233.31,233.31,233.31
19282,"2022-03-14","2025-01-29",1052,2,143.93,287.85,143.93
19284,"2021-01-12","2021-01-12",0,1,87.97,87.97,87.97
19288,"2021-10-20","2022-10-26",371,2,78.45,156.90,78.45
19289,"2021-01-04","2021-01-04",0,1,609.85,609.85,609.85
19291,"2023-01-30","2024-10-06",615,2,41.56,83.12,41.56
19292,"2023-10-04","2023-10-04",0,1,16.87,16.87,16.87
19293,"2020-10-19","2023-11-19",1126,3,234.39,703.16,234.39
19294,"2023-06-12","2024-10-14",490,2,16.46,32.91,16.46
19295,"2020-09-18","2025-01-30",1595,2,79.84,159.67,79.84
19296,"2021-07-21","2021-07-21",0,1,50.79,50.79,50.79
19298,"2022-05-19","2025-04-14",1061,3,195.62,586.86,195.62
19300,"2022-03-12","2022-03-12",0,1,15.62,15.62,15.62
19301,"2024-06-17","2025-08-05",414,2,89.34,178.68,89.34
19302,"2022-11-24","2022-11-24",0,1,35.76,35.76,35.76
19303,"2023-04-07","2023-04-07",0,1,353.31,353.31,353.31
19304,"2022-11-12","2022-11-12",0,1,87.33,87.33,87.33
19309,"2025-06-05","2025-06-05",0,1,9.99,9.99,9.99
19311,"2021-11-01","2024-02-07",828,4,232.54,930.16,232.54
19313,"2024-06-24","2024-06-24",0,1,53.49,53.49,53.49
19314,"2025-05-07","2025-05-07",0,1,42.52,42.52,42.52
19316,"2020-08-24","2024-01-12",1236,3,35.24,105.71,35.24
19319,"2021-01-04","2022-07-06",548,3,130.79,392.36,130.79
19321,"2023-01-24","2023-11-08",288,2,206.81,413.61,206.81
19322,"2021-03-03","2021-03-03",0,1,130.68,130.68,130.68
19323,"2025-02-28","2025-04-13",44,2,124.68,249.36,124.68
19324,"2020-02-05","2020-02-05",0,1,68.61,68.61,68.61
19325,"2023-10-23","2023-10-23",0,1,33.34,33.34,33.34
19326,"2024-06-29","2024-06-29",0,1,16.02,16.02,16.02
19327,"2022-12-26","2022-12-26",0,1,92.92,92.92,92.92
19328,"2020-11-27","2022-11-26",729,2,10.78,21.55,10.78
19329,"2025-02-12","2025-02-12",0,1,257.93,257.93,257.93
19330,"2023-03-16","2023-03-16",0,1,96.59,96.59,96.59
19332,"2020-08-30","2025-03-01",1644,2,150.57,301.14,150.57
19334,"2024-10-30","2025-01-07",69,2,99.08,198.16,99.08
19335,"2020-11-19","2023-03-30",861,2,115.73,231.45,115.73
19336,"2021-02-28","2024-08-09",1258,2,215.00,429.99,215.00
19337,"2020-04-21","2023-07-15",1180,6,121.35,728.08,121.35
19338,"2021-07-02","2021-07-02",0,1,94.68,94.68,94.68
19339,"2020-01-26","2020-01-26",0,1,64.53,64.53,64.53
19341,"2021-03-07","2025-06-25",1571,5,167.33,836.66,167.33
19343,"2023-12-01","2025-02-20",447,2,191.29,382.57,191.29
19344,"2025-09-09","2025-09-09",0,1,132.44,132.44,132.44
19345,"2020-10-18","2022-07-23",643,2,52.56,105.11,52.56
19346,"2021-08-20","2024-05-01",985,6,62.45,374.70,62.45
19347,"2021-07-23","2021-12-23",153,2,232.23,464.45,232.23
19348,"2023-07-18","2023-08-12",25,3,217.67,653.00,217.67
19349,"2021-07-06","2022-01-16",194,2,114.47,228.94,114.47
19350,"2022-04-27","2022-04-27",0,1,59.42,59.42,59.42
19351,"2021-02-10","2021-02-10",0,1,15.98,15.98,15.98
19352,"2020-06-21","2020-09-15",86,2,67.26,134.51,67.26
19353,"2025-10-17","2025-10-17",0,1,38.32,38.32,38.32
19354,"2025-09-18","2025-09-18",0,1,75.87,75.87,75.87
19355,"2023-03-14","2025-01-31",689,2,301.14,602.27,301.14
19356,"2022-02-19","2022-09-08",201,2,90.86,181.71,90.86
19357,"2025-09-25","2025-09-25",0,1,50.23,50.23,50.23
19358,"2021-01-23","2024-05-24",1217,2,25.59,51.18,25.59
19359,"2020-11-07","2025-03-02",1576,3,54.68,164.05,54.68
19360,"2023-04-14","2024-12-24",620,2,71.07,142.14,71.07
19362,"2020-12-08","2023-01-11",764,5,68.77,343.85,68.77
19363,"2020-12-04","2025-05-23",1631,3,179.44,538.33,179.44
19364,"2023-01-15","2025-08-31",959,3,362.06,1086.18,362.06
19365,"2020-08-12","2020-10-24",73,2,159.56,319.12,159.56
19366,"2020-07-10","2020-07-10",0,1,131.16,131.16,131.16
19368,"2021-01-09","2025-04-25",1567,3,90.11,270.33,90.11
19369,"2021-05-28","2022-10-01",491,2,114.70,229.40,114.70
19370,"2020-11-07","2020-11-07",0,1,50.33,50.33,50.33
19372,"2021-07-30","2023-04-20",629,4,157.58,630.33,157.58
19373,"2021-02-03","2025-05-20",1567,3,80.22,240.66,80.22
19374,"2024-01-05","2024-01-05",0,1,402.71,402.71,402.71
19375,"2020-01-19","2022-05-31",863,2,184.03,368.06,184.03
19376,"2021-02-25","2021-02-25",0,1,107.40,107.40,107.40
19378,"2021-12-08","2025-02-09",1159,3,69.74,209.21,69.74
19379,"2020-02-12","2023-02-04",1088,4,78.34,313.36,78.34
19380,"2020-11-17","2023-06-09",934,2,54.83,109.65,54.83
19381,"2020-07-25","2020-07-25",0,1,14.69,14.69,14.69
19382,"2021-04-10","2021-04-10",0,1,72.65,72.65,72.65
19383,"2020-11-04","2023-08-08",1007,2,118.49,236.98,118.49
19385,"2024-05-04","2024-05-04",0,1,27.13,27.13,27.13
19387,"2024-01-26","2025-06-13",504,2,122.54,245.08,122.54
19388,"2020-11-16","2022-02-26",467,3,126.72,380.16,126.72
19389,"2022-07-22","2022-07-22",0,1,208.78,208.78,208.78
19390,"2022-09-23","2022-09-23",0,1,478.50,478.50,478.50
19393,"2025-05-09","2025-05-09",0,1,9.26,9.26,9.26
19394,"2020-12-28","2023-04-09",832,3,127.32,381.96,127.32
19395,"2022-10-14","2025-08-28",1049,2,116.96,233.91,116.96
19396,"2020-02-16","2025-08-17",2009,4,139.12,556.48,139.12
19397,"2022-08-10","2022-08-10",0,1,146.65,146.65,146.65
19398,"2020-04-12","2023-06-22",1166,3,322.12,966.37,322.12
19399,"2020-12-21","2024-08-01",1319,3,131.20,393.59,131.20
19401,"2020-08-02","2020-11-14",104,2,379.92,759.84,379.92
19403,"2024-06-11","2024-06-11",0,1,169.45,169.45,169.45
19405,"2022-12-29","2022-12-29",0,1,98.44,98.44,98.44
19407,"2021-04-25","2025-02-08",1385,2,102.67,205.34,102.67
19408,"2021-02-20","2023-05-17",816,2,68.34,136.67,68.34
19409,"2020-10-19","2024-01-05",1173,3,46.11,138.33,46.11
19412,"2021-07-11","2021-07-11",0,1,312.54,312.54,312.54
19413,"2020-07-10","2020-09-02",54,2,278.12,556.24,278.12
19414,"2025-09-09","2025-09-09",0,1,177.76,177.76,177.76
19415,"2020-06-22","2025-04-04",1747,4,229.55,918.19,229.55
19416,"2021-09-20","2025-02-05",1234,2,204.87,409.73,204.87
19417,"2020-07-17","2020-07-17",0,1,161.75,161.75,161.75
19418,"2020-02-09","2020-02-09",0,1,422.94,422.94,422.94
19419,"2021-03-15","2025-02-20",1438,2,303.22,606.43,303.22
19420,"2020-10-21","2020-10-21",0,1,77.30,77.30,77.30
19422,"2024-11-07","2024-11-07",0,1,30.27,30.27,30.27
19423,"2020-04-23","2025-01-21",1734,3,98.15,294.45,98.15
19424,"2025-01-17","2025-01-17",0,1,148.49,148.49,148.49
19425,"2020-09-10","2025-08-31",1816,3,206.61,619.83,206.61
19426,"2020-03-10","2020-03-10",0,1,154.14,154.14,154.14
19427,"2020-09-30","2024-10-01",1462,6,161.36,968.18,161.36
19428,"2020-06-01","2023-01-10",953,3,83.04,249.11,83.04
19429,"2025-02-03","2025-08-27",205,3,49.22,147.65,49.22
19430,"2023-11-01","2023-11-01",0,1,199.64,199.64,199.64
19431,"2025-03-04","2025-03-04",0,1,26.21,26.21,26.21
19432,"2023-09-10","2023-09-10",0,1,105.41,105.41,105.41
19433,"2020-11-12","2024-10-09",1427,3,113.14,339.41,113.14
19434,"2021-12-05","2025-04-18",1230,3,98.41,295.23,98.41
19435,"2021-02-13","2024-02-22",1104,3,108.36,325.07,108.36
19436,"2023-02-05","2023-02-05",0,1,579.72,579.72,579.72
19437,"2023-01-07","2023-01-07",0,1,20.11,20.11,20.11
19444,"2022-01-03","2024-05-01",849,2,113.05,226.09,113.05
19445,"2022-02-08","2025-07-29",1267,4,110.22,440.86,110.22
19446,"2022-10-19","2024-10-24",736,3,64.14,192.42,64.14
19447,"2020-05-06","2020-05-06",0,1,175.56,175.56,175.56
19449,"2021-11-10","2025-08-02",1361,2,41.51,83.01,41.51
19450,"2021-12-27","2021-12-27",0,1,899.26,899.26,899.26
19452,"2025-06-18","2025-06-18",0,1,70.18,70.18,70.18
19453,"2023-02-08","2023-02-08",0,1,82.92,82.92,82.92
19454,"2024-12-05","2024-12-05",0,1,63.87,63.87,63.87
19458,"2021-11-13","2024-04-29",898,3,43.10,129.31,43.10
19459,"2024-03-30","2024-06-11",73,2,62.13,124.26,62.13
19460,"2020-08-03","2021-09-16",409,2,28.33,56.66,28.33
19461,"2023-12-24","2023-12-24",0,1,8.85,8.85,8.85
19462,"2024-12-09","2024-12-09",0,1,316.72,316.72,316.72
19463,"2024-10-07","2024-10-07",0,1,65.88,65.88,65.88
19464,"2020-03-28","2020-03-28",0,1,16.28,16.28,16.28
19466,"2024-07-16","2024-07-16",0,1,72.80,72.80,72.80
19467,"2023-03-17","2025-08-13",880,2,92.31,184.61,92.31
19468,"2020-01-17","2022-01-13",727,2,106.94,213.87,106.94
19469,"2020-04-14","2025-07-21",1924,3,105.55,316.64,105.55
19470,"2025-03-15","2025-03-15",0,1,18.52,18.52,18.52
19471,"2023-04-21","2023-04-21",0,1,221.55,221.55,221.55
19472,"2023-02-02","2023-02-02",0,1,41.79,41.79,41.79
19474,"2020-07-25","2021-01-08",167,2,59.90,119.79,59.90
19475,"2021-09-29","2023-12-10",802,2,269.31,538.62,269.31
19477,"2025-02-07","2025-02-07",0,1,142.60,142.60,142.60
19478,"2022-07-18","2023-05-22",308,3,190.15,570.44,190.15
19480,"2024-06-28","2025-04-27",303,2,58.96,117.91,58.96
19481,"2023-07-24","2025-03-17",602,2,95.26,190.51,95.26
19482,"2024-09-06","2024-09-06",0,1,71.53,71.53,71.53
19483,"2021-11-16","2022-12-16",395,2,102.45,204.89,102.45
19484,"2022-08-18","2025-09-09",1118,4,77.37,309.49,77.37
19486,"2024-09-08","2024-09-08",0,1,48.07,48.07,48.07
19487,"2020-10-12","2023-02-17",858,2,414.64,829.27,414.64
19489,"2024-08-18","2024-08-18",0,1,489.98,489.98,489.98
19491,"2022-01-26","2022-07-07",162,2,78.11,156.22,78.11
19492,"2020-01-27","2025-10-17",2090,4,129.16,516.65,129.16
19493,"2023-12-29","2023-12-29",0,1,184.00,184.00,184.00
19494,"2020-01-30","2024-03-05",1496,7,185.50,1298.52,185.50
19495,"2020-03-23","2024-12-31",1744,3,109.88,329.65,109.88
19496,"2021-04-01","2025-05-19",1509,3,81.44,244.32,81.44
19497,"2024-07-15","2024-07-15",0,1,463.94,463.94,463.94
19498,"2020-12-21","2020-12-21",0,1,24.47,24.47,24.47
19499,"2020-02-20","2020-02-20",0,1,59.29,59.29,59.29
19500,"2021-01-11","2023-11-16",1039,2,74.36,148.71,74.36
19501,"2021-06-30","2021-06-30",0,1,13.55,13.55,13.55
19503,"2020-08-02","2023-01-27",908,3,44.96,134.87,44.96
19504,"2021-03-01","2023-05-09",799,2,49.25,98.49,49.25
19505,"2021-12-04","2021-12-04",0,1,119.38,119.38,119.38
19507,"2020-03-21","2023-08-29",1256,3,123.13,369.38,123.13
19508,"2020-10-11","2023-08-02",1025,2,75.62,151.24,75.62
19509,"2022-04-21","2022-11-26",219,2,21.34,42.68,21.34
19511,"2020-05-06","2020-05-06",0,1,56.57,56.57,56.57
19512,"2020-06-17","2025-03-11",1728,4,158.38,633.50,158.38
19514,"2020-07-09","2024-02-04",1305,3,55.59,166.78,55.59
19515,"2024-01-30","2024-09-29",243,2,57.53,115.06,57.53
19516,"2022-05-22","2025-04-27",1071,3,55.79,167.38,55.79
19517,"2020-08-17","2021-01-20",156,2,120.67,241.33,120.67
19518,"2024-11-25","2024-11-25",0,1,29.12,29.12,29.12
19519,"2020-10-02","2020-10-02",0,1,272.14,272.14,272.14
19520,"2023-09-14","2023-12-18",95,2,63.59,127.17,63.59
19521,"2025-04-13","2025-04-13",0,1,86.41,86.41,86.41
19523,"2022-07-23","2024-06-01",679,2,67.33,134.65,67.33
19524,"2020-11-21","2020-11-21",0,1,53.96,53.96,53.96
19525,"2020-09-27","2022-11-22",786,2,6.83,13.65,6.83
19526,"2021-08-23","2022-04-01",221,2,276.73,553.45,276.73
19527,"2020-10-24","2025-07-21",1731,4,101.70,406.79,101.70
19528,"2020-07-11","2025-10-28",1935,4,108.91,435.64,108.91
19529,"2021-08-08","2022-05-09",274,2,182.98,365.95,182.98
19530,"2021-06-06","2025-09-04",1551,2,108.87,217.74,108.87
19531,"2021-09-02","2024-05-02",973,3,47.31,141.93,47.31
19532,"2021-01-31","2025-04-15",1535,3,105.56,316.68,105.56
19533,"2020-02-12","2023-12-17",1404,2,30.96,61.91,30.96
19534,"2020-01-31","2024-12-18",1783,3,230.36,691.09,230.36
19535,"2020-06-29","2022-10-17",840,4,212.89,851.56,212.89
19536,"2023-10-28","2023-10-28",0,1,17.48,17.48,17.48
19537,"2020-07-26","2020-07-26",0,1,94.37,94.37,94.37
19538,"2020-10-18","2024-05-04",1294,4,66.99,267.97,66.99
19539,"2022-08-16","2025-02-23",922,2,54.71,109.41,54.71
19540,"2022-10-29","2022-10-29",0,1,442.59,442.59,442.59
19541,"2023-06-16","2023-06-16",0,1,14.73,14.73,14.73
19542,"2020-02-16","2020-02-16",0,1,15.33,15.33,15.33
19543,"2020-08-12","2024-08-12",1461,4,137.24,548.94,137.24
19544,"2020-06-13","2020-06-13",0,1,176.50,176.50,176.50
19545,"2025-02-14","2025-02-14",0,1,10.67,10.67,10.67
19546,"2021-06-23","2023-11-23",883,2,130.50,260.99,130.50
19547,"2022-04-27","2023-12-03",585,2,69.86,139.72,69.86
19548,"2022-07-21","2023-11-14",481,2,38.80,77.59,38.80
19549,"2025-02-21","2025-02-21",0,1,231.04,231.04,231.04
19550,"2022-04-03","2025-04-22",1115,4,101.65,406.61,101.65
19551,"2021-02-06","2022-07-11",520,3,119.16,357.48,119.16
19552,"2020-10-04","2022-08-22",687,3,96.51,289.53,96.51
19553,"2023-08-17","2023-08-17",0,1,1116.86,1116.86,1116.86
19555,"2024-12-28","2025-05-08",131,3,324.09,972.27,324.09
19556,"2022-08-19","2024-01-25",524,2,94.41,188.81,94.41
19557,"2020-03-08","2025-08-27",1998,2,247.67,495.34,247.67
19558,"2023-09-13","2025-08-20",707,3,84.58,253.75,84.58
19559,"2021-08-08","2025-08-05",1458,3,81.29,243.86,81.29
19561,"2021-11-21","2021-11-21",0,1,39.88,39.88,39.88
19562,"2020-11-14","2023-07-18",976,3,38.87,116.61,38.87
19563,"2024-09-25","2024-09-25",0,1,71.58,71.58,71.58
19564,"2020-04-08","2021-01-19",286,2,344.06,688.11,344.06
19565,"2021-08-18","2021-08-18",0,1,38.66,38.66,38.66
19566,"2020-08-31","2025-05-06",1709,2,203.83,407.66,203.83
19567,"2021-12-31","2024-05-20",871,2,57.52,115.04,57.52
19568,"2021-01-02","2025-06-09",1619,4,348.93,1395.72,348.93
19569,"2024-12-09","2024-12-09",0,1,8.45,8.45,8.45
19570,"2020-01-21","2020-01-21",0,1,32.51,32.51,32.51
19571,"2025-03-10","2025-03-10",0,1,49.13,49.13,49.13
19574,"2021-05-04","2021-05-04",0,1,231.17,231.17,231.17
19575,"2023-04-17","2024-12-05",598,2,123.31,246.61,123.31
19576,"2021-08-04","2022-02-22",202,2,73.15,146.29,73.15
19577,"2022-07-21","2023-04-16",269,2,332.92,665.84,332.92
19578,"2021-01-07","2023-07-09",913,3,70.44,211.33,70.44
19579,"2020-07-24","2025-03-02",1682,5,97.10,485.50,97.10
19580,"2025-08-22","2025-08-22",0,1,224.35,224.35,224.35
19581,"2020-09-01","2023-11-23",1178,4,181.89,727.55,181.89
19582,"2022-10-01","2025-01-23",845,2,137.17,274.33,137.17
19583,"2025-07-26","2025-07-26",0,1,56.01,56.01,56.01
19584,"2023-10-08","2023-10-08",0,1,82.70,82.70,82.70
19585,"2020-02-06","2020-02-06",0,1,426.28,426.28,426.28
19586,"2021-12-08","2025-08-02",1333,4,128.21,512.83,128.21
19588,"2023-01-26","2023-04-19",83,2,224.24,448.48,224.24
19589,"2021-08-12","2021-08-12",0,1,84.54,84.54,84.54
19590,"2021-07-21","2022-09-08",414,2,215.20,430.40,215.20
19591,"2021-07-20","2024-11-05",1204,2,284.16,568.31,284.16
19592,"2021-06-06","2024-01-18",956,2,65.73,131.46,65.73
19593,"2021-03-10","2022-09-09",548,2,59.96,119.92,59.96
19595,"2020-09-30","2021-12-19",445,2,166.13,332.25,166.13
19597,"2024-04-14","2025-10-18",552,3,229.41,688.24,229.41
19598,"2020-11-26","2020-11-26",0,1,67.78,67.78,67.78
19599,"2020-09-06","2025-01-01",1578,3,90.09,270.28,90.09
19600,"2021-06-18","2021-06-18",0,1,23.23,23.23,23.23
19601,"2020-01-10","2025-07-02",2000,2,34.44,68.87,34.44
19602,"2020-02-23","2024-12-18",1760,5,76.25,381.24,76.25
19603,"2021-01-17","2025-08-28",1684,2,34.18,68.36,34.18
19605,"2023-11-04","2025-02-08",462,4,112.13,448.53,112.13
19606,"2022-04-13","2022-04-13",0,1,592.90,592.90,592.90
19607,"2021-06-04","2025-01-08",1314,3,45.89,137.68,45.89
19609,"2022-07-25","2022-07-25",0,1,159.23,159.23,159.23
19611,"2020-09-07","2024-02-05",1246,4,121.78,487.13,121.78
19613,"2022-04-22","2022-04-22",0,1,10.91,10.91,10.91
19614,"2022-04-28","2024-09-04",860,2,158.97,317.94,158.97
19615,"2022-06-04","2025-01-10",951,3,109.34,328.02,109.34
19616,"2023-12-16","2025-05-21",522,3,107.04,321.12,107.04
19619,"2020-06-28","2024-02-20",1332,2,128.42,256.84,128.42
19620,"2020-04-06","2020-04-06",0,1,396.48,396.48,396.48
19621,"2020-05-28","2020-05-28",0,1,23.38,23.38,23.38
19622,"2022-03-06","2025-06-13",1195,2,48.63,97.25,48.63
19623,"2024-08-29","2024-08-29",0,1,110.22,110.22,110.22
19624,"2024-10-07","2024-10-07",0,1,141.27,141.27,141.27
19625,"2020-01-28","2024-10-02",1709,4,174.44,697.76,174.44
19626,"2020-09-10","2025-04-25",1688,2,71.37,142.74,71.37
19627,"2024-11-26","2025-04-06",131,2,38.95,77.90,38.95
19628,"2024-12-25","2025-09-01",250,2,36.18,72.36,36.18
19629,"2021-03-18","2022-01-15",303,2,113.18,226.35,113.18
19630,"2021-06-29","2024-12-27",1277,3,110.87,332.60,110.87
19633,"2024-06-29","2024-06-29",0,1,119.95,119.95,119.95
19634,"2021-08-23","2021-08-23",0,1,37.51,37.51,37.51
19635,"2021-07-25","2025-10-14",1542,3,67.85,203.56,67.85
19636,"2024-04-17","2024-04-17",0,1,243.10,243.10,243.10
19637,"2020-05-11","2020-05-11",0,1,299.50,299.50,299.50
19638,"2020-10-06","2022-05-24",595,3,74.37,223.11,74.37
19639,"2022-01-07","2024-07-31",936,3,126.49,379.48,126.49
19640,"2020-10-20","2022-10-02",712,2,134.49,268.98,134.49
19641,"2021-08-09","2024-06-20",1046,4,129.64,518.55,129.64
19643,"2021-02-03","2025-10-04",1704,4,308.58,1234.32,308.58
19644,"2022-10-11","2022-10-11",0,1,140.30,140.30,140.30
19645,"2020-01-23","2025-03-22",1885,3,140.99,422.97,140.99
19646,"2020-07-13","2024-12-14",1615,3,215.41,646.24,215.41
19647,"2022-02-02","2022-02-02",0,1,17.51,17.51,17.51
19649,"2020-10-17","2025-02-06",1573,3,88.43,265.28,88.43
19650,"2020-02-05","2021-08-16",558,3,205.55,616.64,205.55
19651,"2020-03-09","2022-08-15",889,2,123.95,247.90,123.95
19652,"2023-06-03","2025-08-02",791,2,87.41,174.81,87.41
19653,"2020-12-14","2025-08-10",1700,4,87.83,351.32,87.83
19654,"2020-08-19","2025-02-26",1652,2,190.19,380.37,190.19
19655,"2021-11-13","2021-12-19",36,2,141.26,282.51,141.26
19657,"2020-08-27","2025-08-23",1822,3,82.74,248.23,82.74
19658,"2021-11-24","2025-08-20",1365,2,59.83,119.65,59.83
19659,"2021-10-21","2023-10-08",717,2,308.41,616.82,308.41
19660,"2021-10-16","2024-05-10",937,2,125.65,251.30,125.65
19661,"2024-10-21","2025-07-11",263,2,149.52,299.04,149.52
19663,"2023-04-11","2023-10-08",180,4,80.95,323.79,80.95
19664,"2023-06-06","2024-05-15",344,3,66.77,200.31,66.77
19666,"2021-10-23","2024-05-09",929,2,103.89,207.77,103.89
19667,"2020-08-11","2025-04-23",1716,5,51.48,257.41,51.48
19668,"2024-04-22","2024-04-22",0,1,98.90,98.90,98.90
19669,"2020-09-30","2023-06-18",991,3,44.23,132.70,44.23
19670,"2023-03-15","2023-03-15",0,1,132.89,132.89,132.89
19671,"2020-04-07","2023-01-29",1027,3,156.73,470.18,156.73
19672,"2021-02-02","2021-04-08",65,2,56.19,112.37,56.19
19673,"2023-01-18","2024-11-01",653,2,89.61,179.21,89.61
19674,"2020-07-12","2021-10-04",449,3,345.89,1037.66,345.89
19675,"2020-10-21","2025-01-17",1549,2,14.11,28.21,14.11
19676,"2020-12-01","2025-10-29",1793,3,91.37,274.12,91.37
19677,"2024-09-16","2024-09-16",0,1,40.68,40.68,40.68
19678,"2020-05-13","2024-12-02",1664,3,183.02,549.07,183.02
19679,"2021-07-08","2023-12-20",895,3,95.66,286.98,95.66
19680,"2020-01-24","2024-09-18",1699,5,90.73,453.63,90.73
19681,"2022-01-06","2022-01-06",0,1,518.01,518.01,518.01
19683,"2022-05-16","2024-09-15",853,3,192.24,576.71,192.24
19684,"2020-10-09","2022-11-16",768,3,643.15,1929.44,643.15
19685,"2023-08-29","2023-08-29",0,1,133.36,133.36,133.36
19686,"2020-06-08","2022-03-02",632,3,47.40,142.19,47.40
19687,"2021-10-26","2021-10-26",0,1,30.91,30.91,30.91
19688,"2022-06-06","2024-04-05",669,3,82.47,247.40,82.47
19690,"2020-09-26","2025-06-24",1732,5,173.86,869.32,173.86
19692,"2025-09-20","2025-09-20",0,1,132.42,132.42,132.42
19693,"2021-05-19","2021-05-19",0,1,81.98,81.98,81.98
19695,"2020-08-26","2025-10-28",1889,3,87.67,263.02,87.67
19696,"2021-01-31","2021-10-31",273,3,115.86,347.58,115.86
19698,"2023-01-26","2023-01-26",0,1,160.53,160.53,160.53
19702,"2022-06-27","2025-01-27",945,2,45.12,90.24,45.12
19703,"2021-07-26","2021-07-26",0,1,52.33,52.33,52.33
19704,"2022-12-19","2022-12-19",0,1,253.16,253.16,253.16
19706,"2023-04-18","2025-01-23",646,2,35.83,71.66,35.83
19707,"2021-03-31","2021-03-31",0,1,7.41,7.41,7.41
19708,"2023-12-19","2025-06-23",552,3,161.75,485.24,161.75
19709,"2021-10-05","2022-12-24",445,3,174.93,524.80,174.93
19710,"2022-07-31","2022-07-31",0,1,73.50,73.50,73.50
19711,"2020-07-06","2023-12-31",1273,5,130.72,653.59,130.72
19713,"2020-09-27","2020-09-27",0,1,49.28,49.28,49.28
19714,"2022-06-27","2024-10-24",850,2,184.33,368.66,184.33
19715,"2022-02-11","2024-12-10",1033,3,117.93,353.80,117.93
19716,"2023-10-17","2023-10-17",0,1,137.81,137.81,137.81
19717,"2021-01-03","2022-12-22",718,5,82.65,413.25,82.65
19718,"2020-05-13","2020-05-13",0,1,11.02,11.02,11.02
19721,"2020-10-06","2023-04-20",926,2,178.46,356.92,178.46
19722,"2024-08-26","2024-08-26",0,1,153.22,153.22,153.22
19725,"2020-07-28","2020-10-21",85,2,76.22,152.43,76.22
19726,"2021-02-04","2024-01-15",1075,2,263.81,527.62,263.81
19727,"2021-04-03","2025-03-06",1433,2,73.92,147.84,73.92
19728,"2021-03-11","2022-07-14",490,2,60.13,120.26,60.13
19730,"2025-01-27","2025-01-27",0,1,176.85,176.85,176.85
19731,"2024-03-07","2025-07-01",481,3,165.27,495.81,165.27
19733,"2021-10-20","2024-11-09",1116,2,89.32,178.63,89.32
19734,"2020-03-25","2024-04-17",1484,3,175.37,526.11,175.37
19735,"2024-12-24","2024-12-24",0,1,136.85,136.85,136.85
19738,"2024-03-13","2024-03-13",0,1,80.02,80.02,80.02
19739,"2021-11-24","2023-03-03",464,2,87.49,174.97,87.49
19740,"2020-03-26","2022-01-15",660,2,146.53,293.05,146.53
19741,"2025-05-06","2025-05-06",0,1,34.81,34.81,34.81
19742,"2022-10-26","2024-10-20",725,2,219.68,439.35,219.68
19743,"2021-03-22","2025-07-12",1573,4,274.29,1097.15,274.29
19744,"2020-11-04","2025-06-06",1675,5,107.05,535.25,107.05
19745,"2022-01-14","2023-03-12",422,3,76.97,230.92,76.97
19746,"2025-05-20","2025-05-20",0,1,83.67,83.67,83.67
19747,"2020-01-23","2022-02-17",756,2,168.75,337.49,168.75
19748,"2024-02-06","2024-02-06",0,1,58.88,58.88,58.88
19749,"2022-12-24","2025-08-19",969,3,110.09,330.26,110.09
19750,"2022-11-14","2025-05-17",915,4,36.44,145.75,36.44
19751,"2022-06-28","2025-08-11",1140,3,245.47,736.40,245.47
19752,"2023-05-15","2023-05-15",0,1,163.36,163.36,163.36
19753,"2020-05-03","2022-09-03",853,2,44.62,89.23,44.62
19754,"2020-11-01","2020-11-01",0,1,13.71,13.71,13.71
19755,"2020-11-04","2023-03-25",871,3,139.12,417.37,139.12
19757,"2020-01-12","2020-08-05",206,2,199.69,399.37,199.69
19758,"2022-11-06","2022-11-06",0,1,228.49,228.49,228.49
19759,"2020-04-01","2024-12-26",1730,3,189.38,568.15,189.38
19760,"2021-08-23","2021-08-23",0,1,511.74,511.74,511.74
19761,"2024-11-15","2024-11-15",0,1,55.02,55.02,55.02
19763,"2020-06-13","2020-06-13",0,1,101.30,101.30,101.30
19766,"2023-05-04","2023-05-04",0,1,662.78,662.78,662.78
19767,"2020-02-18","2025-03-05",1842,4,100.70,402.80,100.70
19768,"2020-03-14","2022-10-08",938,4,91.71,366.82,91.71
19769,"2020-12-04","2021-03-25",111,2,205.18,410.36,205.18
19770,"2020-02-07","2024-12-30",1788,5,53.29,266.43,53.29
19771,"2022-02-16","2023-08-31",561,3,294.36,883.08,294.36
19772,"2021-05-21","2025-10-04",1597,2,349.55,699.09,349.55
19773,"2023-02-19","2023-02-19",0,1,29.17,29.17,29.17
19774,"2020-07-21","2020-07-21",0,1,36.98,36.98,36.98
19775,"2021-12-05","2024-06-30",938,3,128.59,385.77,128.59
19776,"2020-04-27","2024-08-14",1570,3,41.18,123.54,41.18
19777,"2023-07-03","2024-07-14",377,3,112.29,336.86,112.29
19778,"2024-10-03","2024-10-03",0,1,174.66,174.66,174.66
19779,"2023-12-14","2023-12-14",0,1,73.34,73.34,73.34
19780,"2025-06-21","2025-06-21",0,1,10.21,10.21,10.21
19781,"2022-11-29","2024-12-13",745,2,183.81,367.61,183.81
19782,"2023-12-16","2025-05-18",519,3,194.39,583.16,194.39
19783,"2020-07-10","2025-02-18",1684,3,461.64,1384.92,461.64
19785,"2020-05-21","2024-11-23",1647,6,154.25,925.47,154.25
19786,"2020-07-02","2025-08-14",1869,6,255.79,1534.76,255.79
19787,"2021-02-01","2021-02-01",0,1,104.25,104.25,104.25
19788,"2020-08-20","2023-11-28",1195,4,95.22,380.89,95.22
19789,"2020-08-12","2021-07-31",353,3,121.64,364.92,121.64
19790,"2025-03-26","2025-03-26",0,1,259.55,259.55,259.55
19791,"2020-05-25","2024-08-02",1530,3,96.35,289.04,96.35
19792,"2020-10-27","2021-07-08",254,2,82.17,164.33,82.17
19793,"2024-08-29","2025-07-22",327,2,148.53,297.06,148.53
19795,"2021-10-28","2024-01-04",798,2,295.95,591.89,295.95
19796,"2020-05-09","2021-05-02",358,2,39.70,79.39,39.70
19797,"2020-07-28","2020-07-28",0,1,97.95,97.95,97.95
19799,"2020-03-08","2021-01-01",299,2,41.26,82.52,41.26
19800,"2020-07-07","2022-02-07",580,2,295.10,590.19,295.10
19802,"2024-01-28","2024-01-28",0,1,64.58,64.58,64.58
19803,"2020-10-11","2024-12-21",1532,2,24.16,48.31,24.16
19804,"2023-01-31","2024-10-13",621,2,14.45,28.89,14.45
19805,"2020-01-18","2023-04-08",1176,3,81.84,245.51,81.84
19806,"2021-09-26","2025-08-01",1405,2,144.13,288.25,144.13
19807,"2023-05-16","2025-06-12",758,3,93.53,280.60,93.53
19808,"2023-07-18","2023-07-18",0,1,8.66,8.66,8.66
19809,"2022-02-08","2024-06-13",856,2,90.69,181.38,90.69
19810,"2020-05-30","2021-02-13",259,2,57.33,114.65,57.33
19811,"2021-05-28","2022-12-20",571,3,156.12,468.36,156.12
19813,"2020-04-02","2025-07-19",1934,4,148.63,594.53,148.63
19814,"2020-12-21","2024-03-01",1166,5,60.90,304.49,60.90
19815,"2025-05-12","2025-05-12",0,1,122.42,122.42,122.42
19816,"2023-08-05","2023-10-17",73,2,128.87,257.73,128.87
19817,"2022-11-15","2025-09-16",1036,3,192.31,576.94,192.31
19818,"2020-09-07","2025-05-17",1713,4,113.90,455.60,113.90
19819,"2021-08-26","2025-09-13",1479,3,130.96,392.88,130.96
19820,"2021-08-20","2023-08-11",721,3,128.79,386.38,128.79
19821,"2020-10-16","2020-10-16",0,1,59.24,59.24,59.24
19822,"2022-05-17","2025-01-08",967,2,141.43,282.85,141.43
19823,"2022-08-31","2022-08-31",0,1,85.31,85.31,85.31
19824,"2020-06-05","2021-11-14",527,2,173.34,346.67,173.34
19825,"2022-01-14","2024-06-09",877,4,69.55,278.18,69.55
19827,"2020-02-10","2022-01-25",715,3,356.81,1070.44,356.81
19828,"2021-10-11","2021-10-11",0,1,97.36,97.36,97.36
19829,"2020-04-14","2023-06-29",1171,4,66.22,264.88,66.22
19830,"2020-04-01","2025-06-04",1890,2,56.61,113.22,56.61
19832,"2020-04-09","2025-07-30",1938,5,108.00,540.00,108.00
19833,"2020-06-22","2022-05-24",701,2,88.53,177.06,88.53
19835,"2024-10-26","2024-10-26",0,1,24.91,24.91,24.91
19837,"2023-06-06","2024-06-21",381,2,103.94,207.87,103.94
19838,"2023-01-12","2025-09-09",971,4,147.06,588.23,147.06
19839,"2023-08-15","2023-08-15",0,1,29.22,29.22,29.22
19840,"2020-09-20","2020-09-20",0,1,9.79,9.79,9.79
19841,"2021-09-26","2021-09-26",0,1,324.96,324.96,324.96
19842,"2020-10-30","2020-10-30",0,1,73.27,73.27,73.27
19843,"2021-08-23","2021-08-23",0,1,245.46,245.46,245.46
19846,"2020-07-21","2020-07-21",0,1,69.65,69.65,69.65
19847,"2020-02-05","2025-07-01",1973,3,100.64,301.91,100.64
19850,"2021-07-12","2023-03-25",621,2,121.76,243.52,121.76
19851,"2022-07-13","2022-07-13",0,1,310.45,310.45,310.45
19854,"2022-10-25","2024-03-31",523,3,109.56,328.68,109.56
19855,"2020-01-02","2020-01-02",0,1,233.97,233.97,233.97
19856,"2023-10-16","2023-10-16",0,1,110.88,110.88,110.88
19857,"2024-10-05","2024-10-05",0,1,122.74,122.74,122.74
19858,"2024-03-18","2024-03-18",0,1,242.12,242.12,242.12
19859,"2023-12-23","2023-12-23",0,1,310.86,310.86,310.86
19860,"2022-02-08","2022-02-08",0,1,42.42,42.42,42.42
19862,"2020-11-22","2025-01-07",1507,3,74.85,224.54,74.85
19863,"2025-05-28","2025-05-28",0,1,52.16,52.16,52.16
19865,"2024-07-17","2025-04-20",277,4,91.36,365.43,91.36
19866,"2020-11-19","2025-05-12",1635,3,107.47,322.40,107.47
19867,"2020-02-05","2020-02-05",0,1,79.32,79.32,79.32
19868,"2020-03-30","2024-07-03",1556,4,151.00,604.01,151.00
19870,"2021-08-05","2022-01-04",152,2,43.41,86.82,43.41
19871,"2020-11-24","2021-12-27",398,2,314.61,629.22,314.61
19872,"2021-06-04","2021-06-04",0,1,5.91,5.91,5.91
19873,"2021-05-15","2025-04-23",1439,4,164.15,656.60,164.15
19874,"2021-03-13","2024-07-23",1228,5,91.57,457.85,91.57
19875,"2024-11-01","2024-11-01",0,1,18.39,18.39,18.39
19876,"2020-06-11","2024-08-28",1539,4,167.25,669.01,167.25
19877,"2020-05-25","2020-05-25",0,1,8.07,8.07,8.07
19878,"2020-02-03","2024-08-16",1656,3,54.39,163.17,54.39
19879,"2020-10-05","2023-05-05",942,2,67.81,135.61,67.81
19880,"2023-04-14","2024-05-28",410,2,170.01,340.02,170.01
19881,"2020-08-20","2024-08-12",1453,2,36.03,72.05,36.03
19882,"2021-07-17","2025-01-24",1287,3,276.28,828.84,276.28
19883,"2022-06-17","2023-04-05",292,2,91.68,183.35,91.68
19885,"2020-10-04","2020-10-04",0,1,21.85,21.85,21.85
19886,"2020-11-07","2023-05-12",916,2,74.06,148.11,74.06
19887,"2024-10-07","2024-10-07",0,1,207.00,207.00,207.00
19888,"2025-07-21","2025-07-21",0,1,29.22,29.22,29.22
19889,"2023-03-30","2023-03-30",0,1,238.57,238.57,238.57
19890,"2020-04-02","2021-07-17",471,4,133.47,533.86,133.47
19891,"2023-06-29","2025-10-23",847,4,96.34,385.35,96.34
19897,"2025-01-24","2025-02-07",14,2,85.25,170.49,85.25
19898,"2020-11-10","2024-06-20",1318,2,50.53,101.06,50.53
19899,"2025-06-01","2025-06-01",0,1,49.57,49.57,49.57
19900,"2020-11-15","2020-11-15",0,1,63.41,63.41,63.41
19902,"2025-02-26","2025-02-26",0,1,187.74,187.74,187.74
19903,"2021-02-04","2024-10-15",1349,2,165.54,331.08,165.54
19905,"2021-11-15","2025-05-18",1280,2,255.93,511.86,255.93
19906,"2020-10-31","2020-10-31",0,1,440.91,440.91,440.91
19907,"2023-01-18","2025-10-04",990,2,128.89,257.78,128.89
19908,"2021-04-17","2021-04-17",0,1,79.83,79.83,79.83
19909,"2021-06-12","2022-11-26",532,2,330.93,661.85,330.93
19910,"2025-10-22","2025-10-22",0,1,121.74,121.74,121.74
19911,"2023-06-16","2023-06-16",0,1,183.92,183.92,183.92
19912,"2024-05-15","2024-05-15",0,1,12.26,12.26,12.26
19913,"2022-09-18","2024-11-18",792,2,160.33,320.65,160.33
19914,"2020-01-17","2025-09-19",2072,4,158.93,635.70,158.93
19915,"2022-02-04","2022-02-04",0,1,25.94,25.94,25.94
19916,"2020-02-05","2025-06-27",1969,2,190.41,380.81,190.41
19920,"2022-04-27","2024-07-29",824,3,97.82,293.47,97.82
19921,"2020-12-04","2022-11-04",700,3,108.41,325.23,108.41
19923,"2021-09-26","2021-09-26",0,1,5.37,5.37,5.37
19924,"2022-12-12","2024-07-14",580,2,193.18,386.35,193.18
19926,"2022-03-09","2025-09-11",1282,4,90.96,363.82,90.96
19927,"2021-07-19","2025-01-08",1269,3,156.80,470.40,156.80
19928,"2020-04-25","2025-07-12",1904,4,117.05,468.19,117.05
19929,"2021-12-12","2024-11-30",1084,5,279.02,1395.10,279.02
19931,"2021-11-09","2023-07-17",615,2,175.82,351.63,175.82
19932,"2020-08-29","2020-08-29",0,1,69.19,69.19,69.19
19933,"2023-02-14","2023-02-14",0,1,159.84,159.84,159.84
19935,"2023-03-02","2023-03-02",0,1,272.76,272.76,272.76
19936,"2022-08-22","2023-02-16",178,2,125.34,250.67,125.34
19938,"2022-08-28","2022-08-28",0,1,53.88,53.88,53.88
19939,"2023-06-06","2023-06-06",0,1,69.63,69.63,69.63
19940,"2024-03-30","2024-09-25",179,2,52.35,104.70,52.35
19941,"2022-05-08","2022-05-08",0,1,159.77,159.77,159.77
19942,"2020-01-01","2024-06-17",1629,4,143.52,574.09,143.52
19944,"2021-02-21","2024-04-14",1148,2,29.53,59.05,29.53
19945,"2020-12-11","2020-12-11",0,1,182.40,182.40,182.40
19946,"2022-09-27","2022-09-27",0,1,194.09,194.09,194.09
19947,"2023-11-17","2023-11-17",0,1,89.04,89.04,89.04
19948,"2020-01-16","2020-02-01",16,2,134.65,269.29,134.65
19949,"2022-02-11","2025-05-12",1186,3,111.13,333.38,111.13
19951,"2022-12-03","2023-12-31",393,2,75.99,151.98,75.99
19952,"2020-12-11","2025-01-16",1497,4,111.72,446.86,111.72
19953,"2022-08-16","2024-05-26",649,2,123.18,246.36,123.18
19954,"2021-12-19","2021-12-19",0,1,192.09,192.09,192.09
19955,"2024-07-25","2024-07-25",0,1,132.57,132.57,132.57
19957,"2024-02-21","2024-02-21",0,1,22.27,22.27,22.27
19958,"2022-03-20","2022-03-20",0,1,144.48,144.48,144.48
19960,"2020-09-22","2020-09-22",0,1,195.00,195.00,195.00
19961,"2025-04-19","2025-05-25",36,2,72.78,145.55,72.78
19963,"2021-09-30","2024-03-17",899,4,132.39,529.57,132.39
19964,"2022-06-07","2022-09-20",105,2,38.52,77.04,38.52
19965,"2021-01-09","2024-05-31",1238,2,137.29,274.58,137.29
19966,"2020-07-26","2020-07-26",0,1,32.99,32.99,32.99
19967,"2023-05-15","2023-05-15",0,1,110.34,110.34,110.34
19968,"2023-08-10","2024-08-12",368,2,53.81,107.61,53.81
19970,"2022-01-06","2025-08-31",1333,2,30.58,61.15,30.58
19971,"2021-03-23","2022-12-13",630,4,57.74,230.96,57.74
19972,"2022-04-10","2024-03-07",697,2,111.87,223.73,111.87
19973,"2022-12-05","2023-06-13",190,2,158.81,317.62,158.81
19974,"2023-07-11","2023-07-11",0,1,28.23,28.23,28.23
19975,"2024-02-16","2024-02-16",0,1,21.37,21.37,21.37
19976,"2025-04-05","2025-04-05",0,1,115.48,115.48,115.48
19978,"2021-01-25","2025-10-30",1739,4,91.01,364.02,91.01
19979,"2023-08-10","2023-09-15",36,2,34.07,68.14,34.07
19980,"2022-01-05","2025-01-04",1095,3,127.81,383.43,127.81
19981,"2020-07-14","2024-09-21",1530,4,43.05,172.20,43.05
19982,"2020-10-22","2025-01-26",1557,2,509.04,1018.08,509.04
19983,"2024-10-02","2024-10-02",0,1,143.06,143.06,143.06
19984,"2025-01-19","2025-01-19",0,1,274.19,274.19,274.19
19985,"2022-09-22","2022-09-22",0,1,269.69,269.69,269.69
19986,"2020-04-22","2024-11-11",1664,3,80.88,242.65,80.88
19987,"2024-07-24","2024-11-14",113,2,152.04,304.08,152.04
19988,"2024-06-05","2024-06-05",0,1,29.17,29.17,29.17
19989,"2021-05-24","2022-01-05",226,3,101.70,305.11,101.70
19990,"2024-05-07","2024-05-07",0,1,8.28,8.28,8.28
19993,"2020-11-22","2022-06-29",584,3,223.56,670.67,223.56
19994,"2021-01-06","2021-01-06",0,1,263.30,263.30,263.30
19996,"2022-04-02","2022-04-02",0,1,65.53,65.53,65.53
19998,"2024-06-09","2024-10-24",137,4,142.14,568.55,142.14
19999,"2024-10-24","2024-11-14",21,2,28.68,57.36,28.68
