"customer_id","last_order_date","recency_days","frequency","monetary_value","recency_score","frequency_score","monetary_score","rfm_score"
9110,"2020-01-01",2336,1,32.07,1,2,1,"1,2,1"
5828,"2020-01-01",2336,1,87.26,1,2,2,"1,2,2"
8602,"2020-01-01",2336,1,58.99,1,1,1,"1,1,1"
258,"2020-01-01",2336,1,69.26,1,1,1,"1,1,1"
17749,"2020-01-01",2336,1,142.10,1,2,2,"1,2,2"
1290,"2020-01-02",2335,1,117.91,1,2,2,"1,2,2"
19855,"2020-01-02",2335,1,233.97,1,1,3,"1,1,3"
16732,"2020-01-03",2334,1,211.86,1,1,3,"1,1,3"
8782,"2020-01-03",2334,1,202.20,1,1,3,"1,1,3"
8741,"2020-01-04",2333,1,68.42,1,1,1,"1,1,1"
19083,"2020-01-04",2333,1,76.08,1,2,2,"1,2,2"
17936,"2020-01-04",2333,1,190.01,1,1,3,"1,1,3"
2595,"2020-01-04",2333,1,97.67,1,2,2,"1,2,2"
15790,"2020-01-04",2333,1,107.98,1,2,2,"1,2,2"
11313,"2020-01-05",2332,1,41.99,1,1,1,"1,1,1"
3696,"2020-01-05",2332,1,49.66,1,1,1,"1,1,1"
6049,"2020-01-05",2332,1,116.76,1,2,2,"1,2,2"
8627,"2020-01-06",2331,1,186.85,1,1,3,"1,1,3"
15991,"2020-01-06",2331,1,6.65,1,2,1,"1,2,1"
862,"2020-01-07",2330,1,496.43,1,2,5,"1,2,5"
13557,"2020-01-08",2329,1,210.04,1,1,3,"1,1,3"
5379,"2020-01-08",2329,1,249.70,1,1,3,"1,1,3"
5734,"2020-01-08",2329,1,75.09,1,2,2,"1,2,2"
9374,"2020-01-08",2329,1,86.46,1,2,2,"1,2,2"
11647,"2020-01-09",2328,1,42.09,1,1,1,"1,1,1"
1672,"2020-01-10",2327,1,204.03,1,1,3,"1,1,3"
3224,"2020-01-10",2327,1,118.48,1,2,2,"1,2,2"
15624,"2020-01-11",2326,1,29.44,1,2,1,"1,2,1"
12494,"2020-01-11",2326,1,8.15,1,1,1,"1,1,1"
3712,"2020-01-12",2325,1,88.78,1,2,2,"1,2,2"
13992,"2020-01-13",2324,1,49.29,1,1,1,"1,1,1"
4193,"2020-01-13",2324,1,226.14,1,1,3,"1,1,3"
452,"2020-01-14",2323,1,148.93,1,1,2,"1,1,2"
7438,"2020-01-15",2322,1,133.07,1,2,2,"1,2,2"
14059,"2020-01-15",2322,1,226.12,1,1,3,"1,1,3"
10529,"2020-01-16",2321,1,211.96,1,1,3,"1,1,3"
13253,"2020-01-16",2321,1,221.16,1,1,3,"1,1,3"
12781,"2020-01-17",2320,1,205.08,1,1,3,"1,1,3"
16273,"2020-01-17",2320,1,42.91,1,1,1,"1,1,1"
19031,"2020-01-17",2320,1,98.46,1,2,2,"1,2,2"
2854,"2020-01-18",2319,1,563.98,1,2,5,"1,2,5"
8939,"2020-01-18",2319,1,4.67,1,2,1,"1,2,1"
2612,"2020-01-18",2319,1,118.51,1,2,2,"1,2,2"
14002,"2020-01-18",2319,1,321.23,1,1,4,"1,1,4"
17763,"2020-01-18",2319,2,192.72,1,3,3,"1,3,3"
7201,"2020-01-18",2319,1,250.46,1,1,3,"1,1,3"
9692,"2020-01-18",2319,1,56.33,1,1,1,"1,1,1"
6199,"2020-01-19",2318,1,95.11,1,2,2,"1,2,2"
13484,"2020-01-19",2318,1,87.58,1,2,2,"1,2,2"
2073,"2020-01-19",2318,1,307.74,1,1,4,"1,1,4"
15311,"2020-01-20",2317,1,247.37,1,1,3,"1,1,3"
7636,"2020-01-20",2317,1,105.93,1,2,2,"1,2,2"
2593,"2020-01-20",2317,1,67.57,1,1,1,"1,1,1"
6496,"2020-01-21",2316,1,315.49,1,1,4,"1,1,4"
19570,"2020-01-21",2316,1,32.51,1,2,1,"1,2,1"
8105,"2020-01-21",2316,1,93.80,1,2,2,"1,2,2"
105,"2020-01-21",2316,1,324.03,1,1,4,"1,1,4"
15109,"2020-01-22",2315,1,7.40,1,1,1,"1,1,1"
3965,"2020-01-22",2315,1,106.76,1,2,2,"1,2,2"
6354,"2020-01-22",2315,1,81.98,1,2,2,"1,2,2"
11143,"2020-01-22",2315,1,29.22,1,2,1,"1,2,1"
1300,"2020-01-22",2315,1,132.34,1,2,2,"1,2,2"
18484,"2020-01-23",2314,1,69.62,1,1,1,"1,1,1"
15186,"2020-01-23",2314,1,109.48,1,2,2,"1,2,2"
14349,"2020-01-24",2313,1,94.68,1,2,2,"1,2,2"
9598,"2020-01-24",2313,1,119.47,1,2,2,"1,2,2"
10018,"2020-01-25",2312,1,64.43,1,1,1,"1,1,1"
5319,"2020-01-26",2311,1,32.73,1,2,1,"1,2,1"
15293,"2020-01-26",2311,1,45.20,1,1,1,"1,1,1"
19339,"2020-01-26",2311,1,64.53,1,1,1,"1,1,1"
13204,"2020-01-26",2311,1,7.68,1,1,1,"1,1,1"
8131,"2020-01-27",2310,2,100.08,1,3,2,"1,3,2"
16140,"2020-01-28",2309,1,100.93,1,2,2,"1,2,2"
17668,"2020-01-28",2309,1,88.37,1,2,2,"1,2,2"
5087,"2020-01-28",2309,1,17.73,1,2,1,"1,2,1"
2606,"2020-01-29",2308,1,36.43,1,2,1,"1,2,1"
16992,"2020-01-29",2308,1,105.85,1,2,2,"1,2,2"
13857,"2020-01-29",2308,1,268.32,1,1,4,"1,1,4"
16704,"2020-01-29",2308,1,73.61,1,1,1,"1,1,1"
982,"2020-01-29",2308,1,752.49,1,2,5,"1,2,5"
15466,"2020-01-30",2307,1,44.15,1,1,1,"1,1,1"
18416,"2020-01-30",2307,1,32.41,1,2,1,"1,2,1"
18466,"2020-01-30",2307,1,19.69,1,2,1,"1,2,1"
17685,"2020-01-31",2306,1,60.21,1,1,1,"1,1,1"
6412,"2020-02-01",2305,1,239.45,1,1,3,"1,1,3"
19948,"2020-02-01",2305,2,269.29,1,3,4,"1,3,4"
16644,"2020-02-02",2304,1,209.66,1,1,3,"1,1,3"
8827,"2020-02-03",2303,1,86.56,1,2,2,"1,2,2"
16832,"2020-02-03",2303,1,30.17,1,2,1,"1,2,1"
5105,"2020-02-03",2303,1,29.44,1,2,1,"1,2,1"
14336,"2020-02-04",2302,1,413.39,1,2,4,"1,2,4"
10298,"2020-02-04",2302,1,215.09,1,1,3,"1,1,3"
3688,"2020-02-04",2302,1,18.25,1,2,1,"1,2,1"
16506,"2020-02-04",2302,1,4.59,1,2,1,"1,2,1"
19324,"2020-02-05",2301,1,68.61,1,1,1,"1,1,1"
17237,"2020-02-05",2301,1,90.06,1,2,2,"1,2,2"
19867,"2020-02-05",2301,1,79.32,1,2,2,"1,2,2"
19585,"2020-02-06",2300,1,426.28,1,2,4,"1,2,4"
18798,"2020-02-06",2300,1,14.42,1,1,1,"1,1,1"
12942,"2020-02-06",2300,1,18.24,1,2,1,"1,2,1"
550,"2020-02-06",2300,1,684.68,1,2,5,"1,2,5"
9245,"2020-02-07",2299,1,158.17,1,1,3,"1,1,3"
8343,"2020-02-07",2299,1,164.50,1,1,3,"1,1,3"
19418,"2020-02-09",2297,1,422.94,1,2,4,"1,2,4"
3800,"2020-02-09",2297,1,370.82,1,1,4,"1,1,4"
1236,"2020-02-09",2297,1,49.21,1,1,1,"1,1,1"
17708,"2020-02-10",2296,2,87.38,1,3,2,"1,3,2"
6644,"2020-02-11",2295,1,38.74,1,2,1,"1,2,1"
855,"2020-02-12",2294,1,146.07,1,1,2,"1,1,2"
1135,"2020-02-12",2294,1,116.31,1,2,2,"1,2,2"
13831,"2020-02-13",2293,1,216.07,1,1,3,"1,1,3"
157,"2020-02-13",2293,1,325.46,1,1,4,"1,1,4"
5276,"2020-02-13",2293,1,102.65,1,2,2,"1,2,2"
10787,"2020-02-14",2292,1,31.33,1,2,1,"1,2,1"
10825,"2020-02-14",2292,1,34.03,1,2,1,"1,2,1"
616,"2020-02-15",2291,1,202.41,1,1,3,"1,1,3"
1378,"2020-02-15",2291,1,62.33,1,1,1,"1,1,1"
19542,"2020-02-16",2290,1,15.33,1,2,1,"1,2,1"
7793,"2020-02-16",2290,1,42.06,1,1,1,"1,1,1"
3920,"2020-02-16",2290,1,252.48,1,1,3,"1,1,3"
10901,"2020-02-17",2289,1,28.96,1,2,1,"1,2,1"
10905,"2020-02-17",2289,1,110.84,1,2,2,"1,2,2"
3372,"2020-02-17",2289,1,61.62,1,1,1,"1,1,1"
8798,"2020-02-18",2288,2,221.12,1,3,3,"1,3,3"
3090,"2020-02-18",2288,1,40.61,1,1,1,"1,1,1"
16436,"2020-02-18",2288,1,68.39,1,1,1,"1,1,1"
16297,"2020-02-18",2288,2,276.55,1,3,4,"1,3,4"
7568,"2020-02-18",2288,1,97.33,1,2,2,"1,2,2"
4211,"2020-02-18",2288,1,10.60,1,1,1,"1,1,1"
13802,"2020-02-19",2287,1,24.10,1,2,1,"1,2,1"
4169,"2020-02-19",2287,1,14.01,1,1,1,"1,1,1"
7248,"2020-02-20",2286,1,56.86,1,1,1,"1,1,1"
19499,"2020-02-20",2286,1,59.29,1,1,1,"1,1,1"
11974,"2020-02-20",2286,1,323.00,1,1,4,"1,1,4"
15651,"2020-02-20",2286,1,11.63,1,1,1,"1,1,1"
4723,"2020-02-21",2285,1,165.74,1,1,3,"1,1,3"
3581,"2020-02-21",2285,1,8.85,1,1,1,"1,1,1"
2000,"2020-02-21",2285,1,143.42,1,2,2,"1,2,2"
8696,"2020-02-21",2285,1,109.57,1,2,2,"1,2,2"
11711,"2020-02-21",2285,1,129.85,1,2,2,"1,2,2"
2616,"2020-02-21",2285,1,23.21,1,2,1,"1,2,1"
6288,"2020-02-22",2284,1,103.92,1,2,2,"1,2,2"
17951,"2020-02-22",2284,1,250.91,1,1,3,"1,1,3"
15214,"2020-02-23",2283,1,1002.36,1,1,5,"1,1,5"
13206,"2020-02-23",2283,1,30.12,1,2,1,"1,2,1"
11912,"2020-02-23",2283,1,189.25,1,1,3,"1,1,3"
13336,"2020-02-23",2283,1,399.74,1,1,4,"1,1,4"
8765,"2020-02-23",2283,1,135.31,1,2,2,"1,2,2"
5935,"2020-02-23",2283,1,64.90,1,1,1,"1,1,1"
19156,"2020-02-23",2283,1,31.64,1,2,1,"1,2,1"
15320,"2020-02-25",2281,1,17.19,1,2,1,"1,2,1"
16359,"2020-02-25",2281,1,27.68,1,2,1,"1,2,1"
14453,"2020-02-26",2280,1,44.46,1,1,1,"1,1,1"
8571,"2020-02-26",2280,1,25.08,1,2,1,"1,2,1"
13732,"2020-02-26",2280,1,40.68,1,1,1,"1,1,1"
3478,"2020-02-26",2280,1,99.27,1,2,2,"1,2,2"
538,"2020-02-27",2279,1,84.31,1,2,2,"1,2,2"
1822,"2020-02-27",2279,1,132.77,1,2,2,"1,2,2"
9733,"2020-02-27",2279,1,133.26,1,2,2,"1,2,2"
18032,"2020-02-28",2278,1,255.52,1,1,3,"1,1,3"
4673,"2020-02-28",2278,1,220.78,1,1,3,"1,1,3"
8093,"2020-02-29",2277,1,62.08,1,1,1,"1,1,1"
5495,"2020-02-29",2277,1,69.04,1,1,1,"1,1,1"
10563,"2020-03-01",2276,1,90.57,1,2,2,"1,2,2"
977,"2020-03-01",2276,2,276.42,1,3,4,"1,3,4"
12094,"2020-03-02",2275,1,249.31,1,1,3,"1,1,3"
11877,"2020-03-02",2275,1,22.23,1,2,1,"1,2,1"
11855,"2020-03-02",2275,1,15.99,1,2,1,"1,2,1"
2920,"2020-03-04",2273,1,229.70,1,1,3,"1,1,3"
6894,"2020-03-04",2273,1,189.70,1,1,3,"1,1,3"
6762,"2020-03-05",2272,1,121.75,1,2,2,"1,2,2"
16513,"2020-03-05",2272,1,104.40,1,2,2,"1,2,2"
19067,"2020-03-05",2272,1,192.15,1,1,3,"1,1,3"
17766,"2020-03-05",2272,1,5.63,1,2,1,"1,2,1"
6380,"2020-03-06",2271,1,141.03,1,2,2,"1,2,2"
18261,"2020-03-06",2271,1,128.62,1,2,2,"1,2,2"
379,"2020-03-07",2270,1,50.05,1,1,1,"1,1,1"
12763,"2020-03-07",2270,1,7.47,1,1,1,"1,1,1"
17807,"2020-03-07",2270,1,102.24,1,2,2,"1,2,2"
16431,"2020-03-08",2269,1,258.01,1,1,4,"1,1,4"
6796,"2020-03-09",2268,1,85.74,1,2,2,"1,2,2"
5583,"2020-03-10",2267,1,117.24,1,2,2,"1,2,2"
16255,"2020-03-10",2267,1,52.06,1,1,1,"1,1,1"
15752,"2020-03-10",2267,1,94.49,1,2,2,"1,2,2"
19426,"2020-03-10",2267,1,154.14,1,1,3,"1,1,3"
13290,"2020-03-10",2267,1,118.71,1,2,2,"1,2,2"
14403,"2020-03-11",2266,1,70.45,1,1,1,"1,1,1"
13243,"2020-03-11",2266,1,73.78,1,2,2,"1,2,2"
5773,"2020-03-11",2266,1,18.52,1,2,1,"1,2,1"
12784,"2020-03-12",2265,2,179.86,1,3,3,"1,3,3"
13709,"2020-03-12",2265,1,63.27,1,1,1,"1,1,1"
5499,"2020-03-13",2264,1,159.80,1,1,3,"1,1,3"
1619,"2020-03-13",2264,1,42.34,1,1,1,"1,1,1"
6975,"2020-03-13",2264,1,72.00,1,1,1,"1,1,1"
11174,"2020-03-14",2263,1,241.63,1,1,3,"1,1,3"
12920,"2020-03-14",2263,1,10.64,1,1,1,"1,1,1"
12754,"2020-03-15",2262,1,22.57,1,2,1,"1,2,1"
3606,"2020-03-16",2261,1,137.77,1,2,2,"1,2,2"
3305,"2020-03-16",2261,1,54.45,1,1,1,"1,1,1"
16259,"2020-03-17",2260,1,11.57,1,1,1,"1,1,1"
7728,"2020-03-17",2260,1,137.12,1,2,2,"1,2,2"
7500,"2020-03-17",2260,1,70.12,1,1,1,"1,1,1"
4545,"2020-03-17",2260,1,70.70,1,1,1,"1,1,1"
3659,"2020-03-18",2259,1,155.97,1,1,3,"1,1,3"
13698,"2020-03-19",2258,1,234.48,1,1,3,"1,1,3"
4219,"2020-03-19",2258,1,179.83,1,1,3,"1,1,3"
12558,"2020-03-19",2258,1,40.96,1,1,1,"1,1,1"
9408,"2020-03-20",2257,1,203.88,1,1,3,"1,1,3"
14993,"2020-03-21",2256,1,68.78,1,1,1,"1,1,1"
13515,"2020-03-21",2256,1,236.26,1,1,3,"1,1,3"
17081,"2020-03-21",2256,1,90.62,1,2,2,"1,2,2"
18752,"2020-03-22",2255,1,79.83,1,2,2,"1,2,2"
9942,"2020-03-22",2255,1,204.12,1,1,3,"1,1,3"
10086,"2020-03-22",2255,1,27.21,1,2,1,"1,2,1"
18332,"2020-03-23",2254,1,628.12,1,2,5,"1,2,5"
12172,"2020-03-24",2253,1,167.70,1,1,3,"1,1,3"
14738,"2020-03-24",2253,1,4.96,1,2,1,"1,2,1"
1273,"2020-03-25",2252,1,87.64,1,2,2,"1,2,2"
9526,"2020-03-25",2252,1,79.06,1,2,2,"1,2,2"
7510,"2020-03-26",2251,1,44.43,1,1,1,"1,1,1"
12700,"2020-03-26",2251,1,383.96,1,1,4,"1,1,4"
13631,"2020-03-26",2251,1,29.76,1,2,1,"1,2,1"
347,"2020-03-26",2251,1,259.60,1,1,4,"1,1,4"
7651,"2020-03-27",2250,1,272.52,1,1,4,"1,1,4"
18221,"2020-03-27",2250,1,205.48,1,1,3,"1,1,3"
4047,"2020-03-27",2250,1,26.76,1,2,1,"1,2,1"
4221,"2020-03-28",2249,1,96.72,1,2,2,"1,2,2"
16933,"2020-03-28",2249,2,107.61,1,3,2,"1,3,2"
19464,"2020-03-28",2249,1,16.28,1,2,1,"1,2,1"
6636,"2020-03-28",2249,2,361.41,1,4,4,"1,4,4"
8156,"2020-03-28",2249,2,433.16,1,4,5,"1,4,5"
8401,"2020-03-29",2248,1,43.01,1,1,1,"1,1,1"
17130,"2020-03-29",2248,1,116.90,1,2,2,"1,2,2"
14441,"2020-03-29",2248,3,298.83,1,4,4,"1,4,4"
6842,"2020-03-29",2248,1,63.36,1,1,1,"1,1,1"
8614,"2020-03-29",2248,1,36.98,1,2,1,"1,2,1"
14313,"2020-03-29",2248,1,89.84,1,2,2,"1,2,2"
18165,"2020-03-29",2248,1,324.24,1,1,4,"1,1,4"
2935,"2020-03-30",2247,1,115.09,1,2,2,"1,2,2"
583,"2020-03-30",2247,1,356.66,1,1,4,"1,1,4"
10318,"2020-03-30",2247,1,46.12,1,1,1,"1,1,1"
3485,"2020-03-30",2247,1,43.88,1,1,1,"1,1,1"
7191,"2020-03-31",2246,1,151.12,1,1,2,"1,1,2"
11543,"2020-03-31",2246,1,171.78,1,1,3,"1,1,3"
6195,"2020-03-31",2246,1,392.73,1,1,4,"1,1,4"
9430,"2020-04-01",2245,1,84.22,1,2,2,"1,2,2"
13594,"2020-04-01",2245,1,90.58,1,2,2,"1,2,2"
7801,"2020-04-01",2245,1,454.26,1,2,5,"1,2,5"
10716,"2020-04-01",2245,1,60.04,1,1,1,"1,1,1"
4006,"2020-04-02",2244,1,214.92,1,1,3,"1,1,3"
3376,"2020-04-02",2244,1,136.87,1,2,2,"1,2,2"
15082,"2020-04-02",2244,1,79.83,1,2,2,"1,2,2"
3721,"2020-04-02",2244,1,97.25,1,2,2,"1,2,2"
12187,"2020-04-02",2244,1,100.62,1,2,2,"1,2,2"
14521,"2020-04-03",2243,1,53.79,1,1,1,"1,1,1"
1345,"2020-04-03",2243,1,39.99,1,1,1,"1,1,1"
8365,"2020-04-03",2243,1,50.99,1,1,1,"1,1,1"
9081,"2020-04-03",2243,1,120.83,1,2,2,"1,2,2"
18061,"2020-04-04",2242,1,36.62,1,2,1,"1,2,1"
17526,"2020-04-04",2242,1,55.07,1,1,1,"1,1,1"
16669,"2020-04-04",2242,1,141.92,1,2,2,"1,2,2"
11473,"2020-04-04",2242,1,56.04,1,1,1,"1,1,1"
8752,"2020-04-05",2241,1,78.80,1,2,2,"1,2,2"
13098,"2020-04-05",2241,1,659.63,1,2,5,"1,2,5"
16995,"2020-04-05",2241,2,157.53,1,3,3,"1,3,3"
19620,"2020-04-06",2240,1,396.48,1,1,4,"1,1,4"
10505,"2020-04-06",2240,1,298.63,1,1,4,"1,1,4"
14267,"2020-04-06",2240,1,129.65,1,2,2,"1,2,2"
9966,"2020-04-07",2239,1,63.25,1,1,1,"1,1,1"
18886,"2020-04-07",2239,1,8.32,1,1,1,"1,1,1"
12861,"2020-04-07",2239,2,217.74,1,3,3,"1,3,3"
10977,"2020-04-08",2238,1,188.61,1,1,3,"1,1,3"
502,"2020-04-08",2238,1,159.49,1,1,3,"1,1,3"
10443,"2020-04-08",2238,1,366.82,1,1,4,"1,1,4"
12860,"2020-04-08",2238,1,6.15,1,2,1,"1,2,1"
12587,"2020-04-08",2238,2,382.69,1,4,4,"1,4,4"
1795,"2020-04-09",2237,1,34.03,1,2,1,"1,2,1"
15102,"2020-04-10",2236,1,39.84,1,1,1,"1,1,1"
16258,"2020-04-10",2236,1,188.28,1,1,3,"1,1,3"
14073,"2020-04-10",2236,1,105.12,1,2,2,"1,2,2"
14782,"2020-04-11",2235,1,140.73,1,2,2,"1,2,2"
6039,"2020-04-11",2235,1,185.12,1,1,3,"1,1,3"
9454,"2020-04-11",2235,1,1089.48,1,1,5,"1,1,5"
7624,"2020-04-12",2234,1,108.10,1,2,2,"1,2,2"
8056,"2020-04-12",2234,1,15.18,1,2,1,"1,2,1"
6371,"2020-04-12",2234,1,47.75,1,1,1,"1,1,1"
13357,"2020-04-13",2233,1,13.67,1,1,1,"1,1,1"
9587,"2020-04-13",2233,2,701.14,1,4,5,"1,4,5"
6722,"2020-04-13",2233,1,6.98,1,2,1,"1,2,1"
8963,"2020-04-14",2232,1,154.99,1,1,3,"1,1,3"
17579,"2020-04-15",2231,1,55.10,1,1,1,"1,1,1"
6590,"2020-04-15",2231,1,122.32,1,2,2,"1,2,2"
16181,"2020-04-15",2231,1,92.02,1,2,2,"1,2,2"
10653,"2020-04-17",2229,1,57.63,1,1,1,"1,1,1"
12313,"2020-04-17",2229,1,1170.68,1,1,5,"1,1,5"
2179,"2020-04-19",2227,1,67.76,1,1,1,"1,1,1"
1315,"2020-04-19",2227,1,68.30,1,1,1,"1,1,1"
613,"2020-04-19",2227,1,515.82,1,2,5,"1,2,5"
13786,"2020-04-19",2227,1,40.37,1,1,1,"1,1,1"
1323,"2020-04-19",2227,1,117.41,1,2,2,"1,2,2"
18285,"2020-04-20",2226,1,5.93,1,2,1,"1,2,1"
15275,"2020-04-20",2226,1,139.13,1,2,2,"1,2,2"
2165,"2020-04-20",2226,1,195.87,1,1,3,"1,1,3"
1928,"2020-04-20",2226,1,162.26,1,1,3,"1,1,3"
16647,"2020-04-20",2226,1,36.00,1,2,1,"1,2,1"
6533,"2020-04-20",2226,1,120.26,1,2,2,"1,2,2"
227,"2020-04-23",2223,1,82.47,1,2,2,"1,2,2"
7384,"2020-04-23",2223,1,210.89,1,1,3,"1,1,3"
9361,"2020-04-23",2223,1,183.20,1,1,3,"1,1,3"
19055,"2020-04-24",2222,1,30.02,1,2,1,"1,2,1"
17960,"2020-04-24",2222,2,147.19,1,3,2,"1,3,2"
7530,"2020-04-25",2221,1,44.85,1,1,1,"1,1,1"
11955,"2020-04-25",2221,2,361.43,1,4,4,"1,4,4"
15947,"2020-04-25",2221,2,374.47,1,4,4,"1,4,4"
18693,"2020-04-26",2220,1,86.96,1,2,2,"1,2,2"
10998,"2020-04-26",2220,1,29.92,1,2,1,"1,2,1"
7453,"2020-04-27",2219,1,172.99,1,1,3,"1,1,3"
18263,"2020-04-27",2219,1,49.13,1,1,1,"1,1,1"
2072,"2020-04-27",2219,1,63.04,1,1,1,"1,1,1"
14589,"2020-04-27",2219,1,81.88,1,2,2,"1,2,2"
1906,"2020-04-28",2218,1,382.84,1,1,4,"1,1,4"
5622,"2020-04-28",2218,1,63.92,1,1,1,"1,1,1"
18234,"2020-04-28",2218,1,201.67,1,1,3,"1,1,3"
10093,"2020-04-28",2218,2,258.59,1,3,4,"1,3,4"
4946,"2020-04-29",2217,1,81.10,1,2,2,"1,2,2"
14183,"2020-04-29",2217,2,249.58,1,3,3,"1,3,3"
18342,"2020-04-30",2216,1,12.17,1,1,1,"1,1,1"
3538,"2020-04-30",2216,1,38.71,1,2,1,"1,2,1"
15952,"2020-04-30",2216,2,238.82,1,3,3,"1,3,3"
14723,"2020-05-01",2215,1,155.68,1,1,3,"1,1,3"
18747,"2020-05-01",2215,1,119.82,1,2,2,"1,2,2"
4766,"2020-05-01",2215,1,103.64,1,2,2,"1,2,2"
1760,"2020-05-01",2215,1,65.48,1,1,1,"1,1,1"
4045,"2020-05-02",2214,1,357.04,1,1,4,"1,1,4"
15630,"2020-05-02",2214,1,356.62,1,1,4,"1,1,4"
11430,"2020-05-03",2213,1,81.98,1,2,2,"1,2,2"
10967,"2020-05-03",2213,1,131.70,1,2,2,"1,2,2"
1844,"2020-05-03",2213,1,14.31,1,1,1,"1,1,1"
6611,"2020-05-04",2212,1,8.15,1,1,1,"1,1,1"
967,"2020-05-04",2212,1,10.55,1,1,1,"1,1,1"
3506,"2020-05-04",2212,1,63.61,1,1,1,"1,1,1"
6716,"2020-05-04",2212,1,81.22,1,2,2,"1,2,2"
7383,"2020-05-04",2212,1,132.38,1,2,2,"1,2,2"
16796,"2020-05-05",2211,2,205.81,1,3,3,"1,3,3"
19447,"2020-05-06",2210,1,175.56,1,1,3,"1,1,3"
2504,"2020-05-06",2210,1,142.68,1,2,2,"1,2,2"
5911,"2020-05-06",2210,1,149.40,1,1,2,"1,1,2"
8587,"2020-05-06",2210,1,234.90,1,1,3,"1,1,3"
19511,"2020-05-06",2210,1,56.57,1,1,1,"1,1,1"
10174,"2020-05-06",2210,1,70.59,1,1,1,"1,1,1"
7852,"2020-05-08",2208,1,47.19,1,1,1,"1,1,1"
15389,"2020-05-09",2207,1,21.61,1,2,1,"1,2,1"
16048,"2020-05-09",2207,1,264.40,1,1,4,"1,1,4"
16476,"2020-05-09",2207,1,18.03,1,2,1,"1,2,1"
8942,"2020-05-09",2207,1,7.39,1,1,1,"1,1,1"
2730,"2020-05-10",2206,1,110.02,1,2,2,"1,2,2"
16279,"2020-05-10",2206,1,23.43,1,2,1,"1,2,1"
10355,"2020-05-10",2206,1,206.80,1,1,3,"1,1,3"
4691,"2020-05-10",2206,1,24.33,1,2,1,"1,2,1"
15852,"2020-05-11",2205,1,104.47,1,2,2,"1,2,2"
19637,"2020-05-11",2205,1,299.50,1,1,4,"1,1,4"
17990,"2020-05-11",2205,1,109.89,1,2,2,"1,2,2"
2366,"2020-05-12",2204,1,78.10,1,2,2,"1,2,2"
1134,"2020-05-12",2204,1,543.71,1,2,5,"1,2,5"
443,"2020-05-13",2203,1,10.11,1,1,1,"1,1,1"
5316,"2020-05-13",2203,1,5.41,1,2,1,"1,2,1"
18477,"2020-05-13",2203,1,764.73,1,2,5,"1,2,5"
2432,"2020-05-13",2203,1,145.97,1,1,2,"1,1,2"
19718,"2020-05-13",2203,1,11.02,1,1,1,"1,1,1"
13535,"2020-05-14",2202,1,47.45,1,1,1,"1,1,1"
2652,"2020-05-14",2202,1,81.92,1,2,2,"1,2,2"
18253,"2020-05-14",2202,2,225.78,1,3,3,"1,3,3"
3367,"2020-05-15",2201,1,197.28,1,1,3,"1,1,3"
2464,"2020-05-15",2201,1,74.16,1,2,2,"1,2,2"
10296,"2020-05-15",2201,1,95.79,1,2,2,"1,2,2"
6493,"2020-05-16",2200,1,27.47,1,2,1,"1,2,1"
16590,"2020-05-16",2200,1,84.83,1,2,2,"1,2,2"
10039,"2020-05-17",2199,1,81.23,1,2,2,"1,2,2"
15151,"2020-05-17",2199,1,329.88,1,1,4,"1,1,4"
4038,"2020-05-18",2198,1,12.96,1,1,1,"1,1,1"
14364,"2020-05-19",2197,1,5.73,1,2,1,"1,2,1"
16459,"2020-05-20",2196,1,467.67,1,2,5,"1,2,5"
9877,"2020-05-21",2195,3,747.47,1,4,5,"1,4,5"
4697,"2020-05-21",2195,2,187.54,1,3,3,"1,3,3"
14102,"2020-05-22",2194,1,33.76,1,2,1,"1,2,1"
11264,"2020-05-22",2194,1,79.16,1,2,2,"1,2,2"
1958,"2020-05-22",2194,1,145.90,1,1,2,"1,1,2"
12975,"2020-05-23",2193,1,57.57,1,1,1,"1,1,1"
11973,"2020-05-23",2193,1,167.95,1,1,3,"1,1,3"
19276,"2020-05-23",2193,1,211.50,1,1,3,"1,1,3"
14117,"2020-05-23",2193,1,134.53,1,2,2,"1,2,2"
6069,"2020-05-23",2193,2,82.67,1,3,2,"1,3,2"
1049,"2020-05-24",2192,2,372.59,1,4,4,"1,4,4"
8965,"2020-05-24",2192,1,51.86,1,1,1,"1,1,1"
14338,"2020-05-24",2192,1,116.25,1,2,2,"1,2,2"
4848,"2020-05-25",2191,1,44.98,1,1,1,"1,1,1"
2907,"2020-05-25",2191,1,8.07,1,1,1,"1,1,1"
19877,"2020-05-25",2191,1,8.07,1,1,1,"1,1,1"
7744,"2020-05-26",2190,1,66.30,1,1,1,"1,1,1"
13273,"2020-05-26",2190,1,59.00,1,1,1,"1,1,1"
10492,"2020-05-26",2190,1,7.35,1,1,1,"1,1,1"
5330,"2020-05-27",2189,1,30.96,1,2,1,"1,2,1"
12087,"2020-05-27",2189,1,24.87,1,2,1,"1,2,1"
5922,"2020-05-27",2189,2,937.94,1,4,5,"1,4,5"
13925,"2020-05-27",2189,1,68.67,1,1,1,"1,1,1"
17513,"2020-05-27",2189,1,51.71,1,1,1,"1,1,1"
19621,"2020-05-28",2188,1,23.38,1,2,1,"1,2,1"
2548,"2020-05-28",2188,1,60.40,1,1,1,"1,1,1"
11777,"2020-05-29",2187,1,260.59,1,1,4,"1,1,4"
3878,"2020-05-29",2187,1,105.73,1,2,2,"1,2,2"
6406,"2020-05-30",2186,1,92.80,1,2,2,"1,2,2"
4768,"2020-05-30",2186,2,35.78,1,2,1,"1,2,1"
7272,"2020-05-30",2186,1,75.83,1,2,2,"1,2,2"
7362,"2020-05-31",2185,1,72.46,1,1,1,"1,1,1"
2305,"2020-05-31",2185,1,56.13,1,1,1,"1,1,1"
2478,"2020-05-31",2185,1,123.36,1,2,2,"1,2,2"
16636,"2020-05-31",2185,1,149.59,1,1,2,"1,1,2"
11474,"2020-05-31",2185,1,33.91,1,2,1,"1,2,1"
16573,"2020-05-31",2185,1,120.00,1,2,2,"1,2,2"
5506,"2020-05-31",2185,1,401.80,1,1,4,"1,1,4"
15325,"2020-06-01",2184,1,234.33,1,1,3,"1,1,3"
5526,"2020-06-01",2184,2,379.17,1,4,4,"1,4,4"
1280,"2020-06-01",2184,1,247.85,1,1,3,"1,1,3"
8804,"2020-06-02",2183,1,119.20,1,2,2,"1,2,2"
521,"2020-06-03",2182,1,59.77,1,1,1,"1,1,1"
15918,"2020-06-04",2181,1,153.52,1,1,3,"1,1,3"
15531,"2020-06-04",2181,2,193.11,1,3,3,"1,3,3"
1171,"2020-06-05",2180,1,78.92,1,2,2,"1,2,2"
6319,"2020-06-05",2180,1,4.71,1,2,1,"1,2,1"
4978,"2020-06-06",2179,2,265.22,1,3,4,"1,3,4"
12524,"2020-06-06",2179,1,438.84,1,2,5,"1,2,5"
14491,"2020-06-07",2178,1,335.98,1,1,4,"1,1,4"
4267,"2020-06-07",2178,1,69.21,1,1,1,"1,1,1"
9678,"2020-06-07",2178,1,55.90,1,1,1,"1,1,1"
3654,"2020-06-07",2178,1,35.05,1,2,1,"1,2,1"
2950,"2020-06-07",2178,1,14.02,1,1,1,"1,1,1"
12617,"2020-06-07",2178,1,90.36,1,2,2,"1,2,2"
16878,"2020-06-08",2177,2,126.57,1,3,2,"1,3,2"
6506,"2020-06-08",2177,1,336.89,1,1,4,"1,1,4"
381,"2020-06-09",2176,2,220.97,1,3,3,"1,3,3"
13298,"2020-06-09",2176,1,56.47,1,1,1,"1,1,1"
12264,"2020-06-09",2176,1,39.25,1,2,1,"1,2,1"
7714,"2020-06-09",2176,1,39.49,1,2,1,"1,2,1"
8344,"2020-06-10",2175,1,216.96,1,1,3,"1,1,3"
16243,"2020-06-10",2175,1,97.35,1,2,2,"1,2,2"
15479,"2020-06-11",2174,1,29.99,1,2,1,"1,2,1"
8391,"2020-06-11",2174,1,143.79,1,2,2,"1,2,2"
3857,"2020-06-11",2174,1,37.23,1,2,1,"1,2,1"
5986,"2020-06-11",2174,1,59.22,1,1,1,"1,1,1"
11545,"2020-06-11",2174,2,82.58,1,3,2,"1,3,2"
1771,"2020-06-13",2172,1,13.51,1,1,1,"1,1,1"
12727,"2020-06-13",2172,1,8.68,1,1,1,"1,1,1"
19544,"2020-06-13",2172,1,176.50,1,1,3,"1,1,3"
19763,"2020-06-13",2172,1,101.30,1,2,2,"1,2,2"
13893,"2020-06-13",2172,2,83.99,1,3,2,"1,3,2"
1882,"2020-06-14",2171,1,98.34,1,2,2,"1,2,2"
13118,"2020-06-14",2171,1,39.07,1,2,1,"1,2,1"
1960,"2020-06-15",2170,2,100.96,1,3,2,"1,3,2"
10645,"2020-06-15",2170,1,18.39,1,2,1,"1,2,1"
6999,"2020-06-15",2170,1,56.62,1,1,1,"1,1,1"
11352,"2020-06-16",2169,1,52.58,1,1,1,"1,1,1"
4597,"2020-06-16",2169,1,76.01,1,2,2,"1,2,2"
15319,"2020-06-16",2169,2,523.32,1,4,5,"1,4,5"
8163,"2020-06-17",2168,1,32.17,1,2,1,"1,2,1"
4916,"2020-06-17",2168,2,38.10,1,2,1,"1,2,1"
1566,"2020-06-17",2168,1,157.03,1,1,3,"1,1,3"
9929,"2020-06-18",2167,1,27.24,1,2,1,"1,2,1"
1475,"2020-06-18",2167,1,16.82,1,2,1,"1,2,1"
3958,"2020-06-18",2167,1,176.41,1,1,3,"1,1,3"
11659,"2020-06-20",2165,1,177.36,1,1,3,"1,1,3"
17850,"2020-06-20",2165,1,15.33,1,2,1,"1,2,1"
6821,"2020-06-20",2165,1,14.22,1,1,1,"1,1,1"
4955,"2020-06-20",2165,1,160.12,1,1,3,"1,1,3"
1987,"2020-06-21",2164,1,28.48,1,2,1,"1,2,1"
10044,"2020-06-21",2164,1,455.45,1,2,5,"1,2,5"
17905,"2020-06-21",2164,1,39.18,1,2,1,"1,2,1"
441,"2020-06-21",2164,1,813.98,1,2,5,"1,2,5"
1363,"2020-06-22",2163,2,180.81,1,3,3,"1,3,3"
5792,"2020-06-22",2163,1,383.53,1,1,4,"1,1,4"
17831,"2020-06-22",2163,1,290.65,1,1,4,"1,1,4"
7592,"2020-06-22",2163,1,426.14,1,2,4,"1,2,4"
13425,"2020-06-22",2163,1,89.86,1,2,2,"1,2,2"
194,"2020-06-22",2163,1,46.87,1,1,1,"1,1,1"
1957,"2020-06-22",2163,2,197.75,1,3,3,"1,3,3"
16645,"2020-06-23",2162,1,17.58,1,2,1,"1,2,1"
15994,"2020-06-24",2161,1,55.39,1,1,1,"1,1,1"
11657,"2020-06-24",2161,1,24.67,1,2,1,"1,2,1"
17221,"2020-06-24",2161,1,122.04,1,2,2,"1,2,2"
19127,"2020-06-24",2161,2,669.31,1,4,5,"1,4,5"
18932,"2020-06-24",2161,1,140.41,1,2,2,"1,2,2"
6341,"2020-06-24",2161,1,53.96,1,1,1,"1,1,1"
1700,"2020-06-25",2160,1,38.86,1,2,1,"1,2,1"
10143,"2020-06-25",2160,1,102.09,1,2,2,"1,2,2"
14472,"2020-06-25",2160,1,84.43,1,2,2,"1,2,2"
14579,"2020-06-25",2160,1,134.06,1,2,2,"1,2,2"
8775,"2020-06-26",2159,1,19.59,1,2,1,"1,2,1"
10424,"2020-06-26",2159,2,651.40,1,4,5,"1,4,5"
4614,"2020-06-26",2159,2,291.40,1,4,4,"1,4,4"
7566,"2020-06-26",2159,1,15.72,1,2,1,"1,2,1"
5412,"2020-06-26",2159,2,317.49,1,4,4,"1,4,4"
4329,"2020-06-27",2158,2,363.88,1,4,4,"1,4,4"
348,"2020-06-27",2158,1,143.19,1,2,2,"1,2,2"
361,"2020-06-28",2157,2,225.15,1,3,3,"1,3,3"
5887,"2020-06-29",2156,2,670.51,1,4,5,"1,4,5"
1425,"2020-06-29",2156,1,81.50,1,2,2,"1,2,2"
12621,"2020-06-29",2156,1,269.50,1,1,4,"1,1,4"
12099,"2020-06-30",2155,1,104.59,1,2,2,"1,2,2"
15287,"2020-06-30",2155,1,45.78,1,1,1,"1,1,1"
951,"2020-06-30",2155,1,78.50,1,2,2,"1,2,2"
11715,"2020-06-30",2155,1,39.61,1,2,1,"1,2,1"
13924,"2020-07-01",2154,1,213.22,1,1,3,"1,1,3"
14551,"2020-07-01",2154,1,48.47,1,1,1,"1,1,1"
13744,"2020-07-01",2154,1,85.72,1,2,2,"1,2,2"
1866,"2020-07-02",2153,1,34.33,1,2,1,"1,2,1"
3167,"2020-07-02",2153,1,55.66,1,1,1,"1,1,1"
8541,"2020-07-03",2152,1,123.05,1,2,2,"1,2,2"
15910,"2020-07-03",2152,1,10.23,1,1,1,"1,1,1"
17480,"2020-07-03",2152,2,315.57,1,4,4,"1,4,4"
516,"2020-07-03",2152,1,35.48,1,2,1,"1,2,1"
9032,"2020-07-04",2151,1,209.03,1,1,3,"1,1,3"
12741,"2020-07-04",2151,2,294.11,1,4,4,"1,4,4"
3,"2020-07-04",2151,1,66.72,1,1,1,"1,1,1"
11390,"2020-07-04",2151,2,332.60,1,4,4,"1,4,4"
3773,"2020-07-04",2151,1,110.22,1,2,2,"1,2,2"
926,"2020-07-04",2151,2,50.81,1,2,1,"1,2,1"
1867,"2020-07-04",2151,1,43.01,1,1,1,"1,1,1"
7898,"2020-07-05",2150,1,236.87,1,1,3,"1,1,3"
925,"2020-07-05",2150,1,161.30,1,1,3,"1,1,3"
17248,"2020-07-05",2150,1,133.70,1,2,2,"1,2,2"
16778,"2020-07-06",2149,2,217.41,1,3,3,"1,3,3"
13187,"2020-07-06",2149,1,348.45,1,1,4,"1,1,4"
12257,"2020-07-06",2149,2,147.69,1,3,2,"1,3,2"
3820,"2020-07-06",2149,1,161.14,1,1,3,"1,1,3"
10112,"2020-07-06",2149,1,43.83,1,1,1,"1,1,1"
6904,"2020-07-06",2149,1,198.59,1,1,3,"1,1,3"
15794,"2020-07-07",2148,2,255.08,1,3,3,"1,3,3"
11457,"2020-07-08",2147,1,35.74,1,2,1,"1,2,1"
1648,"2020-07-08",2147,2,457.25,1,4,5,"1,4,5"
11112,"2020-07-08",2147,1,256.92,1,1,3,"1,1,3"
4560,"2020-07-08",2147,1,294.48,1,1,4,"1,1,4"
1338,"2020-07-09",2146,1,138.77,1,2,2,"1,2,2"
11441,"2020-07-09",2146,1,18.61,1,2,1,"1,2,1"
5362,"2020-07-10",2145,1,193.43,1,1,3,"1,1,3"
7106,"2020-07-10",2145,1,151.22,1,1,2,"1,1,2"
6576,"2020-07-10",2145,1,50.79,1,1,1,"1,1,1"
180,"2020-07-10",2145,1,249.08,1,1,3,"1,1,3"
19366,"2020-07-10",2145,1,131.16,1,2,2,"1,2,2"
16684,"2020-07-11",2144,1,209.99,1,1,3,"1,1,3"
2739,"2020-07-11",2144,1,158.00,1,1,3,"1,1,3"
17470,"2020-07-12",2143,1,36.81,1,2,1,"1,2,1"
11121,"2020-07-12",2143,1,45.73,1,1,1,"1,1,1"
11085,"2020-07-13",2142,1,315.28,1,1,4,"1,1,4"
11673,"2020-07-13",2142,2,100.27,1,3,2,"1,3,2"
11495,"2020-07-14",2141,1,109.16,1,2,2,"1,2,2"
9811,"2020-07-15",2140,1,163.07,1,1,3,"1,1,3"
4125,"2020-07-15",2140,2,60.02,1,3,1,"1,3,1"
2341,"2020-07-16",2139,1,252.81,1,1,3,"1,1,3"
14564,"2020-07-16",2139,1,19.65,1,2,1,"1,2,1"
18816,"2020-07-16",2139,1,18.37,1,2,1,"1,2,1"
231,"2020-07-17",2138,1,54.03,1,1,1,"1,1,1"
16934,"2020-07-17",2138,1,12.44,1,1,1,"1,1,1"
6071,"2020-07-17",2138,1,273.54,1,1,4,"1,1,4"
1248,"2020-07-17",2138,1,87.79,1,2,2,"1,2,2"
19417,"2020-07-17",2138,1,161.75,1,1,3,"1,1,3"
15802,"2020-07-18",2137,1,95.17,1,2,2,"1,2,2"
9138,"2020-07-18",2137,2,333.14,1,4,4,"1,4,4"
6751,"2020-07-18",2137,2,127.77,1,3,2,"1,3,2"
17518,"2020-07-18",2137,2,735.56,1,4,5,"1,4,5"
13401,"2020-07-19",2136,1,170.61,1,1,3,"1,1,3"
18970,"2020-07-20",2135,1,150.28,1,1,2,"1,1,2"
12745,"2020-07-21",2134,2,107.67,1,3,2,"1,3,2"
11887,"2020-07-21",2134,1,117.75,1,2,2,"1,2,2"
5247,"2020-07-21",2134,1,407.50,1,1,4,"1,1,4"
19846,"2020-07-21",2134,1,69.65,1,1,1,"1,1,1"
19774,"2020-07-21",2134,1,36.98,1,2,1,"1,2,1"
6410,"2020-07-22",2133,1,208.49,1,1,3,"1,1,3"
11164,"2020-07-22",2133,1,31.36,1,2,1,"1,2,1"
16787,"2020-07-22",2133,1,230.31,1,1,3,"1,1,3"
2182,"2020-07-22",2133,1,12.55,1,1,1,"1,1,1"
6196,"2020-07-22",2133,1,70.97,1,1,1,"1,1,1"
11732,"2020-07-22",2133,1,74.76,1,2,2,"1,2,2"
17280,"2020-07-23",2132,1,56.04,1,1,1,"1,1,1"
17704,"2020-07-23",2132,1,227.06,1,1,3,"1,1,3"
15270,"2020-07-23",2132,1,55.02,1,1,1,"1,1,1"
16352,"2020-07-23",2132,1,30.71,1,2,1,"1,2,1"
16523,"2020-07-24",2131,1,45.87,1,1,1,"1,1,1"
4111,"2020-07-24",2131,2,599.43,1,4,5,"1,4,5"
18010,"2020-07-24",2131,1,91.54,1,2,2,"1,2,2"
14611,"2020-07-24",2131,1,75.36,1,2,2,"1,2,2"
15181,"2020-07-25",2130,1,102.12,1,2,2,"1,2,2"
19051,"2020-07-25",2130,1,64.37,1,1,1,"1,1,1"
3359,"2020-07-25",2130,1,116.78,1,2,2,"1,2,2"
10248,"2020-07-25",2130,1,304.83,1,1,4,"1,1,4"
6910,"2020-07-25",2130,1,161.14,1,1,3,"1,1,3"
19381,"2020-07-25",2130,1,14.69,1,1,1,"1,1,1"
2866,"2020-07-25",2130,1,15.99,1,2,1,"1,2,1"
19537,"2020-07-26",2129,1,94.37,1,2,2,"1,2,2"
7516,"2020-07-26",2129,1,13.30,1,1,1,"1,1,1"
19966,"2020-07-26",2129,1,32.99,1,2,1,"1,2,1"
10289,"2020-07-27",2128,1,7.70,1,1,1,"1,1,1"
12978,"2020-07-28",2127,2,98.36,1,3,2,"1,3,2"
19797,"2020-07-28",2127,1,97.95,1,2,2,"1,2,2"
13577,"2020-07-28",2127,2,726.13,1,4,5,"1,4,5"
18437,"2020-07-28",2127,1,217.66,1,1,3,"1,1,3"
5487,"2020-07-30",2125,1,59.49,1,1,1,"1,1,1"
8021,"2020-07-30",2125,1,50.14,1,1,1,"1,1,1"
8509,"2020-07-30",2125,1,108.82,1,2,2,"1,2,2"
18647,"2020-07-31",2124,1,424.36,1,2,4,"1,2,4"
7448,"2020-07-31",2124,1,167.76,1,1,3,"1,1,3"
13068,"2020-07-31",2124,1,32.05,1,2,1,"1,2,1"
16068,"2020-07-31",2124,1,11.64,1,1,1,"1,1,1"
8152,"2020-08-01",2123,1,288.15,1,1,4,"1,1,4"
16437,"2020-08-01",2123,1,108.64,1,2,2,"1,2,2"
5846,"2020-08-01",2123,1,166.39,1,1,3,"1,1,3"
7140,"2020-08-01",2123,1,36.07,1,2,1,"1,2,1"
11214,"2020-08-01",2123,1,498.16,1,2,5,"1,2,5"
2241,"2020-08-01",2123,1,106.12,1,2,2,"1,2,2"
13556,"2020-08-01",2123,1,19.30,1,2,1,"1,2,1"
7215,"2020-08-02",2122,1,346.87,1,1,4,"1,1,4"
8065,"2020-08-02",2122,1,37.61,1,2,1,"1,2,1"
9911,"2020-08-03",2121,1,126.96,1,2,2,"1,2,2"
5663,"2020-08-03",2121,1,67.39,1,1,1,"1,1,1"
15147,"2020-08-03",2121,1,46.64,1,1,1,"1,1,1"
12798,"2020-08-04",2120,2,156.91,1,3,3,"1,3,3"
19016,"2020-08-04",2120,1,185.21,1,1,3,"1,1,3"
5913,"2020-08-04",2120,1,79.45,1,2,2,"1,2,2"
10373,"2020-08-04",2120,1,75.92,1,2,2,"1,2,2"
4689,"2020-08-05",2119,1,89.20,1,2,2,"1,2,2"
7955,"2020-08-05",2119,1,190.46,1,1,3,"1,1,3"
10138,"2020-08-05",2119,1,194.99,1,1,3,"1,1,3"
8708,"2020-08-05",2119,1,33.72,1,2,1,"1,2,1"
1004,"2020-08-05",2119,2,603.53,1,4,5,"1,4,5"
19757,"2020-08-05",2119,2,399.37,1,4,4,"1,4,4"
18610,"2020-08-05",2119,2,834.34,1,4,5,"1,4,5"
14452,"2020-08-06",2118,1,462.34,1,2,5,"1,2,5"
12202,"2020-08-06",2118,1,79.86,1,2,2,"1,2,2"
16608,"2020-08-06",2118,1,290.27,1,1,4,"1,1,4"
6864,"2020-08-06",2118,1,31.68,1,2,1,"1,2,1"
17356,"2020-08-07",2117,1,133.38,1,2,2,"1,2,2"
12258,"2020-08-07",2117,1,57.20,1,1,1,"1,1,1"
8,"2020-08-08",2116,1,207.40,1,1,3,"1,1,3"
7259,"2020-08-08",2116,1,629.18,1,2,5,"1,2,5"
8003,"2020-08-08",2116,2,65.83,1,3,1,"1,3,1"
1778,"2020-08-08",2116,1,6.72,1,2,1,"1,2,1"
12771,"2020-08-09",2115,1,94.56,1,2,2,"1,2,2"
9654,"2020-08-10",2114,1,20.19,1,2,1,"1,2,1"
904,"2020-08-10",2114,1,11.72,1,1,1,"1,1,1"
2637,"2020-08-10",2114,1,52.80,1,1,1,"1,1,1"
6549,"2020-08-10",2114,2,65.26,1,3,1,"1,3,1"
12683,"2020-08-10",2114,1,53.32,1,1,1,"1,1,1"
7097,"2020-08-11",2113,1,53.49,1,1,1,"1,1,1"
13935,"2020-08-11",2113,1,76.99,1,2,2,"1,2,2"
9705,"2020-08-11",2113,1,111.27,1,2,2,"1,2,2"
1707,"2020-08-11",2113,1,48.06,1,1,1,"1,1,1"
12031,"2020-08-12",2112,1,430.92,1,2,5,"1,2,5"
14499,"2020-08-12",2112,2,167.10,1,3,3,"1,3,3"
18682,"2020-08-12",2112,1,208.61,1,1,3,"1,1,3"
11399,"2020-08-13",2111,1,155.27,1,1,3,"1,1,3"
7949,"2020-08-13",2111,1,35.84,1,2,1,"1,2,1"
10300,"2020-08-13",2111,1,29.43,1,2,1,"1,2,1"
5239,"2020-08-13",2111,1,203.24,1,1,3,"1,1,3"
7103,"2020-08-14",2110,1,42.12,1,1,1,"1,1,1"
14651,"2020-08-15",2109,1,105.52,1,2,2,"1,2,2"
13321,"2020-08-15",2109,1,12.26,1,1,1,"1,1,1"
16353,"2020-08-15",2109,1,334.43,1,1,4,"1,1,4"
235,"2020-08-16",2108,1,135.36,1,2,2,"1,2,2"
6253,"2020-08-16",2108,1,54.40,1,1,1,"1,1,1"
7045,"2020-08-16",2108,1,241.39,1,1,3,"1,1,3"
8151,"2020-08-17",2107,2,423.48,1,4,4,"1,4,4"
13684,"2020-08-17",2107,2,116.69,1,3,2,"1,3,2"
6877,"2020-08-17",2107,1,24.57,1,2,1,"1,2,1"
1626,"2020-08-17",2107,1,222.14,1,1,3,"1,1,3"
9739,"2020-08-17",2107,1,3.50,1,1,1,"1,1,1"
8724,"2020-08-18",2106,1,165.06,1,1,3,"1,1,3"
2234,"2020-08-19",2105,1,155.56,1,1,3,"1,1,3"
8874,"2020-08-19",2105,1,420.87,1,2,4,"1,2,4"
15204,"2020-08-20",2104,1,83.98,1,2,2,"1,2,2"
11484,"2020-08-20",2104,1,189.70,1,1,3,"1,1,3"
4335,"2020-08-20",2104,1,80.22,1,2,2,"1,2,2"
15803,"2020-08-21",2103,1,25.85,1,2,1,"1,2,1"
18236,"2020-08-21",2103,1,53.49,1,1,1,"1,1,1"
15308,"2020-08-21",2103,1,96.80,1,2,2,"1,2,2"
6829,"2020-08-21",2103,1,11.17,1,1,1,"1,1,1"
12653,"2020-08-21",2103,1,24.63,1,2,1,"1,2,1"
14844,"2020-08-22",2102,1,101.14,1,2,2,"1,2,2"
7537,"2020-08-22",2102,1,176.65,1,1,3,"1,1,3"
11380,"2020-08-23",2101,1,45.31,1,1,1,"1,1,1"
14936,"2020-08-23",2101,1,38.74,1,2,1,"1,2,1"
8556,"2020-08-24",2100,1,126.11,1,2,2,"1,2,2"
12954,"2020-08-24",2100,1,36.68,1,2,1,"1,2,1"
12447,"2020-08-24",2100,1,42.61,1,1,1,"1,1,1"
11643,"2020-08-24",2100,3,116.88,1,5,2,"1,5,2"
28,"2020-08-25",2099,1,44.21,1,1,1,"1,1,1"
6379,"2020-08-26",2098,1,90.31,1,2,2,"1,2,2"
9021,"2020-08-26",2098,2,216.14,1,3,3,"1,3,3"
19199,"2020-08-26",2098,1,224.91,1,1,3,"1,1,3"
10291,"2020-08-26",2098,2,593.44,1,4,5,"1,4,5"
16091,"2020-08-27",2097,1,35.49,1,2,1,"1,2,1"
4461,"2020-08-27",2097,1,75.47,1,2,2,"1,2,2"
17135,"2020-08-27",2097,1,35.03,1,2,1,"1,2,1"
1986,"2020-08-27",2097,1,203.80,1,1,3,"1,1,3"
17006,"2020-08-27",2097,1,188.01,1,1,3,"1,1,3"
13710,"2020-08-28",2096,1,82.39,1,2,2,"1,2,2"
1487,"2020-08-28",2096,1,120.81,1,2,2,"1,2,2"
19932,"2020-08-29",2095,1,69.19,1,1,1,"1,1,1"
17284,"2020-08-29",2095,1,175.87,1,1,3,"1,1,3"
16445,"2020-08-29",2095,1,88.59,1,2,2,"1,2,2"
5517,"2020-08-29",2095,1,30.12,1,2,1,"1,2,1"
14473,"2020-08-29",2095,2,295.94,1,4,4,"1,4,4"
9455,"2020-08-30",2094,1,3.99,1,2,1,"1,2,1"
16803,"2020-08-30",2094,1,748.10,1,2,5,"1,2,5"
8439,"2020-08-30",2094,1,131.10,1,2,2,"1,2,2"
1192,"2020-08-30",2094,1,42.92,1,1,1,"1,1,1"
1233,"2020-08-30",2094,1,42.33,1,1,1,"1,1,1"
6058,"2020-08-31",2093,1,86.95,1,2,2,"1,2,2"
22,"2020-08-31",2093,1,169.83,1,1,3,"1,1,3"
13337,"2020-08-31",2093,1,83.64,1,2,2,"1,2,2"
710,"2020-08-31",2093,1,35.43,1,2,1,"1,2,1"
7512,"2020-09-01",2092,1,12.55,1,1,1,"1,1,1"
16752,"2020-09-01",2092,1,9.27,1,1,1,"1,1,1"
19167,"2020-09-01",2092,1,60.49,1,1,1,"1,1,1"
13796,"2020-09-01",2092,1,32.90,1,2,1,"1,2,1"
13110,"2020-09-01",2092,1,198.08,1,1,3,"1,1,3"
16229,"2020-09-02",2091,1,105.17,1,2,2,"1,2,2"
19413,"2020-09-02",2091,2,556.24,1,4,5,"1,4,5"
12220,"2020-09-02",2091,1,146.65,1,1,2,"1,1,2"
2982,"2020-09-03",2090,1,249.97,1,1,3,"1,1,3"
14516,"2020-09-03",2090,1,17.37,1,2,1,"1,2,1"
5866,"2020-09-03",2090,1,176.19,1,1,3,"1,1,3"
10014,"2020-09-03",2090,1,28.92,1,2,1,"1,2,1"
17025,"2020-09-04",2089,1,34.02,1,2,1,"1,2,1"
8187,"2020-09-04",2089,1,625.11,1,2,5,"1,2,5"
13909,"2020-09-04",2089,2,391.74,1,4,4,"1,4,4"
13808,"2020-09-04",2089,1,55.11,1,1,1,"1,1,1"
7726,"2020-09-05",2088,1,397.58,1,1,4,"1,1,4"
3993,"2020-09-05",2088,1,5.40,1,2,1,"1,2,1"
16225,"2020-09-05",2088,2,92.51,1,3,2,"1,3,2"
10071,"2020-09-05",2088,1,424.86,1,2,4,"1,2,4"
16751,"2020-09-06",2087,2,355.53,1,4,4,"1,4,4"
1048,"2020-09-06",2087,1,296.30,1,1,4,"1,1,4"
1954,"2020-09-06",2087,1,14.08,1,1,1,"1,1,1"
9716,"2020-09-07",2086,1,32.18,1,2,1,"1,2,1"
8304,"2020-09-07",2086,1,66.04,1,1,1,"1,1,1"
1224,"2020-09-07",2086,1,94.29,1,2,2,"1,2,2"
1676,"2020-09-07",2086,1,203.20,1,1,3,"1,1,3"
445,"2020-09-07",2086,1,52.58,1,1,1,"1,1,1"
16925,"2020-09-07",2086,1,171.62,1,1,3,"1,1,3"
18151,"2020-09-07",2086,1,172.10,1,1,3,"1,1,3"
11814,"2020-09-07",2086,1,14.08,1,1,1,"1,1,1"
16082,"2020-09-08",2085,1,127.26,1,2,2,"1,2,2"
13228,"2020-09-08",2085,1,150.27,1,1,2,"1,1,2"
7683,"2020-09-08",2085,1,108.31,1,2,2,"1,2,2"
6088,"2020-09-08",2085,1,87.47,1,2,2,"1,2,2"
9579,"2020-09-09",2084,1,78.78,1,2,2,"1,2,2"
11245,"2020-09-09",2084,1,132.66,1,2,2,"1,2,2"
13870,"2020-09-09",2084,1,150.10,1,1,2,"1,1,2"
11182,"2020-09-09",2084,1,158.16,1,1,3,"1,1,3"
9082,"2020-09-09",2084,1,51.54,1,1,1,"1,1,1"
6306,"2020-09-09",2084,1,124.61,1,2,2,"1,2,2"
15364,"2020-09-10",2083,1,49.85,1,1,1,"1,1,1"
1818,"2020-09-10",2083,1,229.42,1,1,3,"1,1,3"
5676,"2020-09-10",2083,2,98.40,1,3,2,"1,3,2"
4183,"2020-09-11",2082,1,99.09,1,2,2,"1,2,2"
9169,"2020-09-11",2082,2,875.30,1,4,5,"1,4,5"
9376,"2020-09-11",2082,1,86.26,1,2,2,"1,2,2"
11764,"2020-09-11",2082,1,145.57,1,1,2,"1,1,2"
17777,"2020-09-11",2082,1,247.99,1,1,3,"1,1,3"
16157,"2020-09-12",2081,1,15.10,1,1,1,"1,1,1"
8510,"2020-09-12",2081,1,420.97,1,2,4,"1,2,4"
1775,"2020-09-13",2080,1,63.06,1,1,1,"1,1,1"
15103,"2020-09-13",2080,1,53.96,1,1,1,"1,1,1"
6719,"2020-09-13",2080,2,198.86,1,3,3,"1,3,3"
13105,"2020-09-13",2080,1,122.03,1,2,2,"1,2,2"
3288,"2020-09-14",2079,1,39.93,1,1,1,"1,1,1"
11994,"2020-09-15",2078,1,621.57,1,2,5,"1,2,5"
18214,"2020-09-15",2078,1,13.90,1,1,1,"1,1,1"
19352,"2020-09-15",2078,2,134.51,1,3,2,"1,3,2"
9574,"2020-09-15",2078,1,57.14,1,1,1,"1,1,1"
922,"2020-09-15",2078,1,107.54,1,2,2,"1,2,2"
15826,"2020-09-16",2077,1,127.70,1,2,2,"1,2,2"
9809,"2020-09-16",2077,1,284.36,1,1,4,"1,1,4"
9334,"2020-09-16",2077,1,177.66,1,1,3,"1,1,3"
16466,"2020-09-17",2076,2,360.81,1,4,4,"1,4,4"
8785,"2020-09-17",2076,1,337.94,1,1,4,"1,1,4"
11487,"2020-09-17",2076,1,55.28,1,1,1,"1,1,1"
3382,"2020-09-17",2076,1,115.69,1,2,2,"1,2,2"
18411,"2020-09-18",2075,2,430.50,1,4,5,"1,4,5"
4911,"2020-09-18",2075,1,124.88,1,2,2,"1,2,2"
12425,"2020-09-18",2075,2,77.99,1,3,2,"1,3,2"
10687,"2020-09-18",2075,1,19.76,1,2,1,"1,2,1"
1090,"2020-09-18",2075,1,32.94,1,2,1,"1,2,1"
1191,"2020-09-18",2075,1,46.46,1,1,1,"1,1,1"
8298,"2020-09-19",2074,1,250.82,1,1,3,"1,1,3"
18432,"2020-09-19",2074,1,95.82,1,2,2,"1,2,2"
4707,"2020-09-19",2074,1,61.50,1,1,1,"1,1,1"
2342,"2020-09-19",2074,1,111.75,1,2,2,"1,2,2"
551,"2020-09-19",2074,1,471.96,1,2,5,"1,2,5"
5190,"2020-09-20",2073,1,47.00,1,1,1,"1,1,1"
19840,"2020-09-20",2073,1,9.79,1,1,1,"1,1,1"
13245,"2020-09-20",2073,1,58.07,1,1,1,"1,1,1"
7439,"2020-09-20",2073,2,152.45,1,3,3,"1,3,3"
867,"2020-09-21",2072,1,19.85,1,2,1,"1,2,1"
4397,"2020-09-22",2071,1,53.28,1,1,1,"1,1,1"
7058,"2020-09-22",2071,2,294.55,1,4,4,"1,4,4"
19960,"2020-09-22",2071,1,195.00,1,1,3,"1,1,3"
14986,"2020-09-22",2071,1,239.48,1,1,3,"1,1,3"
358,"2020-09-23",2070,1,231.10,1,1,3,"1,1,3"
14938,"2020-09-23",2070,1,27.91,1,2,1,"1,2,1"
2146,"2020-09-25",2068,1,65.48,1,1,1,"1,1,1"
1466,"2020-09-25",2068,1,17.92,1,2,1,"1,2,1"
13939,"2020-09-25",2068,2,87.26,1,3,2,"1,3,2"
15133,"2020-09-25",2068,1,121.30,1,2,2,"1,2,2"
3061,"2020-09-26",2067,1,138.70,1,2,2,"1,2,2"
9609,"2020-09-26",2067,1,175.59,1,1,3,"1,1,3"
337,"2020-09-27",2066,1,586.78,1,2,5,"1,2,5"
15680,"2020-09-27",2066,2,164.08,1,3,3,"1,3,3"
5617,"2020-09-27",2066,1,65.05,1,1,1,"1,1,1"
19713,"2020-09-27",2066,1,49.28,1,1,1,"1,1,1"
9616,"2020-09-27",2066,1,112.65,1,2,2,"1,2,2"
8258,"2020-09-27",2066,2,442.98,1,4,5,"1,4,5"
9821,"2020-09-27",2066,1,87.39,1,2,2,"1,2,2"
16039,"2020-09-27",2066,1,94.14,1,2,2,"1,2,2"
9253,"2020-09-27",2066,1,23.75,1,2,1,"1,2,1"
2885,"2020-09-28",2065,2,308.75,1,4,4,"1,4,4"
12703,"2020-09-29",2064,1,139.87,1,2,2,"1,2,2"
11778,"2020-09-29",2064,1,217.64,1,1,3,"1,1,3"
13658,"2020-09-29",2064,2,427.29,1,4,4,"1,4,4"
12320,"2020-09-30",2063,1,91.16,1,2,2,"1,2,2"
13835,"2020-09-30",2063,2,725.24,1,4,5,"1,4,5"
13159,"2020-09-30",2063,1,657.92,1,2,5,"1,2,5"
13236,"2020-09-30",2063,3,110.98,1,4,2,"1,4,2"
18062,"2020-09-30",2063,1,210.19,1,1,3,"1,1,3"
12263,"2020-10-01",2062,1,181.51,1,1,3,"1,1,3"
3969,"2020-10-01",2062,3,102.17,1,4,2,"1,4,2"
8192,"2020-10-01",2062,1,397.04,1,1,4,"1,1,4"
19519,"2020-10-02",2061,1,272.14,1,1,4,"1,1,4"
11323,"2020-10-02",2061,1,17.93,1,2,1,"1,2,1"
18231,"2020-10-03",2060,1,260.73,1,1,4,"1,1,4"
1890,"2020-10-03",2060,3,662.26,1,5,5,"1,5,5"
8900,"2020-10-04",2059,1,307.49,1,1,4,"1,1,4"
19885,"2020-10-04",2059,1,21.85,1,2,1,"1,2,1"
16496,"2020-10-04",2059,1,77.58,1,2,2,"1,2,2"
6924,"2020-10-04",2059,1,226.69,1,1,3,"1,1,3"
957,"2020-10-04",2059,1,189.96,1,1,3,"1,1,3"
13102,"2020-10-04",2059,2,283.49,1,3,4,"1,3,4"
7936,"2020-10-04",2059,1,56.07,1,1,1,"1,1,1"
3216,"2020-10-05",2058,1,76.29,1,2,2,"1,2,2"
3949,"2020-10-05",2058,1,55.38,1,1,1,"1,1,1"
13409,"2020-10-05",2058,1,66.63,1,1,1,"1,1,1"
16015,"2020-10-05",2058,1,100.30,1,2,2,"1,2,2"
15048,"2020-10-05",2058,1,144.96,1,1,2,"1,1,2"
7971,"2020-10-05",2058,2,102.72,1,3,2,"1,3,2"
13874,"2020-10-05",2058,1,174.86,1,1,3,"1,1,3"
13296,"2020-10-06",2057,1,264.58,1,1,4,"1,1,4"
2229,"2020-10-06",2057,1,7.28,1,1,1,"1,1,1"
16136,"2020-10-06",2057,2,68.99,1,3,1,"1,3,1"
14296,"2020-10-06",2057,1,158.96,1,1,3,"1,1,3"
4769,"2020-10-06",2057,1,97.33,1,2,2,"1,2,2"
8959,"2020-10-07",2056,1,250.37,1,1,3,"1,1,3"
8462,"2020-10-08",2055,2,131.73,1,3,2,"1,3,2"
7386,"2020-10-08",2055,1,23.15,1,2,1,"1,2,1"
16099,"2020-10-08",2055,2,101.48,1,3,2,"1,3,2"
9387,"2020-10-08",2055,1,83.56,1,2,2,"1,2,2"
6471,"2020-10-08",2055,1,184.54,1,1,3,"1,1,3"
17460,"2020-10-08",2055,1,168.30,1,1,3,"1,1,3"
7643,"2020-10-08",2055,1,249.08,1,1,3,"1,1,3"
10036,"2020-10-09",2054,1,79.76,1,2,2,"1,2,2"
13310,"2020-10-09",2054,2,290.48,1,4,4,"1,4,4"
16567,"2020-10-10",2053,1,44.09,1,1,1,"1,1,1"
9732,"2020-10-10",2053,2,308.03,1,4,4,"1,4,4"
1927,"2020-10-10",2053,2,256.14,1,3,3,"1,3,3"
9222,"2020-10-10",2053,2,163.45,1,3,3,"1,3,3"
14851,"2020-10-11",2052,1,33.60,1,2,1,"1,2,1"
7601,"2020-10-11",2052,1,236.48,1,1,3,"1,1,3"
749,"2020-10-11",2052,1,160.63,1,1,3,"1,1,3"
6638,"2020-10-11",2052,1,34.29,1,2,1,"1,2,1"
1218,"2020-10-11",2052,1,20.74,1,2,1,"1,2,1"
10149,"2020-10-12",2051,2,221.61,1,3,3,"1,3,3"
10629,"2020-10-12",2051,2,222.46,1,3,3,"1,3,3"
7711,"2020-10-12",2051,1,199.99,1,1,3,"1,1,3"
177,"2020-10-12",2051,2,149.46,1,3,2,"1,3,2"
9028,"2020-10-12",2051,1,15.54,1,2,1,"1,2,1"
3008,"2020-10-12",2051,2,298.65,1,4,4,"1,4,4"
6004,"2020-10-12",2051,1,194.96,1,1,3,"1,1,3"
199,"2020-10-13",2050,1,178.72,1,1,3,"1,1,3"
10558,"2020-10-13",2050,1,44.04,1,1,1,"1,1,1"
150,"2020-10-13",2050,1,171.96,1,1,3,"1,1,3"
3905,"2020-10-13",2050,1,109.49,1,2,2,"1,2,2"
18690,"2020-10-13",2050,1,78.43,1,2,2,"1,2,2"
8125,"2020-10-14",2049,1,99.96,1,2,2,"1,2,2"
3997,"2020-10-14",2049,1,103.42,1,2,2,"1,2,2"
16831,"2020-10-15",2048,1,79.04,1,2,2,"1,2,2"
29,"2020-10-15",2048,1,16.80,1,2,1,"1,2,1"
19821,"2020-10-16",2047,1,59.24,1,1,1,"1,1,1"
9599,"2020-10-16",2047,1,160.80,1,1,3,"1,1,3"
751,"2020-10-16",2047,1,91.14,1,2,2,"1,2,2"
16642,"2020-10-16",2047,1,200.84,1,1,3,"1,1,3"
3516,"2020-10-16",2047,1,18.50,1,2,1,"1,2,1"
18359,"2020-10-16",2047,1,40.19,1,1,1,"1,1,1"
4404,"2020-10-17",2046,1,196.37,1,1,3,"1,1,3"
17532,"2020-10-17",2046,2,422.23,1,4,4,"1,4,4"
14057,"2020-10-17",2046,1,52.30,1,1,1,"1,1,1"
16020,"2020-10-17",2046,3,197.09,1,4,3,"1,4,3"
18346,"2020-10-17",2046,1,130.82,1,2,2,"1,2,2"
16842,"2020-10-17",2046,2,309.91,1,4,4,"1,4,4"
1183,"2020-10-18",2045,1,37.16,1,2,1,"1,2,1"
1537,"2020-10-18",2045,1,174.78,1,1,3,"1,1,3"
16118,"2020-10-18",2045,1,168.36,1,1,3,"1,1,3"
18241,"2020-10-18",2045,1,42.34,1,1,1,"1,1,1"
6871,"2020-10-18",2045,1,277.34,1,1,4,"1,1,4"
18277,"2020-10-19",2044,1,17.48,1,2,1,"1,2,1"
18441,"2020-10-19",2044,2,193.95,1,3,3,"1,3,3"
16850,"2020-10-19",2044,1,39.88,1,1,1,"1,1,1"
3341,"2020-10-20",2043,1,73.68,1,1,1,"1,1,1"
17947,"2020-10-20",2043,1,156.84,1,1,3,"1,1,3"
4504,"2020-10-20",2043,1,91.63,1,2,2,"1,2,2"
16543,"2020-10-20",2043,1,578.56,1,2,5,"1,2,5"
9079,"2020-10-20",2043,2,339.21,1,4,4,"1,4,4"
223,"2020-10-20",2043,3,205.22,1,4,3,"1,4,3"
15551,"2020-10-20",2043,1,60.55,1,1,1,"1,1,1"
7137,"2020-10-20",2043,1,39.93,1,1,1,"1,1,1"
19420,"2020-10-21",2042,1,77.30,1,2,2,"1,2,2"
19725,"2020-10-21",2042,2,152.43,1,3,3,"1,3,3"
10846,"2020-10-21",2042,1,16.49,1,2,1,"1,2,1"
3355,"2020-10-22",2041,1,275.91,1,1,4,"1,1,4"
981,"2020-10-22",2041,1,23.53,1,2,1,"1,2,1"
529,"2020-10-22",2041,1,6.93,1,2,1,"1,2,1"
19252,"2020-10-22",2041,1,143.27,1,2,2,"1,2,2"
6696,"2020-10-22",2041,1,232.32,1,1,3,"1,1,3"
11795,"2020-10-23",2040,1,29.49,1,2,1,"1,2,1"
13499,"2020-10-23",2040,1,107.61,1,2,2,"1,2,2"
2563,"2020-10-23",2040,1,467.80,1,2,5,"1,2,5"
19365,"2020-10-24",2039,2,319.12,1,4,4,"1,4,4"
1034,"2020-10-24",2039,1,27.53,1,2,1,"1,2,1"
15045,"2020-10-24",2039,1,53.09,1,1,1,"1,1,1"
18660,"2020-10-24",2039,1,135.80,1,2,2,"1,2,2"
10280,"2020-10-25",2038,1,43.61,1,1,1,"1,1,1"
13897,"2020-10-25",2038,1,390.53,1,1,4,"1,1,4"
13721,"2020-10-25",2038,1,150.32,1,1,2,"1,1,2"
4808,"2020-10-25",2038,1,141.18,1,2,2,"1,2,2"
5764,"2020-10-26",2037,1,196.57,1,1,3,"1,1,3"
8607,"2020-10-26",2037,3,435.18,1,5,5,"1,5,5"
9364,"2020-10-26",2037,1,218.32,1,1,3,"1,1,3"
3469,"2020-10-26",2037,1,48.76,1,1,1,"1,1,1"
13695,"2020-10-27",2036,1,68.74,1,1,1,"1,1,1"
8697,"2020-10-27",2036,1,543.89,1,2,5,"1,2,5"
12915,"2020-10-27",2036,2,212.28,1,3,3,"1,3,3"
18563,"2020-10-27",2036,1,528.76,1,2,5,"1,2,5"
14328,"2020-10-27",2036,1,561.16,1,2,5,"1,2,5"
13558,"2020-10-27",2036,1,64.68,1,1,1,"1,1,1"
17649,"2020-10-27",2036,1,79.31,1,2,2,"1,2,2"
3656,"2020-10-28",2035,1,230.29,1,1,3,"1,1,3"
16578,"2020-10-28",2035,1,36.28,1,2,1,"1,2,1"
11982,"2020-10-28",2035,1,89.47,1,2,2,"1,2,2"
9628,"2020-10-29",2034,1,223.87,1,1,3,"1,1,3"
15191,"2020-10-29",2034,2,190.77,1,3,3,"1,3,3"
5483,"2020-10-29",2034,1,104.00,1,2,2,"1,2,2"
15693,"2020-10-29",2034,1,549.85,1,2,5,"1,2,5"
2632,"2020-10-29",2034,1,250.25,1,1,3,"1,1,3"
17091,"2020-10-29",2034,1,263.30,1,1,4,"1,1,4"
15336,"2020-10-29",2034,1,106.41,1,2,2,"1,2,2"
259,"2020-10-30",2033,1,147.49,1,1,2,"1,1,2"
18096,"2020-10-30",2033,1,47.14,1,1,1,"1,1,1"
1730,"2020-10-30",2033,1,499.73,1,2,5,"1,2,5"
18137,"2020-10-30",2033,1,87.17,1,2,2,"1,2,2"
19842,"2020-10-30",2033,1,73.27,1,1,1,"1,1,1"
18503,"2020-10-30",2033,1,75.86,1,2,2,"1,2,2"
297,"2020-10-30",2033,2,112.72,1,3,2,"1,3,2"
14979,"2020-10-30",2033,2,203.51,1,3,3,"1,3,3"
19906,"2020-10-31",2032,1,440.91,1,2,5,"1,2,5"
13136,"2020-10-31",2032,1,129.69,1,2,2,"1,2,2"
2192,"2020-10-31",2032,1,40.30,1,1,1,"1,1,1"
12072,"2020-11-01",2031,3,962.48,1,4,5,"1,4,5"
3040,"2020-11-01",2031,1,388.62,1,1,4,"1,1,4"
18317,"2020-11-01",2031,1,204.44,1,1,3,"1,1,3"
19754,"2020-11-01",2031,1,13.71,1,1,1,"1,1,1"
12448,"2020-11-02",2030,1,1066.11,1,1,5,"1,1,5"
7194,"2020-11-02",2030,2,236.30,1,3,3,"1,3,3"
11737,"2020-11-03",2029,1,78.93,1,2,2,"1,2,2"
13952,"2020-11-03",2029,2,431.48,1,4,5,"1,4,5"
9741,"2020-11-03",2029,2,109.73,1,3,2,"1,3,2"
14384,"2020-11-03",2029,1,70.00,1,1,1,"1,1,1"
10352,"2020-11-03",2029,2,154.83,1,3,3,"1,3,3"
8774,"2020-11-03",2029,2,101.61,1,3,2,"1,3,2"
18736,"2020-11-04",2028,1,113.46,1,2,2,"1,2,2"
16505,"2020-11-04",2028,1,752.46,1,2,5,"1,2,5"
3273,"2020-11-04",2028,2,114.39,1,3,2,"1,3,2"
308,"2020-11-04",2028,2,115.01,1,3,2,"1,3,2"
10613,"2020-11-04",2028,1,48.85,1,1,1,"1,1,1"
13173,"2020-11-04",2028,1,213.50,1,1,3,"1,1,3"
14585,"2020-11-05",2027,1,90.38,1,2,2,"1,2,2"
8335,"2020-11-05",2027,1,136.63,1,2,2,"1,2,2"
7199,"2020-11-05",2027,1,17.55,1,2,1,"1,2,1"
7670,"2020-11-05",2027,1,9.57,1,1,1,"1,1,1"
2818,"2020-11-05",2027,1,33.58,1,2,1,"1,2,1"
12842,"2020-11-05",2027,1,208.87,1,1,3,"1,1,3"
16733,"2020-11-06",2026,2,233.02,1,3,3,"1,3,3"
13891,"2020-11-06",2026,1,47.01,1,1,1,"1,1,1"
15167,"2020-11-06",2026,1,191.88,1,1,3,"1,1,3"
16879,"2020-11-06",2026,2,222.97,1,3,3,"1,3,3"
2703,"2020-11-06",2026,1,161.87,1,1,3,"1,1,3"
7109,"2020-11-06",2026,1,225.17,1,1,3,"1,1,3"
5428,"2020-11-06",2026,2,210.70,1,3,3,"1,3,3"
7353,"2020-11-06",2026,1,133.41,1,2,2,"1,2,2"
10047,"2020-11-07",2025,1,17.19,1,2,1,"1,2,1"
13526,"2020-11-07",2025,1,15.86,1,2,1,"1,2,1"
15367,"2020-11-07",2025,1,135.04,1,2,2,"1,2,2"
19370,"2020-11-07",2025,1,50.33,1,1,1,"1,1,1"
18831,"2020-11-07",2025,1,332.88,1,1,4,"1,1,4"
11220,"2020-11-08",2024,1,7.34,1,1,1,"1,1,1"
15195,"2020-11-08",2024,2,1132.71,1,4,5,"1,4,5"
6259,"2020-11-09",2023,2,178.34,1,3,3,"1,3,3"
2368,"2020-11-09",2023,2,143.36,1,3,2,"1,3,2"
3028,"2020-11-09",2023,2,109.65,1,3,2,"1,3,2"
9089,"2020-11-10",2022,1,58.95,1,1,1,"1,1,1"
10664,"2020-11-10",2022,1,14.60,1,1,1,"1,1,1"
5536,"2020-11-11",2021,1,37.57,1,2,1,"1,2,1"
14561,"2020-11-12",2020,2,118.77,1,3,2,"1,3,2"
155,"2020-11-12",2020,1,39.06,1,2,1,"1,2,1"
16477,"2020-11-12",2020,1,69.52,1,1,1,"1,1,1"
14507,"2020-11-13",2019,1,183.26,1,1,3,"1,1,3"
13637,"2020-11-13",2019,1,51.60,1,1,1,"1,1,1"
13428,"2020-11-13",2019,1,56.24,1,1,1,"1,1,1"
10976,"2020-11-13",2019,1,205.12,1,1,3,"1,1,3"
18235,"2020-11-13",2019,1,303.14,1,1,4,"1,1,4"
11720,"2020-11-14",2018,1,14.03,1,1,1,"1,1,1"
5810,"2020-11-14",2018,1,45.61,1,1,1,"1,1,1"
16987,"2020-11-14",2018,2,200.01,1,3,3,"1,3,3"
1759,"2020-11-14",2018,1,152.66,1,1,3,"1,1,3"
19401,"2020-11-14",2018,2,759.84,1,4,5,"1,4,5"
13584,"2020-11-15",2017,1,176.92,1,1,3,"1,1,3"
19900,"2020-11-15",2017,1,63.41,1,1,1,"1,1,1"
6096,"2020-11-15",2017,1,12.14,1,1,1,"1,1,1"
3145,"2020-11-16",2016,1,119.34,1,2,2,"1,2,2"
7225,"2020-11-16",2016,2,36.16,1,2,1,"1,2,1"
15400,"2020-11-16",2016,1,61.64,1,1,1,"1,1,1"
11597,"2020-11-17",2015,1,185.78,1,1,3,"1,1,3"
10034,"2020-11-17",2015,1,40.67,1,1,1,"1,1,1"
7349,"2020-11-17",2015,1,34.32,1,2,1,"1,2,1"
7257,"2020-11-17",2015,1,175.86,1,1,3,"1,1,3"
6918,"2020-11-17",2015,1,64.99,1,1,1,"1,1,1"
9683,"2020-11-17",2015,1,576.30,1,2,5,"1,2,5"
15817,"2020-11-18",2014,1,104.40,1,2,2,"1,2,2"
4523,"2020-11-18",2014,1,39.06,1,2,1,"1,2,1"
2447,"2020-11-19",2013,1,37.46,1,2,1,"1,2,1"
1732,"2020-11-19",2013,1,597.26,1,2,5,"1,2,5"
4147,"2020-11-19",2013,3,280.53,1,4,4,"1,4,4"
12235,"2020-11-20",2012,2,159.96,1,3,3,"1,3,3"
1926,"2020-11-20",2012,1,212.93,1,1,3,"1,1,3"
1208,"2020-11-20",2012,1,154.48,1,1,3,"1,1,3"
19524,"2020-11-21",2011,1,53.96,1,1,1,"1,1,1"
9880,"2020-11-21",2011,1,10.97,1,1,1,"1,1,1"
13223,"2020-11-21",2011,1,60.96,1,1,1,"1,1,1"
4709,"2020-11-21",2011,2,214.62,1,3,3,"1,3,3"
5726,"2020-11-22",2010,1,484.55,1,2,5,"1,2,5"
18006,"2020-11-22",2010,1,105.39,1,2,2,"1,2,2"
7094,"2020-11-22",2010,2,174.76,1,3,3,"1,3,3"
7309,"2020-11-23",2009,2,106.54,1,3,2,"1,3,2"
3496,"2020-11-24",2008,3,198.07,1,4,3,"1,4,3"
9111,"2020-11-24",2008,1,14.54,1,1,1,"1,1,1"
10028,"2020-11-24",2008,1,31.66,1,2,1,"1,2,1"
1846,"2020-11-24",2008,1,118.83,1,2,2,"1,2,2"
408,"2020-11-24",2008,1,107.60,1,2,2,"1,2,2"
2946,"2020-11-24",2008,2,221.87,1,3,3,"1,3,3"
13400,"2020-11-24",2008,1,35.59,1,2,1,"1,2,1"
10552,"2020-11-25",2007,1,611.11,1,2,5,"1,2,5"
10161,"2020-11-25",2007,1,55.02,1,1,1,"1,1,1"
5796,"2020-11-25",2007,1,64.01,1,1,1,"1,1,1"
8004,"2020-11-25",2007,2,114.09,1,3,2,"1,3,2"
18401,"2020-11-26",2006,1,30.75,1,2,1,"1,2,1"
19598,"2020-11-26",2006,1,67.78,1,1,1,"1,1,1"
10573,"2020-11-26",2006,1,71.90,1,1,1,"1,1,1"
3108,"2020-11-27",2005,1,6.80,1,2,1,"1,2,1"
5826,"2020-11-28",2004,2,383.30,1,4,4,"1,4,4"
17885,"2020-11-28",2004,1,57.52,1,1,1,"1,1,1"
7559,"2020-11-28",2004,1,266.23,1,1,4,"1,1,4"
7234,"2020-11-28",2004,1,231.57,1,1,3,"1,1,3"
2423,"2020-11-29",2003,2,79.87,1,3,2,"1,3,2"
10433,"2020-12-01",2001,1,27.15,1,2,1,"1,2,1"
13920,"2020-12-01",2001,2,236.06,1,3,3,"1,3,3"
5034,"2020-12-01",2001,1,37.18,1,2,1,"1,2,1"
1266,"2020-12-01",2001,3,264.17,1,4,4,"1,4,4"
8292,"2020-12-02",2000,1,162.00,1,1,3,"1,1,3"
7087,"2020-12-02",2000,1,80.06,1,2,2,"1,2,2"
3141,"2020-12-03",1999,1,8.38,1,1,1,"1,1,1"
18238,"2020-12-03",1999,1,53.95,1,1,1,"1,1,1"
7122,"2020-12-04",1998,1,60.44,1,1,1,"1,1,1"
16742,"2020-12-04",1998,1,67.36,1,1,1,"1,1,1"
2235,"2020-12-04",1998,1,40.57,1,1,1,"1,1,1"
8503,"2020-12-04",1998,1,113.56,1,2,2,"1,2,2"
12553,"2020-12-05",1997,1,86.04,1,2,2,"1,2,2"
4116,"2020-12-05",1997,1,27.01,1,2,1,"1,2,1"
4758,"2020-12-05",1997,2,202.44,1,3,3,"1,3,3"
5354,"2020-12-06",1996,1,3.94,1,2,1,"1,2,1"
2954,"2020-12-06",1996,1,43.66,1,1,1,"1,1,1"
10791,"2020-12-06",1996,1,374.77,1,1,4,"1,1,4"
12846,"2020-12-06",1996,1,54.43,1,1,1,"1,1,1"
1718,"2020-12-06",1996,1,99.80,1,2,2,"1,2,2"
17341,"2020-12-07",1995,1,32.45,1,2,1,"1,2,1"
2321,"2020-12-08",1994,1,11.03,1,1,1,"1,1,1"
7807,"2020-12-08",1994,1,7.90,1,1,1,"1,1,1"
15233,"2020-12-09",1993,1,161.60,1,1,3,"1,1,3"
14868,"2020-12-09",1993,1,439.64,1,2,5,"1,2,5"
4654,"2020-12-09",1993,1,361.44,1,1,4,"1,1,4"
3545,"2020-12-09",1993,2,477.86,1,4,5,"1,4,5"
12041,"2020-12-09",1993,1,4.15,1,2,1,"1,2,1"
17119,"2020-12-10",1992,1,9.54,1,1,1,"1,1,1"
18246,"2020-12-11",1991,1,116.25,1,2,2,"1,2,2"
19945,"2020-12-11",1991,1,182.40,1,1,3,"1,1,3"
12517,"2020-12-11",1991,2,394.41,1,4,4,"1,4,4"
2323,"2020-12-12",1990,2,225.54,1,3,3,"1,3,3"
15256,"2020-12-12",1990,1,150.16,1,1,2,"1,1,2"
10814,"2020-12-13",1989,1,67.09,1,1,1,"1,1,1"
7136,"2020-12-13",1989,1,136.34,1,2,2,"1,2,2"
6264,"2020-12-13",1989,1,16.33,1,2,1,"1,2,1"
13667,"2020-12-13",1989,2,681.72,1,4,5,"1,4,5"
15392,"2020-12-14",1988,1,101.21,1,2,2,"1,2,2"
9687,"2020-12-14",1988,1,432.65,1,2,5,"1,2,5"
14877,"2020-12-15",1987,2,304.69,1,4,4,"1,4,4"
13859,"2020-12-15",1987,1,70.64,1,1,1,"1,1,1"
11773,"2020-12-15",1987,1,170.01,1,1,3,"1,1,3"
478,"2020-12-16",1986,2,127.07,1,3,2,"1,3,2"
742,"2020-12-16",1986,1,8.68,1,1,1,"1,1,1"
2890,"2020-12-17",1985,1,106.94,1,2,2,"1,2,2"
4142,"2020-12-17",1985,1,55.71,1,1,1,"1,1,1"
357,"2020-12-17",1985,1,179.55,1,1,3,"1,1,3"
16085,"2020-12-17",1985,1,193.22,1,1,3,"1,1,3"
11723,"2020-12-17",1985,1,133.38,1,2,2,"1,2,2"
13855,"2020-12-18",1984,1,333.71,1,1,4,"1,1,4"
3254,"2020-12-18",1984,1,41.70,1,1,1,"1,1,1"
13345,"2020-12-19",1983,2,1014.66,1,4,5,"1,4,5"
8094,"2020-12-19",1983,1,230.87,1,1,3,"1,1,3"
1528,"2020-12-19",1983,1,81.51,1,2,2,"1,2,2"
14935,"2020-12-19",1983,1,6.18,1,2,1,"1,2,1"
15161,"2020-12-20",1982,1,364.67,1,1,4,"1,1,4"
16913,"2020-12-20",1982,2,430.77,1,4,5,"1,4,5"
1953,"2020-12-21",1981,1,228.00,1,1,3,"1,1,3"
19498,"2020-12-21",1981,1,24.47,1,2,1,"1,2,1"
10799,"2020-12-21",1981,1,37.65,1,2,1,"1,2,1"
7485,"2020-12-21",1981,1,179.17,1,1,3,"1,1,3"
2524,"2020-12-22",1980,2,95.17,1,3,2,"1,3,2"
3619,"2020-12-23",1979,1,153.11,1,1,3,"1,1,3"
3230,"2020-12-23",1979,1,279.07,1,1,4,"1,1,4"
4149,"2020-12-24",1978,1,773.79,1,2,5,"1,2,5"
140,"2020-12-24",1978,1,215.51,1,1,3,"1,1,3"
19113,"2020-12-25",1977,1,632.35,1,2,5,"1,2,5"
13984,"2020-12-25",1977,1,97.36,1,2,2,"1,2,2"
15355,"2020-12-25",1977,1,427.28,1,2,4,"1,2,4"
8756,"2020-12-25",1977,1,46.61,1,1,1,"1,1,1"
7853,"2020-12-25",1977,1,147.80,1,1,2,"1,1,2"
17153,"2020-12-26",1976,2,233.37,1,3,3,"1,3,3"
8193,"2020-12-26",1976,1,84.09,1,2,2,"1,2,2"
11349,"2020-12-26",1976,1,40.93,1,1,1,"1,1,1"
17201,"2020-12-27",1975,1,190.25,1,1,3,"1,1,3"
12792,"2020-12-27",1975,2,259.42,1,3,4,"1,3,4"
2052,"2020-12-27",1975,1,101.42,1,2,2,"1,2,2"
13746,"2020-12-27",1975,1,335.67,1,1,4,"1,1,4"
17988,"2020-12-28",1974,1,3.32,1,1,1,"1,1,1"
4154,"2020-12-29",1973,1,93.26,1,2,2,"1,2,2"
688,"2020-12-29",1973,1,46.29,1,1,1,"1,1,1"
3825,"2020-12-30",1972,1,35.60,1,2,1,"1,2,1"
18384,"2020-12-30",1972,1,61.82,1,1,1,"1,1,1"
7555,"2020-12-31",1971,1,110.69,1,2,2,"1,2,2"
9977,"2021-01-01",1970,1,76.04,1,2,2,"1,2,2"
16873,"2021-01-01",1970,1,81.16,1,2,2,"1,2,2"
4393,"2021-01-01",1970,1,193.13,1,1,3,"1,1,3"
19799,"2021-01-01",1970,2,82.52,1,3,2,"1,3,2"
3575,"2021-01-01",1970,1,13.00,1,1,1,"1,1,1"
1059,"2021-01-01",1970,1,240.35,1,1,3,"1,1,3"
8331,"2021-01-02",1969,1,59.85,1,1,1,"1,1,1"
1710,"2021-01-02",1969,2,298.02,1,4,4,"1,4,4"
8033,"2021-01-03",1968,1,169.19,1,1,3,"1,1,3"
15611,"2021-01-03",1968,1,61.55,1,1,1,"1,1,1"
14335,"2021-01-03",1968,1,104.36,1,2,2,"1,2,2"
16067,"2021-01-03",1968,2,260.07,1,3,4,"1,3,4"
3622,"2021-01-04",1967,1,6.82,1,2,1,"1,2,1"
19289,"2021-01-04",1967,1,609.85,1,2,5,"1,2,5"
1501,"2021-01-04",1967,1,144.46,1,1,2,"1,1,2"
13189,"2021-01-04",1967,1,27.53,1,2,1,"1,2,1"
1721,"2021-01-04",1967,2,79.78,1,3,2,"1,3,2"
16125,"2021-01-04",1967,1,91.43,1,2,2,"1,2,2"
9930,"2021-01-04",1967,1,105.35,1,2,2,"1,2,2"
1974,"2021-01-05",1966,1,268.20,1,1,4,"1,1,4"
15201,"2021-01-05",1966,2,446.52,1,4,5,"1,4,5"
2280,"2021-01-05",1966,1,162.22,1,1,3,"1,1,3"
5161,"2021-01-05",1966,1,126.55,1,2,2,"1,2,2"
2837,"2021-01-06",1965,1,8.50,1,1,1,"1,1,1"
19994,"2021-01-06",1965,1,263.30,1,1,4,"1,1,4"
632,"2021-01-07",1964,3,611.69,1,4,5,"1,4,5"
12289,"2021-01-08",1963,1,108.86,1,2,2,"1,2,2"
19474,"2021-01-08",1963,2,119.79,1,3,2,"1,3,2"
14172,"2021-01-08",1963,1,59.92,1,1,1,"1,1,1"
11123,"2021-01-08",1963,1,298.51,1,1,4,"1,1,4"
987,"2021-01-08",1963,1,15.19,1,2,1,"1,2,1"
15793,"2021-01-08",1963,1,279.83,1,1,4,"1,1,4"
16942,"2021-01-09",1962,1,215.12,1,1,3,"1,1,3"
8014,"2021-01-09",1962,3,642.77,1,4,5,"1,4,5"
17548,"2021-01-09",1962,1,308.97,1,1,4,"1,1,4"
10438,"2021-01-10",1961,2,122.67,1,3,2,"1,3,2"
17364,"2021-01-10",1961,3,467.83,1,5,5,"1,5,5"
18840,"2021-01-10",1961,1,119.71,1,2,2,"1,2,2"
5267,"2021-01-11",1960,1,45.25,1,1,1,"1,1,1"
11763,"2021-01-11",1960,1,68.26,1,1,1,"1,1,1"
8426,"2021-01-11",1960,1,28.92,1,2,1,"1,2,1"
4148,"2021-01-11",1960,1,9.58,1,1,1,"1,1,1"
16702,"2021-01-12",1959,1,4.30,1,2,1,"1,2,1"
19284,"2021-01-12",1959,1,87.97,1,2,2,"1,2,2"
4897,"2021-01-12",1959,1,144.75,1,1,2,"1,1,2"
10900,"2021-01-12",1959,1,37.23,1,2,1,"1,2,1"
11976,"2021-01-13",1958,2,179.77,1,3,3,"1,3,3"
11130,"2021-01-14",1957,1,182.13,1,1,3,"1,1,3"
9748,"2021-01-14",1957,3,345.35,1,5,4,"1,5,4"
18093,"2021-01-15",1956,2,669.14,1,4,5,"1,4,5"
7115,"2021-01-15",1956,2,968.69,1,4,5,"1,4,5"
5144,"2021-01-15",1956,1,378.55,1,1,4,"1,1,4"
7427,"2021-01-16",1955,2,89.10,1,3,2,"1,3,2"
8302,"2021-01-16",1955,2,89.29,1,3,2,"1,3,2"
8364,"2021-01-17",1954,1,32.30,1,2,1,"1,2,1"
15565,"2021-01-17",1954,1,16.82,1,2,1,"1,2,1"
10902,"2021-01-17",1954,1,59.78,1,1,1,"1,1,1"
7323,"2021-01-18",1953,1,27.22,1,2,1,"1,2,1"
9188,"2021-01-18",1953,1,169.74,1,1,3,"1,1,3"
13956,"2021-01-18",1953,1,263.27,1,1,4,"1,1,4"
8326,"2021-01-18",1953,1,14.71,1,1,1,"1,1,1"
5295,"2021-01-18",1953,1,85.42,1,2,2,"1,2,2"
11379,"2021-01-19",1952,1,33.76,1,2,1,"1,2,1"
19564,"2021-01-19",1952,2,688.11,1,4,5,"1,4,5"
14914,"2021-01-19",1952,1,138.88,1,2,2,"1,2,2"
726,"2021-01-19",1952,1,75.93,1,2,2,"1,2,2"
19517,"2021-01-20",1951,2,241.33,1,3,3,"1,3,3"
3864,"2021-01-20",1951,1,158.58,1,1,3,"1,1,3"
11567,"2021-01-20",1951,1,108.09,1,2,2,"1,2,2"
16017,"2021-01-20",1951,1,279.47,1,1,4,"1,1,4"
14342,"2021-01-20",1951,1,25.98,1,2,1,"1,2,1"
4611,"2021-01-20",1951,2,289.94,1,4,4,"1,4,4"
6960,"2021-01-21",1950,1,6.61,1,2,1,"1,2,1"
2873,"2021-01-21",1950,1,167.99,1,1,3,"1,1,3"
11105,"2021-01-21",1950,1,77.58,1,2,2,"1,2,2"
16806,"2021-01-21",1950,1,480.35,1,2,5,"1,2,5"
4234,"2021-01-22",1949,2,140.48,1,3,2,"1,3,2"
9613,"2021-01-22",1949,1,83.30,1,2,2,"1,2,2"
11986,"2021-01-22",1949,2,209.91,1,3,3,"1,3,3"
16322,"2021-01-22",1949,1,44.91,1,1,1,"1,1,1"
17031,"2021-01-23",1948,2,176.51,1,3,3,"1,3,3"
6167,"2021-01-23",1948,2,324.14,1,4,4,"1,4,4"
10212,"2021-01-23",1948,1,78.93,1,2,2,"1,2,2"
16530,"2021-01-23",1948,1,64.57,1,1,1,"1,1,1"
5646,"2021-01-24",1947,1,47.55,1,1,1,"1,1,1"
201,"2021-01-24",1947,1,138.19,1,2,2,"1,2,2"
12606,"2021-01-24",1947,1,18.56,1,2,1,"1,2,1"
11156,"2021-01-25",1946,1,135.14,1,2,2,"1,2,2"
11447,"2021-01-25",1946,1,176.97,1,1,3,"1,1,3"
17314,"2021-01-25",1946,1,56.60,1,1,1,"1,1,1"
11375,"2021-01-25",1946,1,24.63,1,2,1,"1,2,1"
4010,"2021-01-25",1946,1,392.73,1,1,4,"1,1,4"
10369,"2021-01-25",1946,1,70.34,1,1,1,"1,1,1"
7200,"2021-01-26",1945,1,88.18,1,2,2,"1,2,2"
10453,"2021-01-26",1945,1,11.92,1,1,1,"1,1,1"
9631,"2021-01-26",1945,2,76.19,1,3,2,"1,3,2"
1505,"2021-01-26",1945,2,86.92,1,3,2,"1,3,2"
207,"2021-01-26",1945,2,335.36,1,4,4,"1,4,4"
9898,"2021-01-26",1945,1,82.07,1,2,2,"1,2,2"
5360,"2021-01-26",1945,1,207.40,1,1,3,"1,1,3"
7699,"2021-01-26",1945,1,76.32,1,2,2,"1,2,2"
12261,"2021-01-26",1945,2,150.80,1,3,2,"1,3,2"
3432,"2021-01-26",1945,1,6.21,1,2,1,"1,2,1"
13844,"2021-01-27",1944,1,133.66,1,2,2,"1,2,2"
11700,"2021-01-27",1944,2,304.10,1,4,4,"1,4,4"
16929,"2021-01-27",1944,1,138.12,1,2,2,"1,2,2"
12069,"2021-01-27",1944,1,79.54,1,2,2,"1,2,2"
5113,"2021-01-27",1944,1,83.73,1,2,2,"1,2,2"
13829,"2021-01-28",1943,1,166.10,1,1,3,"1,1,3"
15763,"2021-01-28",1943,1,44.88,1,1,1,"1,1,1"
14676,"2021-01-28",1943,1,48.40,1,1,1,"1,1,1"
2408,"2021-01-29",1942,2,158.14,1,3,3,"1,3,3"
15159,"2021-01-29",1942,1,99.09,1,2,2,"1,2,2"
3459,"2021-01-29",1942,1,425.74,1,2,4,"1,2,4"
8158,"2021-01-30",1941,1,248.34,1,1,3,"1,1,3"
5103,"2021-01-30",1941,2,281.19,1,3,4,"1,3,4"
9956,"2021-01-30",1941,2,63.95,1,3,1,"1,3,1"
8743,"2021-01-31",1940,1,46.66,1,1,1,"1,1,1"
7301,"2021-01-31",1940,1,9.20,1,1,1,"1,1,1"
15248,"2021-01-31",1940,2,347.02,1,4,4,"1,4,4"
3047,"2021-01-31",1940,1,274.44,1,1,4,"1,1,4"
17515,"2021-02-01",1939,2,275.35,1,3,4,"1,3,4"
7209,"2021-02-01",1939,1,8.68,1,1,1,"1,1,1"
15672,"2021-02-01",1939,1,9.69,1,1,1,"1,1,1"
7607,"2021-02-01",1939,1,235.22,1,1,3,"1,1,3"
19787,"2021-02-01",1939,1,104.25,1,2,2,"1,2,2"
8296,"2021-02-02",1938,1,33.14,1,2,1,"1,2,1"
2687,"2021-02-02",1938,1,99.40,1,2,2,"1,2,2"
1287,"2021-02-02",1938,1,21.77,1,2,1,"1,2,1"
10490,"2021-02-02",1938,2,66.21,1,3,1,"1,3,1"
579,"2021-02-02",1938,1,24.47,1,2,1,"1,2,1"
15038,"2021-02-02",1938,2,140.39,1,3,2,"1,3,2"
5612,"2021-02-02",1938,1,112.75,1,2,2,"1,2,2"
310,"2021-02-04",1936,2,171.87,1,3,3,"1,3,3"
10921,"2021-02-04",1936,1,21.77,1,2,1,"1,2,1"
12986,"2021-02-04",1936,1,18.98,1,2,1,"1,2,1"
9131,"2021-02-04",1936,1,186.94,1,1,3,"1,1,3"
10391,"2021-02-04",1936,1,30.13,1,2,1,"1,2,1"
13097,"2021-02-05",1935,2,751.71,1,4,5,"1,4,5"
1318,"2021-02-05",1935,1,167.56,1,1,3,"1,1,3"
16252,"2021-02-05",1935,1,209.44,1,1,3,"1,1,3"
17895,"2021-02-05",1935,2,199.83,1,3,3,"1,3,3"
12039,"2021-02-06",1934,1,117.79,1,2,2,"1,2,2"
14387,"2021-02-06",1934,1,91.50,1,2,2,"1,2,2"
2905,"2021-02-06",1934,1,34.33,1,2,1,"1,2,1"
18278,"2021-02-06",1934,1,156.79,1,1,3,"1,1,3"
19163,"2021-02-06",1934,1,200.00,1,1,3,"1,1,3"
1622,"2021-02-07",1933,1,44.80,1,1,1,"1,1,1"
3761,"2021-02-07",1933,1,423.98,1,2,4,"1,2,4"
8537,"2021-02-07",1933,1,102.34,1,2,2,"1,2,2"
12933,"2021-02-08",1932,2,425.43,1,4,4,"1,4,4"
14839,"2021-02-08",1932,2,260.68,1,3,4,"1,3,4"
4020,"2021-02-08",1932,1,359.00,1,1,4,"1,1,4"
5203,"2021-02-08",1932,1,38.79,1,2,1,"1,2,1"
6950,"2021-02-08",1932,2,190.95,1,3,3,"1,3,3"
2673,"2021-02-09",1931,1,32.90,1,2,1,"1,2,1"
15020,"2021-02-09",1931,1,115.51,1,2,2,"1,2,2"
1857,"2021-02-09",1931,1,19.15,1,2,1,"1,2,1"
8232,"2021-02-09",1931,1,10.34,1,1,1,"1,1,1"
18018,"2021-02-10",1930,1,248.72,1,1,3,"1,1,3"
19351,"2021-02-10",1930,1,15.98,1,2,1,"1,2,1"
672,"2021-02-10",1930,1,127.01,1,2,2,"1,2,2"
15521,"2021-02-10",1930,1,106.94,1,2,2,"1,2,2"
17381,"2021-02-10",1930,2,978.35,1,4,5,"1,4,5"
5315,"2021-02-11",1929,1,101.85,1,2,2,"1,2,2"
15288,"2021-02-11",1929,1,49.52,1,1,1,"1,1,1"
2245,"2021-02-11",1929,1,121.72,1,2,2,"1,2,2"
18011,"2021-02-11",1929,1,249.84,1,1,3,"1,1,3"
18814,"2021-02-11",1929,1,63.55,1,1,1,"1,1,1"
6227,"2021-02-11",1929,1,112.95,1,2,2,"1,2,2"
15778,"2021-02-11",1929,1,219.14,1,1,3,"1,1,3"
11266,"2021-02-11",1929,1,86.14,1,2,2,"1,2,2"
10703,"2021-02-11",1929,1,231.03,1,1,3,"1,1,3"
1272,"2021-02-12",1928,1,333.63,1,1,4,"1,1,4"
191,"2021-02-12",1928,1,30.64,1,2,1,"1,2,1"
5004,"2021-02-12",1928,1,103.38,1,2,2,"1,2,2"
14271,"2021-02-12",1928,1,816.43,1,2,5,"1,2,5"
18152,"2021-02-12",1928,1,46.70,1,1,1,"1,1,1"
10992,"2021-02-12",1928,1,327.73,1,1,4,"1,1,4"
4993,"2021-02-12",1928,3,329.50,1,5,4,"1,5,4"
243,"2021-02-12",1928,1,233.70,1,1,3,"1,1,3"
2598,"2021-02-12",1928,1,117.99,1,2,2,"1,2,2"
18095,"2021-02-13",1927,1,3.82,1,2,1,"1,2,1"
14724,"2021-02-13",1927,1,167.70,1,1,3,"1,1,3"
5691,"2021-02-13",1927,1,37.15,1,2,1,"1,2,1"
19810,"2021-02-13",1927,2,114.65,1,3,2,"1,3,2"
19212,"2021-02-13",1927,2,508.66,1,4,5,"1,4,5"
12367,"2021-02-13",1927,1,82.00,1,2,2,"1,2,2"
14113,"2021-02-13",1927,1,24.28,1,2,1,"1,2,1"
18722,"2021-02-13",1927,1,58.07,1,1,1,"1,1,1"
16112,"2021-02-13",1927,1,111.30,1,2,2,"1,2,2"
2566,"2021-02-14",1926,1,447.35,1,2,5,"1,2,5"
3770,"2021-02-14",1926,1,8.82,1,1,1,"1,1,1"
3887,"2021-02-14",1926,1,139.25,1,2,2,"1,2,2"
9236,"2021-02-15",1925,2,228.60,1,3,3,"1,3,3"
11462,"2021-02-15",1925,1,61.38,1,1,1,"1,1,1"
5455,"2021-02-15",1925,1,279.24,1,1,4,"1,1,4"
1269,"2021-02-15",1925,2,84.37,1,3,2,"1,3,2"
5823,"2021-02-16",1924,1,25.73,1,2,1,"1,2,1"
18713,"2021-02-16",1924,1,60.64,1,1,1,"1,1,1"
3794,"2021-02-16",1924,1,24.47,1,2,1,"1,2,1"
13376,"2021-02-16",1924,1,115.11,1,2,2,"1,2,2"
14655,"2021-02-17",1923,1,147.22,1,1,2,"1,1,2"
2669,"2021-02-17",1923,1,165.78,1,1,3,"1,1,3"
7479,"2021-02-17",1923,1,169.82,1,1,3,"1,1,3"
18208,"2021-02-18",1922,1,37.23,1,2,1,"1,2,1"
15431,"2021-02-18",1922,1,242.45,1,1,3,"1,1,3"
14597,"2021-02-18",1922,1,253.72,1,1,3,"1,1,3"
2388,"2021-02-18",1922,1,43.68,1,1,1,"1,1,1"
11590,"2021-02-18",1922,1,59.86,1,1,1,"1,1,1"
12104,"2021-02-19",1921,2,359.04,1,4,4,"1,4,4"
7021,"2021-02-19",1921,2,263.44,1,3,4,"1,3,4"
13551,"2021-02-19",1921,2,132.14,1,3,2,"1,3,2"
14161,"2021-02-19",1921,2,175.81,1,3,3,"1,3,3"
8567,"2021-02-19",1921,2,323.89,1,4,4,"1,4,4"
4236,"2021-02-19",1921,2,320.10,1,4,4,"1,4,4"
7423,"2021-02-20",1920,1,17.37,1,2,1,"1,2,1"
9383,"2021-02-20",1920,1,128.56,1,2,2,"1,2,2"
6481,"2021-02-21",1919,1,71.07,1,1,1,"1,1,1"
4644,"2021-02-21",1919,2,244.45,1,3,3,"1,3,3"
7270,"2021-02-22",1918,1,37.79,1,2,1,"1,2,1"
16861,"2021-02-22",1918,1,69.69,1,1,1,"1,1,1"
6783,"2021-02-22",1918,2,292.75,1,4,4,"1,4,4"
17458,"2021-02-22",1918,2,279.69,1,3,4,"1,3,4"
12445,"2021-02-23",1917,1,232.46,1,1,3,"1,1,3"
17457,"2021-02-24",1916,1,33.47,1,2,1,"1,2,1"
18963,"2021-02-24",1916,1,6.03,1,2,1,"1,2,1"
11343,"2021-02-24",1916,1,62.90,1,1,1,"1,1,1"
1749,"2021-02-24",1916,1,259.72,1,1,4,"1,1,4"
9219,"2021-02-24",1916,2,416.55,1,4,4,"1,4,4"
5223,"2021-02-24",1916,2,51.44,1,2,1,"1,2,1"
16876,"2021-02-25",1915,1,133.12,1,2,2,"1,2,2"
19376,"2021-02-25",1915,1,107.40,1,2,2,"1,2,2"
14290,"2021-02-25",1915,1,56.23,1,1,1,"1,1,1"
13288,"2021-02-25",1915,2,517.93,1,4,5,"1,4,5"
3539,"2021-02-25",1915,1,213.06,1,1,3,"1,1,3"
18559,"2021-02-26",1914,1,101.89,1,2,2,"1,2,2"
5608,"2021-02-26",1914,2,282.87,1,3,4,"1,3,4"
15419,"2021-02-26",1914,2,506.78,1,4,5,"1,4,5"
13070,"2021-02-26",1914,1,152.32,1,1,3,"1,1,3"
14201,"2021-02-28",1912,1,39.23,1,2,1,"1,2,1"
19179,"2021-02-28",1912,1,161.43,1,1,3,"1,1,3"
12408,"2021-03-01",1911,1,31.66,1,2,1,"1,2,1"
19123,"2021-03-01",1911,2,218.51,1,3,3,"1,3,3"
17186,"2021-03-01",1911,1,47.99,1,1,1,"1,1,1"
11278,"2021-03-01",1911,1,53.60,1,1,1,"1,1,1"
18268,"2021-03-02",1910,2,553.74,1,4,5,"1,4,5"
14602,"2021-03-02",1910,1,58.84,1,1,1,"1,1,1"
6998,"2021-03-02",1910,1,40.32,1,1,1,"1,1,1"
16028,"2021-03-03",1909,1,38.75,1,2,1,"1,2,1"
15689,"2021-03-03",1909,1,21.32,1,2,1,"1,2,1"
755,"2021-03-03",1909,1,10.38,1,1,1,"1,1,1"
1507,"2021-03-03",1909,2,480.36,1,4,5,"1,4,5"
18806,"2021-03-03",1909,1,103.50,1,2,2,"1,2,2"
9136,"2021-03-03",1909,1,301.60,1,1,4,"1,1,4"
14892,"2021-03-03",1909,1,8.85,1,1,1,"1,1,1"
19322,"2021-03-03",1909,1,130.68,1,2,2,"1,2,2"
7359,"2021-03-04",1908,1,11.67,1,1,1,"1,1,1"
5129,"2021-03-04",1908,1,16.72,1,2,1,"1,2,1"
18445,"2021-03-05",1907,2,79.59,1,3,2,"1,3,2"
6916,"2021-03-05",1907,2,139.85,1,3,2,"1,3,2"
17894,"2021-03-05",1907,1,77.09,1,2,2,"1,2,2"
10797,"2021-03-06",1906,1,175.68,1,1,3,"1,1,3"
12708,"2021-03-06",1906,1,71.15,1,1,1,"1,1,1"
3066,"2021-03-06",1906,2,234.85,1,3,3,"1,3,3"
17985,"2021-03-06",1906,2,436.60,1,4,5,"1,4,5"
9772,"2021-03-07",1905,1,56.13,1,1,1,"1,1,1"
6971,"2021-03-07",1905,1,115.67,1,2,2,"1,2,2"
15171,"2021-03-07",1905,1,167.88,1,1,3,"1,1,3"
8270,"2021-03-09",1903,1,72.18,1,1,1,"1,1,1"
3043,"2021-03-09",1903,2,177.33,1,3,3,"1,3,3"
5280,"2021-03-09",1903,3,705.50,1,5,5,"1,5,5"
2910,"2021-03-09",1903,2,104.07,1,3,2,"1,3,2"
3749,"2021-03-09",1903,2,122.91,1,3,2,"1,3,2"
4949,"2021-03-10",1902,1,28.89,1,2,1,"1,2,1"
7686,"2021-03-10",1902,1,66.34,1,1,1,"1,1,1"
14264,"2021-03-10",1902,1,104.46,1,2,2,"1,2,2"
10420,"2021-03-10",1902,2,682.45,1,4,5,"1,4,5"
12660,"2021-03-10",1902,2,403.12,1,4,4,"1,4,4"
3134,"2021-03-11",1901,1,148.22,1,1,2,"1,1,2"
9307,"2021-03-11",1901,1,174.39,1,1,3,"1,1,3"
13020,"2021-03-11",1901,1,840.49,1,2,5,"1,2,5"
10676,"2021-03-11",1901,1,475.22,1,2,5,"1,2,5"
1559,"2021-03-11",1901,2,183.91,1,3,3,"1,3,3"
12578,"2021-03-11",1901,1,192.35,1,1,3,"1,1,3"
17522,"2021-03-11",1901,1,68.67,1,1,1,"1,1,1"
16373,"2021-03-12",1900,1,85.16,1,2,2,"1,2,2"
396,"2021-03-12",1900,1,5.93,1,2,1,"1,2,1"
576,"2021-03-12",1900,1,93.06,1,2,2,"1,2,2"
2138,"2021-03-12",1900,2,88.13,1,3,2,"1,3,2"
11882,"2021-03-13",1899,1,67.11,1,1,1,"1,1,1"
796,"2021-03-13",1899,2,99.18,1,3,2,"1,3,2"
8301,"2021-03-13",1899,2,179.82,1,3,3,"1,3,3"
12665,"2021-03-13",1899,1,223.67,1,1,3,"1,1,3"
18530,"2021-03-13",1899,1,59.34,1,1,1,"1,1,1"
1050,"2021-03-14",1898,2,648.81,1,4,5,"1,4,5"
17038,"2021-03-14",1898,1,56.76,1,1,1,"1,1,1"
7346,"2021-03-14",1898,1,258.89,1,1,4,"1,1,4"
5780,"2021-03-14",1898,2,47.09,1,2,1,"1,2,1"
3323,"2021-03-14",1898,1,37.97,1,2,1,"1,2,1"
14042,"2021-03-14",1898,1,82.91,1,2,2,"1,2,2"
10478,"2021-03-15",1897,1,34.18,1,2,1,"1,2,1"
192,"2021-03-15",1897,1,106.40,1,2,2,"1,2,2"
4481,"2021-03-15",1897,1,193.85,1,1,3,"1,1,3"
14685,"2021-03-15",1897,1,36.70,1,2,1,"1,2,1"
10835,"2021-03-15",1897,1,34.00,1,2,1,"1,2,1"
3492,"2021-03-15",1897,2,266.51,1,3,4,"1,3,4"
13351,"2021-03-15",1897,1,180.97,1,1,3,"1,1,3"
1462,"2021-03-16",1896,1,109.86,1,2,2,"1,2,2"
11081,"2021-03-16",1896,1,35.10,1,2,1,"1,2,1"
13512,"2021-03-16",1896,2,138.79,1,3,2,"1,3,2"
6048,"2021-03-16",1896,1,194.74,1,1,3,"1,1,3"
9034,"2021-03-16",1896,1,84.06,1,2,2,"1,2,2"
6376,"2021-03-17",1895,2,116.31,1,3,2,"1,3,2"
7741,"2021-03-17",1895,3,219.18,1,5,3,"1,5,3"
19109,"2021-03-17",1895,2,316.04,1,4,4,"1,4,4"
16895,"2021-03-17",1895,2,453.18,1,4,5,"1,4,5"
13795,"2021-03-17",1895,1,7.06,1,1,1,"1,1,1"
3331,"2021-03-17",1895,1,41.27,1,1,1,"1,1,1"
18084,"2021-03-17",1895,2,124.81,1,3,2,"1,3,2"
3319,"2021-03-18",1894,1,50.14,1,1,1,"1,1,1"
14352,"2021-03-18",1894,2,187.24,1,3,3,"1,3,3"
8719,"2021-03-18",1894,2,43.05,1,2,1,"1,2,1"
15519,"2021-03-18",1894,3,495.72,1,5,5,"1,5,5"
16960,"2021-03-18",1894,2,261.17,1,3,4,"1,3,4"
943,"2021-03-18",1894,1,51.99,1,1,1,"1,1,1"
11354,"2021-03-18",1894,1,100.88,1,2,2,"1,2,2"
12826,"2021-03-19",1893,1,7.47,1,1,1,"1,1,1"
1800,"2021-03-19",1893,1,27.60,1,2,1,"1,2,1"
10363,"2021-03-19",1893,2,114.22,1,3,2,"1,3,2"
17747,"2021-03-19",1893,1,10.92,1,1,1,"1,1,1"
2294,"2021-03-19",1893,1,305.65,1,1,4,"1,1,4"
8682,"2021-03-20",1892,1,36.06,1,2,1,"1,2,1"
6809,"2021-03-20",1892,1,21.08,1,2,1,"1,2,1"
10557,"2021-03-20",1892,2,253.22,1,3,3,"1,3,3"
14130,"2021-03-20",1892,1,128.54,1,2,2,"1,2,2"
999,"2021-03-20",1892,1,305.88,1,1,4,"1,1,4"
10910,"2021-03-20",1892,1,76.64,1,2,2,"1,2,2"
17430,"2021-03-21",1891,1,73.39,1,1,1,"1,1,1"
16586,"2021-03-21",1891,1,88.32,1,2,2,"1,2,2"
6941,"2021-03-21",1891,1,381.34,1,1,4,"1,1,4"
7908,"2021-03-22",1890,1,198.90,1,1,3,"1,1,3"
9649,"2021-03-22",1890,2,286.40,1,4,4,"1,4,4"
1565,"2021-03-23",1889,1,245.34,1,1,3,"1,1,3"
10041,"2021-03-23",1889,2,268.51,1,3,4,"1,3,4"
5699,"2021-03-25",1887,2,693.53,1,4,5,"1,4,5"
10793,"2021-03-25",1887,2,96.33,1,3,2,"1,3,2"
19769,"2021-03-25",1887,2,410.36,1,4,4,"1,4,4"
3268,"2021-03-26",1886,1,24.00,1,2,1,"1,2,1"
6370,"2021-03-26",1886,1,27.91,1,2,1,"1,2,1"
15765,"2021-03-26",1886,1,39.71,1,1,1,"1,1,1"
10460,"2021-03-26",1886,1,37.57,1,2,1,"1,2,1"
17471,"2021-03-27",1885,2,88.26,1,3,2,"1,3,2"
14067,"2021-03-27",1885,2,111.88,1,3,2,"1,3,2"
902,"2021-03-27",1885,1,54.98,1,1,1,"1,1,1"
11387,"2021-03-27",1885,2,488.67,1,4,5,"1,4,5"
15397,"2021-03-27",1885,1,56.86,1,1,1,"1,1,1"
442,"2021-03-27",1885,1,43.85,1,1,1,"1,1,1"
14461,"2021-03-28",1884,1,6.72,1,2,1,"1,2,1"
15775,"2021-03-28",1884,1,107.00,1,2,2,"1,2,2"
10237,"2021-03-28",1884,1,164.45,1,1,3,"1,1,3"
15804,"2021-03-28",1884,3,380.82,1,5,4,"1,5,4"
1420,"2021-03-28",1884,1,95.05,1,2,2,"1,2,2"
2349,"2021-03-28",1884,1,328.83,1,1,4,"1,1,4"
17840,"2021-03-28",1884,1,427.90,1,2,4,"1,2,4"
17392,"2021-03-29",1883,1,268.95,1,1,4,"1,1,4"
10195,"2021-03-29",1883,2,195.15,1,3,3,"1,3,3"
18900,"2021-03-29",1883,1,52.06,1,1,1,"1,1,1"
12115,"2021-03-29",1883,1,41.13,1,1,1,"1,1,1"
4912,"2021-03-30",1882,1,143.62,1,2,2,"1,2,2"
8754,"2021-03-31",1881,1,7.97,1,1,1,"1,1,1"
9180,"2021-03-31",1881,1,71.89,1,1,1,"1,1,1"
10732,"2021-03-31",1881,2,156.49,1,3,3,"1,3,3"
5501,"2021-03-31",1881,2,524.29,1,4,5,"1,4,5"
9106,"2021-03-31",1881,1,467.72,1,2,5,"1,2,5"
16365,"2021-03-31",1881,1,136.98,1,2,2,"1,2,2"
19707,"2021-03-31",1881,1,7.41,1,1,1,"1,1,1"
3823,"2021-03-31",1881,1,771.94,1,2,5,"1,2,5"
16144,"2021-04-01",1880,1,61.95,1,1,1,"1,1,1"
9565,"2021-04-01",1880,1,358.71,1,1,4,"1,1,4"
2117,"2021-04-01",1880,1,170.62,1,1,3,"1,1,3"
5987,"2021-04-01",1880,2,676.71,1,4,5,"1,4,5"
16815,"2021-04-01",1880,1,29.62,1,2,1,"1,2,1"
10166,"2021-04-01",1880,1,19.46,1,2,1,"1,2,1"
1511,"2021-04-01",1880,1,96.44,1,2,2,"1,2,2"
3408,"2021-04-02",1879,1,25.73,1,2,1,"1,2,1"
8312,"2021-04-02",1879,1,132.06,1,2,2,"1,2,2"
11541,"2021-04-02",1879,4,231.45,1,5,3,"1,5,3"
5538,"2021-04-02",1879,1,180.17,1,1,3,"1,1,3"
7933,"2021-04-03",1878,1,53.88,1,1,1,"1,1,1"
11618,"2021-04-03",1878,1,754.96,1,2,5,"1,2,5"
50,"2021-04-03",1878,1,186.60,1,1,3,"1,1,3"
18229,"2021-04-04",1877,1,38.20,1,2,1,"1,2,1"
18975,"2021-04-05",1876,1,66.01,1,1,1,"1,1,1"
18739,"2021-04-05",1876,1,391.93,1,1,4,"1,1,4"
12304,"2021-04-07",1874,1,21.26,1,2,1,"1,2,1"
11520,"2021-04-07",1874,1,128.33,1,2,2,"1,2,2"
19117,"2021-04-07",1874,2,384.63,1,4,4,"1,4,4"
18499,"2021-04-07",1874,2,107.49,1,3,2,"1,3,2"
9445,"2021-04-08",1873,2,352.20,1,4,4,"1,4,4"
4490,"2021-04-08",1873,2,90.07,1,3,2,"1,3,2"
19672,"2021-04-08",1873,2,112.37,1,3,2,"1,3,2"
9332,"2021-04-08",1873,1,45.18,1,1,1,"1,1,1"
6142,"2021-04-08",1873,1,37.11,1,2,1,"1,2,1"
11307,"2021-04-09",1872,1,27.45,1,2,1,"1,2,1"
19211,"2021-04-09",1872,1,104.98,1,2,2,"1,2,2"
19382,"2021-04-10",1871,1,72.65,1,1,1,"1,1,1"
8040,"2021-04-10",1871,1,173.31,1,1,3,"1,1,3"
14522,"2021-04-10",1871,1,270.26,1,1,4,"1,1,4"
6478,"2021-04-10",1871,1,77.83,1,2,2,"1,2,2"
8282,"2021-04-11",1870,1,123.51,1,2,2,"1,2,2"
3030,"2021-04-11",1870,2,150.04,1,3,2,"1,3,2"
6295,"2021-04-11",1870,1,36.70,1,2,1,"1,2,1"
12543,"2021-04-11",1870,2,190.78,1,3,3,"1,3,3"
18767,"2021-04-11",1870,1,243.51,1,1,3,"1,1,3"
1461,"2021-04-12",1869,1,169.54,1,1,3,"1,1,3"
1337,"2021-04-12",1869,1,76.66,1,2,2,"1,2,2"
6964,"2021-04-12",1869,1,60.79,1,1,1,"1,1,1"
6285,"2021-04-12",1869,1,106.43,1,2,2,"1,2,2"
12838,"2021-04-12",1869,1,65.56,1,1,1,"1,1,1"
5535,"2021-04-12",1869,1,116.75,1,2,2,"1,2,2"
9873,"2021-04-12",1869,1,121.73,1,2,2,"1,2,2"
4591,"2021-04-13",1868,1,45.78,1,1,1,"1,1,1"
16302,"2021-04-13",1868,1,17.42,1,2,1,"1,2,1"
3474,"2021-04-13",1868,2,84.03,1,3,2,"1,3,2"
10630,"2021-04-13",1868,2,104.87,1,3,2,"1,3,2"
9767,"2021-04-13",1868,1,221.30,1,1,3,"1,1,3"
11007,"2021-04-13",1868,1,180.28,1,1,3,"1,1,3"
14690,"2021-04-14",1867,2,281.70,1,3,4,"1,3,4"
770,"2021-04-14",1867,1,180.45,1,1,3,"1,1,3"
5678,"2021-04-14",1867,1,105.20,1,2,2,"1,2,2"
2955,"2021-04-14",1867,1,314.93,1,1,4,"1,1,4"
3343,"2021-04-14",1867,2,379.84,1,4,4,"1,4,4"
18855,"2021-04-15",1866,1,138.27,1,2,2,"1,2,2"
11867,"2021-04-15",1866,1,146.24,1,1,2,"1,1,2"
7524,"2021-04-15",1866,1,202.48,1,1,3,"1,1,3"
17161,"2021-04-15",1866,1,54.63,1,1,1,"1,1,1"
17629,"2021-04-15",1866,1,28.60,1,2,1,"1,2,1"
815,"2021-04-15",1866,1,201.06,1,1,3,"1,1,3"
1634,"2021-04-16",1865,1,162.22,1,1,3,"1,1,3"
2608,"2021-04-16",1865,2,405.15,1,4,4,"1,4,4"
6070,"2021-04-16",1865,1,7.82,1,1,1,"1,1,1"
15107,"2021-04-17",1864,1,16.87,1,2,1,"1,2,1"
650,"2021-04-17",1864,1,79.62,1,2,2,"1,2,2"
19908,"2021-04-17",1864,1,79.83,1,2,2,"1,2,2"
7565,"2021-04-17",1864,2,90.64,1,3,2,"1,3,2"
12706,"2021-04-17",1864,1,5.66,1,2,1,"1,2,1"
3378,"2021-04-18",1863,1,4.22,1,2,1,"1,2,1"
5168,"2021-04-18",1863,2,292.12,1,4,4,"1,4,4"
8947,"2021-04-18",1863,1,20.42,1,2,1,"1,2,1"
5021,"2021-04-18",1863,1,283.94,1,1,4,"1,1,4"
6789,"2021-04-19",1862,2,191.04,1,3,3,"1,3,3"
6850,"2021-04-19",1862,1,184.61,1,1,3,"1,1,3"
6057,"2021-04-19",1862,1,40.58,1,1,1,"1,1,1"
1268,"2021-04-19",1862,1,28.89,1,2,1,"1,2,1"
17431,"2021-04-19",1862,1,122.20,1,2,2,"1,2,2"
14882,"2021-04-20",1861,1,42.18,1,1,1,"1,1,1"
15255,"2021-04-20",1861,1,280.94,1,1,4,"1,1,4"
13081,"2021-04-20",1861,2,110.69,1,3,2,"1,3,2"
10484,"2021-04-21",1860,2,281.13,1,3,4,"1,3,4"
11432,"2021-04-21",1860,1,284.73,1,1,4,"1,1,4"
18646,"2021-04-21",1860,3,1525.23,1,4,5,"1,4,5"
16367,"2021-04-21",1860,3,215.76,1,5,3,"1,5,3"
17376,"2021-04-22",1859,1,54.23,1,1,1,"1,1,1"
17094,"2021-04-22",1859,1,8.79,1,1,1,"1,1,1"
10311,"2021-04-22",1859,1,98.12,1,2,2,"1,2,2"
15189,"2021-04-22",1859,1,331.45,1,1,4,"1,1,4"
16924,"2021-04-23",1858,1,467.17,1,2,5,"1,2,5"
16419,"2021-04-23",1858,1,119.43,1,2,2,"1,2,2"
2826,"2021-04-23",1858,1,142.24,1,2,2,"1,2,2"
3403,"2021-04-23",1858,1,324.94,1,1,4,"1,1,4"
6400,"2021-04-23",1858,1,40.88,1,1,1,"1,1,1"
8111,"2021-04-23",1858,3,393.68,1,4,4,"1,4,4"
8653,"2021-04-24",1857,2,51.62,1,2,1,"1,2,1"
2396,"2021-04-24",1857,1,203.22,1,1,3,"1,1,3"
1039,"2021-04-24",1857,3,75.85,1,5,2,"1,5,2"
1709,"2021-04-24",1857,2,191.09,1,3,3,"1,3,3"
4440,"2021-04-24",1857,1,56.02,1,1,1,"1,1,1"
1920,"2021-04-24",1857,1,20.15,1,2,1,"1,2,1"
3573,"2021-04-24",1857,1,87.31,1,2,2,"1,2,2"
3534,"2021-04-24",1857,1,40.19,1,1,1,"1,1,1"
2542,"2021-04-24",1857,3,243.11,1,5,3,"1,5,3"
4941,"2021-04-25",1856,2,535.67,1,4,5,"1,4,5"
939,"2021-04-25",1856,1,172.71,1,1,3,"1,1,3"
9943,"2021-04-25",1856,1,12.02,1,1,1,"1,1,1"
16746,"2021-04-25",1856,1,41.61,1,1,1,"1,1,1"
5037,"2021-04-25",1856,3,267.16,1,4,4,"1,4,4"
17941,"2021-04-26",1855,1,208.35,1,1,3,"1,1,3"
2999,"2021-04-26",1855,2,312.56,1,4,4,"1,4,4"
6620,"2021-04-26",1855,1,18.77,1,2,1,"1,2,1"
18916,"2021-04-26",1855,1,432.87,1,2,5,"1,2,5"
6735,"2021-04-26",1855,1,93.20,1,2,2,"1,2,2"
10301,"2021-04-27",1854,1,331.73,1,1,4,"1,1,4"
11959,"2021-04-27",1854,1,54.14,1,1,1,"1,1,1"
10571,"2021-04-27",1854,1,130.25,1,2,2,"1,2,2"
8423,"2021-04-27",1854,1,207.77,1,1,3,"1,1,3"
9947,"2021-04-27",1854,1,65.27,1,1,1,"1,1,1"
4777,"2021-04-27",1854,1,83.09,1,2,2,"1,2,2"
16449,"2021-04-27",1854,1,260.46,1,1,4,"1,1,4"
17645,"2021-04-27",1854,1,21.48,1,2,1,"1,2,1"
17232,"2021-04-28",1853,2,114.65,1,3,2,"1,3,2"
5208,"2021-04-28",1853,1,173.75,1,1,3,"1,1,3"
12823,"2021-04-28",1853,1,85.79,1,2,2,"1,2,2"
7442,"2021-04-28",1853,1,14.76,1,1,1,"1,1,1"
12272,"2021-04-28",1853,1,20.19,1,2,1,"1,2,1"
14928,"2021-04-28",1853,2,184.34,1,3,3,"1,3,3"
1539,"2021-04-28",1853,3,558.66,1,4,5,"1,4,5"
13685,"2021-04-29",1852,2,166.74,1,3,3,"1,3,3"
1450,"2021-04-29",1852,1,50.49,1,1,1,"1,1,1"
3963,"2021-04-29",1852,1,32.47,1,2,1,"1,2,1"
17024,"2021-04-29",1852,1,227.17,1,1,3,"1,1,3"
5272,"2021-04-29",1852,1,245.94,1,1,3,"1,1,3"
15153,"2021-04-30",1851,2,539.53,1,4,5,"1,4,5"
15591,"2021-04-30",1851,2,297.83,1,4,4,"1,4,4"
2579,"2021-04-30",1851,2,98.00,1,3,2,"1,3,2"
15249,"2021-04-30",1851,1,125.26,1,2,2,"1,2,2"
3927,"2021-04-30",1851,2,147.12,1,3,2,"1,3,2"
6618,"2021-05-01",1850,1,9.35,1,1,1,"1,1,1"
15515,"2021-05-01",1850,1,163.74,1,1,3,"1,1,3"
19255,"2021-05-01",1850,1,310.94,1,1,4,"1,1,4"
2278,"2021-05-02",1849,1,74.96,1,2,2,"1,2,2"
19796,"2021-05-02",1849,2,79.39,1,3,2,"1,3,2"
17878,"2021-05-02",1849,2,272.75,1,3,4,"1,3,4"
4796,"2021-05-02",1849,3,546.35,1,4,5,"1,4,5"
12913,"2021-05-02",1849,1,132.25,1,2,2,"1,2,2"
299,"2021-05-02",1849,1,126.67,1,2,2,"1,2,2"
12901,"2021-05-03",1848,1,83.93,1,2,2,"1,2,2"
3811,"2021-05-03",1848,1,222.51,1,1,3,"1,1,3"
2411,"2021-05-03",1848,1,92.93,1,2,2,"1,2,2"
18790,"2021-05-04",1847,2,68.30,1,3,1,"1,3,1"
3279,"2021-05-04",1847,1,266.35,1,1,4,"1,1,4"
13528,"2021-05-04",1847,1,589.78,1,2,5,"1,2,5"
1373,"2021-05-04",1847,3,256.23,1,5,3,"1,5,3"
15841,"2021-05-04",1847,1,30.26,1,2,1,"1,2,1"
19574,"2021-05-04",1847,1,231.17,1,1,3,"1,1,3"
1368,"2021-05-05",1846,1,304.01,1,1,4,"1,1,4"
9393,"2021-05-05",1846,1,304.05,1,1,4,"1,1,4"
14726,"2021-05-06",1845,1,230.88,1,1,3,"1,1,3"
19,"2021-05-06",1845,3,265.32,1,4,4,"1,4,4"
4298,"2021-05-06",1845,1,26.70,1,2,1,"1,2,1"
2709,"2021-05-07",1844,1,129.24,1,2,2,"1,2,2"
14205,"2021-05-07",1844,2,127.85,1,3,2,"1,3,2"
3801,"2021-05-07",1844,1,13.80,1,1,1,"1,1,1"
10188,"2021-05-07",1844,1,66.60,1,1,1,"1,1,1"
12514,"2021-05-07",1844,1,119.19,1,2,2,"1,2,2"
14455,"2021-05-07",1844,2,261.00,1,3,4,"1,3,4"
2761,"2021-05-07",1844,1,109.16,1,2,2,"1,2,2"
16900,"2021-05-08",1843,1,7.24,1,1,1,"1,1,1"
13358,"2021-05-08",1843,1,14.40,1,1,1,"1,1,1"
8726,"2021-05-08",1843,1,125.60,1,2,2,"1,2,2"
11383,"2021-05-08",1843,1,55.01,1,1,1,"1,1,1"
13884,"2021-05-08",1843,1,117.78,1,2,2,"1,2,2"
15324,"2021-05-08",1843,1,67.70,1,1,1,"1,1,1"
3906,"2021-05-08",1843,1,128.02,1,2,2,"1,2,2"
13777,"2021-05-08",1843,1,47.42,1,1,1,"1,1,1"
10432,"2021-05-09",1842,2,215.99,1,3,3,"1,3,3"
19068,"2021-05-09",1842,1,235.31,1,1,3,"1,1,3"
2022,"2021-05-09",1842,2,130.61,1,3,2,"1,3,2"
3869,"2021-05-10",1841,1,296.68,1,1,4,"1,1,4"
16755,"2021-05-10",1841,1,376.88,1,1,4,"1,1,4"
14392,"2021-05-10",1841,1,81.58,1,2,2,"1,2,2"
14504,"2021-05-11",1840,1,7.12,1,1,1,"1,1,1"
18169,"2021-05-11",1840,2,280.02,1,3,4,"1,3,4"
18362,"2021-05-11",1840,1,81.84,1,2,2,"1,2,2"
7980,"2021-05-11",1840,2,397.35,1,4,4,"1,4,4"
16961,"2021-05-12",1839,1,155.48,1,1,3,"1,1,3"
5297,"2021-05-12",1839,2,164.67,1,3,3,"1,3,3"
13167,"2021-05-12",1839,2,237.80,1,3,3,"1,3,3"
16986,"2021-05-12",1839,1,34.03,1,2,1,"1,2,1"
9011,"2021-05-12",1839,1,13.86,1,1,1,"1,1,1"
14553,"2021-05-12",1839,3,378.15,1,5,4,"1,5,4"
11740,"2021-05-12",1839,1,147.78,1,1,2,"1,1,2"
17226,"2021-05-12",1839,2,328.66,1,4,4,"1,4,4"
991,"2021-05-13",1838,2,576.11,1,4,5,"1,4,5"
407,"2021-05-13",1838,2,263.66,1,3,4,"1,3,4"
12436,"2021-05-14",1837,1,9.01,1,1,1,"1,1,1"
15453,"2021-05-14",1837,2,499.88,1,4,5,"1,4,5"
9195,"2021-05-14",1837,1,453.05,1,2,5,"1,2,5"
869,"2021-05-14",1837,1,50.31,1,1,1,"1,1,1"
6741,"2021-05-14",1837,1,37.09,1,2,1,"1,2,1"
2932,"2021-05-14",1837,2,174.78,1,3,3,"1,3,3"
13327,"2021-05-14",1837,2,152.55,1,3,3,"1,3,3"
4973,"2021-05-15",1836,2,313.82,1,4,4,"1,4,4"
19209,"2021-05-15",1836,2,340.66,1,4,4,"1,4,4"
11433,"2021-05-16",1835,1,8.31,1,1,1,"1,1,1"
16814,"2021-05-16",1835,2,105.08,1,3,2,"1,3,2"
6006,"2021-05-16",1835,1,39.99,1,1,1,"1,1,1"
17726,"2021-05-16",1835,1,45.01,1,1,1,"1,1,1"
14808,"2021-05-16",1835,1,37.65,1,2,1,"1,2,1"
13815,"2021-05-16",1835,1,44.53,1,1,1,"1,1,1"
14071,"2021-05-16",1835,2,383.75,1,4,4,"1,4,4"
394,"2021-05-17",1834,1,158.16,1,1,3,"1,1,3"
15472,"2021-05-17",1834,2,676.68,1,4,5,"1,4,5"
3237,"2021-05-17",1834,1,147.37,1,1,2,"1,1,2"
8727,"2021-05-18",1833,2,449.50,1,4,5,"1,4,5"
12344,"2021-05-18",1833,2,128.18,1,3,2,"1,3,2"
10416,"2021-05-18",1833,1,162.55,1,1,3,"1,1,3"
6720,"2021-05-18",1833,2,57.87,1,3,1,"1,3,1"
2099,"2021-05-18",1833,1,137.39,1,2,2,"1,2,2"
6567,"2021-05-19",1832,1,68.99,1,1,1,"1,1,1"
1346,"2021-05-19",1832,1,102.01,1,2,2,"1,2,2"
9914,"2021-05-19",1832,1,28.84,1,2,1,"1,2,1"
11478,"2021-05-19",1832,1,51.43,1,1,1,"1,1,1"
13225,"2021-05-19",1832,1,51.10,1,1,1,"1,1,1"
10850,"2021-05-19",1832,1,32.74,1,2,1,"1,2,1"
19693,"2021-05-19",1832,1,81.98,1,2,2,"1,2,2"
9576,"2021-05-20",1831,2,441.83,1,4,5,"1,4,5"
18321,"2021-05-20",1831,2,179.06,1,3,3,"1,3,3"
18024,"2021-05-20",1831,1,10.82,1,1,1,"1,1,1"
3122,"2021-05-20",1831,1,22.82,1,2,1,"1,2,1"
6254,"2021-05-20",1831,1,5.93,1,2,1,"1,2,1"
4660,"2021-05-20",1831,3,86.21,1,4,2,"1,4,2"
2777,"2021-05-21",1830,1,100.05,1,2,2,"1,2,2"
2204,"2021-05-21",1830,2,107.32,1,3,2,"1,3,2"
5134,"2021-05-21",1830,1,143.75,1,2,2,"1,2,2"
16920,"2021-05-21",1830,1,77.31,1,2,2,"1,2,2"
8157,"2021-05-21",1830,2,127.47,1,3,2,"1,3,2"
9286,"2021-05-22",1829,1,42.59,1,1,1,"1,1,1"
15008,"2021-05-22",1829,1,52.78,1,1,1,"1,1,1"
10189,"2021-05-22",1829,1,143.16,1,2,2,"1,2,2"
18348,"2021-05-22",1829,1,21.32,1,2,1,"1,2,1"
7743,"2021-05-22",1829,2,543.04,1,4,5,"1,4,5"
8649,"2021-05-23",1828,2,385.05,1,4,4,"1,4,4"
1015,"2021-05-23",1828,2,274.82,1,3,4,"1,3,4"
15626,"2021-05-23",1828,1,110.34,1,2,2,"1,2,2"
4261,"2021-05-23",1828,2,41.42,1,2,1,"1,2,1"
552,"2021-05-23",1828,3,329.31,1,5,4,"1,5,4"
6758,"2021-05-23",1828,1,76.09,1,2,2,"1,2,2"
4940,"2021-05-23",1828,3,646.09,1,5,5,"1,5,5"
7169,"2021-05-23",1828,1,50.57,1,1,1,"1,1,1"
4819,"2021-05-24",1827,1,151.66,1,1,3,"1,1,3"
10200,"2021-05-24",1827,1,499.90,1,2,5,"1,2,5"
9994,"2021-05-25",1826,2,70.31,1,3,1,"1,3,1"
1028,"2021-05-26",1825,1,35.99,1,2,1,"1,2,1"
15081,"2021-05-26",1825,2,364.00,1,4,4,"1,4,4"
6926,"2021-05-26",1825,1,6.79,1,2,1,"1,2,1"
18315,"2021-05-26",1825,3,147.29,1,4,2,"1,4,2"
11410,"2021-05-26",1825,2,44.88,1,2,1,"1,2,1"
9784,"2021-05-27",1824,1,74.47,1,2,2,"1,2,2"
1850,"2021-05-27",1824,1,354.96,1,1,4,"1,1,4"
711,"2021-05-27",1824,1,113.27,1,2,2,"1,2,2"
3093,"2021-05-27",1824,2,188.29,1,3,3,"1,3,3"
2433,"2021-05-27",1824,2,473.77,1,4,5,"1,4,5"
5618,"2021-05-28",1823,1,212.52,1,1,3,"1,1,3"
15298,"2021-05-28",1823,1,426.31,1,2,4,"1,2,4"
16110,"2021-05-28",1823,1,59.07,1,1,1,"1,1,1"
9140,"2021-05-28",1823,2,200.24,1,3,3,"1,3,3"
10754,"2021-05-28",1823,2,159.47,1,3,3,"1,3,3"
2624,"2021-05-28",1823,2,832.48,1,4,5,"1,4,5"
16103,"2021-05-28",1823,2,185.49,1,3,3,"1,3,3"
13211,"2021-05-29",1822,1,94.41,1,2,2,"1,2,2"
18726,"2021-05-29",1822,1,156.03,1,1,3,"1,1,3"
14197,"2021-05-29",1822,1,169.28,1,1,3,"1,1,3"
8414,"2021-05-29",1822,2,112.87,1,3,2,"1,3,2"
2922,"2021-05-29",1822,2,148.61,1,3,2,"1,3,2"
18065,"2021-05-29",1822,2,263.72,1,3,4,"1,3,4"
2944,"2021-05-30",1821,1,82.89,1,2,2,"1,2,2"
14570,"2021-05-30",1821,2,127.18,1,3,2,"1,3,2"
10752,"2021-05-30",1821,1,22.58,1,2,1,"1,2,1"
10063,"2021-05-30",1821,1,65.69,1,1,1,"1,1,1"
7027,"2021-05-31",1820,1,431.26,1,2,5,"1,2,5"
12014,"2021-05-31",1820,2,274.78,1,3,4,"1,3,4"
10761,"2021-05-31",1820,2,38.40,1,2,1,"1,2,1"
15123,"2021-06-01",1819,1,53.41,1,1,1,"1,1,1"
11735,"2021-06-01",1819,1,66.72,1,1,1,"1,1,1"
4331,"2021-06-01",1819,1,110.04,1,2,2,"1,2,2"
15300,"2021-06-02",1818,2,514.16,1,4,5,"1,4,5"
14474,"2021-06-02",1818,2,280.22,1,3,4,"1,3,4"
667,"2021-06-02",1818,2,30.33,1,2,1,"1,2,1"
11861,"2021-06-03",1817,1,992.30,1,1,5,"1,1,5"
10111,"2021-06-03",1817,2,221.61,1,3,3,"1,3,3"
4871,"2021-06-03",1817,1,208.56,1,1,3,"1,1,3"
13385,"2021-06-03",1817,1,133.24,1,2,2,"1,2,2"
17224,"2021-06-03",1817,3,649.69,1,5,5,"1,5,5"
6965,"2021-06-04",1816,1,9.20,1,1,1,"1,1,1"
17907,"2021-06-04",1816,2,233.49,1,3,3,"1,3,3"
19872,"2021-06-04",1816,1,5.91,1,2,1,"1,2,1"
8742,"2021-06-04",1816,2,143.57,1,3,2,"1,3,2"
3523,"2021-06-04",1816,1,17.08,1,2,1,"1,2,1"
6763,"2021-06-04",1816,1,123.36,1,2,2,"1,2,2"
4423,"2021-06-04",1816,1,103.92,1,2,2,"1,2,2"
5749,"2021-06-04",1816,2,94.03,1,3,2,"1,3,2"
910,"2021-06-04",1816,1,16.54,1,2,1,"1,2,1"
18431,"2021-06-05",1815,3,324.65,1,4,4,"1,4,4"
10109,"2021-06-05",1815,2,69.79,1,3,1,"1,3,1"
9783,"2021-06-06",1814,1,209.39,1,1,3,"1,1,3"
17838,"2021-06-06",1814,1,35.34,1,2,1,"1,2,1"
18772,"2021-06-06",1814,1,131.87,1,2,2,"1,2,2"
2043,"2021-06-06",1814,1,81.01,1,2,2,"1,2,2"
9235,"2021-06-06",1814,1,220.35,1,1,3,"1,1,3"
6018,"2021-06-07",1813,1,143.95,1,1,2,"1,1,2"
18118,"2021-06-07",1813,2,361.68,1,4,4,"1,4,4"
8428,"2021-06-07",1813,1,93.79,1,2,2,"1,2,2"
6208,"2021-06-07",1813,2,164.97,1,3,3,"1,3,3"
16172,"2021-06-07",1813,1,259.72,1,1,4,"1,1,4"
11754,"2021-06-07",1813,1,148.64,1,1,2,"1,1,2"
6408,"2021-06-08",1812,1,69.26,1,1,1,"1,1,1"
823,"2021-06-08",1812,2,146.63,1,3,2,"1,3,2"
12032,"2021-06-08",1812,1,34.03,1,2,1,"1,2,1"
4651,"2021-06-08",1812,2,120.08,1,3,2,"1,3,2"
15523,"2021-06-08",1812,2,219.76,1,3,3,"1,3,3"
3482,"2021-06-08",1812,2,178.41,1,3,3,"1,3,3"
12413,"2021-06-08",1812,2,186.71,1,3,3,"1,3,3"
10655,"2021-06-09",1811,1,156.53,1,1,3,"1,1,3"
3845,"2021-06-09",1811,1,675.89,1,2,5,"1,2,5"
4350,"2021-06-10",1810,1,17.60,1,2,1,"1,2,1"
324,"2021-06-11",1809,1,225.48,1,1,3,"1,1,3"
14899,"2021-06-11",1809,1,352.14,1,1,4,"1,1,4"
16490,"2021-06-11",1809,1,317.09,1,1,4,"1,1,4"
16316,"2021-06-11",1809,1,386.99,1,1,4,"1,1,4"
3667,"2021-06-11",1809,1,187.81,1,1,3,"1,1,3"
17203,"2021-06-12",1808,2,116.70,1,3,2,"1,3,2"
3312,"2021-06-12",1808,1,99.76,1,2,2,"1,2,2"
9562,"2021-06-12",1808,3,214.90,1,5,3,"1,5,3"
5882,"2021-06-12",1808,1,149.70,1,1,2,"1,1,2"
2236,"2021-06-12",1808,1,229.74,1,1,3,"1,1,3"
5805,"2021-06-13",1807,2,173.78,1,3,3,"1,3,3"
8203,"2021-06-13",1807,1,134.74,1,2,2,"1,2,2"
15096,"2021-06-13",1807,1,100.42,1,2,2,"1,2,2"
9314,"2021-06-13",1807,1,32.41,1,2,1,"1,2,1"
7757,"2021-06-13",1807,1,310.23,1,1,4,"1,1,4"
14707,"2021-06-13",1807,1,87.99,1,2,2,"1,2,2"
8755,"2021-06-13",1807,2,161.03,1,3,3,"1,3,3"
13739,"2021-06-14",1806,1,35.31,1,2,1,"1,2,1"
15868,"2021-06-14",1806,1,168.16,1,1,3,"1,1,3"
9070,"2021-06-14",1806,1,55.66,1,1,1,"1,1,1"
13210,"2021-06-14",1806,1,971.75,1,1,5,"1,1,5"
7617,"2021-06-15",1805,1,194.97,1,1,3,"1,1,3"
15277,"2021-06-15",1805,1,144.97,1,1,2,"1,1,2"
4686,"2021-06-15",1805,1,146.84,1,1,2,"1,1,2"
5813,"2021-06-15",1805,3,901.68,1,5,5,"1,5,5"
6709,"2021-06-15",1805,1,17.61,1,2,1,"1,2,1"
2062,"2021-06-16",1804,1,215.80,1,1,3,"1,1,3"
9339,"2021-06-16",1804,1,12.72,1,1,1,"1,1,1"
19139,"2021-06-16",1804,1,133.95,1,2,2,"1,2,2"
11021,"2021-06-16",1804,1,184.05,1,1,3,"1,1,3"
8951,"2021-06-16",1804,2,298.92,1,4,4,"1,4,4"
10734,"2021-06-16",1804,3,1008.99,1,4,5,"1,4,5"
364,"2021-06-16",1804,1,242.78,1,1,3,"1,1,3"
16424,"2021-06-17",1803,2,68.07,1,3,1,"1,3,1"
14247,"2021-06-17",1803,1,224.97,1,1,3,"1,1,3"
17877,"2021-06-17",1803,1,96.48,1,2,2,"1,2,2"
10726,"2021-06-17",1803,1,77.42,1,2,2,"1,2,2"
520,"2021-06-17",1803,1,66.78,1,1,1,"1,1,1"
1274,"2021-06-17",1803,1,109.44,1,2,2,"1,2,2"
7076,"2021-06-17",1803,1,128.95,1,2,2,"1,2,2"
8522,"2021-06-17",1803,1,44.10,1,1,1,"1,1,1"
7575,"2021-06-18",1802,1,145.42,1,1,2,"1,1,2"
18553,"2021-06-18",1802,1,63.27,1,1,1,"1,1,1"
7460,"2021-06-18",1802,2,264.06,1,3,4,"1,3,4"
19600,"2021-06-18",1802,1,23.23,1,2,1,"1,2,1"
18312,"2021-06-18",1802,1,240.33,1,1,3,"1,1,3"
9516,"2021-06-19",1801,1,258.88,1,1,4,"1,1,4"
16344,"2021-06-20",1800,1,110.08,1,2,2,"1,2,2"
10446,"2021-06-20",1800,1,46.92,1,1,1,"1,1,1"
1356,"2021-06-20",1800,1,95.46,1,2,2,"1,2,2"
830,"2021-06-20",1800,3,1327.16,1,5,5,"1,5,5"
9255,"2021-06-21",1799,1,39.09,1,2,1,"1,2,1"
7517,"2021-06-21",1799,1,49.28,1,1,1,"1,1,1"
2938,"2021-06-21",1799,2,321.22,1,4,4,"1,4,4"
16070,"2021-06-21",1799,1,184.20,1,1,3,"1,1,3"
6734,"2021-06-22",1798,2,281.12,1,3,4,"1,3,4"
5985,"2021-06-22",1798,1,74.77,1,2,2,"1,2,2"
8928,"2021-06-22",1798,1,107.54,1,2,2,"1,2,2"
14513,"2021-06-23",1797,1,144.60,1,1,2,"1,1,2"
1793,"2021-06-23",1797,1,270.02,1,1,4,"1,1,4"
2274,"2021-06-23",1797,2,81.03,1,3,2,"1,3,2"
12998,"2021-06-24",1796,3,456.97,1,5,5,"1,5,5"
13220,"2021-06-24",1796,1,232.24,1,1,3,"1,1,3"
13885,"2021-06-24",1796,1,47.97,1,1,1,"1,1,1"
17785,"2021-06-24",1796,1,30.82,1,2,1,"1,2,1"
16306,"2021-06-25",1795,1,49.52,1,1,1,"1,1,1"
18848,"2021-06-25",1795,1,162.30,1,1,3,"1,1,3"
899,"2021-06-25",1795,2,145.76,1,3,2,"1,3,2"
15395,"2021-06-25",1795,1,364.13,1,1,4,"1,1,4"
12880,"2021-06-25",1795,1,50.54,1,1,1,"1,1,1"
7492,"2021-06-25",1795,2,320.46,1,4,4,"1,4,4"
18718,"2021-06-25",1795,1,143.40,1,2,2,"1,2,2"
13783,"2021-06-25",1795,1,120.19,1,2,2,"1,2,2"
12567,"2021-06-26",1794,1,15.46,1,2,1,"1,2,1"
10530,"2021-06-26",1794,2,75.01,1,3,2,"1,3,2"
1081,"2021-06-26",1794,1,162.54,1,1,3,"1,1,3"
16574,"2021-06-26",1794,2,173.03,1,3,3,"1,3,3"
7085,"2021-06-26",1794,1,166.18,1,1,3,"1,1,3"
93,"2021-06-26",1794,2,126.78,1,3,2,"1,3,2"
12930,"2021-06-26",1794,4,1319.10,1,5,5,"1,5,5"
13881,"2021-06-26",1794,1,406.20,1,1,4,"1,1,4"
15232,"2021-06-27",1793,2,402.42,1,4,4,"1,4,4"
1051,"2021-06-27",1793,2,463.15,1,4,5,"1,4,5"
3986,"2021-06-27",1793,1,232.06,1,1,3,"1,1,3"
13049,"2021-06-27",1793,1,92.20,1,2,2,"1,2,2"
10920,"2021-06-28",1792,1,73.50,1,1,1,"1,1,1"
16862,"2021-06-28",1792,1,669.67,1,2,5,"1,2,5"
17333,"2021-06-28",1792,2,411.56,1,4,4,"1,4,4"
12805,"2021-06-29",1791,1,11.22,1,1,1,"1,1,1"
62,"2021-06-29",1791,3,393.98,1,4,4,"1,4,4"
11530,"2021-06-29",1791,2,275.31,1,3,4,"1,3,4"
10536,"2021-06-29",1791,1,869.12,1,2,5,"1,2,5"
15764,"2021-06-29",1791,2,48.24,1,2,1,"1,2,1"
17066,"2021-06-29",1791,2,81.82,1,3,2,"1,3,2"
1886,"2021-06-29",1791,1,131.67,1,2,2,"1,2,2"
5381,"2021-06-29",1791,2,81.60,1,3,2,"1,3,2"
16542,"2021-06-30",1790,1,109.44,1,2,2,"1,2,2"
16693,"2021-06-30",1790,3,200.27,1,4,3,"1,4,3"
14116,"2021-06-30",1790,1,241.07,1,1,3,"1,1,3"
16447,"2021-06-30",1790,1,42.57,1,1,1,"1,1,1"
10813,"2021-06-30",1790,2,216.64,1,3,3,"1,3,3"
15923,"2021-06-30",1790,1,17.10,1,2,1,"1,2,1"
19501,"2021-06-30",1790,1,13.55,1,1,1,"1,1,1"
11463,"2021-06-30",1790,1,78.78,1,2,2,"1,2,2"
7164,"2021-07-01",1789,1,238.56,1,1,3,"1,1,3"
15069,"2021-07-01",1789,2,296.76,1,4,4,"1,4,4"
5088,"2021-07-01",1789,2,129.18,1,3,2,"1,3,2"
1750,"2021-07-01",1789,3,237.97,1,5,3,"1,5,3"
7484,"2021-07-01",1789,1,199.12,1,1,3,"1,1,3"
8618,"2021-07-01",1789,1,126.16,1,2,2,"1,2,2"
19338,"2021-07-02",1788,1,94.68,1,2,2,"1,2,2"
6860,"2021-07-02",1788,1,122.42,1,2,2,"1,2,2"
7654,"2021-07-02",1788,2,45.71,1,2,1,"1,2,1"
11578,"2021-07-02",1788,1,487.26,1,2,5,"1,2,5"
1543,"2021-07-02",1788,1,179.73,1,1,3,"1,1,3"
4067,"2021-07-02",1788,1,84.51,1,2,2,"1,2,2"
14138,"2021-07-02",1788,1,35.75,1,2,1,"1,2,1"
924,"2021-07-03",1787,2,104.16,1,3,2,"1,3,2"
8565,"2021-07-03",1787,1,212.93,1,1,3,"1,1,3"
18192,"2021-07-04",1786,2,218.02,1,3,3,"1,3,3"
18174,"2021-07-04",1786,1,12.41,1,1,1,"1,1,1"
16721,"2021-07-04",1786,3,294.58,1,4,4,"1,4,4"
16847,"2021-07-05",1785,1,197.27,1,1,3,"1,1,3"
9907,"2021-07-05",1785,2,197.16,1,3,3,"1,3,3"
261,"2021-07-05",1785,2,962.45,1,4,5,"1,4,5"
3064,"2021-07-05",1785,1,26.37,1,2,1,"1,2,1"
12712,"2021-07-05",1785,2,104.63,1,3,2,"1,3,2"
3256,"2021-07-06",1784,2,410.41,1,4,4,"1,4,4"
12126,"2021-07-06",1784,1,201.29,1,1,3,"1,1,3"
10345,"2021-07-06",1784,2,616.51,1,4,5,"1,4,5"
17230,"2021-07-06",1784,1,30.13,1,2,1,"1,2,1"
15931,"2021-07-06",1784,1,16.46,1,2,1,"1,2,1"
14973,"2021-07-07",1783,2,102.30,1,3,2,"1,3,2"
10332,"2021-07-07",1783,1,28.18,1,2,1,"1,2,1"
8011,"2021-07-07",1783,2,448.99,1,4,5,"1,4,5"
9038,"2021-07-07",1783,2,516.98,1,4,5,"1,4,5"
15476,"2021-07-08",1782,1,127.84,1,2,2,"1,2,2"
17252,"2021-07-08",1782,1,550.04,1,2,5,"1,2,5"
14825,"2021-07-08",1782,1,7.48,1,1,1,"1,1,1"
3776,"2021-07-08",1782,1,149.98,1,1,2,"1,1,2"
11933,"2021-07-08",1782,1,30.61,1,2,1,"1,2,1"
19792,"2021-07-08",1782,2,164.33,1,3,3,"1,3,3"
16305,"2021-07-08",1782,1,27.47,1,2,1,"1,2,1"
16757,"2021-07-08",1782,1,39.60,1,2,1,"1,2,1"
8622,"2021-07-09",1781,2,130.15,1,3,2,"1,3,2"
6983,"2021-07-09",1781,2,275.77,1,3,4,"1,3,4"
9844,"2021-07-09",1781,2,629.74,1,4,5,"1,4,5"
19118,"2021-07-10",1780,1,728.08,1,2,5,"1,2,5"
12809,"2021-07-10",1780,1,179.06,1,1,3,"1,1,3"
5744,"2021-07-10",1780,1,404.00,1,1,4,"1,1,4"
2804,"2021-07-10",1780,2,346.77,1,4,4,"1,4,4"
13137,"2021-07-10",1780,1,194.61,1,1,3,"1,1,3"
5531,"2021-07-10",1780,1,193.90,1,1,3,"1,1,3"
13054,"2021-07-10",1780,1,51.57,1,1,1,"1,1,1"
4381,"2021-07-10",1780,2,196.86,1,3,3,"1,3,3"
13677,"2021-07-11",1779,1,61.33,1,1,1,"1,1,1"
10114,"2021-07-11",1779,1,135.36,1,2,2,"1,2,2"
8737,"2021-07-11",1779,1,7.81,1,1,1,"1,1,1"
4553,"2021-07-11",1779,2,359.55,1,4,4,"1,4,4"
19412,"2021-07-11",1779,1,312.54,1,1,4,"1,1,4"
2102,"2021-07-12",1778,2,226.19,1,3,3,"1,3,3"
8778,"2021-07-12",1778,1,25.49,1,2,1,"1,2,1"
9866,"2021-07-12",1778,1,129.77,1,2,2,"1,2,2"
12348,"2021-07-13",1777,2,163.33,1,3,3,"1,3,3"
15422,"2021-07-13",1777,2,216.84,1,3,3,"1,3,3"
7320,"2021-07-13",1777,3,497.39,1,5,5,"1,5,5"
10919,"2021-07-13",1777,1,94.04,1,2,2,"1,2,2"
9917,"2021-07-13",1777,2,85.10,1,3,2,"1,3,2"
16569,"2021-07-13",1777,1,81.14,1,2,2,"1,2,2"
1366,"2021-07-14",1776,1,117.65,1,2,2,"1,2,2"
8613,"2021-07-14",1776,1,61.38,1,1,1,"1,1,1"
18707,"2021-07-14",1776,1,117.37,1,2,2,"1,2,2"
4069,"2021-07-15",1775,1,27.05,1,2,1,"1,2,1"
3032,"2021-07-15",1775,2,148.68,1,3,2,"1,3,2"
12077,"2021-07-15",1775,1,220.05,1,1,3,"1,1,3"
17277,"2021-07-15",1775,1,10.18,1,1,1,"1,1,1"
14272,"2021-07-15",1775,1,4.86,1,2,1,"1,2,1"
19226,"2021-07-15",1775,1,36.78,1,2,1,"1,2,1"
11791,"2021-07-16",1774,2,199.56,1,3,3,"1,3,3"
966,"2021-07-16",1774,1,194.77,1,1,3,"1,1,3"
1888,"2021-07-16",1774,2,125.56,1,3,2,"1,3,2"
12547,"2021-07-16",1774,1,47.19,1,1,1,"1,1,1"
9944,"2021-07-16",1774,2,162.65,1,3,3,"1,3,3"
3926,"2021-07-16",1774,2,173.75,1,3,3,"1,3,3"
5311,"2021-07-16",1774,1,35.16,1,2,1,"1,2,1"
2103,"2021-07-16",1774,1,242.31,1,1,3,"1,1,3"
4664,"2021-07-17",1773,1,35.49,1,2,1,"1,2,1"
17830,"2021-07-17",1773,1,10.81,1,1,1,"1,1,1"
17654,"2021-07-17",1773,1,126.34,1,2,2,"1,2,2"
13654,"2021-07-17",1773,3,576.38,1,4,5,"1,4,5"
1949,"2021-07-17",1773,2,225.28,1,3,3,"1,3,3"
19890,"2021-07-17",1773,4,533.86,1,5,5,"1,5,5"
872,"2021-07-17",1773,3,302.00,1,4,4,"1,4,4"
2947,"2021-07-18",1772,2,193.22,1,3,3,"1,3,3"
10657,"2021-07-18",1772,1,54.71,1,1,1,"1,1,1"
2821,"2021-07-18",1772,1,29.18,1,2,1,"1,2,1"
12761,"2021-07-18",1772,1,4.30,1,2,1,"1,2,1"
15025,"2021-07-19",1771,1,69.64,1,1,1,"1,1,1"
9403,"2021-07-19",1771,3,543.59,1,4,5,"1,4,5"
3945,"2021-07-19",1771,1,30.82,1,2,1,"1,2,1"
787,"2021-07-19",1771,1,12.16,1,1,1,"1,1,1"
4029,"2021-07-20",1770,1,57.87,1,1,1,"1,1,1"
4852,"2021-07-20",1770,1,479.80,1,2,5,"1,2,5"
7092,"2021-07-20",1770,3,470.41,1,5,5,"1,5,5"
6911,"2021-07-21",1769,3,390.30,1,4,4,"1,4,4"
7690,"2021-07-21",1769,1,49.17,1,1,1,"1,1,1"
16290,"2021-07-21",1769,1,72.83,1,1,1,"1,1,1"
18540,"2021-07-21",1769,1,71.48,1,1,1,"1,1,1"
7107,"2021-07-21",1769,1,42.09,1,1,1,"1,1,1"
19296,"2021-07-21",1769,1,50.79,1,1,1,"1,1,1"
7730,"2021-07-22",1768,1,93.07,1,2,2,"1,2,2"
1781,"2021-07-22",1768,1,86.25,1,2,2,"1,2,2"
6100,"2021-07-22",1768,1,126.03,1,2,2,"1,2,2"
5301,"2021-07-22",1768,2,145.47,1,3,2,"1,3,2"
4693,"2021-07-22",1768,1,223.62,1,1,3,"1,1,3"
15652,"2021-07-22",1768,1,35.74,1,2,1,"1,2,1"
7756,"2021-07-22",1768,2,947.48,1,4,5,"1,4,5"
10150,"2021-07-22",1768,1,122.51,1,2,2,"1,2,2"
6752,"2021-07-22",1768,1,256.19,1,1,3,"1,1,3"
9161,"2021-07-23",1767,1,106.61,1,2,2,"1,2,2"
18222,"2021-07-23",1767,1,44.26,1,1,1,"1,1,1"
14620,"2021-07-23",1767,3,564.33,1,4,5,"1,4,5"
18199,"2021-07-23",1767,2,229.77,1,3,3,"1,3,3"
13145,"2021-07-23",1767,1,44.78,1,1,1,"1,1,1"
16442,"2021-07-24",1766,1,454.29,1,2,5,"1,2,5"
2364,"2021-07-24",1766,2,71.38,1,3,1,"1,3,1"
6712,"2021-07-24",1766,1,63.35,1,1,1,"1,1,1"
3290,"2021-07-24",1766,2,118.13,1,3,2,"1,3,2"
1080,"2021-07-25",1765,1,11.24,1,1,1,"1,1,1"
6207,"2021-07-25",1765,1,134.73,1,2,2,"1,2,2"
10316,"2021-07-25",1765,1,142.24,1,2,2,"1,2,2"
11784,"2021-07-25",1765,1,67.45,1,1,1,"1,1,1"
4003,"2021-07-25",1765,1,52.68,1,1,1,"1,1,1"
9612,"2021-07-25",1765,2,481.51,1,4,5,"1,4,5"
19703,"2021-07-26",1764,1,52.33,1,1,1,"1,1,1"
4001,"2021-07-26",1764,1,777.59,1,2,5,"1,2,5"
3921,"2021-07-26",1764,1,43.28,1,1,1,"1,1,1"
16338,"2021-07-26",1764,1,211.44,1,1,3,"1,1,3"
12379,"2021-07-26",1764,1,103.55,1,2,2,"1,2,2"
2025,"2021-07-28",1762,1,196.56,1,1,3,"1,1,3"
14863,"2021-07-28",1762,1,44.27,1,1,1,"1,1,1"
10324,"2021-07-28",1762,1,42.97,1,1,1,"1,1,1"
15566,"2021-07-28",1762,1,17.88,1,2,1,"1,2,1"
6093,"2021-07-28",1762,1,725.57,1,2,5,"1,2,5"
9141,"2021-07-28",1762,1,24.08,1,2,1,"1,2,1"
2151,"2021-07-28",1762,1,481.12,1,2,5,"1,2,5"
4783,"2021-07-28",1762,1,188.07,1,1,3,"1,1,3"
12845,"2021-07-29",1761,2,258.42,1,3,4,"1,3,4"
10410,"2021-07-29",1761,2,207.11,1,3,3,"1,3,3"
13704,"2021-07-29",1761,1,59.96,1,1,1,"1,1,1"
13869,"2021-07-29",1761,1,340.35,1,1,4,"1,1,4"
3612,"2021-07-29",1761,1,39.27,1,2,1,"1,2,1"
18090,"2021-07-30",1760,2,66.64,1,3,1,"1,3,1"
3442,"2021-07-30",1760,1,1452.37,1,1,5,"1,1,5"
12390,"2021-07-30",1760,2,368.44,1,4,4,"1,4,4"
1603,"2021-07-30",1760,1,278.03,1,1,4,"1,1,4"
14079,"2021-07-30",1760,1,107.43,1,2,2,"1,2,2"
4049,"2021-07-30",1760,1,136.98,1,2,2,"1,2,2"
7574,"2021-07-30",1760,2,99.01,1,3,2,"1,3,2"
16332,"2021-07-30",1760,1,127.52,1,2,2,"1,2,2"
7916,"2021-07-30",1760,2,232.44,1,3,3,"1,3,3"
9671,"2021-07-30",1760,1,66.22,1,1,1,"1,1,1"
14187,"2021-07-30",1760,1,6.00,1,2,1,"1,2,1"
19789,"2021-07-31",1759,3,364.92,1,5,4,"1,5,4"
1163,"2021-07-31",1759,1,40.15,1,1,1,"1,1,1"
3775,"2021-07-31",1759,1,40.69,1,1,1,"1,1,1"
3509,"2021-08-01",1758,1,11.13,1,1,1,"1,1,1"
5815,"2021-08-01",1758,3,411.21,1,4,4,"1,4,4"
14876,"2021-08-01",1758,2,114.68,1,3,2,"1,3,2"
15896,"2021-08-01",1758,1,345.03,1,1,4,"1,1,4"
15342,"2021-08-01",1758,1,119.96,1,2,2,"1,2,2"
4400,"2021-08-02",1757,1,50.99,1,1,1,"1,1,1"
1204,"2021-08-02",1757,1,25.08,1,2,1,"1,2,1"
2400,"2021-08-03",1756,1,97.86,1,2,2,"1,2,2"
10358,"2021-08-03",1756,1,140.78,1,2,2,"1,2,2"
7563,"2021-08-03",1756,1,32.62,1,2,1,"1,2,1"
10940,"2021-08-03",1756,1,93.02,1,2,2,"1,2,2"
16044,"2021-08-03",1756,1,12.73,1,1,1,"1,1,1"
8412,"2021-08-03",1756,1,66.34,1,1,1,"1,1,1"
8728,"2021-08-04",1755,1,89.80,1,2,2,"1,2,2"
16117,"2021-08-04",1755,2,470.32,1,4,5,"1,4,5"
7345,"2021-08-04",1755,2,411.63,1,4,4,"1,4,4"
7734,"2021-08-05",1754,2,110.88,1,3,2,"1,3,2"
15199,"2021-08-05",1754,1,49.17,1,1,1,"1,1,1"
15750,"2021-08-05",1754,3,785.08,1,4,5,"1,4,5"
5359,"2021-08-06",1753,2,503.62,1,4,5,"1,4,5"
6593,"2021-08-06",1753,1,34.04,1,2,1,"1,2,1"
10335,"2021-08-07",1752,1,118.52,1,2,2,"1,2,2"
11231,"2021-08-07",1752,3,534.80,1,5,5,"1,5,5"
9812,"2021-08-08",1751,2,514.19,1,4,5,"1,4,5"
10125,"2021-08-08",1751,1,48.02,1,1,1,"1,1,1"
8605,"2021-08-08",1751,1,51.85,1,1,1,"1,1,1"
7294,"2021-08-08",1751,2,214.72,1,3,3,"1,3,3"
5748,"2021-08-08",1751,1,143.55,1,2,2,"1,2,2"
11940,"2021-08-08",1751,1,138.90,1,2,2,"1,2,2"
13734,"2021-08-08",1751,1,63.53,1,1,1,"1,1,1"
5790,"2021-08-09",1750,1,252.22,1,1,3,"1,1,3"
15498,"2021-08-09",1750,1,39.74,1,1,1,"1,1,1"
15720,"2021-08-09",1750,2,108.75,1,3,2,"1,3,2"
12585,"2021-08-09",1750,1,122.50,1,2,2,"1,2,2"
17955,"2021-08-09",1750,1,15.19,1,2,1,"1,2,1"
17933,"2021-08-10",1749,1,176.81,1,1,3,"1,1,3"
15801,"2021-08-10",1749,3,197.97,1,4,3,"1,4,3"
1932,"2021-08-10",1749,1,326.02,1,1,4,"1,1,4"
10336,"2021-08-10",1749,1,53.32,1,1,1,"1,1,1"
14554,"2021-08-10",1749,2,349.96,1,4,4,"1,4,4"
8574,"2021-08-10",1749,1,713.04,1,2,5,"1,2,5"
7183,"2021-08-10",1749,1,250.08,1,1,3,"1,1,3"
14246,"2021-08-10",1749,1,27.69,1,2,1,"1,2,1"
10929,"2021-08-10",1749,1,25.06,1,2,1,"1,2,1"
18287,"2021-08-11",1748,2,576.92,1,4,5,"1,4,5"
3594,"2021-08-11",1748,2,137.02,1,3,2,"1,3,2"
17780,"2021-08-11",1748,2,193.89,1,3,3,"1,3,3"
2588,"2021-08-11",1748,1,68.97,1,1,1,"1,1,1"
17155,"2021-08-12",1747,1,71.16,1,1,1,"1,1,1"
13367,"2021-08-12",1747,1,25.45,1,2,1,"1,2,1"
14259,"2021-08-12",1747,1,118.56,1,2,2,"1,2,2"
19589,"2021-08-12",1747,1,84.54,1,2,2,"1,2,2"
6548,"2021-08-13",1746,2,363.62,1,4,4,"1,4,4"
6233,"2021-08-13",1746,1,109.48,1,2,2,"1,2,2"
9102,"2021-08-13",1746,2,231.49,1,3,3,"1,3,3"
4773,"2021-08-13",1746,1,172.55,1,1,3,"1,1,3"
13299,"2021-08-13",1746,3,155.06,1,5,3,"1,5,3"
18292,"2021-08-13",1746,1,42.24,1,1,1,"1,1,1"
12441,"2021-08-13",1746,1,257.77,1,1,4,"1,1,4"
5562,"2021-08-14",1745,1,117.86,1,2,2,"1,2,2"
7696,"2021-08-14",1745,2,41.06,1,2,1,"1,2,1"
14765,"2021-08-14",1745,3,413.03,1,4,4,"1,4,4"
4294,"2021-08-14",1745,1,113.38,1,2,2,"1,2,2"
10579,"2021-08-15",1744,1,98.75,1,2,2,"1,2,2"
12098,"2021-08-15",1744,1,40.47,1,1,1,"1,1,1"
1161,"2021-08-15",1744,2,88.73,1,3,2,"1,3,2"
8167,"2021-08-15",1744,1,81.12,1,2,2,"1,2,2"
2385,"2021-08-16",1743,1,146.53,1,1,2,"1,1,2"
6511,"2021-08-16",1743,4,560.71,1,5,5,"1,5,5"
19650,"2021-08-16",1743,3,616.64,1,4,5,"1,4,5"
14144,"2021-08-16",1743,1,333.56,1,1,4,"1,1,4"
8692,"2021-08-16",1743,1,49.76,1,1,1,"1,1,1"
5321,"2021-08-16",1743,1,40.96,1,1,1,"1,1,1"
2046,"2021-08-16",1743,2,40.52,1,2,1,"1,2,1"
13580,"2021-08-17",1742,1,156.80,1,1,3,"1,1,3"
18262,"2021-08-17",1742,2,265.63,1,3,4,"1,3,4"
1179,"2021-08-17",1742,1,103.56,1,2,2,"1,2,2"
18067,"2021-08-17",1742,1,6.21,1,2,1,"1,2,1"
8179,"2021-08-17",1742,1,34.58,1,2,1,"1,2,1"
1061,"2021-08-17",1742,4,578.08,1,5,5,"1,5,5"
15299,"2021-08-18",1741,2,147.72,1,3,2,"1,3,2"
11014,"2021-08-18",1741,1,6.54,1,2,1,"1,2,1"
19565,"2021-08-18",1741,1,38.66,1,2,1,"1,2,1"
9525,"2021-08-18",1741,3,184.27,1,4,3,"1,4,3"
16910,"2021-08-19",1740,1,156.62,1,1,3,"1,1,3"
7069,"2021-08-19",1740,1,83.06,1,2,2,"1,2,2"
13406,"2021-08-19",1740,2,364.11,1,4,4,"1,4,4"
6947,"2021-08-19",1740,2,137.36,1,3,2,"1,3,2"
1588,"2021-08-19",1740,1,169.54,1,1,3,"1,1,3"
1139,"2021-08-20",1739,1,48.47,1,1,1,"1,1,1"
4571,"2021-08-20",1739,2,460.32,1,4,5,"1,4,5"
11956,"2021-08-20",1739,1,188.57,1,1,3,"1,1,3"
10614,"2021-08-20",1739,1,15.18,1,2,1,"1,2,1"
7518,"2021-08-20",1739,2,178.10,1,3,3,"1,3,3"
5131,"2021-08-20",1739,1,273.70,1,1,4,"1,1,4"
4016,"2021-08-21",1738,1,81.79,1,2,2,"1,2,2"
94,"2021-08-21",1738,1,407.08,1,1,4,"1,1,4"
7705,"2021-08-22",1737,1,26.58,1,2,1,"1,2,1"
7590,"2021-08-22",1737,1,130.11,1,2,2,"1,2,2"
16535,"2021-08-22",1737,1,16.04,1,2,1,"1,2,1"
13496,"2021-08-22",1737,1,98.51,1,2,2,"1,2,2"
6399,"2021-08-22",1737,1,94.38,1,2,2,"1,2,2"
18028,"2021-08-22",1737,1,10.21,1,1,1,"1,1,1"
1755,"2021-08-22",1737,3,506.87,1,5,5,"1,5,5"
4383,"2021-08-22",1737,1,223.66,1,1,3,"1,1,3"
13001,"2021-08-22",1737,1,81.26,1,2,2,"1,2,2"
7984,"2021-08-22",1737,1,51.86,1,1,1,"1,1,1"
7124,"2021-08-23",1736,1,96.58,1,2,2,"1,2,2"
19760,"2021-08-23",1736,1,511.74,1,2,5,"1,2,5"
17380,"2021-08-23",1736,2,471.98,1,4,5,"1,4,5"
17570,"2021-08-23",1736,1,69.36,1,1,1,"1,1,1"
19634,"2021-08-23",1736,1,37.51,1,2,1,"1,2,1"
12622,"2021-08-23",1736,2,268.34,1,3,4,"1,3,4"
17188,"2021-08-23",1736,1,81.22,1,2,2,"1,2,2"
19843,"2021-08-23",1736,1,245.46,1,1,3,"1,1,3"
11458,"2021-08-23",1736,1,235.20,1,1,3,"1,1,3"
68,"2021-08-23",1736,2,196.32,1,3,3,"1,3,3"
1840,"2021-08-24",1735,1,129.64,1,2,2,"1,2,2"
6327,"2021-08-24",1735,3,368.26,1,5,4,"1,5,4"
2805,"2021-08-24",1735,2,302.62,1,4,4,"1,4,4"
18054,"2021-08-24",1735,1,205.52,1,1,3,"1,1,3"
2958,"2021-08-24",1735,1,39.00,1,2,1,"1,2,1"
2530,"2021-08-24",1735,2,158.15,1,3,3,"1,3,3"
9826,"2021-08-24",1735,1,310.22,1,1,4,"1,1,4"
18826,"2021-08-24",1735,1,19.58,1,2,1,"1,2,1"
13555,"2021-08-25",1734,2,176.86,1,3,3,"1,3,3"
17067,"2021-08-25",1734,1,14.54,1,1,1,"1,1,1"
16277,"2021-08-25",1734,1,11.75,1,1,1,"1,1,1"
16489,"2021-08-25",1734,1,106.16,1,2,2,"1,2,2"
15946,"2021-08-26",1733,1,26.73,1,2,1,"1,2,1"
6531,"2021-08-26",1733,2,403.43,1,4,4,"1,4,4"
14902,"2021-08-26",1733,1,199.95,1,1,3,"1,1,3"
17545,"2021-08-26",1733,2,23.21,1,2,1,"1,2,1"
17648,"2021-08-27",1732,3,413.74,1,4,4,"1,4,4"
4778,"2021-08-27",1732,2,228.18,1,3,3,"1,3,3"
10570,"2021-08-27",1732,2,119.76,1,3,2,"1,3,2"
6430,"2021-08-27",1732,3,1219.98,1,4,5,"1,4,5"
4991,"2021-08-27",1732,1,113.27,1,2,2,"1,2,2"
9935,"2021-08-27",1732,1,118.71,1,2,2,"1,2,2"
17151,"2021-08-28",1731,4,1368.05,1,5,5,"1,5,5"
4666,"2021-08-28",1731,2,268.66,1,3,4,"1,3,4"
3626,"2021-08-28",1731,1,19.05,1,2,1,"1,2,1"
4997,"2021-08-29",1730,1,14.52,1,1,1,"1,1,1"
8121,"2021-08-30",1729,1,120.76,1,2,2,"1,2,2"
6214,"2021-08-30",1729,1,30.71,1,2,1,"1,2,1"
5045,"2021-08-31",1728,1,26.40,1,2,1,"1,2,1"
706,"2021-08-31",1728,2,383.94,1,4,4,"1,4,4"
975,"2021-08-31",1728,1,62.33,1,1,1,"1,1,1"
4107,"2021-08-31",1728,2,84.34,1,3,2,"1,3,2"
11780,"2021-08-31",1728,2,1086.03,1,4,5,"1,4,5"
15267,"2021-09-01",1727,3,580.31,1,4,5,"1,4,5"
14361,"2021-09-01",1727,1,41.61,1,1,1,"1,1,1"
9469,"2021-09-02",1726,1,142.62,1,2,2,"1,2,2"
3990,"2021-09-02",1726,2,129.18,1,3,2,"1,3,2"
6132,"2021-09-02",1726,1,227.76,1,1,3,"1,1,3"
10431,"2021-09-02",1726,2,252.86,1,3,3,"1,3,3"
2242,"2021-09-02",1726,3,418.16,1,4,4,"1,4,4"
2446,"2021-09-02",1726,1,237.25,1,1,3,"1,1,3"
15698,"2021-09-02",1726,1,33.60,1,2,1,"1,2,1"
12633,"2021-09-02",1726,1,32.94,1,2,1,"1,2,1"
14535,"2021-09-02",1726,1,275.74,1,1,4,"1,1,4"
1252,"2021-09-03",1725,1,162.84,1,1,3,"1,1,3"
16236,"2021-09-03",1725,2,119.58,1,3,2,"1,3,2"
7196,"2021-09-03",1725,1,215.81,1,1,3,"1,1,3"
6200,"2021-09-03",1725,2,116.71,1,3,2,"1,3,2"
11308,"2021-09-03",1725,1,189.43,1,1,3,"1,1,3"
12964,"2021-09-04",1724,3,144.03,1,4,2,"1,4,2"
9316,"2021-09-04",1724,1,216.11,1,1,3,"1,1,3"
4883,"2021-09-04",1724,1,98.83,1,2,2,"1,2,2"
15457,"2021-09-04",1724,1,479.93,1,2,5,"1,2,5"
15072,"2021-09-04",1724,2,346.60,1,4,4,"1,4,4"
15127,"2021-09-04",1724,1,28.08,1,2,1,"1,2,1"
803,"2021-09-04",1724,2,98.59,1,3,2,"1,3,2"
14261,"2021-09-05",1723,1,48.38,1,1,1,"1,1,1"
15827,"2021-09-05",1723,1,27.60,1,2,1,"1,2,1"
13536,"2021-09-05",1723,1,24.29,1,2,1,"1,2,1"
2961,"2021-09-05",1723,2,191.08,1,3,3,"1,3,3"
18639,"2021-09-05",1723,4,351.25,1,5,4,"1,5,4"
15885,"2021-09-06",1722,3,283.82,1,4,4,"1,4,4"
7715,"2021-09-06",1722,1,62.74,1,1,1,"1,1,1"
18328,"2021-09-07",1721,2,142.46,1,3,2,"1,3,2"
5704,"2021-09-07",1721,2,434.56,1,4,5,"1,4,5"
8275,"2021-09-07",1721,2,95.28,1,3,2,"1,3,2"
3283,"2021-09-08",1720,1,20.14,1,2,1,"1,2,1"
12495,"2021-09-08",1720,2,383.93,1,4,4,"1,4,4"
12983,"2021-09-08",1720,1,27.45,1,2,1,"1,2,1"
128,"2021-09-08",1720,3,202.05,1,4,3,"1,4,3"
7271,"2021-09-09",1719,1,9.95,1,1,1,"1,1,1"
9681,"2021-09-09",1719,2,539.60,1,4,5,"1,4,5"
5657,"2021-09-09",1719,1,60.03,1,1,1,"1,1,1"
14182,"2021-09-09",1719,1,137.16,1,2,2,"1,2,2"
11140,"2021-09-10",1718,1,17.51,1,2,1,"1,2,1"
10466,"2021-09-10",1718,1,14.02,1,1,1,"1,1,1"
13948,"2021-09-11",1717,1,351.03,1,1,4,"1,1,4"
6458,"2021-09-11",1717,2,64.96,1,3,1,"1,3,1"
19239,"2021-09-11",1717,1,272.09,1,1,4,"1,1,4"
10789,"2021-09-12",1716,1,9.31,1,1,1,"1,1,1"
2515,"2021-09-12",1716,1,55.29,1,1,1,"1,1,1"
10624,"2021-09-12",1716,1,278.56,1,1,4,"1,1,4"
3978,"2021-09-12",1716,1,77.72,1,2,2,"1,2,2"
2407,"2021-09-12",1716,1,55.05,1,1,1,"1,1,1"
10404,"2021-09-12",1716,1,25.53,1,2,1,"1,2,1"
4737,"2021-09-12",1716,1,131.00,1,2,2,"1,2,2"
18601,"2021-09-12",1716,2,89.80,1,3,2,"1,3,2"
8964,"2021-09-13",1715,1,22.02,1,2,1,"1,2,1"
15051,"2021-09-13",1715,1,508.23,1,2,5,"1,2,5"
8661,"2021-09-13",1715,1,11.67,1,1,1,"1,1,1"
7703,"2021-09-13",1715,1,16.56,1,2,1,"1,2,1"
4905,"2021-09-13",1715,1,146.03,1,1,2,"1,1,2"
10165,"2021-09-14",1714,1,29.83,1,2,1,"1,2,1"
7282,"2021-09-14",1714,3,117.48,1,5,2,"1,5,2"
11800,"2021-09-14",1714,1,75.86,1,2,2,"1,2,2"
15493,"2021-09-14",1714,1,870.81,1,2,5,"1,2,5"
19069,"2021-09-14",1714,1,471.00,1,2,5,"1,2,5"
9518,"2021-09-14",1714,1,9.79,1,1,1,"1,1,1"
16973,"2021-09-14",1714,1,242.02,1,1,3,"1,1,3"
697,"2021-09-15",1713,2,213.02,1,3,3,"1,3,3"
12520,"2021-09-15",1713,3,320.90,1,5,4,"1,5,4"
1014,"2021-09-15",1713,1,33.66,1,2,1,"1,2,1"
4322,"2021-09-15",1713,1,279.20,1,1,4,"1,1,4"
390,"2021-09-16",1712,1,120.95,1,2,2,"1,2,2"
19460,"2021-09-16",1712,2,56.66,1,3,1,"1,3,1"
11689,"2021-09-16",1712,1,60.98,1,1,1,"1,1,1"
12768,"2021-09-16",1712,3,231.77,1,5,3,"1,5,3"
7570,"2021-09-16",1712,2,154.10,1,3,3,"1,3,3"
13947,"2021-09-17",1711,1,189.96,1,1,3,"1,1,3"
5372,"2021-09-17",1711,2,272.57,1,3,4,"1,3,4"
8731,"2021-09-17",1711,1,188.18,1,1,3,"1,1,3"
18727,"2021-09-17",1711,1,1149.72,1,1,5,"1,1,5"
5232,"2021-09-17",1711,1,163.30,1,1,3,"1,1,3"
12506,"2021-09-17",1711,1,106.51,1,2,2,"1,2,2"
1170,"2021-09-18",1710,1,283.89,1,1,4,"1,1,4"
8055,"2021-09-18",1710,2,50.85,1,2,1,"1,2,1"
5195,"2021-09-18",1710,1,146.96,1,1,2,"1,1,2"
8235,"2021-09-18",1710,3,631.35,1,5,5,"1,5,5"
10588,"2021-09-18",1710,1,59.85,1,1,1,"1,1,1"
2726,"2021-09-18",1710,1,45.87,1,1,1,"1,1,1"
993,"2021-09-18",1710,1,196.66,1,1,3,"1,1,3"
5393,"2021-09-18",1710,1,183.52,1,1,3,"1,1,3"
18427,"2021-09-18",1710,1,28.12,1,2,1,"1,2,1"
3966,"2021-09-18",1710,1,9.93,1,1,1,"1,1,1"
2123,"2021-09-18",1710,2,400.07,1,4,4,"1,4,4"
18460,"2021-09-18",1710,1,62.85,1,1,1,"1,1,1"
2940,"2021-09-18",1710,2,92.46,1,3,2,"1,3,2"
11230,"2021-09-19",1709,1,35.48,1,2,1,"1,2,1"
18103,"2021-09-19",1709,1,161.97,1,1,3,"1,1,3"
10861,"2021-09-20",1708,1,122.36,1,2,2,"1,2,2"
5524,"2021-09-20",1708,1,9.19,1,1,1,"1,1,1"
6972,"2021-09-20",1708,1,34.38,1,2,1,"1,2,1"
9124,"2021-09-20",1708,2,47.49,1,2,1,"1,2,1"
16452,"2021-09-20",1708,1,55.63,1,1,1,"1,1,1"
11413,"2021-09-21",1707,1,231.59,1,1,3,"1,1,3"
13082,"2021-09-21",1707,1,6.33,1,2,1,"1,2,1"
8596,"2021-09-21",1707,2,374.61,1,4,4,"1,4,4"
6510,"2021-09-22",1706,2,1504.17,1,4,5,"1,4,5"
15198,"2021-09-22",1706,2,544.19,1,4,5,"1,4,5"
15601,"2021-09-22",1706,1,155.55,1,1,3,"1,1,3"
17447,"2021-09-23",1705,3,273.44,1,4,4,"1,4,4"
18869,"2021-09-23",1705,1,39.52,1,2,1,"1,2,1"
2338,"2021-09-23",1705,1,19.70,1,2,1,"1,2,1"
17156,"2021-09-23",1705,1,64.23,1,1,1,"1,1,1"
12360,"2021-09-23",1705,3,619.23,1,4,5,"1,4,5"
9473,"2021-09-24",1704,1,50.94,1,1,1,"1,1,1"
7466,"2021-09-24",1704,1,35.60,1,2,1,"1,2,1"
920,"2021-09-25",1703,1,143.18,1,2,2,"1,2,2"
3570,"2021-09-25",1703,1,91.97,1,2,2,"1,2,2"
2746,"2021-09-25",1703,3,550.24,1,4,5,"1,4,5"
2765,"2021-09-25",1703,2,157.16,1,3,3,"1,3,3"
14465,"2021-09-25",1703,1,87.84,1,2,2,"1,2,2"
11884,"2021-09-26",1702,1,465.12,1,2,5,"1,2,5"
8633,"2021-09-26",1702,1,10.99,1,1,1,"1,1,1"
17672,"2021-09-26",1702,1,16.16,1,2,1,"1,2,1"
15184,"2021-09-26",1702,1,121.74,1,2,2,"1,2,2"
19841,"2021-09-26",1702,1,324.96,1,1,4,"1,1,4"
507,"2021-09-26",1702,1,375.01,1,1,4,"1,1,4"
19923,"2021-09-26",1702,1,5.37,1,2,1,"1,2,1"
2633,"2021-09-26",1702,1,30.95,1,2,1,"1,2,1"
9762,"2021-09-26",1702,2,204.12,1,3,3,"1,3,3"
9746,"2021-09-27",1701,1,151.84,1,1,3,"1,1,3"
5784,"2021-09-27",1701,2,188.90,1,3,3,"1,3,3"
15030,"2021-09-27",1701,1,21.83,1,2,1,"1,2,1"
7641,"2021-09-27",1701,1,51.75,1,1,1,"1,1,1"
13404,"2021-09-27",1701,1,147.58,1,1,2,"1,1,2"
3302,"2021-09-27",1701,1,94.40,1,2,2,"1,2,2"
6608,"2021-09-27",1701,2,365.66,1,4,4,"1,4,4"
9143,"2021-09-28",1700,1,135.91,1,2,2,"1,2,2"
9043,"2021-09-28",1700,1,170.32,1,1,3,"1,1,3"
676,"2021-09-28",1700,1,185.24,1,1,3,"1,1,3"
3150,"2021-09-28",1700,2,56.24,1,2,1,"1,2,1"
12143,"2021-09-28",1700,2,195.45,1,3,3,"1,3,3"
4266,"2021-09-29",1699,2,195.68,1,3,3,"1,3,3"
15860,"2021-09-29",1699,1,162.22,1,1,3,"1,1,3"
14970,"2021-09-29",1699,1,89.33,1,2,2,"1,2,2"
2371,"2021-09-29",1699,2,84.75,1,3,2,"1,3,2"
13318,"2021-09-29",1699,2,135.00,1,3,2,"1,3,2"
786,"2021-09-30",1698,1,6.63,1,2,1,"1,2,1"
4064,"2021-09-30",1698,2,344.15,1,4,4,"1,4,4"
16818,"2021-09-30",1698,1,165.75,1,1,3,"1,1,3"
2752,"2021-09-30",1698,4,679.95,1,5,5,"1,5,5"
5534,"2021-09-30",1698,1,83.38,1,2,2,"1,2,2"
5072,"2021-09-30",1698,2,337.10,1,4,4,"1,4,4"
10418,"2021-09-30",1698,1,97.36,1,2,2,"1,2,2"
10211,"2021-10-01",1697,1,219.85,1,1,3,"1,1,3"
14646,"2021-10-01",1697,1,54.95,1,1,1,"1,1,1"
9659,"2021-10-01",1697,2,184.08,1,3,3,"1,3,3"
6329,"2021-10-01",1697,1,253.14,1,1,3,"1,1,3"
19169,"2021-10-01",1697,2,53.71,1,2,1,"1,2,1"
9233,"2021-10-02",1696,1,59.88,1,1,1,"1,1,1"
17122,"2021-10-02",1696,1,17.82,1,2,1,"1,2,1"
9427,"2021-10-02",1696,2,65.93,1,3,1,"1,3,1"
18008,"2021-10-02",1696,1,26.06,1,2,1,"1,2,1"
14294,"2021-10-02",1696,1,40.23,1,1,1,"1,1,1"
18791,"2021-10-02",1696,2,270.99,1,3,4,"1,3,4"
13561,"2021-10-02",1696,5,1130.65,1,5,5,"1,5,5"
2846,"2021-10-03",1695,2,571.68,1,4,5,"1,4,5"
18825,"2021-10-03",1695,1,77.21,1,2,2,"1,2,2"
12598,"2021-10-03",1695,1,77.72,1,2,2,"1,2,2"
2852,"2021-10-03",1695,1,32.41,1,2,1,"1,2,1"
17220,"2021-10-03",1695,1,192.01,1,1,3,"1,1,3"
15274,"2021-10-03",1695,2,406.14,1,4,4,"1,4,4"
7463,"2021-10-04",1694,1,114.72,1,2,2,"1,2,2"
19674,"2021-10-04",1694,3,1037.66,1,5,5,"1,5,5"
10000,"2021-10-04",1694,1,150.46,1,1,2,"1,1,2"
16593,"2021-10-05",1693,1,66.53,1,1,1,"1,1,1"
13527,"2021-10-05",1693,1,252.46,1,1,3,"1,1,3"
17852,"2021-10-05",1693,2,218.83,1,3,3,"1,3,3"
17285,"2021-10-05",1693,2,64.20,1,3,1,"1,3,1"
18715,"2021-10-05",1693,2,94.23,1,3,2,"1,3,2"
10948,"2021-10-05",1693,1,19.10,1,2,1,"1,2,1"
5048,"2021-10-06",1692,1,20.46,1,2,1,"1,2,1"
5159,"2021-10-06",1692,1,30.61,1,2,1,"1,2,1"
540,"2021-10-06",1692,2,350.04,1,4,4,"1,4,4"
14772,"2021-10-07",1691,3,297.73,1,4,4,"1,4,4"
994,"2021-10-07",1691,2,123.24,1,3,2,"1,3,2"
7014,"2021-10-07",1691,1,76.82,1,2,2,"1,2,2"
17123,"2021-10-08",1690,2,444.97,1,4,5,"1,4,5"
3402,"2021-10-09",1689,1,100.88,1,2,2,"1,2,2"
18914,"2021-10-09",1689,2,133.15,1,3,2,"1,3,2"
12333,"2021-10-09",1689,1,55.98,1,1,1,"1,1,1"
9134,"2021-10-09",1689,1,113.58,1,2,2,"1,2,2"
16108,"2021-10-09",1689,2,559.44,1,4,5,"1,4,5"
8417,"2021-10-09",1689,2,29.77,1,2,1,"1,2,1"
10210,"2021-10-10",1688,1,98.21,1,2,2,"1,2,2"
6541,"2021-10-10",1688,1,31.63,1,2,1,"1,2,1"
5120,"2021-10-11",1687,1,150.37,1,1,2,"1,1,2"
19828,"2021-10-11",1687,1,97.36,1,2,2,"1,2,2"
7299,"2021-10-11",1687,1,166.98,1,1,3,"1,1,3"
4345,"2021-10-11",1687,1,105.11,1,2,2,"1,2,2"
9802,"2021-10-11",1687,2,41.96,1,2,1,"1,2,1"
13164,"2021-10-11",1687,1,3.74,1,2,1,"1,2,1"
5222,"2021-10-12",1686,2,37.60,1,2,1,"1,2,1"
16291,"2021-10-12",1686,1,7.35,1,1,1,"1,1,1"
8809,"2021-10-12",1686,1,311.38,1,1,4,"1,1,4"
10059,"2021-10-13",1685,1,302.89,1,1,4,"1,1,4"
4300,"2021-10-13",1685,1,128.46,1,2,2,"1,2,2"
11914,"2021-10-14",1684,2,261.57,1,3,4,"1,3,4"
11793,"2021-10-15",1683,1,6.52,1,2,1,"1,2,1"
14633,"2021-10-15",1683,2,391.71,1,4,4,"1,4,4"
7365,"2021-10-15",1683,1,354.26,1,1,4,"1,1,4"
4431,"2021-10-15",1683,4,499.31,1,5,5,"1,5,5"
6366,"2021-10-15",1683,3,603.40,1,4,5,"1,4,5"
7138,"2021-10-15",1683,1,33.47,1,2,1,"1,2,1"
15411,"2021-10-16",1682,1,219.73,1,1,3,"1,1,3"
9246,"2021-10-16",1682,1,115.39,1,2,2,"1,2,2"
18459,"2021-10-16",1682,1,81.13,1,2,2,"1,2,2"
11622,"2021-10-16",1682,2,388.29,1,4,4,"1,4,4"
13762,"2021-10-16",1682,2,193.42,1,3,3,"1,3,3"
13142,"2021-10-16",1682,1,65.07,1,1,1,"1,1,1"
6775,"2021-10-17",1681,1,121.58,1,2,2,"1,2,2"
11492,"2021-10-17",1681,1,24.19,1,2,1,"1,2,1"
15305,"2021-10-17",1681,2,424.73,1,4,4,"1,4,4"
16564,"2021-10-17",1681,1,44.14,1,1,1,"1,1,1"
14120,"2021-10-18",1680,2,133.28,1,3,2,"1,3,2"
5543,"2021-10-18",1680,3,389.84,1,4,4,"1,4,4"
1970,"2021-10-18",1680,2,346.46,1,4,4,"1,4,4"
17187,"2021-10-18",1680,2,213.06,1,3,3,"1,3,3"
17913,"2021-10-19",1679,1,96.57,1,2,2,"1,2,2"
2224,"2021-10-19",1679,3,586.68,1,4,5,"1,4,5"
9444,"2021-10-19",1679,1,82.45,1,2,2,"1,2,2"
11272,"2021-10-19",1679,1,45.74,1,1,1,"1,1,1"
17384,"2021-10-19",1679,2,1135.53,1,4,5,"1,4,5"
13591,"2021-10-19",1679,3,314.01,1,5,4,"1,5,4"
11968,"2021-10-19",1679,1,102.70,1,2,2,"1,2,2"
2044,"2021-10-20",1678,2,126.97,1,3,2,"1,3,2"
17614,"2021-10-20",1678,1,62.80,1,1,1,"1,1,1"
4750,"2021-10-21",1677,1,73.44,1,1,1,"1,1,1"
814,"2021-10-21",1677,2,494.32,1,4,5,"1,4,5"
18583,"2021-10-21",1677,1,576.68,1,2,5,"1,2,5"
8794,"2021-10-22",1676,3,380.22,1,5,4,"1,5,4"
5031,"2021-10-22",1676,1,38.40,1,2,1,"1,2,1"
2092,"2021-10-22",1676,1,113.52,1,2,2,"1,2,2"
10256,"2021-10-23",1675,2,228.67,1,3,3,"1,3,3"
356,"2021-10-23",1675,1,97.89,1,2,2,"1,2,2"
18291,"2021-10-23",1675,1,176.71,1,1,3,"1,1,3"
3083,"2021-10-23",1675,1,170.37,1,1,3,"1,1,3"
7552,"2021-10-23",1675,2,492.34,1,4,5,"1,4,5"
1788,"2021-10-23",1675,1,109.77,1,2,2,"1,2,2"
18394,"2021-10-24",1674,1,44.57,1,1,1,"1,1,1"
8989,"2021-10-24",1674,1,39.61,1,2,1,"1,2,1"
5300,"2021-10-24",1674,1,64.57,1,1,1,"1,1,1"
16482,"2021-10-24",1674,1,103.73,1,2,2,"1,2,2"
8876,"2021-10-25",1673,1,61.74,1,1,1,"1,1,1"
15206,"2021-10-25",1673,1,245.62,1,1,3,"1,1,3"
6660,"2021-10-25",1673,1,39.98,1,1,1,"1,1,1"
10293,"2021-10-26",1672,1,31.63,1,2,1,"1,2,1"
13687,"2021-10-26",1672,1,42.83,1,1,1,"1,1,1"
9481,"2021-10-26",1672,1,63.02,1,1,1,"1,1,1"
14311,"2021-10-26",1672,2,612.21,1,4,5,"1,4,5"
19687,"2021-10-26",1672,1,30.91,1,2,1,"1,2,1"
11532,"2021-10-26",1672,1,153.98,1,1,3,"1,1,3"
3856,"2021-10-27",1671,1,135.04,1,2,2,"1,2,2"
5457,"2021-10-27",1671,2,441.46,1,4,5,"1,4,5"
17174,"2021-10-27",1671,2,184.81,1,3,3,"1,3,3"
14992,"2021-10-27",1671,1,70.21,1,1,1,"1,1,1"
9296,"2021-10-28",1670,2,345.63,1,4,4,"1,4,4"
4757,"2021-10-28",1670,4,312.53,1,5,4,"1,5,4"
13217,"2021-10-28",1670,2,146.08,1,3,2,"1,3,2"
14281,"2021-10-28",1670,1,41.74,1,1,1,"1,1,1"
14291,"2021-10-28",1670,2,376.51,1,4,4,"1,4,4"
17370,"2021-10-28",1670,1,92.60,1,2,2,"1,2,2"
210,"2021-10-29",1669,2,494.76,1,4,5,"1,4,5"
14810,"2021-10-29",1669,1,145.60,1,1,2,"1,1,2"
14818,"2021-10-29",1669,1,90.34,1,2,2,"1,2,2"
15719,"2021-10-30",1668,1,22.80,1,2,1,"1,2,1"
6066,"2021-10-30",1668,1,178.43,1,1,3,"1,1,3"
16991,"2021-10-30",1668,1,223.55,1,1,3,"1,1,3"
10986,"2021-10-30",1668,2,260.19,1,3,4,"1,3,4"
1798,"2021-10-30",1668,1,52.69,1,1,1,"1,1,1"
13973,"2021-10-30",1668,1,58.93,1,1,1,"1,1,1"
15310,"2021-10-30",1668,4,559.82,1,5,5,"1,5,5"
10697,"2021-10-31",1667,1,449.86,1,2,5,"1,2,5"
549,"2021-10-31",1667,2,142.38,1,3,2,"1,3,2"
12916,"2021-10-31",1667,1,79.61,1,2,2,"1,2,2"
11437,"2021-10-31",1667,1,14.02,1,1,1,"1,1,1"
18829,"2021-10-31",1667,3,706.35,1,5,5,"1,5,5"
19696,"2021-10-31",1667,3,347.58,1,5,4,"1,5,4"
16707,"2021-10-31",1667,1,46.39,1,1,1,"1,1,1"
16213,"2021-10-31",1667,1,38.32,1,2,1,"1,2,1"
17116,"2021-10-31",1667,1,89.56,1,2,2,"1,2,2"
17206,"2021-11-01",1666,3,407.19,1,4,4,"1,4,4"
15668,"2021-11-01",1666,3,515.63,1,5,5,"1,5,5"
1939,"2021-11-01",1666,2,108.73,1,3,2,"1,3,2"
6415,"2021-11-02",1665,2,224.82,1,3,3,"1,3,3"
2067,"2021-11-02",1665,2,336.93,1,4,4,"1,4,4"
2200,"2021-11-02",1665,1,176.68,1,1,3,"1,1,3"
1495,"2021-11-02",1665,2,529.41,1,4,5,"1,4,5"
7156,"2021-11-02",1665,1,63.25,1,1,1,"1,1,1"
1000,"2021-11-03",1664,1,65.88,1,1,1,"1,1,1"
8797,"2021-11-03",1664,1,104.22,1,2,2,"1,2,2"
617,"2021-11-03",1664,1,31.09,1,2,1,"1,2,1"
14085,"2021-11-03",1664,1,12.08,1,1,1,"1,1,1"
17996,"2021-11-04",1663,2,219.42,1,3,3,"1,3,3"
9717,"2021-11-04",1663,1,127.88,1,2,2,"1,2,2"
8320,"2021-11-04",1663,1,137.52,1,2,2,"1,2,2"
15329,"2021-11-04",1663,1,216.97,1,1,3,"1,1,3"
17935,"2021-11-04",1663,2,70.29,1,3,1,"1,3,1"
2919,"2021-11-04",1663,3,425.54,1,4,4,"1,4,4"
18770,"2021-11-04",1663,1,29.40,1,2,1,"1,2,1"
221,"2021-11-05",1662,1,44.27,1,1,1,"1,1,1"
10471,"2021-11-05",1662,2,209.26,1,3,3,"1,3,3"
913,"2021-11-06",1661,1,199.65,1,1,3,"1,1,3"
8197,"2021-11-06",1661,3,517.17,1,5,5,"1,5,5"
8540,"2021-11-06",1661,1,129.03,1,2,2,"1,2,2"
11858,"2021-11-06",1661,1,115.59,1,2,2,"1,2,2"
1858,"2021-11-06",1661,1,109.92,1,2,2,"1,2,2"
3851,"2021-11-06",1661,1,24.33,1,2,1,"1,2,1"
8820,"2021-11-06",1661,2,106.07,1,3,2,"1,3,2"
6694,"2021-11-06",1661,2,70.68,1,3,1,"1,3,1"
11802,"2021-11-06",1661,1,133.27,1,2,2,"1,2,2"
19192,"2021-11-07",1660,3,204.42,1,4,3,"1,4,3"
13466,"2021-11-07",1660,2,346.44,1,4,4,"1,4,4"
10775,"2021-11-07",1660,2,305.87,1,4,4,"1,4,4"
4618,"2021-11-07",1660,1,7.27,1,1,1,"1,1,1"
959,"2021-11-08",1659,2,119.32,1,3,2,"1,3,2"
2270,"2021-11-08",1659,1,27.05,1,2,1,"1,2,1"
13436,"2021-11-08",1659,1,374.44,1,1,4,"1,1,4"
6744,"2021-11-08",1659,1,436.98,1,2,5,"1,2,5"
17488,"2021-11-09",1658,1,110.84,1,2,2,"1,2,2"
6915,"2021-11-09",1658,2,330.81,1,4,4,"1,4,4"
8461,"2021-11-09",1658,1,47.55,1,1,1,"1,1,1"
8678,"2021-11-09",1658,1,60.37,1,1,1,"1,1,1"
18436,"2021-11-10",1657,5,1148.82,1,5,5,"1,5,5"
6823,"2021-11-10",1657,1,117.24,1,2,2,"1,2,2"
7041,"2021-11-10",1657,1,1087.91,1,1,5,"1,1,5"
1118,"2021-11-10",1657,1,94.85,1,2,2,"1,2,2"
10969,"2021-11-11",1656,1,41.35,1,1,1,"1,1,1"
16734,"2021-11-11",1656,1,310.15,1,1,4,"1,1,4"
2663,"2021-11-11",1656,2,190.04,1,3,3,"1,3,3"
2214,"2021-11-12",1655,1,281.68,1,1,4,"1,1,4"
3137,"2021-11-12",1655,1,36.15,1,2,1,"1,2,1"
18148,"2021-11-12",1655,1,159.05,1,1,3,"1,1,3"
10973,"2021-11-12",1655,1,909.35,1,2,5,"1,2,5"
6352,"2021-11-12",1655,1,256.91,1,1,3,"1,1,3"
17143,"2021-11-12",1655,1,597.70,1,2,5,"1,2,5"
1351,"2021-11-12",1655,1,126.71,1,2,2,"1,2,2"
18502,"2021-11-13",1654,1,97.05,1,2,2,"1,2,2"
851,"2021-11-13",1654,1,9.20,1,1,1,"1,1,1"
5243,"2021-11-13",1654,2,272.82,1,3,4,"1,3,4"
4374,"2021-11-14",1653,1,277.43,1,1,4,"1,1,4"
19824,"2021-11-14",1653,2,346.67,1,4,4,"1,4,4"
18284,"2021-11-14",1653,1,173.28,1,1,3,"1,1,3"
17680,"2021-11-14",1653,2,37.16,1,2,1,"1,2,1"
759,"2021-11-15",1652,1,165.11,1,1,3,"1,1,3"
7539,"2021-11-15",1652,1,166.30,1,1,3,"1,1,3"
13133,"2021-11-15",1652,1,50.03,1,1,1,"1,1,1"
11483,"2021-11-15",1652,1,24.78,1,2,1,"1,2,1"
6672,"2021-11-15",1652,2,201.38,1,3,3,"1,3,3"
10304,"2021-11-15",1652,1,479.46,1,2,5,"1,2,5"
16559,"2021-11-16",1651,2,88.58,1,3,2,"1,3,2"
12701,"2021-11-16",1651,1,42.86,1,1,1,"1,1,1"
8091,"2021-11-16",1651,2,43.71,1,2,1,"1,2,1"
14750,"2021-11-16",1651,1,215.23,1,1,3,"1,1,3"
3661,"2021-11-16",1651,3,299.33,1,4,4,"1,4,4"
3527,"2021-11-17",1650,1,72.59,1,1,1,"1,1,1"
6670,"2021-11-17",1650,1,10.81,1,1,1,"1,1,1"
12079,"2021-11-17",1650,1,84.51,1,2,2,"1,2,2"
10517,"2021-11-17",1650,1,42.28,1,1,1,"1,1,1"
13572,"2021-11-17",1650,1,87.67,1,2,2,"1,2,2"
8074,"2021-11-17",1650,2,124.86,1,3,2,"1,3,2"
11498,"2021-11-17",1650,3,233.21,1,5,3,"1,5,3"
5416,"2021-11-18",1649,1,184.77,1,1,3,"1,1,3"
6394,"2021-11-18",1649,1,43.01,1,1,1,"1,1,1"
15862,"2021-11-18",1649,2,386.93,1,4,4,"1,4,4"
1586,"2021-11-18",1649,1,109.89,1,2,2,"1,2,2"
18176,"2021-11-18",1649,1,10.55,1,1,1,"1,1,1"
16555,"2021-11-18",1649,3,128.55,1,5,2,"1,5,2"
9851,"2021-11-18",1649,1,102.01,1,2,2,"1,2,2"
6495,"2021-11-18",1649,1,37.79,1,2,1,"1,2,1"
12164,"2021-11-19",1648,1,28.12,1,2,1,"1,2,1"
18395,"2021-11-19",1648,2,360.60,1,4,4,"1,4,4"
4631,"2021-11-19",1648,2,791.63,1,4,5,"1,4,5"
6895,"2021-11-19",1648,1,60.64,1,1,1,"1,1,1"
5970,"2021-11-19",1648,2,57.58,1,3,1,"1,3,1"
3602,"2021-11-19",1648,1,295.47,1,1,4,"1,1,4"
2842,"2021-11-19",1648,2,186.96,1,3,3,"1,3,3"
6286,"2021-11-19",1648,2,85.43,1,3,2,"1,3,2"
12212,"2021-11-19",1648,1,134.62,1,2,2,"1,2,2"
18269,"2021-11-20",1647,2,100.07,1,3,2,"1,3,2"
8321,"2021-11-20",1647,2,299.19,1,4,4,"1,4,4"
4987,"2021-11-20",1647,2,191.17,1,3,3,"1,3,3"
15257,"2021-11-20",1647,1,286.82,1,1,4,"1,1,4"
5885,"2021-11-21",1646,1,96.90,1,2,2,"1,2,2"
12731,"2021-11-21",1646,2,75.37,1,3,2,"1,3,2"
5607,"2021-11-21",1646,1,7.58,1,1,1,"1,1,1"
19561,"2021-11-21",1646,1,39.88,1,1,1,"1,1,1"
5988,"2021-11-21",1646,1,382.34,1,1,4,"1,1,4"
1701,"2021-11-21",1646,1,97.84,1,2,2,"1,2,2"
7878,"2021-11-22",1645,1,9.19,1,1,1,"1,1,1"
10398,"2021-11-22",1645,1,148.57,1,1,2,"1,1,2"
3336,"2021-11-22",1645,1,84.94,1,2,2,"1,2,2"
545,"2021-11-23",1644,2,309.25,1,4,4,"1,4,4"
4436,"2021-11-23",1644,3,434.93,1,5,5,"1,5,5"
15711,"2021-11-23",1644,1,35.60,1,2,1,"1,2,1"
1455,"2021-11-23",1644,1,170.33,1,1,3,"1,1,3"
293,"2021-11-24",1643,1,75.91,1,2,2,"1,2,2"
13389,"2021-11-24",1643,3,1549.21,1,4,5,"1,4,5"
9325,"2021-11-25",1642,1,18.90,1,2,1,"1,2,1"
12403,"2021-11-25",1642,1,149.57,1,1,2,"1,1,2"
11373,"2021-11-25",1642,1,46.03,1,1,1,"1,1,1"
7924,"2021-11-25",1642,1,219.74,1,1,3,"1,1,3"
15126,"2021-11-25",1642,5,248.48,1,5,3,"1,5,3"
6359,"2021-11-25",1642,2,199.28,1,3,3,"1,3,3"
3592,"2021-11-25",1642,2,142.30,1,3,2,"1,3,2"
13854,"2021-11-25",1642,4,1183.01,1,5,5,"1,5,5"
569,"2021-11-25",1642,2,119.02,1,3,2,"1,3,2"
10764,"2021-11-25",1642,1,256.64,1,1,3,"1,1,3"
6127,"2021-11-26",1641,2,328.05,1,4,4,"1,4,4"
11124,"2021-11-26",1641,1,351.54,1,1,4,"1,1,4"
17925,"2021-11-26",1641,2,331.50,1,4,4,"1,4,4"
16158,"2021-11-26",1641,1,212.43,1,1,3,"1,1,3"
7598,"2021-11-26",1641,1,9.20,1,1,1,"1,1,1"
16962,"2021-11-26",1641,1,541.00,1,2,5,"1,2,5"
7385,"2021-11-26",1641,1,111.22,1,2,2,"1,2,2"
10826,"2021-11-27",1640,1,22.41,1,2,1,"1,2,1"
9647,"2021-11-27",1640,3,261.78,1,4,4,"1,4,4"
14442,"2021-11-27",1640,1,120.63,1,2,2,"1,2,2"
2166,"2021-11-27",1640,2,203.44,1,3,3,"1,3,3"
18929,"2021-11-27",1640,1,5.35,1,2,1,"1,2,1"
6831,"2021-11-27",1640,1,413.66,1,2,4,"1,2,4"
11228,"2021-11-27",1640,2,972.36,1,4,5,"1,4,5"
13745,"2021-11-27",1640,1,11.97,1,1,1,"1,1,1"
9709,"2021-11-27",1640,1,179.06,1,1,3,"1,1,3"
12698,"2021-11-27",1640,1,15.33,1,2,1,"1,2,1"
10224,"2021-11-28",1639,1,77.70,1,2,2,"1,2,2"
16654,"2021-11-28",1639,2,129.73,1,3,2,"1,3,2"
9410,"2021-11-28",1639,1,94.80,1,2,2,"1,2,2"
6959,"2021-11-28",1639,3,76.36,1,5,2,"1,5,2"
8736,"2021-11-28",1639,2,200.34,1,3,3,"1,3,3"
18104,"2021-11-28",1639,4,260.97,1,5,4,"1,5,4"
17993,"2021-11-29",1638,1,22.86,1,2,1,"1,2,1"
5850,"2021-11-29",1638,2,123.84,1,3,2,"1,3,2"
19280,"2021-11-29",1638,1,233.31,1,1,3,"1,1,3"
6585,"2021-11-29",1638,3,199.66,1,4,3,"1,4,3"
3457,"2021-11-29",1638,1,106.22,1,2,2,"1,2,2"
4567,"2021-11-29",1638,1,211.45,1,1,3,"1,1,3"
3481,"2021-11-30",1637,1,270.27,1,1,4,"1,1,4"
11827,"2021-11-30",1637,1,549.45,1,2,5,"1,2,5"
16201,"2021-11-30",1637,1,28.53,1,2,1,"1,2,1"
6238,"2021-11-30",1637,2,153.20,1,3,3,"1,3,3"
5759,"2021-11-30",1637,3,591.82,1,4,5,"1,4,5"
17270,"2021-11-30",1637,1,9.95,1,1,1,"1,1,1"
15539,"2021-11-30",1637,2,75.34,1,3,2,"1,3,2"
13262,"2021-12-01",1636,1,53.91,1,1,1,"1,1,1"
17950,"2021-12-01",1636,1,48.21,1,1,1,"1,1,1"
15809,"2021-12-01",1636,2,220.81,1,3,3,"1,3,3"
6767,"2021-12-01",1636,1,62.98,1,1,1,"1,1,1"
5290,"2021-12-01",1636,2,54.19,1,2,1,"1,2,1"
11398,"2021-12-01",1636,1,39.50,1,2,1,"1,2,1"
1752,"2021-12-01",1636,4,753.03,1,5,5,"1,5,5"
10330,"2021-12-02",1635,1,16.56,1,2,1,"1,2,1"
6557,"2021-12-02",1635,3,439.44,1,5,5,"1,5,5"
6702,"2021-12-02",1635,1,58.33,1,1,1,"1,1,1"
2228,"2021-12-02",1635,1,94.77,1,2,2,"1,2,2"
5637,"2021-12-02",1635,3,117.07,1,5,2,"1,5,2"
12453,"2021-12-02",1635,2,561.53,1,4,5,"1,4,5"
15113,"2021-12-02",1635,1,25.08,1,2,1,"1,2,1"
7589,"2021-12-03",1634,1,54.14,1,1,1,"1,1,1"
19011,"2021-12-03",1634,1,38.89,1,2,1,"1,2,1"
2458,"2021-12-03",1634,1,31.31,1,2,1,"1,2,1"
12101,"2021-12-03",1634,1,9.95,1,1,1,"1,1,1"
5688,"2021-12-03",1634,2,84.22,1,3,2,"1,3,2"
11897,"2021-12-04",1633,2,176.22,1,3,3,"1,3,3"
7062,"2021-12-04",1633,1,401.10,1,1,4,"1,1,4"
4384,"2021-12-04",1633,2,193.86,1,3,3,"1,3,3"
9742,"2021-12-04",1633,2,381.83,1,4,4,"1,4,4"
575,"2021-12-04",1633,1,79.58,1,2,2,"1,2,2"
19505,"2021-12-04",1633,1,119.38,1,2,2,"1,2,2"
14930,"2021-12-04",1633,1,222.28,1,1,3,"1,1,3"
13850,"2021-12-04",1633,2,269.20,1,3,4,"1,3,4"
13432,"2021-12-04",1633,1,39.76,1,1,1,"1,1,1"
16409,"2021-12-05",1632,1,64.51,1,1,1,"1,1,1"
6459,"2021-12-05",1632,1,25.17,1,2,1,"1,2,1"
12402,"2021-12-05",1632,2,1505.12,1,4,5,"1,4,5"
18728,"2021-12-05",1632,2,103.66,1,3,2,"1,3,2"
3728,"2021-12-05",1632,1,55.33,1,1,1,"1,1,1"
15333,"2021-12-05",1632,3,745.06,1,4,5,"1,4,5"
4174,"2021-12-05",1632,1,256.23,1,1,3,"1,1,3"
766,"2021-12-05",1632,2,188.80,1,3,3,"1,3,3"
16462,"2021-12-06",1631,2,46.01,1,2,1,"1,2,1"
4855,"2021-12-06",1631,2,647.81,1,4,5,"1,4,5"
13006,"2021-12-06",1631,1,130.24,1,2,2,"1,2,2"
8648,"2021-12-06",1631,2,92.03,1,3,2,"1,3,2"
3448,"2021-12-06",1631,3,476.59,1,5,5,"1,5,5"
8360,"2021-12-06",1631,1,90.53,1,2,2,"1,2,2"
10033,"2021-12-07",1630,1,143.35,1,2,2,"1,2,2"
14705,"2021-12-07",1630,1,20.94,1,2,1,"1,2,1"
12787,"2021-12-07",1630,2,280.09,1,3,4,"1,3,4"
17848,"2021-12-08",1629,2,34.26,1,2,1,"1,2,1"
1861,"2021-12-08",1629,2,117.00,1,3,2,"1,3,2"
18697,"2021-12-08",1629,1,70.43,1,1,1,"1,1,1"
2158,"2021-12-08",1629,2,189.55,1,3,3,"1,3,3"
9528,"2021-12-08",1629,1,109.44,1,2,2,"1,2,2"
764,"2021-12-08",1629,1,392.03,1,1,4,"1,1,4"
3572,"2021-12-09",1628,1,141.23,1,2,2,"1,2,2"
16612,"2021-12-09",1628,1,5.37,1,2,1,"1,2,1"
12800,"2021-12-09",1628,1,118.09,1,2,2,"1,2,2"
7978,"2021-12-09",1628,1,8.79,1,1,1,"1,1,1"
17320,"2021-12-09",1628,2,247.91,1,3,3,"1,3,3"
18946,"2021-12-09",1628,1,258.41,1,1,4,"1,1,4"
9014,"2021-12-09",1628,1,66.32,1,1,1,"1,1,1"
11948,"2021-12-09",1628,1,113.88,1,2,2,"1,2,2"
2378,"2021-12-09",1628,2,391.30,1,4,4,"1,4,4"
13344,"2021-12-09",1628,2,187.04,1,3,3,"1,3,3"
1842,"2021-12-10",1627,3,546.48,1,4,5,"1,4,5"
8555,"2021-12-10",1627,1,370.71,1,1,4,"1,1,4"
4674,"2021-12-12",1625,2,452.55,1,4,5,"1,4,5"
7499,"2021-12-12",1625,2,238.68,1,3,3,"1,3,3"
6512,"2021-12-12",1625,1,118.14,1,2,2,"1,2,2"
2964,"2021-12-12",1625,3,124.62,1,5,2,"1,5,2"
19088,"2021-12-12",1625,1,197.37,1,1,3,"1,1,3"
13636,"2021-12-13",1624,1,44.18,1,1,1,"1,1,1"
7419,"2021-12-13",1624,1,49.92,1,1,1,"1,1,1"
618,"2021-12-13",1624,1,39.60,1,2,1,"1,2,1"
17517,"2021-12-14",1623,2,210.86,1,3,3,"1,3,3"
6835,"2021-12-14",1623,1,52.14,1,1,1,"1,1,1"
14457,"2021-12-14",1623,1,11.30,1,1,1,"1,1,1"
16869,"2021-12-14",1623,1,32.60,1,2,1,"1,2,1"
12560,"2021-12-14",1623,3,291.31,1,4,4,"1,4,4"
18698,"2021-12-14",1623,1,21.64,1,2,1,"1,2,1"
940,"2021-12-15",1622,2,364.63,1,4,4,"1,4,4"
18954,"2021-12-15",1622,1,124.96,1,2,2,"1,2,2"
7997,"2021-12-15",1622,3,214.72,1,5,3,"1,5,3"
10627,"2021-12-15",1622,1,15.86,1,2,1,"1,2,1"
8480,"2021-12-15",1622,1,419.28,1,2,4,"1,2,4"
13706,"2021-12-15",1622,1,104.42,1,2,2,"1,2,2"
17120,"2021-12-15",1622,2,151.15,1,3,2,"1,3,2"
19045,"2021-12-15",1622,1,17.02,1,2,1,"1,2,1"
2601,"2021-12-16",1621,1,52.30,1,1,1,"1,1,1"
4589,"2021-12-16",1621,1,232.86,1,1,3,"1,1,3"
8112,"2021-12-16",1621,1,566.10,1,2,5,"1,2,5"
11028,"2021-12-16",1621,2,172.97,1,3,3,"1,3,3"
18079,"2021-12-16",1621,1,73.40,1,1,1,"1,1,1"
10852,"2021-12-16",1621,3,498.77,1,5,5,"1,5,5"
4899,"2021-12-17",1620,2,192.77,1,3,3,"1,3,3"
11049,"2021-12-17",1620,1,49.57,1,1,1,"1,1,1"
14912,"2021-12-17",1620,1,218.63,1,1,3,"1,1,3"
4112,"2021-12-17",1620,2,304.22,1,4,4,"1,4,4"
18244,"2021-12-17",1620,2,219.24,1,3,3,"1,3,3"
527,"2021-12-17",1620,2,110.59,1,3,2,"1,3,2"
15481,"2021-12-17",1620,3,466.80,1,5,5,"1,5,5"
17234,"2021-12-17",1620,1,144.15,1,1,2,"1,1,2"
15361,"2021-12-18",1619,1,239.45,1,1,3,"1,1,3"
17428,"2021-12-18",1619,2,146.24,1,3,2,"1,3,2"
12538,"2021-12-18",1619,1,153.06,1,1,3,"1,1,3"
780,"2021-12-19",1618,1,203.10,1,1,3,"1,1,3"
12507,"2021-12-19",1618,1,6.13,1,2,1,"1,2,1"
17630,"2021-12-19",1618,1,166.11,1,1,3,"1,1,3"
15001,"2021-12-19",1618,1,57.45,1,1,1,"1,1,1"
19595,"2021-12-19",1618,2,332.25,1,4,4,"1,4,4"
2206,"2021-12-19",1618,1,49.16,1,1,1,"1,1,1"
19655,"2021-12-19",1618,2,282.51,1,3,4,"1,3,4"
17880,"2021-12-19",1618,1,56.44,1,1,1,"1,1,1"
19954,"2021-12-19",1618,1,192.09,1,1,3,"1,1,3"
7549,"2021-12-20",1617,1,84.10,1,2,2,"1,2,2"
11859,"2021-12-20",1617,1,38.86,1,2,1,"1,2,1"
3235,"2021-12-20",1617,3,668.81,1,4,5,"1,4,5"
6405,"2021-12-20",1617,1,618.92,1,2,5,"1,2,5"
17673,"2021-12-20",1617,2,131.23,1,3,2,"1,3,2"
4981,"2021-12-20",1617,2,291.26,1,4,4,"1,4,4"
6449,"2021-12-20",1617,1,30.27,1,2,1,"1,2,1"
8814,"2021-12-20",1617,1,162.79,1,1,3,"1,1,3"
7748,"2021-12-21",1616,3,317.78,1,5,4,"1,5,4"
17265,"2021-12-21",1616,1,35.13,1,2,1,"1,2,1"
17757,"2021-12-21",1616,1,16.45,1,2,1,"1,2,1"
16830,"2021-12-21",1616,2,361.66,1,4,4,"1,4,4"
17873,"2021-12-21",1616,1,83.01,1,2,2,"1,2,2"
9399,"2021-12-21",1616,4,580.61,1,5,5,"1,5,5"
2581,"2021-12-22",1615,2,309.42,1,4,4,"1,4,4"
9999,"2021-12-22",1615,1,273.62,1,1,4,"1,1,4"
6467,"2021-12-22",1615,3,154.88,1,4,3,"1,4,3"
14096,"2021-12-22",1615,2,49.54,1,2,1,"1,2,1"
7528,"2021-12-22",1615,2,93.98,1,3,2,"1,3,2"
17647,"2021-12-22",1615,3,363.22,1,5,4,"1,5,4"
9619,"2021-12-23",1614,2,330.21,1,4,4,"1,4,4"
4486,"2021-12-23",1614,1,84.25,1,2,2,"1,2,2"
16473,"2021-12-23",1614,1,419.23,1,2,4,"1,2,4"
19347,"2021-12-23",1614,2,464.45,1,4,5,"1,4,5"
12166,"2021-12-24",1613,1,98.97,1,2,2,"1,2,2"
7052,"2021-12-24",1613,3,95.36,1,4,2,"1,4,2"
13664,"2021-12-25",1612,2,178.67,1,3,3,"1,3,3"
1147,"2021-12-25",1612,1,5.89,1,2,1,"1,2,1"
10181,"2021-12-25",1612,1,187.14,1,1,3,"1,1,3"
8753,"2021-12-25",1612,2,260.68,1,3,4,"1,3,4"
15468,"2021-12-25",1612,2,300.59,1,4,4,"1,4,4"
14515,"2021-12-25",1612,1,61.13,1,1,1,"1,1,1"
13980,"2021-12-26",1611,2,435.83,1,4,5,"1,4,5"
18182,"2021-12-26",1611,2,173.13,1,3,3,"1,3,3"
7095,"2021-12-26",1611,1,28.59,1,2,1,"1,2,1"
11404,"2021-12-26",1611,3,465.65,1,5,5,"1,5,5"
18880,"2021-12-26",1611,2,1403.68,1,4,5,"1,4,5"
2911,"2021-12-27",1610,1,53.47,1,1,1,"1,1,1"
410,"2021-12-27",1610,1,168.95,1,1,3,"1,1,3"
19450,"2021-12-27",1610,1,899.26,1,2,5,"1,2,5"
19871,"2021-12-27",1610,2,629.22,1,4,5,"1,4,5"
3817,"2021-12-27",1610,1,14.42,1,1,1,"1,1,1"
6494,"2021-12-27",1610,2,27.61,1,2,1,"1,2,1"
15013,"2021-12-27",1610,1,136.92,1,2,2,"1,2,2"
3055,"2021-12-27",1610,2,243.27,1,3,3,"1,3,3"
18637,"2021-12-28",1609,1,308.70,1,1,4,"1,1,4"
14292,"2021-12-28",1609,1,347.63,1,1,4,"1,1,4"
8136,"2021-12-28",1609,3,256.51,1,5,3,"1,5,3"
14684,"2021-12-28",1609,1,138.51,1,2,2,"1,2,2"
9027,"2021-12-28",1609,1,41.84,1,1,1,"1,1,1"
8210,"2021-12-28",1609,1,227.66,1,1,3,"1,1,3"
11039,"2021-12-28",1609,1,24.46,1,2,1,"1,2,1"
18567,"2021-12-28",1609,1,25.47,1,2,1,"1,2,1"
7721,"2021-12-29",1608,3,301.17,1,4,4,"1,4,4"
18795,"2021-12-30",1607,2,385.82,1,4,4,"1,4,4"
8848,"2021-12-30",1607,2,167.93,1,3,3,"1,3,3"
5216,"2021-12-30",1607,1,135.97,1,2,2,"1,2,2"
8992,"2021-12-30",1607,2,672.18,1,4,5,"1,4,5"
16981,"2021-12-30",1607,2,345.76,1,4,4,"1,4,4"
9343,"2021-12-31",1606,2,53.92,1,2,1,"1,2,1"
1355,"2021-12-31",1606,2,273.83,1,3,4,"1,3,4"
8373,"2021-12-31",1606,3,872.17,1,5,5,"1,5,5"
5824,"2021-12-31",1606,1,112.06,1,2,2,"1,2,2"
10286,"2022-01-01",1605,1,19.83,1,2,1,"1,2,1"
2913,"2022-01-01",1605,1,211.61,1,1,3,"1,1,3"
15878,"2022-01-01",1605,3,368.70,1,5,4,"1,5,4"
4784,"2022-01-01",1605,2,223.64,1,3,3,"1,3,3"
16525,"2022-01-01",1605,2,223.05,1,3,3,"1,3,3"
5492,"2022-01-01",1605,1,28.57,1,2,1,"1,2,1"
15675,"2022-01-01",1605,1,100.37,1,2,2,"1,2,2"
16183,"2022-01-02",1604,1,233.77,1,1,3,"1,1,3"
251,"2022-01-02",1604,1,213.07,1,1,3,"1,1,3"
13106,"2022-01-02",1604,1,110.18,1,2,2,"1,2,2"
15011,"2022-01-02",1604,2,56.84,1,3,1,"1,3,1"
203,"2022-01-03",1603,1,47.62,1,1,1,"1,1,1"
6203,"2022-01-03",1603,2,109.08,1,3,2,"1,3,2"
6460,"2022-01-03",1603,2,34.14,1,2,1,"1,2,1"
7597,"2022-01-04",1602,1,29.48,1,2,1,"1,2,1"
2785,"2022-01-04",1602,1,204.38,1,1,3,"1,1,3"
10132,"2022-01-04",1602,1,334.07,1,1,4,"1,1,4"
15813,"2022-01-04",1602,1,11.72,1,1,1,"1,1,1"
13916,"2022-01-04",1602,3,155.21,1,5,3,"1,5,3"
19870,"2022-01-04",1602,2,86.82,1,3,2,"1,3,2"
450,"2022-01-04",1602,1,85.03,1,2,2,"1,2,2"
10297,"2022-01-04",1602,2,69.77,1,3,1,"1,3,1"
19989,"2022-01-05",1601,3,305.11,1,4,4,"1,4,4"
6863,"2022-01-05",1601,1,79.44,1,2,2,"1,2,2"
18046,"2022-01-05",1601,1,160.01,1,1,3,"1,1,3"
5449,"2022-01-05",1601,2,225.30,1,3,3,"1,3,3"
4704,"2022-01-05",1601,2,289.33,1,4,4,"1,4,4"
4358,"2022-01-05",1601,1,7.42,1,1,1,"1,1,1"
16764,"2022-01-05",1601,1,65.50,1,1,1,"1,1,1"
4626,"2022-01-06",1600,1,179.51,1,1,3,"1,1,3"
14413,"2022-01-06",1600,1,80.20,1,2,2,"1,2,2"
1547,"2022-01-06",1600,1,135.63,1,2,2,"1,2,2"
19681,"2022-01-06",1600,1,518.01,1,2,5,"1,2,5"
9685,"2022-01-06",1600,1,812.99,1,2,5,"1,2,5"
14029,"2022-01-07",1599,1,381.63,1,1,4,"1,1,4"
9828,"2022-01-07",1599,1,162.92,1,1,3,"1,1,3"
13615,"2022-01-07",1599,2,80.45,1,3,2,"1,3,2"
98,"2022-01-07",1599,1,59.52,1,1,1,"1,1,1"
10908,"2022-01-07",1599,1,172.06,1,1,3,"1,1,3"
3184,"2022-01-07",1599,1,85.31,1,2,2,"1,2,2"
10832,"2022-01-08",1598,3,297.37,1,4,4,"1,4,4"
15162,"2022-01-08",1598,2,127.29,1,3,2,"1,3,2"
16969,"2022-01-08",1598,1,231.28,1,1,3,"1,1,3"
3157,"2022-01-08",1598,2,67.37,1,3,1,"1,3,1"
1162,"2022-01-08",1598,3,62.96,1,5,1,"1,5,1"
16705,"2022-01-09",1597,1,219.91,1,1,3,"1,1,3"
5209,"2022-01-09",1597,2,280.34,1,3,4,"1,3,4"
614,"2022-01-09",1597,3,466.38,1,5,5,"1,5,5"
11103,"2022-01-09",1597,2,164.90,1,3,3,"1,3,3"
8847,"2022-01-09",1597,2,299.83,1,4,4,"1,4,4"
13978,"2022-01-09",1597,1,43.89,1,1,1,"1,1,1"
4262,"2022-01-09",1597,1,25.41,1,2,1,"1,2,1"
11030,"2022-01-09",1597,3,421.32,1,4,4,"1,4,4"
10601,"2022-01-09",1597,2,76.00,1,3,2,"1,3,2"
4071,"2022-01-09",1597,1,102.92,1,2,2,"1,2,2"
624,"2022-01-10",1596,1,37.77,1,2,1,"1,2,1"
1610,"2022-01-10",1596,1,63.68,1,1,1,"1,1,1"
17975,"2022-01-10",1596,1,12.63,1,1,1,"1,1,1"
2599,"2022-01-10",1596,1,12.90,1,1,1,"1,1,1"
14210,"2022-01-10",1596,2,563.83,1,4,5,"1,4,5"
1574,"2022-01-11",1595,1,216.49,1,1,3,"1,1,3"
5462,"2022-01-11",1595,2,255.29,1,3,3,"1,3,3"
4153,"2022-01-11",1595,3,143.96,1,4,2,"1,4,2"
3211,"2022-01-11",1595,1,55.56,1,1,1,"1,1,1"
349,"2022-01-11",1595,3,418.85,1,4,4,"1,4,4"
589,"2022-01-11",1595,1,23.83,1,2,1,"1,2,1"
5819,"2022-01-11",1595,2,200.25,1,3,3,"1,3,3"
14586,"2022-01-12",1594,1,112.38,1,2,2,"1,2,2"
15704,"2022-01-12",1594,1,318.71,1,1,4,"1,1,4"
7773,"2022-01-12",1594,1,96.53,1,2,2,"1,2,2"
11066,"2022-01-13",1593,1,17.62,1,2,1,"1,2,1"
18964,"2022-01-13",1593,2,155.50,1,3,3,"1,3,3"
19468,"2022-01-13",1593,2,213.87,1,3,3,"1,3,3"
12778,"2022-01-13",1593,3,691.16,1,5,5,"1,5,5"
18106,"2022-01-13",1593,3,257.70,1,4,4,"1,4,4"
1520,"2022-01-13",1593,2,133.65,1,3,2,"1,3,2"
1640,"2022-01-13",1593,1,272.97,1,1,4,"1,1,4"
8181,"2022-01-14",1592,1,192.86,1,1,3,"1,1,3"
8147,"2022-01-15",1591,1,33.27,1,2,1,"1,2,1"
19629,"2022-01-15",1591,2,226.35,1,3,3,"1,3,3"
4108,"2022-01-15",1591,1,121.43,1,2,2,"1,2,2"
19740,"2022-01-15",1591,2,293.05,1,4,4,"1,4,4"
15437,"2022-01-15",1591,3,526.77,1,5,5,"1,5,5"
18849,"2022-01-16",1590,1,172.46,1,1,3,"1,1,3"
6853,"2022-01-16",1590,1,94.71,1,2,2,"1,2,2"
19349,"2022-01-16",1590,2,228.94,1,3,3,"1,3,3"
479,"2022-01-16",1590,1,109.67,1,2,2,"1,2,2"
9536,"2022-01-16",1590,2,248.44,1,3,3,"1,3,3"
9918,"2022-01-16",1590,2,450.38,1,4,5,"1,4,5"
4990,"2022-01-16",1590,2,613.76,1,4,5,"1,4,5"
19066,"2022-01-16",1590,2,242.45,1,3,3,"1,3,3"
4891,"2022-01-17",1589,1,221.34,1,1,3,"1,1,3"
3566,"2022-01-17",1589,1,7.51,1,1,1,"1,1,1"
15696,"2022-01-17",1589,1,27.18,1,2,1,"1,2,1"
19227,"2022-01-17",1589,1,75.93,1,2,2,"1,2,2"
12008,"2022-01-17",1589,2,44.32,1,2,1,"1,2,1"
2553,"2022-01-18",1588,3,490.93,1,5,5,"1,5,5"
8068,"2022-01-18",1588,2,653.99,1,4,5,"1,4,5"
11981,"2022-01-18",1588,2,150.60,1,3,2,"1,3,2"
14532,"2022-01-18",1588,1,54.94,1,1,1,"1,1,1"
1388,"2022-01-18",1588,2,172.67,1,3,3,"1,3,3"
10731,"2022-01-19",1587,2,183.06,1,3,3,"1,3,3"
5841,"2022-01-19",1587,2,134.31,1,3,2,"1,3,2"
7717,"2022-01-19",1587,2,202.61,1,3,3,"1,3,3"
3764,"2022-01-19",1587,1,216.27,1,1,3,"1,1,3"
8630,"2022-01-19",1587,2,303.65,1,4,4,"1,4,4"
12498,"2022-01-19",1587,2,245.60,1,3,3,"1,3,3"
17529,"2022-01-19",1587,2,266.87,1,3,4,"1,3,4"
13379,"2022-01-19",1587,1,31.72,1,2,1,"1,2,1"
16600,"2022-01-19",1587,2,50.39,1,2,1,"1,2,1"
11269,"2022-01-19",1587,1,277.72,1,1,4,"1,1,4"
10877,"2022-01-20",1586,1,110.27,1,2,2,"1,2,2"
4371,"2022-01-20",1586,2,39.84,1,2,1,"1,2,1"
18695,"2022-01-21",1585,2,594.71,1,4,5,"1,4,5"
7871,"2022-01-21",1585,1,78.19,1,2,2,"1,2,2"
3217,"2022-01-22",1584,1,318.80,1,1,4,"1,1,4"
9960,"2022-01-22",1584,1,23.72,1,2,1,"1,2,1"
8017,"2022-01-23",1583,2,302.56,1,4,4,"1,4,4"
15748,"2022-01-23",1583,2,97.68,1,3,2,"1,3,2"
247,"2022-01-23",1583,1,51.90,1,1,1,"1,1,1"
5154,"2022-01-23",1583,1,26.13,1,2,1,"1,2,1"
17803,"2022-01-23",1583,1,136.01,1,2,2,"1,2,2"
15211,"2022-01-23",1583,1,51.19,1,1,1,"1,1,1"
3191,"2022-01-24",1582,1,112.48,1,2,2,"1,2,2"
9419,"2022-01-25",1581,2,288.50,1,4,4,"1,4,4"
19827,"2022-01-25",1581,3,1070.44,1,5,5,"1,5,5"
17773,"2022-01-25",1581,2,242.95,1,3,3,"1,3,3"
7104,"2022-01-26",1580,1,28.84,1,2,1,"1,2,1"
17942,"2022-01-26",1580,3,472.11,1,5,5,"1,5,5"
1185,"2022-01-26",1580,5,501.35,1,5,5,"1,5,5"
14983,"2022-01-26",1580,3,318.56,1,5,4,"1,5,4"
2830,"2022-01-26",1580,1,9.69,1,1,1,"1,1,1"
2820,"2022-01-27",1579,2,346.25,1,4,4,"1,4,4"
5747,"2022-01-27",1579,1,206.38,1,1,3,"1,1,3"
151,"2022-01-27",1579,1,90.75,1,2,2,"1,2,2"
1253,"2022-01-27",1579,3,296.71,1,4,4,"1,4,4"
5212,"2022-01-28",1578,2,386.64,1,4,4,"1,4,4"
12829,"2022-01-28",1578,4,90.43,1,5,2,"1,5,2"
4222,"2022-01-28",1578,2,155.17,1,3,3,"1,3,3"
1057,"2022-01-29",1577,2,263.41,1,3,4,"1,3,4"
7161,"2022-01-29",1577,2,271.93,1,3,4,"1,3,4"
10255,"2022-01-29",1577,3,124.06,1,5,2,"1,5,2"
11224,"2022-01-29",1577,2,143.96,1,3,2,"1,3,2"
17917,"2022-01-30",1576,1,42.52,1,1,1,"1,1,1"
13212,"2022-01-30",1576,1,60.72,1,1,1,"1,1,1"
19059,"2022-01-30",1576,2,183.05,1,3,3,"1,3,3"
12435,"2022-01-30",1576,1,50.84,1,1,1,"1,1,1"
4610,"2022-01-31",1575,1,19.58,1,2,1,"1,2,1"
1342,"2022-01-31",1575,1,31.33,1,2,1,"1,2,1"
13946,"2022-01-31",1575,3,277.55,1,4,4,"1,4,4"
18075,"2022-01-31",1575,1,18.98,1,2,1,"1,2,1"
7932,"2022-02-01",1574,1,146.30,1,1,2,"1,1,2"
14026,"2022-02-01",1574,1,99.40,1,2,2,"1,2,2"
15979,"2022-02-01",1574,3,232.48,1,5,3,"1,5,3"
7147,"2022-02-01",1574,1,383.88,1,1,4,"1,1,4"
3674,"2022-02-02",1573,1,183.48,1,1,3,"1,1,3"
4900,"2022-02-02",1573,4,1815.04,1,5,5,"1,5,5"
19647,"2022-02-02",1573,1,17.51,1,2,1,"1,2,1"
9879,"2022-02-02",1573,3,350.48,1,4,4,"1,4,4"
17287,"2022-02-03",1572,1,4.78,1,2,1,"1,2,1"
3638,"2022-02-03",1572,3,260.70,1,4,4,"1,4,4"
11186,"2022-02-03",1572,1,65.64,1,1,1,"1,1,1"
17192,"2022-02-03",1572,2,566.89,1,4,5,"1,4,5"
15805,"2022-02-03",1572,1,121.53,1,2,2,"1,2,2"
19019,"2022-02-03",1572,1,55.74,1,1,1,"1,1,1"
15365,"2022-02-04",1571,1,71.48,1,1,1,"1,1,1"
19915,"2022-02-04",1571,1,25.94,1,2,1,"1,2,1"
2838,"2022-02-04",1571,1,193.52,1,1,3,"1,1,3"
9279,"2022-02-04",1571,1,119.83,1,2,2,"1,2,2"
499,"2022-02-04",1571,3,519.80,1,5,5,"1,5,5"
11583,"2022-02-05",1570,3,124.59,1,5,2,"1,5,2"
11671,"2022-02-05",1570,2,604.28,1,4,5,"1,4,5"
3071,"2022-02-05",1570,2,746.13,1,4,5,"1,4,5"
15912,"2022-02-05",1570,3,400.92,1,4,4,"1,4,4"
8224,"2022-02-05",1570,1,55.93,1,1,1,"1,1,1"
7061,"2022-02-05",1570,1,105.68,1,2,2,"1,2,2"
3451,"2022-02-05",1570,1,37.29,1,2,1,"1,2,1"
9553,"2022-02-06",1569,2,146.17,1,3,2,"1,3,2"
15292,"2022-02-06",1569,3,267.72,1,4,4,"1,4,4"
1294,"2022-02-06",1569,2,193.46,1,3,3,"1,3,3"
10917,"2022-02-06",1569,4,839.75,1,5,5,"1,5,5"
15241,"2022-02-06",1569,1,42.92,1,1,1,"1,1,1"
5446,"2022-02-06",1569,1,277.65,1,1,4,"1,1,4"
10501,"2022-02-07",1568,3,93.41,1,5,2,"1,5,2"
16036,"2022-02-07",1568,1,159.91,1,1,3,"1,1,3"
385,"2022-02-07",1568,3,270.92,1,4,4,"1,4,4"
7886,"2022-02-07",1568,1,14.30,1,1,1,"1,1,1"
4260,"2022-02-07",1568,2,71.74,1,3,1,"1,3,1"
13394,"2022-02-07",1568,1,113.24,1,2,2,"1,2,2"
1824,"2022-02-07",1568,2,418.75,1,4,4,"1,4,4"
7630,"2022-02-07",1568,1,104.23,1,2,2,"1,2,2"
296,"2022-02-07",1568,1,31.72,1,2,1,"1,2,1"
19800,"2022-02-07",1568,2,590.19,1,4,5,"1,4,5"
18020,"2022-02-08",1567,2,133.03,1,3,2,"1,3,2"
8453,"2022-02-08",1567,1,274.87,1,1,4,"1,1,4"
11248,"2022-02-08",1567,1,8.46,1,1,1,"1,1,1"
11593,"2022-02-08",1567,2,209.57,1,3,3,"1,3,3"
19860,"2022-02-08",1567,1,42.42,1,1,1,"1,1,1"
11542,"2022-02-09",1566,2,381.11,1,4,4,"1,4,4"
12687,"2022-02-09",1566,2,208.09,1,3,3,"1,3,3"
11774,"2022-02-09",1566,1,103.65,1,2,2,"1,2,2"
18351,"2022-02-09",1566,1,35.22,1,2,1,"1,2,1"
6723,"2022-02-09",1566,3,96.64,1,4,2,"1,4,2"
5937,"2022-02-09",1566,2,246.36,1,3,3,"1,3,3"
7184,"2022-02-09",1566,3,465.50,1,5,5,"1,5,5"
1736,"2022-02-10",1565,2,52.68,1,2,1,"1,2,1"
7289,"2022-02-10",1565,2,397.23,1,4,4,"1,4,4"
11496,"2022-02-11",1564,1,21.61,1,2,1,"1,2,1"
4307,"2022-02-11",1564,2,323.47,1,4,4,"1,4,4"
11063,"2022-02-11",1564,1,111.92,1,2,2,"1,2,2"
3879,"2022-02-11",1564,3,210.44,1,4,3,"1,4,3"
3439,"2022-02-11",1564,1,370.84,1,1,4,"1,1,4"
13439,"2022-02-11",1564,3,146.72,1,4,2,"1,4,2"
11999,"2022-02-11",1564,1,151.80,1,1,3,"1,1,3"
14572,"2022-02-11",1564,3,337.32,1,4,4,"1,4,4"
13586,"2022-02-11",1564,1,103.91,1,2,2,"1,2,2"
889,"2022-02-12",1563,2,153.83,1,3,3,"1,3,3"
1437,"2022-02-12",1563,1,192.91,1,1,3,"1,1,3"
7996,"2022-02-12",1563,1,59.78,1,1,1,"1,1,1"
1649,"2022-02-12",1563,1,235.28,1,1,3,"1,1,3"
6215,"2022-02-12",1563,2,161.54,1,3,3,"1,3,3"
1817,"2022-02-12",1563,1,19.94,1,2,1,"1,2,1"
5844,"2022-02-12",1563,1,90.16,1,2,2,"1,2,2"
5165,"2022-02-13",1562,1,67.78,1,1,1,"1,1,1"
10464,"2022-02-13",1562,1,38.09,1,2,1,"1,2,1"
16524,"2022-02-13",1562,2,1300.20,1,4,5,"1,4,5"
19256,"2022-02-13",1562,3,45.34,1,4,1,"1,4,1"
7206,"2022-02-14",1561,1,33.58,1,2,1,"1,2,1"
6729,"2022-02-14",1561,1,5.30,1,2,1,"1,2,1"
17095,"2022-02-14",1561,1,225.07,1,1,3,"1,1,3"
7321,"2022-02-14",1561,1,53.94,1,1,1,"1,1,1"
16887,"2022-02-14",1561,2,515.88,1,4,5,"1,4,5"
8790,"2022-02-14",1561,3,321.42,1,4,4,"1,4,4"
9398,"2022-02-15",1560,2,423.24,1,4,4,"1,4,4"
2503,"2022-02-15",1560,2,171.94,1,3,3,"1,3,3"
17940,"2022-02-15",1560,1,7.90,1,1,1,"1,1,1"
11065,"2022-02-15",1560,3,200.94,1,4,3,"1,4,3"
13641,"2022-02-15",1560,2,100.86,1,3,2,"1,3,2"
14587,"2022-02-15",1560,2,123.50,1,3,2,"1,3,2"
406,"2022-02-16",1559,1,234.11,1,1,3,"1,1,3"
3636,"2022-02-16",1559,1,136.33,1,2,2,"1,2,2"
18389,"2022-02-16",1559,2,231.33,1,3,3,"1,3,3"
18108,"2022-02-16",1559,1,44.94,1,1,1,"1,1,1"
15031,"2022-02-16",1559,1,81.90,1,2,2,"1,2,2"
10842,"2022-02-16",1559,3,363.73,1,5,4,"1,5,4"
813,"2022-02-16",1559,2,351.14,1,4,4,"1,4,4"
10566,"2022-02-17",1558,1,65.67,1,1,1,"1,1,1"
14248,"2022-02-17",1558,2,374.79,1,4,4,"1,4,4"
19747,"2022-02-17",1558,2,337.49,1,4,4,"1,4,4"
11785,"2022-02-17",1558,2,109.73,1,3,2,"1,3,2"
7455,"2022-02-17",1558,2,274.78,1,3,4,"1,3,4"
18490,"2022-02-17",1558,1,21.90,1,2,1,"1,2,1"
2740,"2022-02-17",1558,1,125.18,1,2,2,"1,2,2"
4893,"2022-02-17",1558,2,162.73,1,3,3,"1,3,3"
3407,"2022-02-17",1558,1,88.82,1,2,2,"1,2,2"
15654,"2022-02-18",1557,1,59.06,1,1,1,"1,1,1"
2855,"2022-02-18",1557,3,338.50,1,4,4,"1,4,4"
4076,"2022-02-18",1557,2,176.76,1,3,3,"1,3,3"
5623,"2022-02-18",1557,1,23.40,1,2,1,"1,2,1"
9485,"2022-02-18",1557,1,17.32,1,2,1,"1,2,1"
1336,"2022-02-18",1557,1,8.03,1,1,1,"1,1,1"
16857,"2022-02-18",1557,1,102.96,1,2,2,"1,2,2"
16247,"2022-02-19",1556,2,204.70,1,3,3,"1,3,3"
5053,"2022-02-19",1556,1,177.22,1,1,3,"1,1,3"
17113,"2022-02-19",1556,2,251.27,1,3,3,"1,3,3"
5251,"2022-02-19",1556,2,52.86,1,2,1,"1,2,1"
8985,"2022-02-19",1556,2,349.27,1,4,4,"1,4,4"
11598,"2022-02-19",1556,2,318.19,1,4,4,"1,4,4"
8432,"2022-02-20",1555,1,113.77,1,2,2,"1,2,2"
3829,"2022-02-20",1555,2,419.49,1,4,4,"1,4,4"
10646,"2022-02-20",1555,3,119.51,1,5,2,"1,5,2"
4396,"2022-02-20",1555,2,283.78,1,3,4,"1,3,4"
85,"2022-02-20",1555,1,75.05,1,2,2,"1,2,2"
19231,"2022-02-20",1555,1,88.79,1,2,2,"1,2,2"
9341,"2022-02-21",1554,1,207.45,1,1,3,"1,1,3"
6774,"2022-02-21",1554,2,306.95,1,4,4,"1,4,4"
3449,"2022-02-21",1554,2,518.99,1,4,5,"1,4,5"
16064,"2022-02-21",1554,1,12.49,1,1,1,"1,1,1"
13665,"2022-02-21",1554,1,37.18,1,2,1,"1,2,1"
146,"2022-02-21",1554,3,268.29,1,4,4,"1,4,4"
640,"2022-02-21",1554,1,11.64,1,1,1,"1,1,1"
4780,"2022-02-21",1554,1,30.89,1,2,1,"1,2,1"
1568,"2022-02-21",1554,1,55.29,1,1,1,"1,1,1"
12619,"2022-02-21",1554,1,106.96,1,2,2,"1,2,2"
18884,"2022-02-21",1554,1,44.26,1,1,1,"1,1,1"
14184,"2022-02-22",1553,2,141.06,1,3,2,"1,3,2"
7469,"2022-02-22",1553,2,690.30,1,4,5,"1,4,5"
13663,"2022-02-22",1553,2,105.73,1,3,2,"1,3,2"
7251,"2022-02-22",1553,3,221.93,1,5,3,"1,5,3"
19576,"2022-02-22",1553,2,146.29,1,3,2,"1,3,2"
14722,"2022-02-22",1553,3,649.89,1,5,5,"1,5,5"
13550,"2022-02-23",1552,2,100.19,1,3,2,"1,3,2"
9232,"2022-02-23",1552,3,359.23,1,4,4,"1,4,4"
13430,"2022-02-23",1552,2,378.72,1,4,4,"1,4,4"
17432,"2022-02-23",1552,1,271.34,1,1,4,"1,1,4"
3292,"2022-02-23",1552,2,414.27,1,4,4,"1,4,4"
7782,"2022-02-23",1552,2,244.52,1,3,3,"1,3,3"
13693,"2022-02-23",1552,2,568.31,1,4,5,"1,4,5"
15829,"2022-02-24",1551,1,59.13,1,1,1,"1,1,1"
10569,"2022-02-24",1551,1,210.33,1,1,3,"1,1,3"
15564,"2022-02-24",1551,1,311.99,1,1,4,"1,1,4"
17500,"2022-02-24",1551,1,78.50,1,2,2,"1,2,2"
15303,"2022-02-24",1551,1,166.38,1,1,3,"1,1,3"
14873,"2022-02-24",1551,3,242.47,1,5,3,"1,5,3"
5954,"2022-02-25",1550,1,37.79,1,2,1,"1,2,1"
13152,"2022-02-25",1550,1,199.53,1,1,3,"1,1,3"
511,"2022-02-25",1550,1,73.44,1,1,1,"1,1,1"
6247,"2022-02-26",1549,2,242.74,1,3,3,"1,3,3"
3780,"2022-02-26",1549,2,37.43,1,2,1,"1,2,1"
5135,"2022-02-26",1549,2,344.86,1,4,4,"1,4,4"
19388,"2022-02-26",1549,3,380.16,1,5,4,"1,5,4"
6939,"2022-02-27",1548,3,194.63,1,4,3,"1,4,3"
3925,"2022-02-27",1548,1,43.17,1,1,1,"1,1,1"
10712,"2022-02-27",1548,1,133.31,1,2,2,"1,2,2"
4078,"2022-02-28",1547,2,326.96,1,4,4,"1,4,4"
15350,"2022-02-28",1547,3,273.16,1,4,4,"1,4,4"
12540,"2022-02-28",1547,1,508.37,1,2,5,"1,2,5"
59,"2022-02-28",1547,1,81.92,1,2,2,"1,2,2"
10068,"2022-02-28",1547,1,30.71,1,2,1,"1,2,1"
12059,"2022-02-28",1547,1,134.89,1,2,2,"1,2,2"
4869,"2022-02-28",1547,1,71.35,1,1,1,"1,1,1"
1083,"2022-02-28",1547,2,138.00,1,3,2,"1,3,2"
3701,"2022-03-01",1546,1,95.22,1,2,2,"1,2,2"
11346,"2022-03-01",1546,1,19.89,1,2,1,"1,2,1"
12174,"2022-03-01",1546,1,52.94,1,1,1,"1,1,1"
12544,"2022-03-02",1545,1,322.17,1,1,4,"1,1,4"
7300,"2022-03-02",1545,1,71.52,1,1,1,"1,1,1"
1905,"2022-03-02",1545,1,21.48,1,2,1,"1,2,1"
10512,"2022-03-02",1545,1,30.54,1,2,1,"1,2,1"
19686,"2022-03-02",1545,3,142.19,1,4,2,"1,4,2"
14139,"2022-03-02",1545,1,151.12,1,1,2,"1,1,2"
13860,"2022-03-02",1545,1,99.14,1,2,2,"1,2,2"
11788,"2022-03-02",1545,1,19.14,1,2,1,"1,2,1"
18273,"2022-03-02",1545,2,213.82,1,3,3,"1,3,3"
6507,"2022-03-02",1545,1,117.46,1,2,2,"1,2,2"
4880,"2022-03-02",1545,1,170.09,1,1,3,"1,1,3"
897,"2022-03-02",1545,1,37.31,1,2,1,"1,2,1"
13898,"2022-03-03",1544,1,132.74,1,2,2,"1,2,2"
13673,"2022-03-03",1544,1,61.46,1,1,1,"1,1,1"
13213,"2022-03-03",1544,2,200.59,1,3,3,"1,3,3"
12848,"2022-03-03",1544,1,19.50,1,2,1,"1,2,1"
9638,"2022-03-03",1544,1,171.92,1,1,3,"1,1,3"
18579,"2022-03-04",1543,2,61.17,1,3,1,"1,3,1"
15440,"2022-03-04",1543,2,316.93,2,4,4,"2,4,4"
16146,"2022-03-04",1543,1,169.07,2,1,3,"2,1,3"
18048,"2022-03-04",1543,1,87.35,2,2,2,"2,2,2"
5952,"2022-03-04",1543,2,178.97,2,3,3,"2,3,3"
10760,"2022-03-04",1543,1,50.83,2,1,1,"2,1,1"
8323,"2022-03-04",1543,2,238.91,2,3,3,"2,3,3"
13794,"2022-03-04",1543,1,319.51,2,1,4,"2,1,4"
6995,"2022-03-05",1542,1,87.59,2,2,2,"2,2,2"
2195,"2022-03-05",1542,2,97.94,2,3,2,"2,3,2"
1628,"2022-03-05",1542,2,501.97,2,4,5,"2,4,5"
7603,"2022-03-05",1542,1,46.11,2,1,1,"2,1,1"
18123,"2022-03-05",1542,2,113.32,2,3,2,"2,3,2"
2217,"2022-03-05",1542,1,185.57,2,1,3,"2,1,3"
16113,"2022-03-05",1542,1,38.13,2,2,1,"2,2,1"
11001,"2022-03-05",1542,2,729.74,2,4,5,"2,4,5"
16062,"2022-03-05",1542,2,278.54,2,3,4,"2,3,4"
18469,"2022-03-06",1541,2,168.00,2,3,3,"2,3,3"
4479,"2022-03-06",1541,1,56.49,2,1,1,"2,1,1"
14779,"2022-03-06",1541,2,264.88,2,3,4,"2,3,4"
10306,"2022-03-06",1541,1,85.04,2,2,2,"2,2,2"
16799,"2022-03-07",1540,2,117.17,2,3,2,"2,3,2"
6197,"2022-03-07",1540,2,90.74,2,3,2,"2,3,2"
8291,"2022-03-07",1540,2,215.94,2,3,3,"2,3,3"
7929,"2022-03-07",1540,2,119.32,2,3,2,"2,3,2"
14976,"2022-03-07",1540,1,202.11,2,1,3,"2,1,3"
14151,"2022-03-07",1540,1,121.13,2,2,2,"2,2,2"
12991,"2022-03-08",1539,1,296.97,2,1,4,"2,1,4"
4389,"2022-03-08",1539,2,33.01,2,2,1,"2,2,1"
6291,"2022-03-08",1539,2,211.39,2,3,3,"2,3,3"
6302,"2022-03-09",1538,2,345.19,2,4,4,"2,4,4"
6986,"2022-03-09",1538,1,10.25,2,1,1,"2,1,1"
837,"2022-03-09",1538,2,77.42,2,3,2,"2,3,2"
13094,"2022-03-09",1538,2,84.96,2,3,2,"2,3,2"
3240,"2022-03-09",1538,1,85.03,2,2,2,"2,2,2"
2841,"2022-03-10",1537,2,266.98,2,3,4,"2,3,4"
12707,"2022-03-10",1537,1,49.55,2,1,1,"2,1,1"
11033,"2022-03-10",1537,2,85.91,2,3,2,"2,3,2"
11772,"2022-03-10",1537,2,688.52,2,4,5,"2,4,5"
197,"2022-03-10",1537,2,118.83,2,3,2,"2,3,2"
14647,"2022-03-10",1537,3,386.78,2,4,4,"2,4,4"
16372,"2022-03-11",1536,1,46.71,2,1,1,"2,1,1"
2568,"2022-03-11",1536,2,71.98,2,3,1,"2,3,1"
9012,"2022-03-11",1536,1,170.63,2,1,3,"2,1,3"
13765,"2022-03-11",1536,2,251.91,2,3,3,"2,3,3"
15146,"2022-03-11",1536,1,48.35,2,1,1,"2,1,1"
9666,"2022-03-12",1535,1,38.32,2,2,1,"2,2,1"
18942,"2022-03-12",1535,1,52.34,2,1,1,"2,1,1"
19300,"2022-03-12",1535,1,15.62,2,2,1,"2,2,1"
9227,"2022-03-12",1535,2,492.26,2,4,5,"2,4,5"
13155,"2022-03-13",1534,3,425.72,2,4,4,"2,4,4"
2619,"2022-03-13",1534,1,68.09,2,1,1,"2,1,1"
510,"2022-03-13",1534,3,728.95,2,4,5,"2,4,5"
11856,"2022-03-13",1534,3,336.52,2,4,4,"2,4,4"
13516,"2022-03-13",1534,1,105.07,2,2,2,"2,2,2"
7490,"2022-03-13",1534,1,136.93,2,2,2,"2,2,2"
8118,"2022-03-14",1533,3,168.17,2,4,3,"2,4,3"
17212,"2022-03-14",1533,1,330.80,2,1,4,"2,1,4"
9355,"2022-03-14",1533,1,58.24,2,1,1,"2,1,1"
1727,"2022-03-14",1533,4,512.45,2,5,5,"2,5,5"
2317,"2022-03-14",1533,3,374.29,2,5,4,"2,5,4"
885,"2022-03-14",1533,2,444.61,2,4,5,"2,4,5"
9001,"2022-03-14",1533,1,78.14,2,2,2,"2,2,2"
7424,"2022-03-14",1533,2,173.06,2,3,3,"2,3,3"
9437,"2022-03-15",1532,2,27.18,2,2,1,"2,2,1"
9467,"2022-03-15",1532,1,64.57,2,1,1,"2,1,1"
4177,"2022-03-15",1532,1,136.27,2,2,2,"2,2,2"
836,"2022-03-15",1532,2,265.37,2,3,4,"2,3,4"
12632,"2022-03-15",1532,1,72.72,2,1,1,"2,1,1"
14134,"2022-03-16",1531,1,311.17,2,1,4,"2,1,4"
16884,"2022-03-16",1531,2,22.00,2,2,1,"2,2,1"
17826,"2022-03-16",1531,3,328.86,2,4,4,"2,4,4"
15098,"2022-03-17",1530,1,46.71,2,1,1,"2,1,1"
12988,"2022-03-17",1530,3,219.33,2,5,3,"2,5,3"
6003,"2022-03-17",1530,2,887.44,2,4,5,"2,4,5"
1111,"2022-03-17",1530,1,40.08,2,1,1,"2,1,1"
19082,"2022-03-17",1530,1,8.56,2,1,1,"2,1,1"
7232,"2022-03-17",1530,2,868.45,2,4,5,"2,4,5"
19089,"2022-03-18",1529,1,152.05,2,1,3,"2,1,3"
8714,"2022-03-18",1529,4,1107.97,2,5,5,"2,5,5"
2828,"2022-03-18",1529,1,340.52,2,1,4,"2,1,4"
3762,"2022-03-18",1529,1,95.65,2,2,2,"2,2,2"
13479,"2022-03-18",1529,2,161.92,2,3,3,"2,3,3"
9544,"2022-03-18",1529,1,21.75,2,2,1,"2,2,1"
19025,"2022-03-18",1529,3,474.42,2,5,5,"2,5,5"
10715,"2022-03-18",1529,1,171.64,2,1,3,"2,1,3"
14736,"2022-03-19",1528,1,194.13,2,1,3,"2,1,3"
14178,"2022-03-19",1528,3,396.72,2,4,4,"2,4,4"
15449,"2022-03-19",1528,2,243.73,2,3,3,"2,3,3"
8165,"2022-03-19",1528,2,84.99,2,3,2,"2,3,2"
2771,"2022-03-19",1528,2,127.74,2,3,2,"2,3,2"
8954,"2022-03-19",1528,1,48.51,2,1,1,"2,1,1"
16097,"2022-03-19",1528,2,276.10,2,3,4,"2,3,4"
7372,"2022-03-19",1528,2,256.26,2,3,3,"2,3,3"
19958,"2022-03-20",1527,1,144.48,2,1,2,"2,1,2"
14309,"2022-03-20",1527,1,72.59,2,1,1,"2,1,1"
5368,"2022-03-20",1527,1,78.53,2,2,2,"2,2,2"
4847,"2022-03-20",1527,2,522.18,2,4,5,"2,4,5"
4775,"2022-03-20",1527,2,368.14,2,4,4,"2,4,4"
18708,"2022-03-20",1527,1,84.76,2,2,2,"2,2,2"
19038,"2022-03-20",1527,1,46.40,2,1,1,"2,1,1"
7938,"2022-03-21",1526,2,232.85,2,3,3,"2,3,3"
15970,"2022-03-21",1526,1,74.14,2,2,2,"2,2,2"
13836,"2022-03-21",1526,2,178.45,2,3,3,"2,3,3"
233,"2022-03-21",1526,1,199.88,2,1,3,"2,1,3"
18440,"2022-03-21",1526,2,353.74,2,4,4,"2,4,4"
4306,"2022-03-22",1525,1,18.25,2,2,1,"2,2,1"
16783,"2022-03-22",1525,1,10.91,2,1,1,"2,1,1"
14236,"2022-03-22",1525,2,153.31,2,3,3,"2,3,3"
12020,"2022-03-22",1525,3,149.19,2,4,2,"2,4,2"
2251,"2022-03-22",1525,1,70.70,2,1,1,"2,1,1"
4645,"2022-03-22",1525,1,29.29,2,2,1,"2,2,1"
5099,"2022-03-23",1524,2,54.96,2,2,1,"2,2,1"
4458,"2022-03-23",1524,2,458.26,2,4,5,"2,4,5"
17476,"2022-03-23",1524,1,279.78,2,1,4,"2,1,4"
2425,"2022-03-23",1524,1,96.56,2,2,2,"2,2,2"
306,"2022-03-23",1524,1,87.06,2,2,2,"2,2,2"
944,"2022-03-23",1524,2,101.03,2,3,2,"2,3,2"
5238,"2022-03-24",1523,2,79.20,2,3,2,"2,3,2"
16045,"2022-03-24",1523,1,51.02,2,1,1,"2,1,1"
5351,"2022-03-24",1523,1,209.32,2,1,3,"2,1,3"
8543,"2022-03-24",1523,1,97.90,2,2,2,"2,2,2"
17467,"2022-03-25",1522,3,384.59,2,4,4,"2,4,4"
4706,"2022-03-25",1522,1,57.52,2,1,1,"2,1,1"
14653,"2022-03-25",1522,1,432.43,2,2,5,"2,2,5"
6169,"2022-03-25",1522,4,448.71,2,5,5,"2,5,5"
1002,"2022-03-26",1521,1,24.66,2,2,1,"2,2,1"
15037,"2022-03-26",1521,1,67.86,2,1,1,"2,1,1"
4332,"2022-03-26",1521,1,809.42,2,2,5,"2,2,5"
9730,"2022-03-27",1520,1,36.28,2,2,1,"2,2,1"
7456,"2022-03-27",1520,1,661.80,2,2,5,"2,2,5"
18721,"2022-03-27",1520,2,73.73,2,3,1,"2,3,1"
13279,"2022-03-28",1519,1,33.63,2,2,1,"2,2,1"
14894,"2022-03-28",1519,2,87.82,2,3,2,"2,3,2"
11252,"2022-03-29",1518,1,70.60,2,1,1,"2,1,1"
9832,"2022-03-29",1518,1,198.49,2,1,3,"2,1,3"
19268,"2022-03-29",1518,1,73.70,2,1,1,"2,1,1"
14812,"2022-03-29",1518,3,536.91,2,5,5,"2,5,5"
1549,"2022-03-29",1518,1,43.77,2,1,1,"2,1,1"
12814,"2022-03-30",1517,2,117.20,2,3,2,"2,3,2"
1166,"2022-03-30",1517,1,94.57,2,2,2,"2,2,2"
18531,"2022-03-30",1517,2,638.09,2,4,5,"2,4,5"
13628,"2022-03-30",1517,2,1506.79,2,4,5,"2,4,5"
14915,"2022-03-31",1516,2,313.17,2,4,4,"2,4,4"
12431,"2022-03-31",1516,2,370.40,2,4,4,"2,4,4"
13545,"2022-03-31",1516,1,111.74,2,2,2,"2,2,2"
6954,"2022-03-31",1516,3,294.13,2,4,4,"2,4,4"
9121,"2022-03-31",1516,2,79.02,2,3,2,"2,3,2"
5370,"2022-03-31",1516,3,412.30,2,4,4,"2,4,4"
5575,"2022-03-31",1516,1,181.19,2,1,3,"2,1,3"
1043,"2022-04-01",1515,1,224.35,2,1,3,"2,1,3"
12311,"2022-04-01",1515,2,66.42,2,3,1,"2,3,1"
15124,"2022-04-01",1515,3,607.10,2,4,5,"2,4,5"
12719,"2022-04-01",1515,1,67.53,2,1,1,"2,1,1"
15157,"2022-04-01",1515,2,244.30,2,3,3,"2,3,3"
18854,"2022-04-01",1515,3,384.05,2,4,4,"2,4,4"
18541,"2022-04-01",1515,2,282.35,2,3,4,"2,3,4"
11645,"2022-04-01",1515,1,66.29,2,1,1,"2,1,1"
19526,"2022-04-01",1515,2,553.45,2,4,5,"2,4,5"
16927,"2022-04-02",1514,2,106.60,2,3,2,"2,3,2"
8221,"2022-04-02",1514,1,192.14,2,1,3,"2,1,3"
9097,"2022-04-02",1514,1,61.67,2,1,1,"2,1,1"
19996,"2022-04-02",1514,1,65.53,2,1,1,"2,1,1"
8748,"2022-04-02",1514,1,9.39,2,1,1,"2,1,1"
1641,"2022-04-03",1513,1,109.25,2,2,2,"2,2,2"
18193,"2022-04-03",1513,1,126.26,2,2,2,"2,2,2"
1032,"2022-04-03",1513,2,240.85,2,3,3,"2,3,3"
6114,"2022-04-03",1513,1,18.87,2,2,1,"2,2,1"
135,"2022-04-04",1512,1,7.82,2,1,1,"2,1,1"
4098,"2022-04-04",1512,1,54.73,2,1,1,"2,1,1"
16820,"2022-04-04",1512,2,175.22,2,3,3,"2,3,3"
3708,"2022-04-04",1512,2,762.48,2,4,5,"2,4,5"
12693,"2022-04-04",1512,1,116.30,2,2,2,"2,2,2"
17681,"2022-04-04",1512,1,326.70,2,1,4,"2,1,4"
16345,"2022-04-05",1511,1,96.00,2,2,2,"2,2,2"
10945,"2022-04-05",1511,2,136.55,2,3,2,"2,3,2"
2527,"2022-04-05",1511,2,192.47,2,3,3,"2,3,3"
18485,"2022-04-05",1511,1,32.27,2,2,1,"2,2,1"
10491,"2022-04-05",1511,3,281.25,2,4,4,"2,4,4"
13201,"2022-04-05",1511,2,288.76,2,4,4,"2,4,4"
9042,"2022-04-06",1510,2,46.39,2,2,1,"2,2,1"
4604,"2022-04-06",1510,1,33.58,2,2,1,"2,2,1"
17438,"2022-04-06",1510,2,97.46,2,3,2,"2,3,2"
7511,"2022-04-06",1510,1,268.84,2,1,4,"2,1,4"
17005,"2022-04-07",1509,1,1046.68,2,1,5,"2,1,5"
1724,"2022-04-07",1509,3,824.71,2,5,5,"2,5,5"
11712,"2022-04-07",1509,1,171.96,2,1,3,"2,1,3"
14448,"2022-04-07",1509,2,55.34,2,2,1,"2,2,1"
3270,"2022-04-07",1509,1,278.50,2,1,4,"2,1,4"
17644,"2022-04-07",1509,2,214.24,2,3,3,"2,3,3"
11710,"2022-04-07",1509,1,117.88,2,2,2,"2,2,2"
14658,"2022-04-07",1509,1,196.22,2,1,3,"2,1,3"
7952,"2022-04-07",1509,2,190.37,2,3,3,"2,3,3"
5140,"2022-04-07",1509,3,110.59,2,4,2,"2,4,2"
9793,"2022-04-07",1509,1,21.10,2,2,1,"2,2,1"
3117,"2022-04-07",1509,1,320.93,2,1,4,"2,1,4"
14193,"2022-04-07",1509,2,58.71,2,3,1,"2,3,1"
1876,"2022-04-08",1508,2,257.01,2,3,3,"2,3,3"
658,"2022-04-08",1508,1,120.95,2,2,2,"2,2,2"
9092,"2022-04-08",1508,1,23.35,2,2,1,"2,2,1"
19153,"2022-04-08",1508,4,372.62,2,5,4,"2,5,4"
18434,"2022-04-09",1507,1,68.50,2,1,1,"2,1,1"
5878,"2022-04-09",1507,2,103.82,2,3,2,"2,3,2"
14999,"2022-04-10",1506,1,123.11,2,2,2,"2,2,2"
7862,"2022-04-10",1506,3,269.46,2,4,4,"2,4,4"
10698,"2022-04-10",1506,3,422.19,2,4,4,"2,4,4"
11717,"2022-04-10",1506,1,168.39,2,1,3,"2,1,3"
3021,"2022-04-11",1505,2,92.43,2,3,2,"2,3,2"
6565,"2022-04-11",1505,2,180.39,2,3,3,"2,3,3"
2186,"2022-04-11",1505,1,101.52,2,2,2,"2,2,2"
17235,"2022-04-11",1505,2,251.00,2,3,3,"2,3,3"
2583,"2022-04-11",1505,1,10.21,2,1,1,"2,1,1"
10070,"2022-04-11",1505,2,635.84,2,4,5,"2,4,5"
4342,"2022-04-11",1505,2,304.46,2,4,4,"2,4,4"
11275,"2022-04-12",1504,1,438.54,2,2,5,"2,2,5"
15721,"2022-04-12",1504,2,228.15,2,3,3,"2,3,3"
304,"2022-04-12",1504,2,230.92,2,3,3,"2,3,3"
8786,"2022-04-12",1504,1,50.63,2,1,1,"2,1,1"
9023,"2022-04-12",1504,1,333.33,2,1,4,"2,1,4"
13627,"2022-04-12",1504,1,274.04,2,1,4,"2,1,4"
10439,"2022-04-12",1504,1,12.73,2,1,1,"2,1,1"
2381,"2022-04-12",1504,1,22.96,2,2,1,"2,2,1"
784,"2022-04-13",1503,3,131.89,2,5,2,"2,5,2"
10221,"2022-04-13",1503,3,310.69,2,5,4,"2,5,4"
19606,"2022-04-13",1503,1,592.90,2,2,5,"2,2,5"
948,"2022-04-13",1503,2,558.72,2,4,5,"2,4,5"
2501,"2022-04-13",1503,4,267.39,2,5,4,"2,5,4"
8354,"2022-04-13",1503,2,160.66,2,3,3,"2,3,3"
4126,"2022-04-13",1503,1,17.09,2,2,1,"2,2,1"
16994,"2022-04-13",1503,2,490.83,2,4,5,"2,4,5"
6595,"2022-04-14",1502,2,118.15,2,3,2,"2,3,2"
12485,"2022-04-14",1502,2,124.38,2,3,2,"2,3,2"
9127,"2022-04-14",1502,1,158.59,2,1,3,"2,1,3"
18339,"2022-04-15",1501,4,227.67,2,5,3,"2,5,3"
5484,"2022-04-15",1501,1,179.26,2,1,3,"2,1,3"
9981,"2022-04-15",1501,3,268.12,2,4,4,"2,4,4"
2064,"2022-04-16",1500,3,410.39,2,4,4,"2,4,4"
2886,"2022-04-16",1500,2,485.87,2,4,5,"2,4,5"
13915,"2022-04-16",1500,1,20.57,2,2,1,"2,2,1"
12330,"2022-04-16",1500,3,219.25,2,5,3,"2,5,3"
18013,"2022-04-16",1500,1,23.14,2,2,1,"2,2,1"
4837,"2022-04-16",1500,1,91.12,2,2,2,"2,2,2"
12758,"2022-04-16",1500,1,85.85,2,2,2,"2,2,2"
13705,"2022-04-17",1499,1,91.74,2,2,2,"2,2,2"
17633,"2022-04-17",1499,1,51.02,2,1,1,"2,1,1"
4985,"2022-04-17",1499,1,504.18,2,2,5,"2,2,5"
18496,"2022-04-17",1499,1,83.82,2,2,2,"2,2,2"
7796,"2022-04-17",1499,2,294.63,2,4,4,"2,4,4"
444,"2022-04-17",1499,1,248.16,2,1,3,"2,1,3"
18977,"2022-04-17",1499,2,88.93,2,3,2,"2,3,2"
14536,"2022-04-18",1498,1,8.25,2,1,1,"2,1,1"
13297,"2022-04-18",1498,2,304.95,2,4,4,"2,4,4"
12928,"2022-04-18",1498,1,202.42,2,1,3,"2,1,3"
14098,"2022-04-18",1498,1,133.03,2,2,2,"2,2,2"
7579,"2022-04-18",1498,2,207.23,2,3,3,"2,3,3"
11640,"2022-04-18",1498,1,16.28,2,2,1,"2,2,1"
6168,"2022-04-18",1498,2,261.04,2,3,4,"2,3,4"
10185,"2022-04-19",1497,2,455.00,2,4,5,"2,4,5"
8729,"2022-04-19",1497,1,141.07,2,2,2,"2,2,2"
17922,"2022-04-19",1497,3,151.31,2,4,2,"2,4,2"
5378,"2022-04-19",1497,1,128.10,2,2,2,"2,2,2"
13259,"2022-04-19",1497,1,74.49,2,2,2,"2,2,2"
7596,"2022-04-20",1496,2,436.14,2,4,5,"2,4,5"
16583,"2022-04-20",1496,1,270.55,2,1,4,"2,1,4"
3979,"2022-04-20",1496,1,468.03,2,2,5,"2,2,5"
3679,"2022-04-20",1496,1,119.54,2,2,2,"2,2,2"
18948,"2022-04-21",1495,1,86.99,2,2,2,"2,2,2"
12756,"2022-04-21",1495,1,112.23,2,2,2,"2,2,2"
17078,"2022-04-21",1495,1,235.50,2,1,3,"2,1,3"
14327,"2022-04-21",1495,1,5.47,2,2,1,"2,2,1"
11199,"2022-04-22",1494,2,117.06,2,3,2,"2,3,2"
19613,"2022-04-22",1494,1,10.91,2,1,1,"2,1,1"
8828,"2022-04-22",1494,1,44.27,2,1,1,"2,1,1"
19166,"2022-04-22",1494,1,94.97,2,2,2,"2,2,2"
5512,"2022-04-22",1494,1,54.63,2,1,1,"2,1,1"
12919,"2022-04-22",1494,2,74.94,2,3,2,"2,3,2"
10955,"2022-04-22",1494,3,135.42,2,5,2,"2,5,2"
13025,"2022-04-23",1493,2,116.43,2,3,2,"2,3,2"
16327,"2022-04-23",1493,1,242.89,2,1,3,"2,1,3"
13422,"2022-04-23",1493,1,288.56,2,1,4,"2,1,4"
12457,"2022-04-23",1493,3,226.17,2,5,3,"2,5,3"
14574,"2022-04-23",1493,1,30.50,2,2,1,"2,2,1"
7903,"2022-04-24",1492,1,34.61,2,2,1,"2,2,1"
4746,"2022-04-24",1492,1,53.96,2,1,1,"2,1,1"
12635,"2022-04-24",1492,1,140.38,2,2,2,"2,2,2"
16980,"2022-04-24",1492,2,605.84,2,4,5,"2,4,5"
13592,"2022-04-24",1492,2,541.03,2,4,5,"2,4,5"
2095,"2022-04-24",1492,1,212.74,2,1,3,"2,1,3"
9561,"2022-04-25",1491,1,49.82,2,1,1,"2,1,1"
17362,"2022-04-25",1491,1,84.68,2,2,2,"2,2,2"
16916,"2022-04-25",1491,1,110.75,2,2,2,"2,2,2"
12293,"2022-04-25",1491,1,57.52,2,1,1,"2,1,1"
5476,"2022-04-25",1491,1,132.54,2,2,2,"2,2,2"
16350,"2022-04-26",1490,2,151.64,2,3,3,"2,3,3"
5413,"2022-04-26",1490,1,87.00,2,2,2,"2,2,2"
13276,"2022-04-26",1490,3,131.84,2,5,2,"2,5,2"
1944,"2022-04-26",1490,1,168.18,2,1,3,"2,1,3"
10769,"2022-04-26",1490,1,15.07,2,1,1,"2,1,1"
9135,"2022-04-26",1490,2,190.22,2,3,3,"2,3,3"
13733,"2022-04-26",1490,2,126.39,2,3,2,"2,3,2"
4943,"2022-04-26",1490,2,100.83,2,3,2,"2,3,2"
2710,"2022-04-26",1490,3,1174.93,2,4,5,"2,4,5"
16791,"2022-04-26",1490,1,14.08,2,1,1,"2,1,1"
10833,"2022-04-26",1490,1,123.93,2,2,2,"2,2,2"
13666,"2022-04-26",1490,2,357.60,2,4,4,"2,4,4"
2390,"2022-04-27",1489,2,353.76,2,4,4,"2,4,4"
19350,"2022-04-27",1489,1,59.42,2,1,1,"2,1,1"
15629,"2022-04-28",1488,1,301.66,2,1,4,"2,1,4"
11092,"2022-04-28",1488,1,153.48,2,1,3,"2,1,3"
5610,"2022-04-28",1488,1,163.84,2,1,3,"2,1,3"
5791,"2022-04-28",1488,1,365.98,2,1,4,"2,1,4"
149,"2022-04-28",1488,1,140.18,2,2,2,"2,2,2"
6621,"2022-04-28",1488,1,58.26,2,1,1,"2,1,1"
18252,"2022-04-29",1487,1,11.57,2,1,1,"2,1,1"
370,"2022-04-29",1487,2,434.90,2,4,5,"2,4,5"
11411,"2022-04-29",1487,3,332.96,2,4,4,"2,4,4"
18533,"2022-04-29",1487,1,35.60,2,2,1,"2,2,1"
10037,"2022-04-29",1487,2,188.34,2,3,3,"2,3,3"
332,"2022-04-30",1486,1,130.03,2,2,2,"2,2,2"
11588,"2022-04-30",1486,1,7.24,2,1,1,"2,1,1"
9648,"2022-04-30",1486,2,489.79,2,4,5,"2,4,5"
7358,"2022-04-30",1486,2,399.51,2,4,4,"2,4,4"
773,"2022-04-30",1486,3,436.40,2,5,5,"2,5,5"
15818,"2022-04-30",1486,1,132.27,2,2,2,"2,2,2"
18593,"2022-05-01",1485,4,259.29,2,5,4,"2,5,4"
5057,"2022-05-01",1485,2,169.80,2,3,3,"2,3,3"
1904,"2022-05-01",1485,2,135.67,2,3,2,"2,3,2"
14533,"2022-05-01",1485,2,329.92,2,4,4,"2,4,4"
8329,"2022-05-01",1485,3,312.45,2,5,4,"2,5,4"
9295,"2022-05-01",1485,1,5.63,2,2,1,"2,2,1"
10818,"2022-05-02",1484,1,239.88,2,1,3,"2,1,3"
18985,"2022-05-02",1484,2,363.98,2,4,4,"2,4,4"
18322,"2022-05-02",1484,3,207.26,2,4,3,"2,4,3"
15983,"2022-05-03",1483,3,115.11,2,4,2,"2,4,2"
16012,"2022-05-03",1483,2,153.83,2,3,3,"2,3,3"
5427,"2022-05-03",1483,1,543.59,2,2,5,"2,2,5"
7918,"2022-05-03",1483,1,31.58,2,2,1,"2,2,1"
12184,"2022-05-03",1483,1,49.92,2,1,1,"2,1,1"
14550,"2022-05-04",1482,2,308.71,2,4,4,"2,4,4"
15,"2022-05-04",1482,2,40.06,2,2,1,"2,2,1"
9608,"2022-05-04",1482,1,29.17,2,2,1,"2,2,1"
6802,"2022-05-04",1482,1,82.91,2,2,2,"2,2,2"
3789,"2022-05-05",1481,1,506.69,2,2,5,"2,2,5"
4359,"2022-05-05",1481,1,143.25,2,2,2,"2,2,2"
3023,"2022-05-05",1481,1,107.09,2,2,2,"2,2,2"
8367,"2022-05-06",1480,2,488.94,2,4,5,"2,4,5"
13408,"2022-05-06",1480,1,60.53,2,1,1,"2,1,1"
14242,"2022-05-06",1480,2,94.46,2,3,2,"2,3,2"
4947,"2022-05-06",1480,2,85.01,2,3,2,"2,3,2"
11319,"2022-05-06",1480,1,250.58,2,1,3,"2,1,3"
12470,"2022-05-06",1480,3,165.86,2,4,3,"2,4,3"
7401,"2022-05-07",1479,1,174.90,2,1,3,"2,1,3"
6596,"2022-05-07",1479,1,114.31,2,2,2,"2,2,2"
7006,"2022-05-07",1479,1,8.24,2,1,1,"2,1,1"
17085,"2022-05-07",1479,2,187.44,2,3,3,"2,3,3"
15958,"2022-05-07",1479,2,125.64,2,3,2,"2,3,2"
7968,"2022-05-08",1478,3,348.74,2,5,4,"2,5,4"
10780,"2022-05-08",1478,1,213.68,2,1,3,"2,1,3"
18068,"2022-05-08",1478,1,62.10,2,1,1,"2,1,1"
19941,"2022-05-08",1478,1,159.77,2,1,3,"2,1,3"
15562,"2022-05-08",1478,2,541.31,2,4,5,"2,4,5"
15992,"2022-05-08",1478,2,446.09,2,4,5,"2,4,5"
17494,"2022-05-08",1478,1,489.74,2,2,5,"2,2,5"
12288,"2022-05-08",1478,2,185.96,2,3,3,"2,3,3"
19529,"2022-05-09",1477,2,365.95,2,4,4,"2,4,4"
3666,"2022-05-09",1477,2,124.67,2,3,2,"2,3,2"
3426,"2022-05-09",1477,2,322.82,2,4,4,"2,4,4"
18219,"2022-05-09",1477,1,91.08,2,2,2,"2,2,2"
11078,"2022-05-09",1477,2,172.65,2,3,3,"2,3,3"
15049,"2022-05-09",1477,2,148.43,2,3,2,"2,3,2"
12738,"2022-05-09",1477,1,54.95,2,1,1,"2,1,1"
1035,"2022-05-10",1476,2,97.74,2,3,2,"2,3,2"
13653,"2022-05-10",1476,1,151.33,2,1,2,"2,1,2"
738,"2022-05-10",1476,2,591.38,2,4,5,"2,4,5"
15782,"2022-05-10",1476,1,276.57,2,1,4,"2,1,4"
1414,"2022-05-10",1476,2,129.27,2,3,2,"2,3,2"
10015,"2022-05-11",1475,1,72.89,2,1,1,"2,1,1"
17786,"2022-05-11",1475,2,706.30,2,4,5,"2,4,5"
3207,"2022-05-11",1475,2,232.87,2,3,3,"2,3,3"
5800,"2022-05-11",1475,1,160.76,2,1,3,"2,1,3"
8996,"2022-05-11",1475,2,116.45,2,3,2,"2,3,2"
14052,"2022-05-11",1475,1,21.77,2,2,1,"2,2,1"
15420,"2022-05-11",1475,1,35.03,2,2,1,"2,2,1"
17637,"2022-05-12",1474,3,334.05,2,4,4,"2,4,4"
9934,"2022-05-12",1474,1,88.59,2,2,2,"2,2,2"
1285,"2022-05-12",1474,1,107.07,2,2,2,"2,2,2"
7906,"2022-05-12",1474,1,201.82,2,1,3,"2,1,3"
9961,"2022-05-12",1474,3,436.49,2,5,5,"2,5,5"
7911,"2022-05-12",1474,1,157.90,2,1,3,"2,1,3"
12064,"2022-05-12",1474,2,183.05,2,3,3,"2,3,3"
5508,"2022-05-13",1473,1,39.78,2,1,1,"2,1,1"
14317,"2022-05-13",1473,1,196.60,2,1,3,"2,1,3"
843,"2022-05-13",1473,1,44.06,2,1,1,"2,1,1"
894,"2022-05-13",1473,1,65.94,2,1,1,"2,1,1"
4528,"2022-05-13",1473,1,81.26,2,2,2,"2,2,2"
16054,"2022-05-14",1472,2,310.75,2,4,4,"2,4,4"
8381,"2022-05-14",1472,3,455.28,2,5,5,"2,5,5"
6538,"2022-05-14",1472,1,9.96,2,1,1,"2,1,1"
13727,"2022-05-14",1472,1,113.56,2,2,2,"2,2,2"
686,"2022-05-14",1472,2,103.14,2,3,2,"2,3,2"
8246,"2022-05-14",1472,2,48.71,2,2,1,"2,2,1"
133,"2022-05-14",1472,1,90.99,2,2,2,"2,2,2"
13646,"2022-05-14",1472,1,63.01,2,1,1,"2,1,1"
120,"2022-05-14",1472,2,193.42,2,3,3,"2,3,3"
18438,"2022-05-15",1471,1,37.45,2,2,1,"2,2,1"
16451,"2022-05-15",1471,1,160.28,2,1,3,"2,1,3"
15703,"2022-05-15",1471,2,457.91,2,4,5,"2,4,5"
5613,"2022-05-15",1471,2,91.55,2,3,2,"2,3,2"
14344,"2022-05-15",1471,1,669.98,2,2,5,"2,2,5"
5424,"2022-05-16",1470,1,32.05,2,2,1,"2,2,1"
14103,"2022-05-16",1470,2,306.57,2,4,4,"2,4,4"
18804,"2022-05-16",1470,2,95.52,2,3,2,"2,3,2"
6187,"2022-05-17",1469,1,160.38,2,1,3,"2,1,3"
5982,"2022-05-17",1469,1,78.67,2,2,2,"2,2,2"
18327,"2022-05-17",1469,2,280.25,2,3,4,"2,3,4"
1729,"2022-05-17",1469,1,81.86,2,2,2,"2,2,2"
10672,"2022-05-17",1469,2,135.07,2,3,2,"2,3,2"
13012,"2022-05-17",1469,2,191.48,2,3,3,"2,3,3"
2260,"2022-05-17",1469,1,55.97,2,1,1,"2,1,1"
2230,"2022-05-18",1468,2,529.99,2,4,5,"2,4,5"
4218,"2022-05-18",1468,2,528.46,2,4,5,"2,4,5"
2774,"2022-05-18",1468,1,14.44,2,1,1,"2,1,1"
17505,"2022-05-18",1468,3,475.10,2,5,5,"2,5,5"
17293,"2022-05-18",1468,2,513.33,2,4,5,"2,4,5"
1317,"2022-05-19",1467,1,160.78,2,1,3,"2,1,3"
7507,"2022-05-19",1467,4,873.67,2,5,5,"2,5,5"
15876,"2022-05-19",1467,2,91.08,2,3,2,"2,3,2"
4811,"2022-05-19",1467,2,178.17,2,3,3,"2,3,3"
18832,"2022-05-19",1467,3,600.71,2,4,5,"2,4,5"
8489,"2022-05-19",1467,2,85.01,2,3,2,"2,3,2"
3923,"2022-05-19",1467,2,557.88,2,4,5,"2,4,5"
1255,"2022-05-20",1466,2,152.55,2,3,3,"2,3,3"
14644,"2022-05-21",1465,1,91.23,2,2,2,"2,2,2"
10867,"2022-05-21",1465,3,202.79,2,4,3,"2,4,3"
5669,"2022-05-21",1465,1,60.90,2,1,1,"2,1,1"
1108,"2022-05-22",1464,2,61.69,2,3,1,"2,3,1"
7162,"2022-05-22",1464,3,540.51,2,5,5,"2,5,5"
9489,"2022-05-22",1464,3,364.45,2,5,4,"2,5,4"
1030,"2022-05-22",1464,1,180.68,2,1,3,"2,1,3"
4289,"2022-05-22",1464,1,121.13,2,2,2,"2,2,2"
8032,"2022-05-22",1464,1,39.89,2,1,1,"2,1,1"
13286,"2022-05-23",1463,1,98.78,2,2,2,"2,2,2"
18025,"2022-05-23",1463,1,217.95,2,1,3,"2,1,3"
19130,"2022-05-23",1463,1,61.85,2,1,1,"2,1,1"
11761,"2022-05-23",1463,3,434.81,2,5,5,"2,5,5"
16002,"2022-05-23",1463,2,145.41,2,3,2,"2,3,2"
5573,"2022-05-23",1463,2,32.06,2,2,1,"2,2,1"
351,"2022-05-24",1462,1,161.63,2,1,3,"2,1,3"
3961,"2022-05-24",1462,2,167.15,2,3,3,"2,3,3"
6786,"2022-05-24",1462,1,52.38,2,1,1,"2,1,1"
9750,"2022-05-24",1462,1,23.75,2,2,1,"2,2,1"
9760,"2022-05-24",1462,2,1102.19,2,4,5,"2,4,5"
13681,"2022-05-24",1462,1,14.02,2,1,1,"2,1,1"
19638,"2022-05-24",1462,3,223.11,2,5,3,"2,5,3"
5861,"2022-05-24",1462,1,13.72,2,1,1,"2,1,1"
19833,"2022-05-24",1462,2,177.06,2,3,3,"2,3,3"
1606,"2022-05-24",1462,1,180.81,2,1,3,"2,1,3"
15820,"2022-05-25",1461,1,11.82,2,1,1,"2,1,1"
7659,"2022-05-25",1461,1,119.52,2,2,2,"2,2,2"
7707,"2022-05-25",1461,1,440.16,2,2,5,"2,2,5"
5258,"2022-05-25",1461,5,1286.71,2,5,5,"2,5,5"
8530,"2022-05-25",1461,1,4.86,2,2,1,"2,2,1"
17643,"2022-05-26",1460,1,6.26,2,2,1,"2,2,1"
8868,"2022-05-27",1459,1,47.21,2,1,1,"2,1,1"
13805,"2022-05-27",1459,1,113.81,2,2,2,"2,2,2"
9046,"2022-05-27",1459,2,94.25,2,3,2,"2,3,2"
16073,"2022-05-27",1459,4,186.44,2,5,3,"2,5,3"
9094,"2022-05-27",1459,2,674.92,2,4,5,"2,4,5"
10006,"2022-05-28",1458,1,71.95,2,1,1,"2,1,1"
2441,"2022-05-28",1458,2,108.81,2,3,2,"2,3,2"
10583,"2022-05-28",1458,2,486.81,2,4,5,"2,4,5"
9761,"2022-05-28",1458,1,44.44,2,1,1,"2,1,1"
2960,"2022-05-28",1458,3,786.96,2,4,5,"2,4,5"
1244,"2022-05-28",1458,1,61.04,2,1,1,"2,1,1"
11002,"2022-05-29",1457,1,253.92,2,1,3,"2,1,3"
9238,"2022-05-29",1457,1,210.64,2,1,3,"2,1,3"
11338,"2022-05-29",1457,2,296.05,2,4,4,"2,4,4"
2899,"2022-05-29",1457,1,75.64,2,2,2,"2,2,2"
13566,"2022-05-29",1457,1,102.24,2,2,2,"2,2,2"
19269,"2022-05-29",1457,1,108.98,2,2,2,"2,2,2"
3544,"2022-05-30",1456,2,215.41,2,3,3,"2,3,3"
19191,"2022-05-30",1456,2,199.37,2,3,3,"2,3,3"
1828,"2022-05-30",1456,1,194.03,2,1,3,"2,1,3"
19218,"2022-05-30",1456,1,10.55,2,1,1,"2,1,1"
7395,"2022-05-30",1456,2,247.21,2,3,3,"2,3,3"
4095,"2022-05-30",1456,1,21.46,2,2,1,"2,2,1"
13215,"2022-05-31",1455,2,525.44,2,4,5,"2,4,5"
19375,"2022-05-31",1455,2,368.06,2,4,4,"2,4,4"
17650,"2022-05-31",1455,2,447.78,2,4,5,"2,4,5"
14370,"2022-05-31",1455,1,38.13,2,2,1,"2,2,1"
1488,"2022-06-01",1454,2,337.52,2,4,4,"2,4,4"
19026,"2022-06-01",1454,2,665.29,2,4,5,"2,4,5"
18591,"2022-06-01",1454,2,346.44,2,4,4,"2,4,4"
12127,"2022-06-01",1454,3,438.30,2,5,5,"2,5,5"
54,"2022-06-01",1454,2,180.43,2,3,3,"2,3,3"
16802,"2022-06-02",1453,4,456.63,2,5,5,"2,5,5"
12643,"2022-06-02",1453,1,129.66,2,2,2,"2,2,2"
15234,"2022-06-02",1453,2,246.01,2,3,3,"2,3,3"
2096,"2022-06-02",1453,2,597.94,2,4,5,"2,4,5"
9416,"2022-06-02",1453,2,89.20,2,3,2,"2,3,2"
8135,"2022-06-02",1453,2,167.53,2,3,3,"2,3,3"
12533,"2022-06-02",1453,3,273.87,2,4,4,"2,4,4"
8026,"2022-06-02",1453,1,100.23,2,2,2,"2,2,2"
18041,"2022-06-03",1452,1,9.40,2,1,1,"2,1,1"
15091,"2022-06-03",1452,2,106.07,2,3,2,"2,3,2"
677,"2022-06-03",1452,1,223.87,2,1,3,"2,1,3"
6338,"2022-06-03",1452,3,493.33,2,5,5,"2,5,5"
4623,"2022-06-04",1451,3,415.95,2,4,4,"2,4,4"
12088,"2022-06-04",1451,1,58.93,2,1,1,"2,1,1"
13590,"2022-06-04",1451,2,84.07,2,3,2,"2,3,2"
5418,"2022-06-04",1451,1,39.25,2,2,1,"2,2,1"
15757,"2022-06-04",1451,3,934.11,2,4,5,"2,4,5"
4496,"2022-06-05",1450,1,31.32,2,2,1,"2,2,1"
12165,"2022-06-05",1450,2,198.86,2,3,3,"2,3,3"
7265,"2022-06-05",1450,1,232.60,2,1,3,"2,1,3"
4754,"2022-06-05",1450,2,133.17,2,3,2,"2,3,2"
6001,"2022-06-05",1450,3,499.21,2,5,5,"2,5,5"
16450,"2022-06-06",1449,3,162.20,2,5,3,"2,5,3"
9026,"2022-06-06",1449,1,92.51,2,2,2,"2,2,2"
166,"2022-06-06",1449,2,293.42,2,4,4,"2,4,4"
15810,"2022-06-06",1449,2,282.85,2,3,4,"2,3,4"
18628,"2022-06-06",1449,1,12.64,2,1,1,"2,1,1"
6724,"2022-06-06",1449,3,536.91,2,5,5,"2,5,5"
7657,"2022-06-06",1449,1,47.17,2,1,1,"2,1,1"
4592,"2022-06-06",1449,2,24.01,2,2,1,"2,2,1"
7761,"2022-06-07",1448,5,1049.88,2,5,5,"2,5,5"
13085,"2022-06-07",1448,1,24.89,2,2,1,"2,2,1"
14298,"2022-06-08",1447,3,335.04,2,5,4,"2,5,4"
16369,"2022-06-08",1447,2,826.15,2,4,5,"2,4,5"
9142,"2022-06-09",1446,1,104.78,2,2,2,"2,2,2"
7040,"2022-06-09",1446,1,213.75,2,1,3,"2,1,3"
14239,"2022-06-09",1446,1,16.43,2,2,1,"2,2,1"
6873,"2022-06-09",1446,2,73.85,2,3,2,"2,3,2"
18134,"2022-06-09",1446,2,678.58,2,4,5,"2,4,5"
16244,"2022-06-09",1446,1,215.09,2,1,3,"2,1,3"
15330,"2022-06-09",1446,1,159.59,2,1,3,"2,1,3"
18270,"2022-06-10",1445,2,313.89,2,4,4,"2,4,4"
4787,"2022-06-10",1445,2,128.18,2,3,2,"2,3,2"
19034,"2022-06-10",1445,2,172.31,2,3,3,"2,3,3"
13595,"2022-06-10",1445,2,258.75,2,3,4,"2,3,4"
18425,"2022-06-10",1445,1,193.67,2,1,3,"2,1,3"
17214,"2022-06-10",1445,2,207.71,2,3,3,"2,3,3"
8425,"2022-06-10",1445,1,805.03,2,2,5,"2,2,5"
173,"2022-06-11",1444,4,572.79,2,5,5,"2,5,5"
5606,"2022-06-11",1444,1,190.85,2,1,3,"2,1,3"
4337,"2022-06-11",1444,3,183.73,2,5,3,"2,5,3"
7472,"2022-06-11",1444,3,372.38,2,5,4,"2,5,4"
2813,"2022-06-11",1444,1,90.74,2,2,2,"2,2,2"
8836,"2022-06-11",1444,2,281.90,2,3,4,"2,3,4"
14142,"2022-06-11",1444,1,28.96,2,2,1,"2,2,1"
13671,"2022-06-12",1443,1,779.61,2,2,5,"2,2,5"
18308,"2022-06-12",1443,1,88.74,2,2,2,"2,2,2"
16627,"2022-06-12",1443,2,138.63,2,3,2,"2,3,2"
14469,"2022-06-13",1442,1,74.58,2,2,2,"2,2,2"
15984,"2022-06-13",1442,2,76.37,2,3,2,"2,3,2"
11491,"2022-06-13",1442,1,81.12,2,2,2,"2,2,2"
4257,"2022-06-14",1441,2,29.68,2,2,1,"2,2,1"
14269,"2022-06-14",1441,2,758.48,2,4,5,"2,4,5"
4054,"2022-06-14",1441,2,234.73,2,3,3,"2,3,3"
18000,"2022-06-14",1441,1,31.82,2,2,1,"2,2,1"
2641,"2022-06-14",1441,1,175.60,2,1,3,"2,1,3"
15554,"2022-06-14",1441,2,45.90,2,2,1,"2,2,1"
11270,"2022-06-14",1441,2,79.70,2,3,2,"2,3,2"
5066,"2022-06-14",1441,2,66.17,2,3,1,"2,3,1"
14990,"2022-06-15",1440,2,137.88,2,3,2,"2,3,2"
18498,"2022-06-15",1440,1,49.69,2,1,1,"2,1,1"
11350,"2022-06-15",1440,1,118.21,2,2,2,"2,2,2"
9250,"2022-06-15",1440,1,28.89,2,2,1,"2,2,1"
2713,"2022-06-15",1440,2,119.04,2,3,2,"2,3,2"
647,"2022-06-15",1440,1,31.86,2,2,1,"2,2,1"
14177,"2022-06-15",1440,2,844.71,2,4,5,"2,4,5"
2742,"2022-06-15",1440,1,142.92,2,2,2,"2,2,2"
5306,"2022-06-15",1440,2,156.31,2,3,3,"2,3,3"
15122,"2022-06-16",1439,3,190.59,2,4,3,"2,4,3"
11024,"2022-06-16",1439,1,83.78,2,2,2,"2,2,2"
14409,"2022-06-16",1439,2,276.82,2,3,4,"2,3,4"
1763,"2022-06-16",1439,2,214.66,2,3,3,"2,3,3"
18257,"2022-06-17",1438,2,1078.26,2,4,5,"2,4,5"
12081,"2022-06-17",1438,1,90.80,2,2,2,"2,2,2"
5026,"2022-06-17",1438,3,67.75,2,4,1,"2,4,1"
930,"2022-06-17",1438,1,94.24,2,2,2,"2,2,2"
2991,"2022-06-17",1438,2,303.13,2,4,4,"2,4,4"
8833,"2022-06-18",1437,2,458.92,2,4,5,"2,4,5"
6387,"2022-06-18",1437,1,70.76,2,1,1,"2,1,1"
2573,"2022-06-18",1437,3,469.06,2,5,5,"2,5,5"
11096,"2022-06-19",1436,1,146.57,2,1,2,"2,1,2"
1452,"2022-06-19",1436,1,53.32,2,1,1,"2,1,1"
8306,"2022-06-19",1436,2,437.84,2,4,5,"2,4,5"
2834,"2022-06-19",1436,3,180.79,2,5,3,"2,5,3"
7325,"2022-06-19",1436,2,1096.03,2,4,5,"2,4,5"
2714,"2022-06-20",1435,1,39.27,2,2,1,"2,2,1"
3401,"2022-06-20",1435,1,104.27,2,2,2,"2,2,2"
12134,"2022-06-20",1435,2,254.26,2,3,3,"2,3,3"
15295,"2022-06-20",1435,1,5.70,2,2,1,"2,2,1"
17978,"2022-06-21",1434,3,870.04,2,5,5,"2,5,5"
13785,"2022-06-21",1434,1,340.60,2,1,4,"2,1,4"
12113,"2022-06-21",1434,1,95.10,2,2,2,"2,2,2"
8241,"2022-06-22",1433,2,221.54,2,3,3,"2,3,3"
1258,"2022-06-22",1433,1,159.06,2,1,3,"2,1,3"
1951,"2022-06-22",1433,1,17.87,2,2,1,"2,2,1"
5157,"2022-06-22",1433,1,28.12,2,2,1,"2,2,1"
10142,"2022-06-22",1433,1,44.05,2,1,1,"2,1,1"
17659,"2022-06-23",1432,4,499.29,2,5,5,"2,5,5"
11233,"2022-06-23",1432,1,7.12,2,1,1,"2,1,1"
14613,"2022-06-23",1432,3,169.41,2,4,3,"2,4,3"
1354,"2022-06-24",1431,2,402.85,2,4,4,"2,4,4"
9986,"2022-06-24",1431,2,451.82,2,4,5,"2,4,5"
2549,"2022-06-24",1431,2,104.88,2,3,2,"2,3,2"
819,"2022-06-24",1431,4,438.28,2,5,5,"2,5,5"
8452,"2022-06-24",1431,2,133.67,2,3,2,"2,3,2"
10794,"2022-06-24",1431,4,316.40,2,5,4,"2,5,4"
86,"2022-06-24",1431,1,245.08,2,1,3,"2,1,3"
9529,"2022-06-24",1431,2,549.35,2,4,5,"2,4,5"
6255,"2022-06-25",1430,2,146.59,2,3,2,"2,3,2"
4505,"2022-06-25",1430,1,126.33,2,2,2,"2,2,2"
16576,"2022-06-26",1429,2,525.36,2,4,5,"2,4,5"
7322,"2022-06-26",1429,4,640.02,2,5,5,"2,5,5"
17578,"2022-06-26",1429,1,308.58,2,1,4,"2,1,4"
4582,"2022-06-26",1429,2,191.51,2,3,3,"2,3,3"
342,"2022-06-26",1429,1,29.46,2,2,1,"2,2,1"
13295,"2022-06-26",1429,3,230.24,2,5,3,"2,5,3"
5469,"2022-06-27",1428,2,185.16,2,3,3,"2,3,3"
13858,"2022-06-27",1428,1,140.93,2,2,2,"2,2,2"
15456,"2022-06-27",1428,1,55.73,2,1,1,"2,1,1"
11658,"2022-06-27",1428,1,43.68,2,1,1,"2,1,1"
18409,"2022-06-27",1428,2,153.56,2,3,3,"2,3,3"
6832,"2022-06-28",1427,2,452.49,2,4,5,"2,4,5"
14019,"2022-06-28",1427,1,40.99,2,1,1,"2,1,1"
17918,"2022-06-28",1427,2,305.44,2,4,4,"2,4,4"
15529,"2022-06-28",1427,1,163.10,2,1,3,"2,1,3"
13565,"2022-06-29",1426,2,25.54,2,2,1,"2,2,1"
9331,"2022-06-29",1426,1,455.69,2,2,5,"2,2,5"
3404,"2022-06-29",1426,1,101.80,2,2,2,"2,2,2"
15710,"2022-06-29",1426,1,23.23,2,2,1,"2,2,1"
6305,"2022-06-29",1426,1,63.50,2,1,1,"2,1,1"
5331,"2022-06-29",1426,2,190.56,2,3,3,"2,3,3"
10223,"2022-06-29",1426,1,55.14,2,1,1,"2,1,1"
19993,"2022-06-29",1426,3,670.67,2,4,5,"2,4,5"
13927,"2022-06-30",1425,2,71.37,2,3,1,"2,3,1"
5502,"2022-06-30",1425,1,26.58,2,2,1,"2,2,1"
2993,"2022-06-30",1425,3,671.88,2,4,5,"2,4,5"
10425,"2022-06-30",1425,2,394.67,2,4,4,"2,4,4"
9708,"2022-07-01",1424,1,80.86,2,2,2,"2,2,2"
1279,"2022-07-01",1424,2,250.39,2,3,3,"2,3,3"
11109,"2022-07-01",1424,3,280.34,2,4,4,"2,4,4"
15143,"2022-07-01",1424,1,51.90,2,1,1,"2,1,1"
13717,"2022-07-01",1424,1,58.97,2,1,1,"2,1,1"
4803,"2022-07-01",1424,4,391.60,2,5,4,"2,5,4"
10163,"2022-07-01",1424,2,132.23,2,3,2,"2,3,2"
15895,"2022-07-02",1423,4,942.48,2,5,5,"2,5,5"
7032,"2022-07-02",1423,2,1744.42,2,4,5,"2,4,5"
15547,"2022-07-02",1423,3,460.42,2,5,5,"2,5,5"
4425,"2022-07-02",1423,2,110.97,2,3,2,"2,3,2"
17312,"2022-07-02",1423,1,26.51,2,2,1,"2,2,1"
11961,"2022-07-03",1422,1,7.12,2,1,1,"2,1,1"
11118,"2022-07-03",1422,2,238.60,2,3,3,"2,3,3"
15369,"2022-07-03",1422,2,78.15,2,3,2,"2,3,2"
14975,"2022-07-03",1422,1,302.74,2,1,4,"2,1,4"
8829,"2022-07-04",1421,1,197.26,2,1,3,"2,1,3"
15500,"2022-07-04",1421,1,32.13,2,2,1,"2,2,1"
3953,"2022-07-04",1421,6,639.43,2,5,5,"2,5,5"
19074,"2022-07-04",1421,1,307.89,2,1,4,"2,1,4"
11187,"2022-07-04",1421,1,146.68,2,1,2,"2,1,2"
11421,"2022-07-04",1421,2,383.00,2,4,4,"2,4,4"
12724,"2022-07-05",1420,5,265.66,2,5,4,"2,5,4"
13420,"2022-07-05",1420,2,173.83,2,3,3,"2,3,3"
19143,"2022-07-05",1420,2,363.10,2,4,4,"2,4,4"
1137,"2022-07-05",1420,1,28.04,2,2,1,"2,2,1"
7250,"2022-07-05",1420,1,44.04,2,1,1,"2,1,1"
11414,"2022-07-05",1420,2,218.10,2,3,3,"2,3,3"
12545,"2022-07-05",1420,2,65.37,2,3,1,"2,3,1"
1601,"2022-07-06",1419,4,408.73,2,5,4,"2,5,4"
3187,"2022-07-06",1419,2,217.69,2,3,3,"2,3,3"
9005,"2022-07-06",1419,1,27.45,2,2,1,"2,2,1"
19319,"2022-07-06",1419,3,392.36,2,4,4,"2,4,4"
17623,"2022-07-06",1419,1,93.57,2,2,2,"2,2,2"
2614,"2022-07-06",1419,1,6.80,2,2,1,"2,2,1"
5494,"2022-07-06",1419,2,237.69,2,3,3,"2,3,3"
7129,"2022-07-06",1419,2,254.84,2,3,3,"2,3,3"
16080,"2022-07-06",1419,2,293.49,2,4,4,"2,4,4"
15023,"2022-07-07",1418,2,67.78,2,3,1,"2,3,1"
9928,"2022-07-07",1418,1,67.39,2,1,1,"2,1,1"
2372,"2022-07-07",1418,1,6.14,2,2,1,"2,2,1"
19491,"2022-07-07",1418,2,156.22,2,3,3,"2,3,3"
663,"2022-07-07",1418,4,296.75,2,5,4,"2,5,4"
7255,"2022-07-07",1418,2,213.07,2,3,3,"2,3,3"
2743,"2022-07-07",1418,1,84.06,2,2,2,"2,2,2"
14857,"2022-07-07",1418,1,234.16,2,1,3,"2,1,3"
7296,"2022-07-07",1418,3,630.21,2,5,5,"2,5,5"
6307,"2022-07-07",1418,3,178.18,2,5,3,"2,5,3"
2586,"2022-07-07",1418,1,61.92,2,1,1,"2,1,1"
16655,"2022-07-08",1417,1,34.38,2,2,1,"2,2,1"
12295,"2022-07-08",1417,3,281.96,2,4,4,"2,4,4"
11204,"2022-07-08",1417,2,61.44,2,3,1,"2,3,1"
6452,"2022-07-08",1417,2,242.31,2,3,3,"2,3,3"
16161,"2022-07-08",1417,1,217.90,2,1,3,"2,1,3"
5241,"2022-07-08",1417,1,146.18,2,1,2,"2,1,2"
15930,"2022-07-08",1417,1,79.01,2,2,2,"2,2,2"
6398,"2022-07-09",1416,1,45.50,2,1,1,"2,1,1"
3648,"2022-07-09",1416,3,441.94,2,5,5,"2,5,5"
1992,"2022-07-09",1416,1,94.38,2,2,2,"2,2,2"
11853,"2022-07-09",1416,2,147.68,2,3,2,"2,3,2"
15505,"2022-07-09",1416,2,561.51,2,4,5,"2,4,5"
1620,"2022-07-10",1415,2,314.88,2,4,4,"2,4,4"
1489,"2022-07-10",1415,2,472.79,2,4,5,"2,4,5"
9564,"2022-07-10",1415,1,170.28,2,1,3,"2,1,3"
12133,"2022-07-10",1415,1,46.12,2,1,1,"2,1,1"
18725,"2022-07-10",1415,1,104.23,2,2,2,"2,2,2"
13498,"2022-07-10",1415,2,98.68,2,3,2,"2,3,2"
4968,"2022-07-10",1415,2,262.99,2,3,4,"2,3,4"
13437,"2022-07-10",1415,2,1843.31,2,4,5,"2,4,5"
4432,"2022-07-10",1415,2,617.35,2,4,5,"2,4,5"
17407,"2022-07-11",1414,1,32.05,2,2,1,"2,2,1"
10650,"2022-07-11",1414,1,66.65,2,1,1,"2,1,1"
16351,"2022-07-11",1414,3,500.83,2,5,5,"2,5,5"
12433,"2022-07-11",1414,2,224.79,2,3,3,"2,3,3"
19551,"2022-07-11",1414,3,357.48,2,4,4,"2,4,4"
17105,"2022-07-11",1414,1,93.33,2,2,2,"2,2,2"
10489,"2022-07-12",1413,1,128.81,2,2,2,"2,2,2"
17306,"2022-07-12",1413,1,33.64,2,2,1,"2,2,1"
13067,"2022-07-13",1412,1,667.24,2,2,5,"2,2,5"
17002,"2022-07-13",1412,3,263.14,2,4,4,"2,4,4"
19851,"2022-07-13",1412,1,310.45,2,1,4,"2,1,4"
6318,"2022-07-13",1412,2,38.73,2,2,1,"2,2,1"
4962,"2022-07-13",1412,1,14.02,2,1,1,"2,1,1"
18493,"2022-07-13",1412,1,111.16,2,2,2,"2,2,2"
219,"2022-07-13",1412,1,56.86,2,1,1,"2,1,1"
8573,"2022-07-13",1412,1,11.13,2,1,1,"2,1,1"
4255,"2022-07-14",1411,2,89.69,2,3,2,"2,3,2"
13994,"2022-07-14",1411,2,120.19,2,3,2,"2,3,2"
19728,"2022-07-14",1411,2,120.26,2,3,2,"2,3,2"
114,"2022-07-14",1411,1,202.80,2,1,3,"2,1,3"
1948,"2022-07-14",1411,5,447.69,2,5,5,"2,5,5"
13203,"2022-07-14",1411,1,63.06,2,1,1,"2,1,1"
14080,"2022-07-14",1411,3,550.62,2,4,5,"2,4,5"
10233,"2022-07-14",1411,2,159.11,2,3,3,"2,3,3"
3564,"2022-07-15",1410,1,90.12,2,2,2,"2,2,2"
5601,"2022-07-15",1410,2,301.27,2,4,4,"2,4,4"
2584,"2022-07-15",1410,1,124.12,2,2,2,"2,2,2"
6668,"2022-07-16",1409,1,107.85,2,2,2,"2,2,2"
4429,"2022-07-16",1409,1,538.80,2,2,5,"2,2,5"
10642,"2022-07-16",1409,1,32.62,2,2,1,"2,2,1"
11619,"2022-07-16",1409,1,26.88,2,2,1,"2,2,1"
9357,"2022-07-16",1409,1,45.31,2,1,1,"2,1,1"
14404,"2022-07-17",1408,2,128.15,2,3,2,"2,3,2"
2397,"2022-07-17",1408,1,11.97,2,1,1,"2,1,1"
4828,"2022-07-17",1408,2,140.65,2,3,2,"2,3,2"
9611,"2022-07-17",1408,1,31.41,2,2,1,"2,2,1"
7275,"2022-07-17",1408,1,5.25,2,2,1,"2,2,1"
2825,"2022-07-17",1408,1,186.56,2,1,3,"2,1,3"
15916,"2022-07-17",1408,2,70.11,2,3,1,"2,3,1"
1439,"2022-07-18",1407,2,148.23,2,3,2,"2,3,2"
19145,"2022-07-18",1407,1,5.50,2,2,1,"2,2,1"
18429,"2022-07-18",1407,1,68.47,2,1,1,"2,1,1"
11898,"2022-07-18",1407,4,427.96,2,5,4,"2,5,4"
503,"2022-07-19",1406,5,2100.96,2,5,5,"2,5,5"
7111,"2022-07-19",1406,1,148.92,2,1,2,"2,1,2"
13166,"2022-07-19",1406,1,192.72,2,1,3,"2,1,3"
14136,"2022-07-19",1406,1,41.13,2,1,1,"2,1,1"
9758,"2022-07-19",1406,1,51.33,2,1,1,"2,1,1"
9491,"2022-07-19",1406,2,180.90,2,3,3,"2,3,3"
6952,"2022-07-19",1406,1,93.76,2,2,2,"2,2,2"
2871,"2022-07-20",1405,1,81.32,2,2,2,"2,2,2"
9688,"2022-07-20",1405,1,65.59,2,1,1,"2,1,1"
1768,"2022-07-20",1405,2,240.71,2,3,3,"2,3,3"
9453,"2022-07-20",1405,1,126.14,2,2,2,"2,2,2"
9183,"2022-07-20",1405,3,432.08,2,5,5,"2,5,5"
16484,"2022-07-21",1404,1,106.08,2,2,2,"2,2,2"
665,"2022-07-21",1404,1,361.61,2,1,4,"2,1,4"
19389,"2022-07-22",1403,1,208.78,2,1,3,"2,1,3"
12891,"2022-07-22",1403,2,178.70,2,3,3,"2,3,3"
4762,"2022-07-22",1403,1,28.59,2,2,1,"2,2,1"
18543,"2022-07-22",1403,1,229.88,2,1,3,"2,1,3"
2731,"2022-07-22",1403,2,244.32,2,3,3,"2,3,3"
10844,"2022-07-22",1403,1,30.38,2,2,1,"2,2,1"
1871,"2022-07-22",1403,3,493.83,2,5,5,"2,5,5"
18381,"2022-07-22",1403,2,473.37,2,4,5,"2,4,5"
11289,"2022-07-23",1402,1,33.91,2,2,1,"2,2,1"
14381,"2022-07-23",1402,1,54.63,2,1,1,"2,1,1"
16454,"2022-07-23",1402,2,264.58,2,3,4,"2,3,4"
19345,"2022-07-23",1402,2,105.11,2,3,2,"2,3,2"
10242,"2022-07-23",1402,1,576.15,2,2,5,"2,2,5"
17455,"2022-07-23",1402,1,74.17,2,2,2,"2,2,2"
16765,"2022-07-23",1402,1,408.53,2,1,4,"2,1,4"
17787,"2022-07-24",1401,2,93.06,2,3,2,"2,3,2"
10462,"2022-07-24",1401,2,429.87,2,4,4,"2,4,4"
13696,"2022-07-24",1401,2,207.32,2,3,3,"2,3,3"
19609,"2022-07-25",1400,1,159.23,2,1,3,"2,1,3"
6171,"2022-07-25",1400,3,220.50,2,5,3,"2,5,3"
9969,"2022-07-25",1400,2,332.76,2,4,4,"2,4,4"
10202,"2022-07-25",1400,4,641.67,2,5,5,"2,5,5"
12934,"2022-07-26",1399,1,119.89,2,2,2,"2,2,2"
15226,"2022-07-26",1399,1,51.57,2,1,1,"2,1,1"
372,"2022-07-26",1399,3,2978.28,2,4,5,"2,4,5"
18703,"2022-07-26",1399,1,32.49,2,2,1,"2,2,1"
8818,"2022-07-26",1399,2,300.20,2,4,4,"2,4,4"
1157,"2022-07-26",1399,3,224.68,2,5,3,"2,5,3"
11119,"2022-07-26",1399,2,81.02,2,3,2,"2,3,2"
10749,"2022-07-26",1399,2,194.10,2,3,3,"2,3,3"
6588,"2022-07-26",1399,1,79.56,2,2,2,"2,2,2"
18621,"2022-07-27",1398,2,489.33,2,4,5,"2,4,5"
18464,"2022-07-27",1398,1,70.03,2,1,1,"2,1,1"
9000,"2022-07-27",1398,3,725.98,2,4,5,"2,4,5"
5658,"2022-07-27",1398,2,49.89,2,2,1,"2,2,1"
8913,"2022-07-27",1398,2,192.15,2,3,3,"2,3,3"
18842,"2022-07-27",1398,1,17.60,2,2,1,"2,2,1"
6634,"2022-07-27",1398,1,68.31,2,1,1,"2,1,1"
10718,"2022-07-27",1398,2,130.24,2,3,2,"2,3,2"
3922,"2022-07-27",1398,3,237.31,2,5,3,"2,5,3"
12033,"2022-07-27",1398,1,72.79,2,1,1,"2,1,1"
10997,"2022-07-28",1397,3,453.27,2,5,5,"2,5,5"
18177,"2022-07-28",1397,1,101.81,2,2,2,"2,2,2"
18616,"2022-07-28",1397,2,288.58,2,4,4,"2,4,4"
11881,"2022-07-28",1397,3,270.91,2,4,4,"2,4,4"
11917,"2022-07-28",1397,1,28.59,2,2,1,"2,2,1"
15370,"2022-07-28",1397,2,110.66,2,3,2,"2,3,2"
2902,"2022-07-28",1397,1,20.71,2,2,1,"2,2,1"
778,"2022-07-29",1396,2,246.20,2,3,3,"2,3,3"
10312,"2022-07-29",1396,1,27.52,2,2,1,"2,2,1"
17165,"2022-07-29",1396,2,58.29,2,3,1,"2,3,1"
10632,"2022-07-29",1396,1,64.43,2,1,1,"2,1,1"
16084,"2022-07-29",1396,3,307.21,2,4,4,"2,4,4"
11638,"2022-07-29",1396,3,591.92,2,4,5,"2,4,5"
12779,"2022-07-29",1396,1,175.49,2,1,3,"2,1,3"
8783,"2022-07-30",1395,2,169.01,2,3,3,"2,3,3"
17053,"2022-07-30",1395,1,350.59,2,1,4,"2,1,4"
12588,"2022-07-30",1395,2,537.67,2,4,5,"2,4,5"
8324,"2022-07-30",1395,1,54.94,2,1,1,"2,1,1"
2512,"2022-07-31",1394,3,454.43,2,5,5,"2,5,5"
16319,"2022-07-31",1394,2,416.30,2,4,4,"2,4,4"
6542,"2022-07-31",1394,2,174.63,2,3,3,"2,3,3"
14175,"2022-07-31",1394,1,40.61,2,1,1,"2,1,1"
19710,"2022-07-31",1394,1,73.50,2,1,1,"2,1,1"
12908,"2022-07-31",1394,1,247.72,2,1,3,"2,1,3"
3786,"2022-07-31",1394,3,466.63,2,5,5,"2,5,5"
10937,"2022-07-31",1394,2,276.04,2,3,4,"2,3,4"
11192,"2022-08-01",1393,2,491.94,2,4,5,"2,4,5"
3924,"2022-08-01",1393,1,58.75,2,1,1,"2,1,1"
14601,"2022-08-01",1393,1,209.55,2,1,3,"2,1,3"
9875,"2022-08-01",1393,3,251.59,2,5,3,"2,5,3"
7948,"2022-08-01",1393,1,33.86,2,2,1,"2,2,1"
11946,"2022-08-01",1393,1,2.80,2,2,1,"2,2,1"
13407,"2022-08-02",1392,2,132.15,2,3,2,"2,3,2"
18347,"2022-08-02",1392,1,80.59,2,2,2,"2,2,2"
8718,"2022-08-02",1392,1,212.49,2,1,3,"2,1,3"
2417,"2022-08-03",1391,1,457.78,2,2,5,"2,2,5"
6009,"2022-08-03",1391,1,115.34,2,2,2,"2,2,2"
12154,"2022-08-03",1391,3,237.38,2,5,3,"2,5,3"
10003,"2022-08-03",1391,1,30.40,2,2,1,"2,2,1"
13149,"2022-08-03",1391,1,219.65,2,1,3,"2,1,3"
15193,"2022-08-03",1391,1,195.71,2,1,3,"2,1,3"
13270,"2022-08-03",1391,1,40.31,2,1,1,"2,1,1"
4984,"2022-08-03",1391,1,75.86,2,2,2,"2,2,2"
17010,"2022-08-04",1390,3,280.09,2,4,4,"2,4,4"
17166,"2022-08-04",1390,1,103.68,2,2,2,"2,2,2"
3847,"2022-08-04",1390,1,104.04,2,2,2,"2,2,2"
15950,"2022-08-04",1390,1,26.02,2,2,1,"2,2,1"
11300,"2022-08-04",1390,1,47.45,2,1,1,"2,1,1"
10343,"2022-08-05",1389,1,94.66,2,2,2,"2,2,2"
3832,"2022-08-05",1389,1,60.98,2,1,1,"2,1,1"
9959,"2022-08-05",1389,3,539.62,2,5,5,"2,5,5"
18057,"2022-08-05",1389,1,102.66,2,2,2,"2,2,2"
16427,"2022-08-05",1389,1,47.02,2,1,1,"2,1,1"
9411,"2022-08-05",1389,4,389.70,2,5,4,"2,5,4"
19004,"2022-08-05",1389,1,142.26,2,2,2,"2,2,2"
11395,"2022-08-05",1389,3,287.38,2,4,4,"2,4,4"
6768,"2022-08-06",1388,3,650.67,2,5,5,"2,5,5"
4401,"2022-08-06",1388,2,703.53,2,4,5,"2,4,5"
6005,"2022-08-06",1388,2,969.17,2,4,5,"2,4,5"
18225,"2022-08-06",1388,1,30.90,2,2,1,"2,2,1"
6294,"2022-08-07",1387,1,142.96,2,2,2,"2,2,2"
18982,"2022-08-07",1387,4,138.38,2,5,2,"2,5,2"
2849,"2022-08-07",1387,2,451.88,2,4,5,"2,4,5"
7720,"2022-08-08",1386,1,121.58,2,2,2,"2,2,2"
8811,"2022-08-08",1386,1,7.86,2,1,1,"2,1,1"
16595,"2022-08-08",1386,3,541.77,2,5,5,"2,5,5"
12590,"2022-08-08",1386,2,99.66,2,3,2,"2,3,2"
4301,"2022-08-08",1386,2,155.83,2,3,3,"2,3,3"
5975,"2022-08-08",1386,2,77.28,2,3,2,"2,3,2"
8303,"2022-08-08",1386,2,63.95,2,3,1,"2,3,1"
17627,"2022-08-08",1386,1,76.66,2,2,2,"2,2,2"
14880,"2022-08-09",1385,3,760.44,2,4,5,"2,4,5"
3668,"2022-08-09",1385,1,33.88,2,2,1,"2,2,1"
3861,"2022-08-09",1385,2,232.74,2,3,3,"2,3,3"
13822,"2022-08-09",1385,3,388.06,2,4,4,"2,4,4"
2392,"2022-08-09",1385,2,147.13,2,3,2,"2,3,2"
5123,"2022-08-09",1385,1,152.75,2,1,3,"2,1,3"
12949,"2022-08-09",1385,1,186.00,2,1,3,"2,1,3"
11656,"2022-08-09",1385,3,288.74,2,4,4,"2,4,4"
190,"2022-08-09",1385,1,109.31,2,2,2,"2,2,2"
12372,"2022-08-09",1385,1,250.01,2,1,3,"2,1,3"
13993,"2022-08-10",1384,2,324.73,2,4,4,"2,4,4"
14398,"2022-08-10",1384,1,70.45,2,1,1,"2,1,1"
15398,"2022-08-10",1384,1,42.60,2,1,1,"2,1,1"
17754,"2022-08-10",1384,1,366.49,2,1,4,"2,1,4"
3247,"2022-08-10",1384,1,42.96,2,1,1,"2,1,1"
8009,"2022-08-10",1384,1,481.53,2,2,5,"2,2,5"
19397,"2022-08-10",1384,1,146.65,2,1,2,"2,1,2"
10097,"2022-08-10",1384,1,44.20,2,1,1,"2,1,1"
18037,"2022-08-11",1383,1,61.81,2,1,1,"2,1,1"
9597,"2022-08-11",1383,1,154.83,2,1,3,"2,1,3"
14339,"2022-08-11",1383,2,241.02,2,3,3,"2,3,3"
15366,"2022-08-11",1383,1,45.62,2,1,1,"2,1,1"
16679,"2022-08-11",1383,1,422.66,2,2,4,"2,2,4"
16463,"2022-08-11",1383,4,542.84,2,5,5,"2,5,5"
17070,"2022-08-11",1383,3,329.23,2,5,4,"2,5,4"
17390,"2022-08-11",1383,3,557.18,2,4,5,"2,4,5"
17510,"2022-08-11",1383,2,119.97,2,3,2,"2,3,2"
6480,"2022-08-11",1383,2,150.98,2,3,2,"2,3,2"
18374,"2022-08-12",1382,2,120.37,2,3,2,"2,3,2"
7646,"2022-08-12",1382,2,151.16,2,3,2,"2,3,2"
4989,"2022-08-12",1382,1,72.63,2,1,1,"2,1,1"
11595,"2022-08-12",1382,2,258.90,2,3,4,"2,3,4"
14953,"2022-08-12",1382,4,256.94,2,5,3,"2,5,3"
335,"2022-08-12",1382,2,203.33,2,3,3,"2,3,3"
2032,"2022-08-12",1382,3,235.53,2,5,3,"2,5,3"
14517,"2022-08-13",1381,2,148.37,2,3,2,"2,3,2"
12640,"2022-08-13",1381,1,52.38,2,1,1,"2,1,1"
5782,"2022-08-13",1381,1,517.00,2,2,5,"2,2,5"
9778,"2022-08-13",1381,2,339.92,2,4,4,"2,4,4"
18447,"2022-08-13",1381,1,65.93,2,1,1,"2,1,1"
15760,"2022-08-13",1381,1,305.71,2,1,4,"2,1,4"
7758,"2022-08-13",1381,2,241.59,2,3,3,"2,3,3"
6438,"2022-08-14",1380,1,170.87,2,1,3,"2,1,3"
5025,"2022-08-14",1380,1,97.42,2,2,2,"2,2,2"
6840,"2022-08-15",1379,1,90.32,2,2,2,"2,2,2"
19651,"2022-08-15",1379,2,247.90,2,3,3,"2,3,3"
12015,"2022-08-15",1379,1,76.60,2,2,2,"2,2,2"
5695,"2022-08-15",1379,1,32.82,2,2,1,"2,2,1"
5227,"2022-08-15",1379,1,613.03,2,2,5,"2,2,5"
9280,"2022-08-15",1379,2,164.39,2,3,3,"2,3,3"
11237,"2022-08-16",1378,2,313.32,2,4,4,"2,4,4"
18509,"2022-08-16",1378,1,30.12,2,2,1,"2,2,1"
19196,"2022-08-16",1378,2,257.19,2,3,4,"2,3,4"
1560,"2022-08-16",1378,1,17.31,2,2,1,"2,2,1"
4922,"2022-08-16",1378,1,656.73,2,2,5,"2,2,5"
923,"2022-08-16",1378,3,467.15,2,5,5,"2,5,5"
3631,"2022-08-16",1378,1,18.10,2,2,1,"2,2,1"
5396,"2022-08-17",1377,1,29.18,2,2,1,"2,2,1"
8070,"2022-08-17",1377,1,49.97,2,1,1,"2,1,1"
18640,"2022-08-17",1377,1,41.50,2,1,1,"2,1,1"
2909,"2022-08-17",1377,2,330.73,2,4,4,"2,4,4"
15455,"2022-08-17",1377,1,81.98,2,2,2,"2,2,2"
10411,"2022-08-17",1377,3,321.33,2,5,4,"2,5,4"
12518,"2022-08-17",1377,2,73.49,2,3,1,"2,3,1"
873,"2022-08-17",1377,2,132.88,2,3,2,"2,3,2"
4813,"2022-08-17",1377,2,32.06,2,2,1,"2,2,1"
12459,"2022-08-17",1377,1,197.84,2,1,3,"2,1,3"
5006,"2022-08-17",1377,2,271.00,2,3,4,"2,3,4"
7822,"2022-08-17",1377,2,375.81,2,4,4,"2,4,4"
16736,"2022-08-17",1377,1,33.06,2,2,1,"2,2,1"
18636,"2022-08-18",1376,3,424.98,2,4,4,"2,4,4"
15340,"2022-08-18",1376,2,343.04,2,4,4,"2,4,4"
13350,"2022-08-18",1376,2,979.48,2,4,5,"2,4,5"
196,"2022-08-18",1376,2,444.50,2,4,5,"2,4,5"
11611,"2022-08-18",1376,1,15.39,2,2,1,"2,2,1"
11467,"2022-08-18",1376,1,112.52,2,2,2,"2,2,2"
3394,"2022-08-18",1376,4,721.48,2,5,5,"2,5,5"
10441,"2022-08-18",1376,1,240.24,2,1,3,"2,1,3"
8377,"2022-08-19",1375,4,566.55,2,5,5,"2,5,5"
8891,"2022-08-19",1375,1,183.12,2,1,3,"2,1,3"
10950,"2022-08-19",1375,1,332.25,2,1,4,"2,1,4"
14904,"2022-08-19",1375,3,405.52,2,4,4,"2,4,4"
3255,"2022-08-19",1375,4,284.32,2,5,4,"2,5,4"
8807,"2022-08-19",1375,3,644.41,2,5,5,"2,5,5"
3199,"2022-08-19",1375,2,98.68,2,3,2,"2,3,2"
11960,"2022-08-19",1375,2,969.94,2,4,5,"2,4,5"
11195,"2022-08-20",1374,1,35.03,2,2,1,"2,2,1"
17084,"2022-08-20",1374,2,851.00,2,4,5,"2,4,5"
6084,"2022-08-20",1374,3,274.16,2,4,4,"2,4,4"
124,"2022-08-20",1374,2,216.86,2,3,3,"2,3,3"
4471,"2022-08-20",1374,1,308.19,2,1,4,"2,1,4"
14974,"2022-08-20",1374,1,180.33,2,1,3,"2,1,3"
4281,"2022-08-20",1374,2,228.31,2,3,3,"2,3,3"
3228,"2022-08-20",1374,2,32.19,2,2,1,"2,2,1"
4349,"2022-08-21",1373,1,47.57,2,1,1,"2,1,1"
5737,"2022-08-21",1373,1,459.20,2,2,5,"2,2,5"
11168,"2022-08-21",1373,2,188.37,2,3,3,"2,3,3"
423,"2022-08-22",1372,2,165.30,2,3,3,"2,3,3"
9050,"2022-08-22",1372,1,193.91,2,1,3,"2,1,3"
4854,"2022-08-22",1372,1,49.05,2,1,1,"2,1,1"
12193,"2022-08-22",1372,1,22.06,2,2,1,"2,2,1"
14919,"2022-08-22",1372,2,284.44,2,3,4,"2,3,4"
18059,"2022-08-22",1372,4,579.78,2,5,5,"2,5,5"
19552,"2022-08-22",1372,3,289.53,2,4,4,"2,4,4"
4462,"2022-08-23",1371,1,223.01,2,1,3,"2,1,3"
2928,"2022-08-23",1371,2,92.03,2,3,2,"2,3,2"
9575,"2022-08-23",1371,5,1209.47,2,5,5,"2,5,5"
5503,"2022-08-23",1371,2,447.60,2,4,5,"2,4,5"
542,"2022-08-23",1371,2,570.47,2,4,5,"2,4,5"
3310,"2022-08-24",1370,1,47.01,2,1,1,"2,1,1"
12199,"2022-08-24",1370,3,632.83,2,5,5,"2,5,5"
6891,"2022-08-24",1370,3,142.99,2,4,2,"2,4,2"
5825,"2022-08-24",1370,1,11.13,2,1,1,"2,1,1"
104,"2022-08-24",1370,2,145.17,2,3,2,"2,3,2"
19241,"2022-08-24",1370,2,599.65,2,4,5,"2,4,5"
2091,"2022-08-24",1370,3,152.78,2,4,3,"2,4,3"
9422,"2022-08-24",1370,1,56.84,2,1,1,"2,1,1"
1702,"2022-08-24",1370,3,128.37,2,5,2,"2,5,2"
17762,"2022-08-24",1370,2,94.69,2,3,2,"2,3,2"
4771,"2022-08-24",1370,1,192.69,2,1,3,"2,1,3"
3796,"2022-08-24",1370,2,37.79,2,2,1,"2,2,1"
13756,"2022-08-25",1369,1,26.64,2,2,1,"2,2,1"
13457,"2022-08-25",1369,2,649.18,2,4,5,"2,4,5"
9799,"2022-08-26",1368,1,57.49,2,1,1,"2,1,1"
3001,"2022-08-26",1368,2,243.74,2,3,3,"2,3,3"
14368,"2022-08-26",1368,2,236.46,2,3,3,"2,3,3"
3983,"2022-08-26",1368,2,125.38,2,3,2,"2,3,2"
4459,"2022-08-26",1368,1,83.46,2,2,2,"2,2,2"
5530,"2022-08-26",1368,1,256.14,2,1,3,"2,1,3"
5005,"2022-08-26",1368,1,122.42,2,2,2,"2,2,2"
16723,"2022-08-26",1368,2,118.32,2,3,2,"2,3,2"
9865,"2022-08-26",1368,1,143.84,2,1,2,"2,1,2"
13571,"2022-08-27",1367,1,63.38,2,1,1,"2,1,1"
7241,"2022-08-27",1367,1,65.08,2,1,1,"2,1,1"
7102,"2022-08-27",1367,1,13.48,2,1,1,"2,1,1"
19013,"2022-08-27",1367,4,299.94,2,5,4,"2,5,4"
1938,"2022-08-28",1366,3,196.95,2,4,3,"2,4,3"
6560,"2022-08-28",1366,1,155.87,2,1,3,"2,1,3"
1215,"2022-08-28",1366,3,349.75,2,5,4,"2,5,4"
3480,"2022-08-28",1366,2,448.96,2,4,5,"2,4,5"
7051,"2022-08-28",1366,3,315.38,2,5,4,"2,5,4"
4850,"2022-08-28",1366,2,413.88,2,4,4,"2,4,4"
4333,"2022-08-28",1366,1,172.79,2,1,3,"2,1,3"
19938,"2022-08-28",1366,1,53.88,2,1,1,"2,1,1"
4325,"2022-08-28",1366,2,149.64,2,3,2,"2,3,2"
7509,"2022-08-29",1365,1,235.31,2,1,3,"2,1,3"
13981,"2022-08-29",1365,1,107.64,2,2,2,"2,2,2"
12128,"2022-08-29",1365,1,80.85,2,2,2,"2,2,2"
3144,"2022-08-29",1365,1,7.87,2,1,1,"2,1,1"
5277,"2022-08-29",1365,1,14.04,2,1,1,"2,1,1"
13076,"2022-08-29",1365,1,178.21,2,1,3,"2,1,3"
12131,"2022-08-29",1365,1,395.35,2,1,4,"2,1,4"
13244,"2022-08-29",1365,2,511.99,2,4,5,"2,4,5"
16696,"2022-08-29",1365,2,220.10,2,3,3,"2,3,3"
669,"2022-08-29",1365,3,171.43,2,4,3,"2,4,3"
11949,"2022-08-29",1365,2,183.28,2,3,3,"2,3,3"
7428,"2022-08-29",1365,2,79.19,2,3,2,"2,3,2"
7887,"2022-08-30",1364,1,222.36,2,1,3,"2,1,3"
15658,"2022-08-30",1364,2,201.57,2,3,3,"2,3,3"
10975,"2022-08-30",1364,2,614.04,2,4,5,"2,4,5"
19017,"2022-08-30",1364,3,107.65,2,4,2,"2,4,2"
19042,"2022-08-30",1364,1,395.49,2,1,4,"2,1,4"
17746,"2022-08-30",1364,2,421.69,2,4,4,"2,4,4"
7858,"2022-08-30",1364,3,544.31,2,4,5,"2,4,5"
1223,"2022-08-31",1363,3,367.23,2,5,4,"2,5,4"
6879,"2022-08-31",1363,3,385.96,2,4,4,"2,4,4"
11834,"2022-08-31",1363,2,30.38,2,2,1,"2,2,1"
16741,"2022-08-31",1363,2,194.97,2,3,3,"2,3,3"
112,"2022-08-31",1363,1,44.71,2,1,1,"2,1,1"
19823,"2022-08-31",1363,1,85.31,2,2,2,"2,2,2"
19091,"2022-08-31",1363,3,248.57,2,5,3,"2,5,3"
17419,"2022-08-31",1363,1,224.99,2,1,3,"2,1,3"
97,"2022-08-31",1363,2,278.23,2,3,4,"2,3,4"
11176,"2022-09-01",1362,3,1204.77,2,4,5,"2,4,5"
18034,"2022-09-01",1362,1,128.48,2,2,2,"2,2,2"
2484,"2022-09-01",1362,1,221.62,2,1,3,"2,1,3"
11488,"2022-09-01",1362,2,223.59,2,3,3,"2,3,3"
2131,"2022-09-01",1362,2,262.15,2,3,4,"2,3,4"
10540,"2022-09-01",1362,1,151.97,2,1,3,"2,1,3"
18417,"2022-09-01",1362,1,77.07,2,2,2,"2,2,2"
11328,"2022-09-01",1362,1,8.03,2,1,1,"2,1,1"
15119,"2022-09-01",1362,1,41.81,2,1,1,"2,1,1"
17883,"2022-09-01",1362,1,135.81,2,2,2,"2,2,2"
3434,"2022-09-02",1361,1,12.32,2,1,1,"2,1,1"
8257,"2022-09-02",1361,2,316.65,2,4,4,"2,4,4"
1544,"2022-09-02",1361,2,164.37,2,3,3,"2,3,3"
1144,"2022-09-02",1361,2,383.93,2,4,4,"2,4,4"
13640,"2022-09-02",1361,2,189.04,2,3,3,"2,3,3"
10602,"2022-09-02",1361,2,119.84,2,3,2,"2,3,2"
9415,"2022-09-03",1360,2,271.59,2,3,4,"2,3,4"
3393,"2022-09-03",1360,2,126.57,2,3,2,"2,3,2"
10229,"2022-09-03",1360,1,5.23,2,2,1,"2,2,1"
19753,"2022-09-03",1360,2,89.23,2,3,2,"2,3,2"
10922,"2022-09-03",1360,2,163.92,2,3,3,"2,3,3"
15445,"2022-09-03",1360,1,89.68,2,2,2,"2,2,2"
15177,"2022-09-03",1360,3,312.86,2,5,4,"2,5,4"
14903,"2022-09-03",1360,3,593.65,2,4,5,"2,4,5"
12505,"2022-09-04",1359,2,312.47,2,4,4,"2,4,4"
13251,"2022-09-04",1359,3,190.32,2,4,3,"2,4,3"
14638,"2022-09-04",1359,1,1497.18,2,1,5,"2,1,5"
8460,"2022-09-04",1359,4,320.19,2,5,4,"2,5,4"
10012,"2022-09-04",1359,1,31.54,2,2,1,"2,2,1"
4507,"2022-09-04",1359,2,51.80,2,2,1,"2,2,1"
6204,"2022-09-05",1358,3,174.56,2,4,3,"2,4,3"
14280,"2022-09-05",1358,2,134.52,2,3,2,"2,3,2"
2951,"2022-09-05",1358,1,364.76,2,1,4,"2,1,4"
1929,"2022-09-05",1358,3,90.44,2,4,2,"2,4,2"
14710,"2022-09-05",1358,2,142.43,2,3,2,"2,3,2"
17179,"2022-09-05",1358,1,233.34,2,1,3,"2,1,3"
15592,"2022-09-06",1357,2,81.15,2,3,2,"2,3,2"
12410,"2022-09-06",1357,1,139.81,2,2,2,"2,2,2"
8593,"2022-09-06",1357,3,467.33,2,5,5,"2,5,5"
13618,"2022-09-06",1357,2,311.83,2,4,4,"2,4,4"
5859,"2022-09-07",1356,1,22.22,2,2,1,"2,2,1"
8914,"2022-09-07",1356,2,236.60,2,3,3,"2,3,3"
17107,"2022-09-08",1355,2,170.57,2,3,3,"2,3,3"
19356,"2022-09-08",1355,2,181.71,2,3,3,"2,3,3"
7280,"2022-09-08",1355,1,135.09,2,2,2,"2,2,2"
7060,"2022-09-08",1355,2,91.84,2,3,2,"2,3,2"
18857,"2022-09-08",1355,1,24.10,2,2,1,"2,2,1"
2522,"2022-09-08",1355,1,71.03,2,1,1,"2,1,1"
19590,"2022-09-08",1355,2,430.40,2,4,4,"2,4,4"
14654,"2022-09-09",1354,2,448.39,2,4,5,"2,4,5"
14860,"2022-09-09",1354,1,243.20,2,1,3,"2,1,3"
15962,"2022-09-09",1354,2,229.91,2,3,3,"2,3,3"
3739,"2022-09-09",1354,2,75.52,2,3,2,"2,3,2"
18876,"2022-09-09",1354,1,1049.68,2,1,5,"2,1,5"
19593,"2022-09-09",1354,2,119.92,2,3,2,"2,3,2"
2917,"2022-09-11",1352,2,172.97,2,3,3,"2,3,3"
2452,"2022-09-11",1352,2,392.24,2,4,4,"2,4,4"
7,"2022-09-11",1352,2,96.81,2,3,2,"2,3,2"
7397,"2022-09-11",1352,1,168.41,2,1,3,"2,1,3"
3813,"2022-09-11",1352,1,47.58,2,1,1,"2,1,1"
3530,"2022-09-12",1351,3,894.17,2,5,5,"2,5,5"
19193,"2022-09-12",1351,1,189.96,2,1,3,"2,1,3"
3159,"2022-09-12",1351,2,89.14,2,3,2,"2,3,2"
6518,"2022-09-12",1351,3,130.54,2,5,2,"2,5,2"
854,"2022-09-12",1351,1,17.42,2,2,1,"2,2,1"
9093,"2022-09-12",1351,2,385.96,2,4,4,"2,4,4"
2389,"2022-09-12",1351,1,261.44,2,1,4,"2,1,4"
12959,"2022-09-13",1350,1,617.21,2,2,5,"2,2,5"
3483,"2022-09-13",1350,1,14.60,2,1,1,"2,1,1"
6726,"2022-09-13",1350,1,176.16,2,1,3,"2,1,3"
7746,"2022-09-13",1350,1,69.91,2,1,1,"2,1,1"
4714,"2022-09-13",1350,1,178.35,2,1,3,"2,1,3"
9985,"2022-09-13",1350,1,48.21,2,1,1,"2,1,1"
1492,"2022-09-13",1350,2,49.34,2,2,1,"2,2,1"
14693,"2022-09-13",1350,3,235.63,2,5,3,"2,5,3"
8336,"2022-09-13",1350,2,204.88,2,3,3,"2,3,3"
9513,"2022-09-13",1350,2,205.62,2,3,3,"2,3,3"
13816,"2022-09-13",1350,1,24.40,2,2,1,"2,2,1"
15085,"2022-09-14",1349,1,249.79,2,1,3,"2,1,3"
1611,"2022-09-14",1349,1,285.37,2,1,4,"2,1,4"
13030,"2022-09-14",1349,2,296.50,2,4,4,"2,4,4"
11450,"2022-09-14",1349,1,166.56,2,1,3,"2,1,3"
13481,"2022-09-14",1349,2,70.39,2,3,1,"2,3,1"
9448,"2022-09-14",1349,2,139.96,2,3,2,"2,3,2"
13851,"2022-09-14",1349,2,102.68,2,3,2,"2,3,2"
12878,"2022-09-14",1349,3,202.65,2,4,3,"2,4,3"
12936,"2022-09-14",1349,1,15.91,2,2,1,"2,2,1"
15261,"2022-09-15",1348,1,102.78,2,2,2,"2,2,2"
1221,"2022-09-15",1348,1,51.22,2,1,1,"2,1,1"
18650,"2022-09-15",1348,2,245.19,2,3,3,"2,3,3"
10549,"2022-09-15",1348,4,596.03,2,5,5,"2,5,5"
2017,"2022-09-15",1348,1,136.08,2,2,2,"2,2,2"
798,"2022-09-15",1348,2,248.05,2,3,3,"2,3,3"
11148,"2022-09-15",1348,1,52.39,2,1,1,"2,1,1"
3833,"2022-09-16",1347,3,417.88,2,4,4,"2,4,4"
2436,"2022-09-16",1347,1,11.22,2,1,1,"2,1,1"
13122,"2022-09-16",1347,1,46.18,2,1,1,"2,1,1"
15094,"2022-09-16",1347,2,35.38,2,2,1,"2,2,1"
9239,"2022-09-16",1347,2,80.84,2,3,2,"2,3,2"
3445,"2022-09-17",1346,2,168.68,2,3,3,"2,3,3"
13692,"2022-09-17",1346,1,153.65,2,1,3,"2,1,3"
2292,"2022-09-17",1346,2,96.93,2,3,2,"2,3,2"
13199,"2022-09-17",1346,2,718.78,2,4,5,"2,4,5"
7173,"2022-09-17",1346,1,6.79,2,2,1,"2,2,1"
13953,"2022-09-17",1346,3,640.55,2,4,5,"2,4,5"
14984,"2022-09-17",1346,3,570.96,2,4,5,"2,4,5"
16589,"2022-09-17",1346,2,313.62,2,4,4,"2,4,4"
2556,"2022-09-17",1346,1,36.38,2,2,1,"2,2,1"
11053,"2022-09-17",1346,1,142.49,2,2,2,"2,2,2"
14169,"2022-09-17",1346,2,586.10,2,4,5,"2,4,5"
14018,"2022-09-18",1345,3,478.14,2,5,5,"2,5,5"
5706,"2022-09-18",1345,3,166.33,2,4,3,"2,4,3"
8206,"2022-09-18",1345,2,185.09,2,3,3,"2,3,3"
1036,"2022-09-18",1345,1,300.94,2,1,4,"2,1,4"
2087,"2022-09-18",1345,1,214.82,2,1,3,"2,1,3"
9170,"2022-09-18",1345,2,328.95,2,4,4,"2,4,4"
7170,"2022-09-19",1344,1,51.45,2,1,1,"2,1,1"
3491,"2022-09-19",1344,3,449.71,2,5,5,"2,5,5"
15187,"2022-09-19",1344,2,278.16,2,3,4,"2,3,4"
11639,"2022-09-19",1344,2,41.98,2,2,1,"2,2,1"
3202,"2022-09-19",1344,2,399.29,2,4,4,"2,4,4"
9991,"2022-09-19",1344,2,326.32,2,4,4,"2,4,4"
16416,"2022-09-20",1343,3,548.95,2,4,5,"2,4,5"
1152,"2022-09-20",1343,1,208.56,2,1,3,"2,1,3"
19964,"2022-09-20",1343,2,77.04,2,3,2,"2,3,2"
1145,"2022-09-20",1343,2,145.37,2,3,2,"2,3,2"
10251,"2022-09-20",1343,3,624.46,2,5,5,"2,5,5"
4745,"2022-09-20",1343,1,63.56,2,1,1,"2,1,1"
17689,"2022-09-20",1343,2,415.48,2,4,4,"2,4,4"
12897,"2022-09-21",1342,1,200.57,2,1,3,"2,1,3"
2914,"2022-09-21",1342,2,634.81,2,4,5,"2,4,5"
2477,"2022-09-21",1342,1,206.12,2,1,3,"2,1,3"
2814,"2022-09-22",1341,2,83.63,2,3,2,"2,3,2"
19985,"2022-09-22",1341,1,269.69,2,1,4,"2,1,4"
1708,"2022-09-22",1341,2,118.58,2,3,2,"2,3,2"
8483,"2022-09-23",1340,1,64.86,2,1,1,"2,1,1"
19390,"2022-09-23",1340,1,478.50,2,2,5,"2,2,5"
4085,"2022-09-23",1340,3,386.62,2,4,4,"2,4,4"
9285,"2022-09-23",1340,2,127.54,2,3,2,"2,3,2"
10872,"2022-09-23",1340,2,140.82,2,3,2,"2,3,2"
758,"2022-09-24",1339,1,8.53,2,1,1,"2,1,1"
17761,"2022-09-24",1339,1,281.96,2,1,4,"2,1,4"
2517,"2022-09-24",1339,1,640.84,2,2,5,"2,2,5"
13402,"2022-09-24",1339,3,496.49,2,5,5,"2,5,5"
16789,"2022-09-24",1339,1,103.94,2,2,2,"2,2,2"
1380,"2022-09-25",1338,2,153.46,2,3,3,"2,3,3"
9263,"2022-09-25",1338,2,153.76,2,3,3,"2,3,3"
2875,"2022-09-25",1338,1,76.46,2,2,2,"2,2,2"
18997,"2022-09-25",1338,2,151.18,2,3,2,"2,3,2"
19243,"2022-09-25",1338,1,816.48,2,2,5,"2,2,5"
13883,"2022-09-25",1338,2,52.83,2,2,1,"2,2,1"
1217,"2022-09-25",1338,3,744.36,2,4,5,"2,4,5"
9353,"2022-09-25",1338,1,310.50,2,1,4,"2,1,4"
12893,"2022-09-25",1338,1,152.39,2,1,3,"2,1,3"
1802,"2022-09-25",1338,1,182.30,2,1,3,"2,1,3"
934,"2022-09-25",1338,1,37.01,2,2,1,"2,2,1"
13119,"2022-09-25",1338,1,103.04,2,2,2,"2,2,2"
7706,"2022-09-26",1337,2,62.21,2,3,1,"2,3,1"
4570,"2022-09-26",1337,2,189.63,2,3,3,"2,3,3"
9660,"2022-09-26",1337,2,386.30,2,4,4,"2,4,4"
2864,"2022-09-26",1337,1,357.74,2,1,4,"2,1,4"
2302,"2022-09-26",1337,2,430.09,2,4,4,"2,4,4"
4385,"2022-09-26",1337,1,55.22,2,1,1,"2,1,1"
12106,"2022-09-26",1337,1,76.04,2,2,2,"2,2,2"
8625,"2022-09-26",1337,1,8.28,2,1,1,"2,1,1"
8864,"2022-09-27",1336,1,79.70,2,2,2,"2,2,2"
19946,"2022-09-27",1336,1,194.09,2,1,3,"2,1,3"
13688,"2022-09-27",1336,1,17.47,2,2,1,"2,2,1"
9057,"2022-09-27",1336,2,42.47,2,2,1,"2,2,1"
2257,"2022-09-27",1336,4,399.95,2,5,4,"2,5,4"
7747,"2022-09-27",1336,2,73.31,2,3,1,"2,3,1"
4951,"2022-09-27",1336,2,385.51,2,4,4,"2,4,4"
8000,"2022-09-28",1335,1,17.29,2,2,1,"2,2,1"
9988,"2022-09-28",1335,2,206.10,2,3,3,"2,3,3"
7434,"2022-09-28",1335,4,525.77,2,5,5,"2,5,5"
5143,"2022-09-28",1335,2,379.59,2,4,4,"2,4,4"
3812,"2022-09-28",1335,2,166.15,2,3,3,"2,3,3"
10617,"2022-09-28",1335,2,418.63,2,4,4,"2,4,4"
1635,"2022-09-29",1334,3,333.01,2,4,4,"2,4,4"
5273,"2022-09-29",1334,1,453.96,2,2,5,"2,2,5"
3136,"2022-09-29",1334,2,166.05,2,3,3,"2,3,3"
14445,"2022-09-30",1333,2,152.29,2,3,3,"2,3,3"
3379,"2022-09-30",1333,1,35.86,2,2,1,"2,2,1"
19075,"2022-09-30",1333,2,387.70,2,4,4,"2,4,4"
19369,"2022-10-01",1332,2,229.40,2,3,3,"2,3,3"
18887,"2022-10-01",1332,1,66.01,2,1,1,"2,1,1"
1801,"2022-10-01",1332,1,508.55,2,2,5,"2,2,5"
18473,"2022-10-01",1332,1,157.15,2,1,3,"2,1,3"
6068,"2022-10-02",1331,4,1340.56,2,5,5,"2,5,5"
3707,"2022-10-02",1331,1,137.66,2,2,2,"2,2,2"
19640,"2022-10-02",1331,2,268.98,2,3,4,"2,3,4"
15578,"2022-10-02",1331,1,64.40,2,1,1,"2,1,1"
14817,"2022-10-02",1331,3,559.46,2,4,5,"2,4,5"
6429,"2022-10-02",1331,1,17.93,2,2,1,"2,2,1"
2537,"2022-10-02",1331,1,7.04,2,2,1,"2,2,1"
2627,"2022-10-02",1331,1,178.26,2,1,3,"2,1,3"
2133,"2022-10-03",1330,3,872.51,2,5,5,"2,5,5"
17530,"2022-10-03",1330,2,111.86,2,3,2,"2,3,2"
14831,"2022-10-03",1330,2,83.43,2,3,2,"2,3,2"
8970,"2022-10-03",1330,4,646.15,2,5,5,"2,5,5"
4982,"2022-10-03",1330,1,269.73,2,1,4,"2,1,4"
6129,"2022-10-03",1330,1,217.12,2,1,3,"2,1,3"
1165,"2022-10-04",1329,3,1065.35,2,4,5,"2,4,5"
17836,"2022-10-04",1329,2,139.32,2,3,2,"2,3,2"
9166,"2022-10-04",1329,1,561.67,2,2,5,"2,2,5"
14434,"2022-10-04",1329,1,55.94,2,1,1,"2,1,1"
8315,"2022-10-04",1329,3,180.40,2,5,3,"2,5,3"
15494,"2022-10-05",1328,1,226.25,2,1,3,"2,1,3"
17699,"2022-10-05",1328,1,39.11,2,2,1,"2,2,1"
18561,"2022-10-05",1328,5,673.75,2,5,5,"2,5,5"
8921,"2022-10-06",1327,2,192.27,2,3,3,"2,3,3"
12802,"2022-10-06",1327,4,537.32,2,5,5,"2,5,5"
16996,"2022-10-06",1327,3,690.85,2,5,5,"2,5,5"
421,"2022-10-06",1327,1,42.13,2,1,1,"2,1,1"
7868,"2022-10-06",1327,1,63.79,2,1,1,"2,1,1"
15053,"2022-10-07",1326,1,12.37,2,1,1,"2,1,1"
2326,"2022-10-07",1326,1,99.14,2,2,2,"2,2,2"
13455,"2022-10-07",1326,4,113.73,2,5,2,"2,5,2"
6526,"2022-10-07",1326,1,133.18,2,2,2,"2,2,2"
13932,"2022-10-07",1326,4,705.57,2,5,5,"2,5,5"
15263,"2022-10-07",1326,1,56.15,2,1,1,"2,1,1"
13867,"2022-10-07",1326,1,545.18,2,2,5,"2,2,5"
13635,"2022-10-08",1325,1,118.91,2,2,2,"2,2,2"
14422,"2022-10-08",1325,1,421.75,2,2,4,"2,2,4"
19768,"2022-10-08",1325,4,366.82,2,5,4,"2,5,4"
7648,"2022-10-08",1325,4,916.81,2,5,5,"2,5,5"
13016,"2022-10-09",1324,1,63.37,2,1,1,"2,1,1"
16572,"2022-10-10",1323,2,239.26,2,3,3,"2,3,3"
8515,"2022-10-10",1323,1,229.67,2,1,3,"2,1,3"
8619,"2022-10-10",1323,3,312.85,2,5,4,"2,5,4"
5183,"2022-10-10",1323,1,202.25,2,1,3,"2,1,3"
7432,"2022-10-10",1323,2,348.39,2,4,4,"2,4,4"
4091,"2022-10-10",1323,1,5.40,2,2,1,"2,2,1"
8449,"2022-10-10",1323,1,755.70,2,2,5,"2,2,5"
18883,"2022-10-10",1323,2,79.17,2,3,2,"2,3,2"
2065,"2022-10-10",1323,2,399.02,2,4,4,"2,4,4"
18959,"2022-10-10",1323,1,108.17,2,2,2,"2,2,2"
5163,"2022-10-11",1322,2,562.75,2,4,5,"2,4,5"
7856,"2022-10-11",1322,1,150.24,2,1,2,"2,1,2"
10914,"2022-10-11",1322,1,173.75,2,1,3,"2,1,3"
19644,"2022-10-11",1322,1,140.30,2,2,2,"2,2,2"
9197,"2022-10-11",1322,3,253.47,2,5,3,"2,5,3"
18668,"2022-10-11",1322,1,247.10,2,1,3,"2,1,3"
15169,"2022-10-11",1322,1,324.31,2,1,4,"2,1,4"
15469,"2022-10-11",1322,4,152.28,2,5,3,"2,5,3"
6770,"2022-10-11",1322,2,413.78,2,4,4,"2,4,4"
6976,"2022-10-11",1322,1,398.25,2,1,4,"2,1,4"
1419,"2022-10-12",1321,1,592.34,2,2,5,"2,2,5"
5555,"2022-10-12",1321,4,425.47,2,5,4,"2,5,4"
6146,"2022-10-12",1321,1,10.91,2,1,1,"2,1,1"
7827,"2022-10-12",1321,2,249.87,2,3,3,"2,3,3"
13639,"2022-10-12",1321,1,140.48,2,2,2,"2,2,2"
10586,"2022-10-12",1321,2,97.13,2,3,2,"2,3,2"
6353,"2022-10-12",1321,1,59.50,2,1,1,"2,1,1"
4925,"2022-10-13",1320,1,305.26,2,1,4,"2,1,4"
13982,"2022-10-13",1320,3,265.19,2,4,4,"2,4,4"
3020,"2022-10-13",1320,1,36.81,2,2,1,"2,2,1"
12155,"2022-10-13",1320,1,48.47,2,1,1,"2,1,1"
8382,"2022-10-13",1320,2,495.45,2,4,5,"2,4,5"
4702,"2022-10-13",1320,1,88.96,2,2,2,"2,2,2"
3599,"2022-10-13",1320,3,539.53,2,5,5,"2,5,5"
17497,"2022-10-14",1319,1,168.73,2,1,3,"2,1,3"
4548,"2022-10-14",1319,3,247.74,2,5,3,"2,5,3"
6391,"2022-10-14",1319,1,109.33,2,2,2,"2,2,2"
7889,"2022-10-14",1319,2,160.81,2,3,3,"2,3,3"
11724,"2022-10-15",1318,2,277.24,2,3,4,"2,3,4"
16664,"2022-10-15",1318,3,248.91,2,5,3,"2,5,3"
14458,"2022-10-15",1318,1,10.97,2,1,1,"2,1,1"
15237,"2022-10-15",1318,1,70.15,2,1,1,"2,1,1"
14374,"2022-10-15",1318,2,187.59,2,3,3,"2,3,3"
16609,"2022-10-15",1318,2,203.78,2,3,3,"2,3,3"
3259,"2022-10-15",1318,2,98.12,2,3,2,"2,3,2"
978,"2022-10-15",1318,1,80.11,2,2,2,"2,2,2"
17099,"2022-10-15",1318,2,210.20,2,3,3,"2,3,3"
11009,"2022-10-15",1318,2,308.21,2,4,4,"2,4,4"
6929,"2022-10-15",1318,5,445.03,2,5,5,"2,5,5"
11984,"2022-10-16",1317,1,123.94,2,2,2,"2,2,2"
6226,"2022-10-16",1317,2,179.15,2,3,3,"2,3,3"
5400,"2022-10-16",1317,1,65.73,2,1,1,"2,1,1"
12699,"2022-10-16",1317,3,129.70,2,5,2,"2,5,2"
9382,"2022-10-16",1317,1,47.03,2,1,1,"2,1,1"
9068,"2022-10-16",1317,1,16.73,2,2,1,"2,2,1"
19535,"2022-10-17",1316,4,851.56,2,5,5,"2,5,5"
6505,"2022-10-17",1316,3,568.68,2,4,5,"2,4,5"
7716,"2022-10-17",1316,1,85.57,2,2,2,"2,2,2"
11365,"2022-10-17",1316,3,415.48,2,4,4,"2,4,4"
14185,"2022-10-17",1316,2,166.74,2,3,3,"2,3,3"
6757,"2022-10-17",1316,4,533.69,2,5,5,"2,5,5"
17915,"2022-10-17",1316,1,174.27,2,1,3,"2,1,3"
11318,"2022-10-18",1315,1,117.86,2,2,2,"2,2,2"
18467,"2022-10-18",1315,3,473.00,2,5,5,"2,5,5"
18635,"2022-10-18",1315,1,69.95,2,1,1,"2,1,1"
4212,"2022-10-18",1315,1,42.35,2,1,1,"2,1,1"
9424,"2022-10-18",1315,2,259.68,2,3,4,"2,3,4"
6476,"2022-10-18",1315,2,49.03,2,2,1,"2,2,1"
15260,"2022-10-18",1315,2,214.89,2,3,3,"2,3,3"
8120,"2022-10-18",1315,2,85.71,2,3,2,"2,3,2"
2196,"2022-10-19",1314,2,241.40,2,3,3,"2,3,3"
17796,"2022-10-19",1314,3,549.18,2,4,5,"2,4,5"
6416,"2022-10-19",1314,1,22.54,2,2,1,"2,2,1"
2533,"2022-10-19",1314,1,100.72,2,2,2,"2,2,2"
11125,"2022-10-19",1314,2,324.53,2,4,4,"2,4,4"
17028,"2022-10-19",1314,1,39.68,2,1,1,"2,1,1"
8524,"2022-10-19",1314,1,73.02,2,1,1,"2,1,1"
11872,"2022-10-19",1314,2,63.41,2,3,1,"2,3,1"
13986,"2022-10-19",1314,2,20.81,2,2,1,"2,2,1"
10152,"2022-10-19",1314,1,387.14,2,1,4,"2,1,4"
6397,"2022-10-20",1313,1,221.31,2,1,3,"2,1,3"
6594,"2022-10-20",1313,1,171.09,2,1,3,"2,1,3"
17638,"2022-10-20",1313,1,29.05,2,2,1,"2,2,1"
18120,"2022-10-20",1313,3,755.87,2,4,5,"2,4,5"
212,"2022-10-20",1313,1,76.07,2,2,2,"2,2,2"
8976,"2022-10-20",1313,1,288.64,2,1,4,"2,1,4"
8889,"2022-10-20",1313,1,32.22,2,2,1,"2,2,1"
7009,"2022-10-21",1312,1,15.06,2,1,1,"2,1,1"
6900,"2022-10-21",1312,3,248.03,2,5,3,"2,5,3"
12925,"2022-10-21",1312,3,196.40,2,4,3,"2,4,3"
108,"2022-10-22",1311,2,453.75,2,4,5,"2,4,5"
13391,"2022-10-22",1311,3,359.03,2,4,4,"2,4,4"
15953,"2022-10-22",1311,2,335.79,2,4,4,"2,4,4"
18380,"2022-10-22",1311,2,788.55,2,4,5,"2,4,5"
15349,"2022-10-22",1311,4,974.36,2,5,5,"2,5,5"
2033,"2022-10-22",1311,2,240.89,2,3,3,"2,3,3"
1637,"2022-10-22",1311,2,71.91,2,3,1,"2,3,1"
15057,"2022-10-22",1311,2,448.94,2,4,5,"2,4,5"
1372,"2022-10-23",1310,1,149.40,2,1,2,"2,1,2"
3571,"2022-10-23",1310,2,110.73,2,3,2,"2,3,2"
10340,"2022-10-23",1310,1,16.34,2,2,1,"2,2,1"
1555,"2022-10-24",1309,1,92.42,2,2,2,"2,2,2"
3737,"2022-10-24",1309,1,211.50,2,1,3,"2,1,3"
3246,"2022-10-24",1309,2,233.70,2,3,3,"2,3,3"
3280,"2022-10-24",1309,2,108.36,2,3,2,"2,3,2"
5754,"2022-10-24",1309,3,380.60,2,5,4,"2,5,4"
12385,"2022-10-24",1309,1,161.60,2,1,3,"2,1,3"
19103,"2022-10-25",1308,2,299.15,2,4,4,"2,4,4"
15221,"2022-10-25",1308,1,139.80,2,2,2,"2,2,2"
19271,"2022-10-25",1308,2,169.30,2,3,3,"2,3,3"
1899,"2022-10-25",1308,1,89.56,2,2,2,"2,2,2"
795,"2022-10-25",1308,2,821.01,2,4,5,"2,4,5"
3669,"2022-10-25",1308,4,360.17,2,5,4,"2,5,4"
2051,"2022-10-26",1307,2,74.55,2,3,2,"2,3,2"
19288,"2022-10-26",1307,2,156.90,2,3,3,"2,3,3"
6034,"2022-10-26",1307,1,17.91,2,2,1,"2,2,1"
5675,"2022-10-26",1307,1,136.10,2,2,2,"2,2,2"
17037,"2022-10-26",1307,2,851.61,2,4,5,"2,4,5"
8058,"2022-10-26",1307,1,9.47,2,1,1,"2,1,1"
4046,"2022-10-26",1307,1,94.79,2,2,2,"2,2,2"
4446,"2022-10-27",1306,3,370.08,2,5,4,"2,5,4"
16256,"2022-10-27",1306,1,56.24,2,1,1,"2,1,1"
4976,"2022-10-27",1306,1,270.76,2,1,4,"2,1,4"
19272,"2022-10-27",1306,3,527.30,2,5,5,"2,5,5"
5655,"2022-10-27",1306,1,189.14,2,1,3,"2,1,3"
11743,"2022-10-28",1305,2,230.11,2,3,3,"2,3,3"
14729,"2022-10-28",1305,1,34.18,2,2,1,"2,2,1"
10694,"2022-10-28",1305,2,233.02,2,3,3,"2,3,3"
17115,"2022-10-28",1305,1,103.53,2,2,2,"2,2,2"
9909,"2022-10-28",1305,1,90.91,2,2,2,"2,2,2"
19138,"2022-10-28",1305,2,140.35,2,3,2,"2,3,2"
6131,"2022-10-28",1305,2,271.19,2,3,4,"2,3,4"
19540,"2022-10-29",1304,1,442.59,2,2,5,"2,2,5"
14558,"2022-10-29",1304,2,93.92,2,3,2,"2,3,2"
2827,"2022-10-29",1304,2,408.42,2,4,4,"2,4,4"
11335,"2022-10-30",1303,1,38.55,2,2,1,"2,2,1"
15050,"2022-10-30",1303,1,646.32,2,2,5,"2,2,5"
17299,"2022-10-30",1303,2,493.37,2,4,5,"2,4,5"
2248,"2022-10-30",1303,1,228.31,2,1,3,"2,1,3"
4627,"2022-10-30",1303,1,372.14,2,1,4,"2,1,4"
6836,"2022-10-30",1303,1,21.38,2,2,1,"2,2,1"
7915,"2022-10-30",1303,1,74.28,2,2,2,"2,2,2"
18618,"2022-10-31",1302,1,22.97,2,2,1,"2,2,1"
4131,"2022-10-31",1302,2,213.25,2,3,3,"2,3,3"
2729,"2022-10-31",1302,2,115.76,2,3,2,"2,3,2"
10503,"2022-10-31",1302,2,269.07,2,3,4,"2,3,4"
4330,"2022-10-31",1302,1,111.50,2,2,2,"2,2,2"
5468,"2022-10-31",1302,1,50.38,2,1,1,"2,1,1"
37,"2022-10-31",1302,2,239.33,2,3,3,"2,3,3"
14608,"2022-10-31",1302,2,533.31,2,4,5,"2,4,5"
13505,"2022-10-31",1302,4,260.04,2,5,4,"2,5,4"
9822,"2022-11-01",1301,2,137.30,2,3,2,"2,3,2"
18777,"2022-11-01",1301,2,281.27,2,3,4,"2,3,4"
17012,"2022-11-01",1301,1,17.47,2,2,1,"2,2,1"
8175,"2022-11-01",1301,1,221.53,2,1,3,"2,1,3"
15149,"2022-11-01",1301,1,95.23,2,2,2,"2,2,2"
13804,"2022-11-01",1301,1,121.06,2,2,2,"2,2,2"
9392,"2022-11-02",1300,2,59.39,2,3,1,"2,3,1"
4849,"2022-11-02",1300,1,41.50,2,1,1,"2,1,1"
16342,"2022-11-02",1300,1,255.94,2,1,3,"2,1,3"
16190,"2022-11-02",1300,2,88.35,2,3,2,"2,3,2"
76,"2022-11-02",1300,3,306.15,2,4,4,"2,4,4"
13392,"2022-11-02",1300,2,250.67,2,3,3,"2,3,3"
8767,"2022-11-02",1300,2,90.16,2,3,2,"2,3,2"
7880,"2022-11-02",1300,1,109.27,2,2,2,"2,2,2"
4239,"2022-11-03",1299,1,134.27,2,2,2,"2,2,2"
1509,"2022-11-03",1299,2,374.71,2,4,4,"2,4,4"
12461,"2022-11-03",1299,2,186.30,2,3,3,"2,3,3"
3774,"2022-11-03",1299,1,66.63,2,1,1,"2,1,1"
5252,"2022-11-03",1299,1,48.51,2,1,1,"2,1,1"
18078,"2022-11-03",1299,3,332.14,2,4,4,"2,4,4"
5342,"2022-11-04",1298,2,306.76,2,4,4,"2,4,4"
17580,"2022-11-04",1298,1,7.91,2,1,1,"2,1,1"
14502,"2022-11-04",1298,3,219.25,2,5,3,"2,5,3"
15258,"2022-11-04",1298,1,150.71,2,1,2,"2,1,2"
19921,"2022-11-04",1298,3,325.23,2,4,4,"2,4,4"
822,"2022-11-04",1298,1,23.05,2,2,1,"2,2,1"
10518,"2022-11-04",1298,1,132.39,2,2,2,"2,2,2"
11998,"2022-11-05",1297,1,42.30,2,1,1,"2,1,1"
2485,"2022-11-05",1297,2,282.90,2,3,4,"2,3,4"
6656,"2022-11-05",1297,1,79.52,2,2,2,"2,2,2"
17309,"2022-11-05",1297,1,36.92,2,2,1,"2,2,1"
18112,"2022-11-05",1297,3,200.35,2,4,3,"2,4,3"
2210,"2022-11-05",1297,2,109.83,2,3,2,"2,3,2"
8410,"2022-11-05",1297,1,78.40,2,2,2,"2,2,2"
2353,"2022-11-05",1297,2,111.23,2,3,2,"2,3,2"
8208,"2022-11-05",1297,1,48.58,2,1,1,"2,1,1"
13668,"2022-11-05",1297,1,228.67,2,1,3,"2,1,3"
19758,"2022-11-06",1296,1,228.49,2,1,3,"2,1,3"
3361,"2022-11-06",1296,1,21.72,2,2,1,"2,2,1"
10380,"2022-11-06",1296,1,225.15,2,1,3,"2,1,3"
9384,"2022-11-06",1296,2,134.19,2,3,2,"2,3,2"
11060,"2022-11-06",1296,1,137.79,2,2,2,"2,2,2"
3641,"2022-11-06",1296,3,822.76,2,5,5,"2,5,5"
10824,"2022-11-06",1296,1,17.52,2,2,1,"2,2,1"
9582,"2022-11-06",1296,2,239.92,2,3,3,"2,3,3"
2301,"2022-11-07",1295,1,38.13,2,2,1,"2,2,1"
2089,"2022-11-07",1295,2,247.29,2,3,3,"2,3,3"
14552,"2022-11-07",1295,2,360.84,2,4,4,"2,4,4"
4715,"2022-11-07",1295,2,167.55,2,3,3,"2,3,3"
8762,"2022-11-07",1295,2,93.88,2,3,2,"2,3,2"
8887,"2022-11-07",1295,1,83.07,2,2,2,"2,2,2"
3267,"2022-11-08",1294,1,66.74,2,1,1,"2,1,1"
16665,"2022-11-08",1294,4,504.80,2,5,5,"2,5,5"
10098,"2022-11-08",1294,1,174.73,2,1,3,"2,1,3"
10499,"2022-11-08",1294,2,240.37,2,3,3,"2,3,3"
13183,"2022-11-09",1293,1,8.35,2,1,1,"2,1,1"
5799,"2022-11-09",1293,2,165.72,2,3,3,"2,3,3"
4176,"2022-11-09",1293,1,55.18,2,1,1,"2,1,1"
11604,"2022-11-09",1293,2,374.20,2,4,4,"2,4,4"
18781,"2022-11-10",1292,2,238.50,2,3,3,"2,3,3"
12616,"2022-11-10",1292,1,229.00,2,1,3,"2,1,3"
10402,"2022-11-10",1292,1,19.58,2,2,1,"2,2,1"
9857,"2022-11-10",1292,1,71.90,2,1,1,"2,1,1"
7108,"2022-11-10",1292,1,122.35,2,2,2,"2,2,2"
13340,"2022-11-10",1292,1,94.20,2,2,2,"2,2,2"
12528,"2022-11-10",1292,2,1038.36,2,4,5,"2,4,5"
18538,"2022-11-10",1292,2,164.12,2,3,3,"2,3,3"
4327,"2022-11-10",1292,2,80.97,2,3,2,"2,3,2"
3335,"2022-11-10",1292,2,25.82,2,2,1,"2,2,1"
2661,"2022-11-10",1292,1,10.18,2,1,1,"2,1,1"
3088,"2022-11-11",1291,2,225.42,2,3,3,"2,3,3"
15062,"2022-11-11",1291,2,188.40,2,3,3,"2,3,3"
8832,"2022-11-11",1291,3,316.31,2,5,4,"2,5,4"
5042,"2022-11-11",1291,2,231.98,2,3,3,"2,3,3"
7672,"2022-11-11",1291,1,105.04,2,2,2,"2,2,2"
10595,"2022-11-11",1291,3,363.64,2,5,4,"2,5,4"
4314,"2022-11-11",1291,1,673.98,2,2,5,"2,2,5"
8679,"2022-11-11",1291,5,726.26,2,5,5,"2,5,5"
18082,"2022-11-11",1291,4,266.82,2,5,4,"2,5,4"
13411,"2022-11-11",1291,4,444.38,2,5,5,"2,5,5"
11381,"2022-11-12",1290,1,65.47,2,1,1,"2,1,1"
8639,"2022-11-12",1290,1,129.60,2,2,2,"2,2,2"
13761,"2022-11-12",1290,1,110.33,2,2,2,"2,2,2"
18087,"2022-11-12",1290,2,240.72,2,3,3,"2,3,3"
17926,"2022-11-12",1290,3,573.42,2,4,5,"2,4,5"
19304,"2022-11-12",1290,1,87.33,2,2,2,"2,2,2"
3722,"2022-11-12",1290,2,55.35,2,2,1,"2,2,1"
2474,"2022-11-12",1290,2,212.21,2,3,3,"2,3,3"
13177,"2022-11-12",1290,1,216.46,2,1,3,"2,1,3"
1263,"2022-11-12",1290,2,346.71,2,4,4,"2,4,4"
5771,"2022-11-13",1289,2,65.71,2,3,1,"2,3,1"
6365,"2022-11-13",1289,2,753.31,2,4,5,"2,4,5"
5357,"2022-11-13",1289,4,165.89,2,5,3,"2,5,3"
11633,"2022-11-13",1289,2,77.87,2,3,2,"2,3,2"
15974,"2022-11-13",1289,2,307.87,2,4,4,"2,4,4"
17791,"2022-11-13",1289,3,423.72,2,4,4,"2,4,4"
2948,"2022-11-13",1289,1,172.47,2,1,3,"2,1,3"
949,"2022-11-14",1288,2,139.87,2,3,2,"2,3,2"
7010,"2022-11-14",1288,2,111.84,2,3,2,"2,3,2"
1483,"2022-11-14",1288,1,30.71,2,2,1,"2,2,1"
2850,"2022-11-15",1287,3,538.55,2,5,5,"2,5,5"
1740,"2022-11-15",1287,1,12.60,2,1,1,"2,1,1"
12483,"2022-11-15",1287,2,118.37,2,3,2,"2,3,2"
1078,"2022-11-15",1287,1,182.08,2,1,3,"2,1,3"
6948,"2022-11-15",1287,3,186.04,2,4,3,"2,4,3"
12689,"2022-11-15",1287,2,647.31,2,4,5,"2,4,5"
11178,"2022-11-15",1287,2,141.17,2,3,2,"2,3,2"
13284,"2022-11-16",1286,1,63.20,2,1,1,"2,1,1"
3392,"2022-11-16",1286,1,49.78,2,1,1,"2,1,1"
9653,"2022-11-16",1286,1,242.36,2,1,3,"2,1,3"
10623,"2022-11-16",1286,2,105.38,2,3,2,"2,3,2"
7588,"2022-11-16",1286,2,683.21,2,4,5,"2,4,5"
5421,"2022-11-16",1286,1,54.88,2,1,1,"2,1,1"
19684,"2022-11-16",1286,3,1929.44,2,5,5,"2,5,5"
7959,"2022-11-16",1286,1,58.41,2,1,1,"2,1,1"
8730,"2022-11-16",1286,2,129.81,2,3,2,"2,3,2"
11751,"2022-11-17",1285,2,90.77,2,3,2,"2,3,2"
2883,"2022-11-17",1285,2,467.51,2,4,5,"2,4,5"
17303,"2022-11-17",1285,1,7.54,2,1,1,"2,1,1"
17856,"2022-11-17",1285,2,355.73,2,4,4,"2,4,4"
16540,"2022-11-17",1285,1,16.32,2,2,1,"2,2,1"
887,"2022-11-17",1285,1,8.85,2,1,1,"2,1,1"
5992,"2022-11-17",1285,2,206.64,2,3,3,"2,3,3"
16278,"2022-11-18",1284,3,331.24,2,5,4,"2,5,4"
11996,"2022-11-18",1284,2,64.03,2,3,1,"2,3,1"
10691,"2022-11-18",1284,3,641.43,2,4,5,"2,4,5"
5977,"2022-11-18",1284,3,425.68,2,4,4,"2,4,4"
10964,"2022-11-18",1284,2,80.72,2,3,2,"2,3,2"
15647,"2022-11-18",1284,4,1307.94,2,5,5,"2,5,5"
453,"2022-11-19",1283,2,145.88,2,3,2,"2,3,2"
12153,"2022-11-19",1283,2,85.88,2,3,2,"2,3,2"
9358,"2022-11-19",1283,2,187.79,2,3,3,"2,3,3"
2656,"2022-11-19",1283,2,54.90,2,2,1,"2,2,1"
4227,"2022-11-19",1283,2,156.98,2,3,3,"2,3,3"
4477,"2022-11-19",1283,1,303.81,2,1,4,"2,1,4"
8416,"2022-11-19",1283,4,783.31,2,5,5,"2,5,5"
3713,"2022-11-20",1282,2,79.45,2,3,2,"2,3,2"
6584,"2022-11-20",1282,1,58.23,2,1,1,"2,1,1"
9421,"2022-11-20",1282,1,206.96,2,1,3,"2,1,3"
5185,"2022-11-20",1282,1,82.71,2,2,2,"2,2,2"
4863,"2022-11-20",1282,1,23.62,2,2,1,"2,2,1"
12449,"2022-11-20",1282,2,99.38,2,3,2,"2,3,2"
7609,"2022-11-20",1282,1,29.08,2,2,1,"2,2,1"
10626,"2022-11-20",1282,2,524.65,2,4,5,"2,4,5"
425,"2022-11-20",1282,3,105.20,2,4,2,"2,4,2"
2144,"2022-11-20",1282,2,444.46,2,4,5,"2,4,5"
16223,"2022-11-20",1282,1,15.89,2,2,1,"2,2,1"
11322,"2022-11-21",1281,1,61.51,2,1,1,"2,1,1"
818,"2022-11-21",1281,2,902.06,2,4,5,"2,4,5"
3162,"2022-11-21",1281,2,71.99,2,3,1,"2,3,1"
16195,"2022-11-21",1281,1,185.59,2,1,3,"2,1,3"
9409,"2022-11-21",1281,2,110.77,2,3,2,"2,3,2"
15735,"2022-11-21",1281,1,106.99,2,2,2,"2,2,2"
8096,"2022-11-22",1280,2,143.57,2,3,2,"2,3,2"
9968,"2022-11-22",1280,2,312.70,2,4,4,"2,4,4"
5107,"2022-11-22",1280,3,601.15,2,4,5,"2,4,5"
19022,"2022-11-22",1280,1,61.38,2,1,1,"2,1,1"
8139,"2022-11-22",1280,2,380.13,2,4,4,"2,4,4"
4415,"2022-11-22",1280,1,64.50,2,1,1,"2,1,1"
13080,"2022-11-22",1280,2,602.42,2,4,5,"2,4,5"
19525,"2022-11-22",1280,2,13.65,2,2,1,"2,2,1"
17717,"2022-11-22",1280,2,342.15,2,4,4,"2,4,4"
14435,"2022-11-22",1280,2,98.26,2,3,2,"2,3,2"
16804,"2022-11-22",1280,3,120.59,2,5,2,"2,5,2"
10710,"2022-11-22",1280,3,126.13,2,5,2,"2,5,2"
15772,"2022-11-23",1279,2,89.57,2,3,2,"2,3,2"
3960,"2022-11-23",1279,2,652.19,2,4,5,"2,4,5"
18678,"2022-11-23",1279,3,590.41,2,4,5,"2,4,5"
2035,"2022-11-23",1279,3,223.56,2,5,3,"2,5,3"
16390,"2022-11-24",1278,1,83.86,2,2,2,"2,2,2"
3248,"2022-11-24",1278,1,70.81,2,1,1,"2,1,1"
10808,"2022-11-24",1278,2,229.34,2,3,3,"2,3,3"
15869,"2022-11-24",1278,2,30.81,2,2,1,"2,2,1"
19302,"2022-11-24",1278,1,35.76,2,2,1,"2,2,1"
2720,"2022-11-24",1278,1,153.06,2,1,3,"2,1,3"
6609,"2022-11-24",1278,1,12.56,2,1,1,"2,1,1"
12943,"2022-11-24",1278,1,53.78,2,1,1,"2,1,1"
13922,"2022-11-24",1278,2,183.33,2,3,3,"2,3,3"
16668,"2022-11-25",1277,1,192.99,2,1,3,"2,1,3"
4062,"2022-11-25",1277,2,266.63,2,3,4,"2,3,4"
4395,"2022-11-25",1277,3,438.69,2,5,5,"2,5,5"
1758,"2022-11-25",1277,1,8.70,2,1,1,"2,1,1"
13182,"2022-11-25",1277,1,87.58,2,2,2,"2,2,2"
16177,"2022-11-25",1277,1,527.93,2,2,5,"2,2,5"
13520,"2022-11-25",1277,2,351.29,2,4,4,"2,4,4"
14744,"2022-11-25",1277,2,77.37,2,3,2,"2,3,2"
15834,"2022-11-25",1277,3,260.60,2,4,4,"2,4,4"
19177,"2022-11-25",1277,2,48.02,2,2,1,"2,2,1"
19509,"2022-11-26",1276,2,42.68,2,2,1,"2,2,1"
14092,"2022-11-26",1276,2,173.92,2,3,3,"2,3,3"
19909,"2022-11-26",1276,2,661.85,2,4,5,"2,4,5"
19328,"2022-11-26",1276,2,21.55,2,2,1,"2,2,1"
12024,"2022-11-27",1275,1,99.15,2,2,2,"2,2,2"
14728,"2022-11-27",1275,2,145.91,2,3,2,"2,3,2"
12902,"2022-11-27",1275,1,69.64,2,1,1,"2,1,1"
7276,"2022-11-27",1275,3,123.40,2,5,2,"2,5,2"
16570,"2022-11-28",1274,3,641.86,2,4,5,"2,4,5"
10700,"2022-11-28",1274,2,213.24,2,3,3,"2,3,3"
15005,"2022-11-28",1274,2,235.44,2,3,3,"2,3,3"
7042,"2022-11-28",1274,3,353.08,2,4,4,"2,4,4"
7494,"2022-11-28",1274,1,143.68,2,2,2,"2,2,2"
5838,"2022-11-28",1274,2,526.68,2,4,5,"2,4,5"
2307,"2022-11-28",1274,1,81.02,2,2,2,"2,2,2"
12855,"2022-11-28",1274,2,379.38,2,4,4,"2,4,4"
16584,"2022-11-29",1273,3,76.13,2,5,2,"2,5,2"
1856,"2022-11-29",1273,1,34.58,2,2,1,"2,2,1"
11372,"2022-11-29",1273,2,315.15,2,4,4,"2,4,4"
17874,"2022-11-29",1273,2,173.46,2,3,3,"2,3,3"
16919,"2022-11-29",1273,4,251.01,2,5,3,"2,5,3"
2183,"2022-11-29",1273,3,279.00,2,4,4,"2,4,4"
17086,"2022-11-30",1272,2,101.53,2,3,2,"2,3,2"
17916,"2022-11-30",1272,3,149.18,2,4,2,"2,4,2"
16469,"2022-11-30",1272,5,1119.76,2,5,5,"2,5,5"
17335,"2022-11-30",1272,2,259.28,2,3,4,"2,3,4"
18943,"2022-11-30",1272,4,447.47,2,5,5,"2,5,5"
7071,"2022-11-30",1272,1,610.34,2,2,5,"2,2,5"
1678,"2022-11-30",1272,2,382.34,2,4,4,"2,4,4"
14350,"2022-11-30",1272,1,623.17,2,2,5,"2,2,5"
9735,"2022-12-01",1271,2,1388.62,2,4,5,"2,4,5"
9958,"2022-12-01",1271,2,223.33,2,3,3,"2,3,3"
8546,"2022-12-01",1271,1,251.34,2,1,3,"2,1,3"
12664,"2022-12-01",1271,2,668.08,2,4,5,"2,4,5"
6289,"2022-12-01",1271,2,91.72,2,3,2,"2,3,2"
6440,"2022-12-01",1271,3,523.97,2,5,5,"2,5,5"
8701,"2022-12-02",1270,1,104.42,2,2,2,"2,2,2"
4412,"2022-12-02",1270,2,84.45,2,3,2,"2,3,2"
15327,"2022-12-02",1270,1,38.70,2,2,1,"2,2,1"
572,"2022-12-02",1270,1,289.64,2,1,4,"2,1,4"
15507,"2022-12-02",1270,3,558.93,2,4,5,"2,4,5"
7751,"2022-12-02",1270,3,278.38,2,4,4,"2,4,4"
142,"2022-12-02",1270,2,405.84,2,4,4,"2,4,4"
14399,"2022-12-02",1270,1,394.69,2,1,4,"2,1,4"
6502,"2022-12-03",1269,2,373.64,2,4,4,"2,4,4"
66,"2022-12-03",1269,2,311.93,2,4,4,"2,4,4"
1395,"2022-12-03",1269,2,176.41,2,3,3,"2,3,3"
1540,"2022-12-03",1269,1,94.38,2,2,2,"2,2,2"
14274,"2022-12-03",1269,1,128.09,2,2,2,"2,2,2"
18309,"2022-12-03",1269,1,83.81,2,2,2,"2,2,2"
16331,"2022-12-03",1269,1,40.09,2,1,1,"2,1,1"
6808,"2022-12-03",1269,2,132.69,2,3,2,"2,3,2"
15284,"2022-12-04",1268,1,237.58,2,1,3,"2,1,3"
9251,"2022-12-04",1268,2,311.22,2,4,4,"2,4,4"
13156,"2022-12-04",1268,2,90.68,2,3,2,"2,3,2"
16617,"2022-12-04",1268,2,58.82,2,3,1,"2,3,1"
16380,"2022-12-05",1267,1,22.86,2,2,1,"2,2,1"
2114,"2022-12-05",1267,1,47.39,2,1,1,"2,1,1"
6462,"2022-12-05",1267,1,243.24,2,1,3,"2,1,3"
1447,"2022-12-05",1267,1,71.68,2,1,1,"2,1,1"
3565,"2022-12-05",1267,2,183.33,2,3,3,"2,3,3"
11544,"2022-12-05",1267,1,142.87,2,2,2,"2,2,2"
16494,"2022-12-05",1267,2,498.98,2,4,5,"2,4,5"
14266,"2022-12-06",1266,2,368.24,2,4,4,"2,4,4"
19095,"2022-12-06",1266,1,338.51,2,1,4,"2,1,4"
17466,"2022-12-06",1266,1,48.07,2,1,1,"2,1,1"
12977,"2022-12-06",1266,2,357.83,2,4,4,"2,4,4"
18822,"2022-12-06",1266,2,238.28,2,3,3,"2,3,3"
7561,"2022-12-06",1266,1,175.47,2,1,3,"2,1,3"
2985,"2022-12-06",1266,2,128.15,2,3,2,"2,3,2"
4296,"2022-12-06",1266,3,259.99,2,4,4,"2,4,4"
13902,"2022-12-06",1266,4,405.19,2,5,4,"2,5,4"
11135,"2022-12-07",1265,2,264.56,2,3,4,"2,3,4"
17593,"2022-12-07",1265,3,741.38,2,4,5,"2,4,5"
2026,"2022-12-07",1265,1,36.39,2,2,1,"2,2,1"
1615,"2022-12-07",1265,2,199.55,2,3,3,"2,3,3"
15985,"2022-12-08",1264,1,23.31,2,2,1,"2,2,1"
10435,"2022-12-08",1264,1,142.46,2,2,2,"2,2,2"
7632,"2022-12-08",1264,1,52.88,2,1,1,"2,1,1"
8980,"2022-12-08",1264,3,58.05,2,5,1,"2,5,1"
1189,"2022-12-09",1263,3,1271.25,2,5,5,"2,5,5"
14967,"2022-12-09",1263,1,135.97,2,2,2,"2,2,2"
7044,"2022-12-09",1263,1,142.92,2,2,2,"2,2,2"
14308,"2022-12-09",1263,2,430.66,2,4,5,"2,4,5"
5116,"2022-12-09",1263,1,57.08,2,1,1,"2,1,1"
10081,"2022-12-09",1263,4,871.70,2,5,5,"2,5,5"
10206,"2022-12-09",1263,1,75.98,2,2,2,"2,2,2"
8674,"2022-12-10",1262,4,376.63,2,5,4,"2,5,4"
12071,"2022-12-10",1262,1,9.01,2,1,1,"2,1,1"
11842,"2022-12-10",1262,3,1014.91,2,4,5,"2,4,5"
13055,"2022-12-10",1262,3,321.96,2,4,4,"2,4,4"
2324,"2022-12-10",1262,4,438.89,2,5,5,"2,5,5"
7036,"2022-12-10",1262,2,626.49,2,4,5,"2,4,5"
15989,"2022-12-11",1261,1,34.53,2,2,1,"2,2,1"
6514,"2022-12-11",1261,2,256.38,2,3,3,"2,3,3"
1669,"2022-12-11",1261,1,85.03,2,2,2,"2,2,2"
16907,"2022-12-11",1261,2,139.61,2,3,2,"2,3,2"
11580,"2022-12-11",1261,1,7.35,2,1,1,"2,1,1"
3311,"2022-12-11",1261,1,153.34,2,1,3,"2,1,3"
13549,"2022-12-11",1261,1,15.25,2,2,1,"2,2,1"
18676,"2022-12-11",1261,3,540.91,2,5,5,"2,5,5"
18016,"2022-12-12",1260,2,314.98,2,4,4,"2,4,4"
7242,"2022-12-12",1260,3,70.08,2,4,1,"2,4,1"
1999,"2022-12-12",1260,2,355.98,2,4,4,"2,4,4"
4288,"2022-12-12",1260,2,196.03,2,3,3,"2,3,3"
2528,"2022-12-12",1260,1,530.94,2,2,5,"2,2,5"
14095,"2022-12-12",1260,1,14.02,2,1,1,"2,1,1"
15816,"2022-12-12",1260,1,45.42,2,1,1,"2,1,1"
256,"2022-12-12",1260,1,172.23,2,1,3,"2,1,3"
15448,"2022-12-12",1260,2,332.34,2,4,4,"2,4,4"
13769,"2022-12-12",1260,1,62.21,2,1,1,"2,1,1"
11070,"2022-12-13",1259,2,348.70,2,4,4,"2,4,4"
12579,"2022-12-13",1259,3,750.39,2,4,5,"2,4,5"
19971,"2022-12-13",1259,4,230.96,2,5,3,"2,5,3"
7487,"2022-12-13",1259,3,472.44,2,5,5,"2,5,5"
2465,"2022-12-13",1259,1,99.63,2,2,2,"2,2,2"
1567,"2022-12-14",1258,2,327.35,2,4,4,"2,4,4"
525,"2022-12-14",1258,1,275.50,2,1,4,"2,1,4"
17340,"2022-12-14",1258,1,83.53,2,2,2,"2,2,2"
419,"2022-12-15",1257,3,375.33,2,5,4,"2,5,4"
11518,"2022-12-15",1257,2,189.53,2,3,3,"2,3,3"
14330,"2022-12-15",1257,1,21.35,2,2,1,"2,2,1"
12603,"2022-12-15",1257,3,508.52,2,5,5,"2,5,5"
17738,"2022-12-16",1256,1,102.53,2,2,2,"2,2,2"
1270,"2022-12-16",1256,3,267.05,2,4,4,"2,4,4"
5827,"2022-12-16",1256,1,13.33,2,1,1,"2,1,1"
6884,"2022-12-16",1256,2,382.69,2,4,4,"2,4,4"
13711,"2022-12-16",1256,3,205.94,2,4,3,"2,4,3"
14557,"2022-12-16",1256,1,37.53,2,2,1,"2,2,1"
19483,"2022-12-16",1256,2,204.89,2,3,3,"2,3,3"
9567,"2022-12-16",1256,2,170.30,2,3,3,"2,3,3"
4679,"2022-12-17",1255,2,311.68,2,4,4,"2,4,4"
15542,"2022-12-17",1255,2,120.02,2,3,2,"2,3,2"
15497,"2022-12-17",1255,1,105.49,2,2,2,"2,2,2"
10326,"2022-12-17",1255,2,402.27,2,4,4,"2,4,4"
14771,"2022-12-17",1255,2,249.79,2,3,3,"2,3,3"
7050,"2022-12-17",1255,3,670.47,2,4,5,"2,4,5"
8247,"2022-12-17",1255,2,135.77,2,3,2,"2,3,2"
15290,"2022-12-17",1255,2,194.97,2,3,3,"2,3,3"
15178,"2022-12-18",1254,1,57.33,2,1,1,"2,1,1"
15067,"2022-12-18",1254,2,19.25,2,2,1,"2,2,1"
9248,"2022-12-18",1254,1,107.54,2,2,2,"2,2,2"
484,"2022-12-18",1254,2,306.15,2,4,4,"2,4,4"
16552,"2022-12-18",1254,1,35.12,2,2,1,"2,2,1"
8987,"2022-12-19",1253,3,491.98,2,5,5,"2,5,5"
13848,"2022-12-19",1253,3,315.71,2,5,4,"2,5,4"
4562,"2022-12-19",1253,3,247.63,2,5,3,"2,5,3"
13907,"2022-12-19",1253,2,170.82,2,3,3,"2,3,3"
7236,"2022-12-19",1253,3,223.09,2,5,3,"2,5,3"
4708,"2022-12-19",1253,1,421.64,2,2,4,"2,2,4"
6887,"2022-12-19",1253,3,193.29,2,4,3,"2,4,3"
19704,"2022-12-19",1253,1,253.16,2,1,3,"2,1,3"
12972,"2022-12-19",1253,1,68.92,2,1,1,"2,1,1"
12974,"2022-12-19",1253,5,1385.46,2,5,5,"2,5,5"
12774,"2022-12-20",1252,1,19.52,2,2,1,"2,2,1"
18224,"2022-12-20",1252,2,68.05,2,3,1,"2,3,1"
11087,"2022-12-20",1252,1,254.66,2,1,3,"2,1,3"
10119,"2022-12-20",1252,3,338.53,2,4,4,"2,4,4"
19811,"2022-12-20",1252,3,468.36,2,5,5,"2,5,5"
13970,"2022-12-21",1251,1,90.07,2,2,2,"2,2,2"
2789,"2022-12-21",1251,2,95.08,2,3,2,"2,3,2"
4843,"2022-12-21",1251,1,49.02,2,1,1,"2,1,1"
1325,"2022-12-21",1251,2,86.50,2,3,2,"2,3,2"
15998,"2022-12-22",1250,1,155.88,2,1,3,"2,1,3"
8588,"2022-12-22",1250,2,113.29,2,3,2,"2,3,2"
5868,"2022-12-22",1250,3,399.54,2,4,4,"2,4,4"
5650,"2022-12-22",1250,2,149.39,2,3,2,"2,3,2"
10082,"2022-12-22",1250,2,257.49,2,3,4,"2,3,4"
8601,"2022-12-22",1250,3,203.45,2,4,3,"2,4,3"
3151,"2022-12-22",1250,1,57.52,2,1,1,"2,1,1"
19717,"2022-12-22",1250,5,413.25,2,5,4,"2,5,4"
6164,"2022-12-23",1249,3,156.86,2,5,3,"2,5,3"
610,"2022-12-23",1249,2,145.29,2,3,2,"2,3,2"
4568,"2022-12-23",1249,2,363.19,2,4,4,"2,4,4"
15148,"2022-12-23",1249,1,23.14,2,2,1,"2,2,1"
8862,"2022-12-23",1249,1,18.25,2,2,1,"2,2,1"
16622,"2022-12-23",1249,1,227.38,2,1,3,"2,1,3"
12615,"2022-12-23",1249,2,423.11,2,4,4,"2,4,4"
13903,"2022-12-23",1249,1,283.50,2,1,4,"2,1,4"
8451,"2022-12-23",1249,1,26.37,2,2,1,"2,2,1"
4934,"2022-12-24",1248,2,812.19,2,4,5,"2,4,5"
19709,"2022-12-24",1248,3,524.80,2,5,5,"2,5,5"
6028,"2022-12-24",1248,1,42.32,2,1,1,"2,1,1"
10722,"2022-12-24",1248,1,858.43,2,2,5,"2,2,5"
13285,"2022-12-24",1248,2,117.13,2,3,2,"2,3,2"
10768,"2022-12-24",1248,1,81.89,2,2,2,"2,2,2"
15253,"2022-12-25",1247,1,282.79,2,1,4,"2,1,4"
17499,"2022-12-25",1247,1,155.19,2,1,3,"2,1,3"
12652,"2022-12-25",1247,1,34.84,2,2,1,"2,2,1"
6988,"2022-12-25",1247,2,291.55,2,4,4,"2,4,4"
11879,"2022-12-25",1247,2,1750.15,2,4,5,"2,4,5"
15426,"2022-12-25",1247,1,469.68,2,2,5,"2,2,5"
17049,"2022-12-25",1247,3,33.51,2,5,1,"2,5,1"
6793,"2022-12-26",1246,1,189.87,2,1,3,"2,1,3"
17377,"2022-12-26",1246,1,68.05,2,1,1,"2,1,1"
5871,"2022-12-26",1246,1,12.37,2,1,1,"2,1,1"
5101,"2022-12-26",1246,2,275.08,2,3,4,"2,3,4"
19327,"2022-12-26",1246,1,92.92,2,2,2,"2,2,2"
12224,"2022-12-27",1245,1,72.51,2,1,1,"2,1,1"
5367,"2022-12-27",1245,1,15.01,2,1,1,"2,1,1"
161,"2022-12-28",1244,2,862.84,2,4,5,"2,4,5"
8732,"2022-12-28",1244,2,276.15,2,3,4,"2,3,4"
7874,"2022-12-28",1244,1,215.28,2,1,3,"2,1,3"
19219,"2022-12-28",1244,3,725.38,2,4,5,"2,4,5"
3676,"2022-12-28",1244,3,525.76,2,5,5,"2,5,5"
16295,"2022-12-28",1244,1,171.40,2,1,3,"2,1,3"
10040,"2022-12-29",1243,1,110.25,2,2,2,"2,2,2"
3062,"2022-12-29",1243,1,31.70,2,2,1,"2,2,1"
1281,"2022-12-29",1243,2,72.19,2,3,1,"2,3,1"
13912,"2022-12-29",1243,2,427.47,2,4,4,"2,4,4"
15139,"2022-12-29",1243,2,175.16,2,3,3,"2,3,3"
19405,"2022-12-29",1243,1,98.44,2,2,2,"2,2,2"
6228,"2022-12-29",1243,2,139.84,2,3,2,"2,3,2"
18218,"2022-12-29",1243,1,33.02,2,2,1,"2,2,1"
16148,"2022-12-29",1243,3,1923.92,2,5,5,"2,5,5"
6700,"2022-12-29",1243,3,273.65,2,4,4,"2,4,4"
12859,"2022-12-30",1242,2,493.92,2,4,5,"2,4,5"
9675,"2022-12-30",1242,2,1080.72,2,4,5,"2,4,5"
1762,"2022-12-30",1242,3,510.95,2,5,5,"2,5,5"
3181,"2022-12-30",1242,2,502.86,2,4,5,"2,4,5"
14739,"2022-12-30",1242,2,277.82,2,3,4,"2,3,4"
2445,"2022-12-30",1242,2,489.29,2,4,5,"2,4,5"
1830,"2022-12-30",1242,1,74.34,2,2,2,"2,2,2"
7048,"2022-12-31",1241,1,401.68,2,1,4,"2,1,4"
14215,"2022-12-31",1241,2,249.54,2,3,3,"2,3,3"
3772,"2022-12-31",1241,1,15.64,2,2,1,"2,2,1"
1440,"2022-12-31",1241,2,321.55,2,4,4,"2,4,4"
5242,"2023-01-01",1240,2,124.42,2,3,2,"2,3,2"
15948,"2023-01-01",1240,1,65.42,2,1,1,"2,1,1"
5392,"2023-01-01",1240,3,264.21,2,4,4,"2,4,4"
4428,"2023-01-01",1240,2,131.62,2,3,2,"2,3,2"
13517,"2023-01-01",1240,2,394.72,2,4,4,"2,4,4"
3897,"2023-01-01",1240,1,90.79,2,2,2,"2,2,2"
10392,"2023-01-01",1240,4,872.85,2,5,5,"2,5,5"
179,"2023-01-01",1240,1,69.45,2,1,1,"2,1,1"
13116,"2023-01-01",1240,1,82.90,2,2,2,"2,2,2"
14861,"2023-01-01",1240,2,346.64,2,4,4,"2,4,4"
11293,"2023-01-02",1239,2,266.49,2,3,4,"2,3,4"
8927,"2023-01-02",1239,3,242.93,2,5,3,"2,5,3"
11036,"2023-01-02",1239,1,28.18,2,2,1,"2,2,1"
18576,"2023-01-02",1239,2,280.69,2,3,4,"2,3,4"
5074,"2023-01-02",1239,5,374.78,2,5,4,"2,5,4"
5616,"2023-01-03",1238,1,216.02,2,1,3,"2,1,3"
5955,"2023-01-03",1238,3,222.37,2,5,3,"2,5,3"
1785,"2023-01-03",1238,3,674.33,2,4,5,"2,4,5"
18760,"2023-01-03",1238,4,392.04,2,5,4,"2,5,4"
17064,"2023-01-04",1237,3,365.95,2,5,4,"2,5,4"
16503,"2023-01-04",1237,2,96.91,2,3,2,"2,3,2"
13226,"2023-01-04",1237,1,78.78,2,2,2,"2,2,2"
10314,"2023-01-04",1237,1,108.81,2,2,2,"2,2,2"
2275,"2023-01-04",1237,2,115.89,2,3,2,"2,3,2"
11385,"2023-01-04",1237,1,303.97,2,1,4,"2,1,4"
15899,"2023-01-04",1237,2,321.36,2,4,4,"2,4,4"
10730,"2023-01-05",1236,1,187.47,2,1,3,"2,1,3"
2329,"2023-01-05",1236,3,315.36,2,5,4,"2,5,4"
2013,"2023-01-05",1236,3,398.07,2,4,4,"2,4,4"
14634,"2023-01-05",1236,3,845.52,2,5,5,"2,5,5"
3234,"2023-01-05",1236,5,314.79,2,5,4,"2,5,4"
1062,"2023-01-05",1236,2,307.71,2,4,4,"2,4,4"
653,"2023-01-05",1236,4,718.90,2,5,5,"2,5,5"
16079,"2023-01-05",1236,1,118.86,2,2,2,"2,2,2"
3673,"2023-01-06",1235,1,142.74,2,2,2,"2,2,2"
5127,"2023-01-06",1235,1,213.18,2,1,3,"2,1,3"
11073,"2023-01-06",1235,3,331.54,2,5,4,"2,5,4"
16087,"2023-01-06",1235,2,419.69,2,4,4,"2,4,4"
2978,"2023-01-06",1235,2,77.23,2,3,2,"2,3,2"
7376,"2023-01-06",1235,2,96.53,2,3,2,"2,3,2"
8734,"2023-01-06",1235,1,104.89,2,2,2,"2,2,2"
17411,"2023-01-06",1235,1,150.53,2,1,2,"2,1,2"
19062,"2023-01-06",1235,1,165.64,2,1,3,"2,1,3"
7824,"2023-01-06",1235,3,217.70,2,5,3,"2,5,3"
10748,"2023-01-06",1235,4,394.69,2,5,4,"2,5,4"
15726,"2023-01-06",1235,1,96.90,2,2,2,"2,2,2"
13399,"2023-01-07",1234,1,111.27,2,2,2,"2,2,2"
14923,"2023-01-07",1234,3,173.72,2,4,3,"2,4,3"
19437,"2023-01-07",1234,1,20.11,2,2,1,"2,2,1"
2716,"2023-01-07",1234,4,625.55,2,5,5,"2,5,5"
1908,"2023-01-08",1233,2,71.85,2,3,1,"2,3,1"
14334,"2023-01-08",1233,1,99.76,2,2,2,"2,2,2"
6103,"2023-01-08",1233,2,195.97,2,3,3,"2,3,3"
2927,"2023-01-08",1233,1,172.79,2,1,3,"2,1,3"
4151,"2023-01-08",1233,1,43.08,2,1,1,"2,1,1"
6867,"2023-01-08",1233,3,228.96,2,5,3,"2,5,3"
19072,"2023-01-08",1233,1,133.17,2,2,2,"2,2,2"
7945,"2023-01-08",1233,3,304.96,2,4,4,"2,4,4"
17424,"2023-01-09",1232,1,198.45,2,1,3,"2,1,3"
2757,"2023-01-09",1232,2,286.14,2,4,4,"2,4,4"
1033,"2023-01-09",1232,2,385.91,2,4,4,"2,4,4"
1527,"2023-01-09",1232,1,177.42,2,1,3,"2,1,3"
5467,"2023-01-09",1232,2,194.14,2,3,3,"2,3,3"
11928,"2023-01-09",1232,1,36.13,2,2,1,"2,2,1"
1187,"2023-01-09",1232,2,194.55,2,3,3,"2,3,3"
8314,"2023-01-09",1232,1,199.80,2,1,3,"2,1,3"
9129,"2023-01-09",1232,1,124.56,2,2,2,"2,2,2"
16662,"2023-01-09",1232,1,5.69,2,2,1,"2,2,1"
331,"2023-01-10",1231,1,48.64,2,1,1,"2,1,1"
215,"2023-01-10",1231,1,147.06,2,1,2,"2,1,2"
655,"2023-01-10",1231,2,143.83,2,3,2,"2,3,2"
13563,"2023-01-10",1231,2,443.52,2,4,5,"2,4,5"
6679,"2023-01-10",1231,2,532.60,2,4,5,"2,4,5"
8922,"2023-01-10",1231,3,350.69,2,4,4,"2,4,4"
1689,"2023-01-10",1231,1,58.43,2,1,1,"2,1,1"
19428,"2023-01-10",1231,3,249.11,2,5,3,"2,5,3"
9896,"2023-01-10",1231,3,454.35,2,5,5,"2,5,5"
6464,"2023-01-10",1231,2,168.03,2,3,3,"2,3,3"
1784,"2023-01-10",1231,1,457.31,2,2,5,"2,2,5"
10982,"2023-01-11",1230,1,331.00,2,1,4,"2,1,4"
2783,"2023-01-11",1230,2,267.05,2,3,4,"2,3,4"
13287,"2023-01-11",1230,1,14.08,2,1,1,"2,1,1"
10755,"2023-01-11",1230,1,9.97,2,1,1,"2,1,1"
6322,"2023-01-11",1230,4,2230.66,2,5,5,"2,5,5"
17527,"2023-01-11",1230,2,1422.90,2,4,5,"2,4,5"
19362,"2023-01-11",1230,5,343.85,2,5,4,"2,5,4"
11521,"2023-01-11",1230,1,21.83,2,2,1,"2,2,1"
4228,"2023-01-11",1230,1,5.71,2,2,1,"2,2,1"
18892,"2023-01-11",1230,1,11.57,2,1,1,"2,1,1"
17694,"2023-01-11",1230,1,35.25,2,2,1,"2,2,1"
1278,"2023-01-12",1229,1,236.63,2,1,3,"2,1,3"
17177,"2023-01-12",1229,1,238.65,2,1,3,"2,1,3"
18807,"2023-01-12",1229,2,39.83,2,2,1,"2,2,1"
12340,"2023-01-12",1229,2,406.92,2,4,4,"2,4,4"
10374,"2023-01-12",1229,1,28.03,2,2,1,"2,2,1"
17391,"2023-01-12",1229,1,242.56,2,1,3,"2,1,3"
311,"2023-01-12",1229,2,246.18,2,3,3,"2,3,3"
4048,"2023-01-12",1229,1,22.48,2,2,1,"2,2,1"
9278,"2023-01-13",1228,1,34.75,2,2,1,"2,2,1"
17971,"2023-01-13",1228,2,201.71,2,3,3,"2,3,3"
17946,"2023-01-13",1228,1,48.73,2,1,1,"2,1,1"
10239,"2023-01-14",1227,2,292.76,2,4,4,"2,4,4"
2113,"2023-01-14",1227,2,107.02,2,3,2,"2,3,2"
18912,"2023-01-14",1227,1,4.69,2,2,1,"2,2,1"
18506,"2023-01-15",1226,2,291.80,2,4,4,"2,4,4"
19236,"2023-01-15",1226,1,117.89,2,2,2,"2,2,2"
4677,"2023-01-15",1226,2,279.25,2,3,4,"2,3,4"
12111,"2023-01-15",1226,2,599.66,2,4,5,"2,4,5"
294,"2023-01-15",1226,2,1064.59,2,4,5,"2,4,5"
9869,"2023-01-15",1226,1,181.02,2,1,3,"2,1,3"
18980,"2023-01-16",1225,1,133.87,2,2,2,"2,2,2"
3057,"2023-01-16",1225,2,242.97,2,3,3,"2,3,3"
577,"2023-01-16",1225,1,86.29,2,2,2,"2,2,2"
13208,"2023-01-16",1225,4,631.59,2,5,5,"2,5,5"
10949,"2023-01-16",1225,1,76.63,2,2,2,"2,2,2"
8189,"2023-01-16",1225,2,159.15,2,3,3,"2,3,3"
4608,"2023-01-16",1225,2,273.50,2,3,4,"2,3,4"
4368,"2023-01-16",1225,2,96.19,2,3,2,"2,3,2"
16178,"2023-01-16",1225,1,61.13,2,1,1,"2,1,1"
4483,"2023-01-16",1225,2,97.34,2,3,2,"2,3,2"
17698,"2023-01-16",1225,3,271.95,2,4,4,"2,4,4"
16699,"2023-01-16",1225,5,735.99,2,5,5,"2,5,5"
16003,"2023-01-17",1224,1,16.82,2,2,1,"2,2,1"
15944,"2023-01-17",1224,4,333.03,2,5,4,"2,5,4"
7650,"2023-01-17",1224,2,346.16,2,4,4,"2,4,4"
14156,"2023-01-17",1224,1,8.55,2,1,1,"2,1,1"
4724,"2023-01-17",1224,1,203.61,2,1,3,"2,1,3"
14099,"2023-01-18",1223,2,185.54,2,3,3,"2,3,3"
1580,"2023-01-18",1223,2,260.21,2,3,4,"2,3,4"
3890,"2023-01-18",1223,1,93.45,2,2,2,"2,2,2"
4983,"2023-01-18",1223,6,1042.86,2,5,5,"2,5,5"
9243,"2023-01-18",1223,3,329.53,2,5,4,"2,5,4"
17189,"2023-01-19",1222,3,554.89,2,4,5,"2,4,5"
8422,"2023-01-19",1222,1,17.46,2,2,1,"2,2,1"
11651,"2023-01-19",1222,1,28.57,2,2,1,"2,2,1"
4139,"2023-01-19",1222,2,101.20,2,3,2,"2,3,2"
3257,"2023-01-20",1221,1,422.01,2,2,4,"2,2,4"
12903,"2023-01-20",1221,3,359.60,2,4,4,"2,4,4"
8544,"2023-01-20",1221,1,35.74,2,2,1,"2,2,1"
16712,"2023-01-20",1221,2,170.34,2,3,3,"2,3,3"
1289,"2023-01-20",1221,1,90.81,2,2,2,"2,2,2"
7421,"2023-01-20",1221,4,202.43,2,5,3,"2,5,3"
17795,"2023-01-21",1220,3,518.52,2,5,5,"2,5,5"
15617,"2023-01-21",1220,1,162.98,2,1,3,"2,1,3"
7239,"2023-01-21",1220,1,60.43,2,1,1,"2,1,1"
2076,"2023-01-21",1220,1,7.51,2,1,1,"2,1,1"
659,"2023-01-21",1220,2,435.18,2,4,5,"2,4,5"
16865,"2023-01-21",1220,1,281.65,2,1,4,"2,1,4"
807,"2023-01-21",1220,2,195.72,2,3,3,"2,3,3"
8988,"2023-01-21",1220,1,364.48,2,1,4,"2,1,4"
2173,"2023-01-21",1220,1,30.61,2,2,1,"2,2,1"
14569,"2023-01-21",1220,1,186.63,2,1,3,"2,1,3"
14631,"2023-01-21",1220,1,224.73,2,1,3,"2,1,3"
19040,"2023-01-21",1220,1,115.57,2,2,2,"2,2,2"
18305,"2023-01-21",1220,1,50.72,2,1,1,"2,1,1"
5696,"2023-01-22",1219,1,296.48,2,1,4,"2,1,4"
6706,"2023-01-22",1219,1,72.84,2,1,1,"2,1,1"
15252,"2023-01-22",1219,2,92.17,2,3,2,"2,3,2"
13819,"2023-01-22",1219,2,454.84,2,4,5,"2,4,5"
18934,"2023-01-22",1219,1,212.09,2,1,3,"2,1,3"
4172,"2023-01-22",1219,3,438.43,2,5,5,"2,5,5"
3347,"2023-01-22",1219,2,246.58,2,3,3,"2,3,3"
4634,"2023-01-22",1219,1,61.54,2,1,1,"2,1,1"
638,"2023-01-22",1219,4,568.65,2,5,5,"2,5,5"
8098,"2023-01-22",1219,2,199.77,2,3,3,"2,3,3"
8568,"2023-01-22",1219,3,867.96,2,5,5,"2,5,5"
5013,"2023-01-23",1218,1,28.65,2,2,1,"2,2,1"
5974,"2023-01-23",1218,1,121.67,2,2,2,"2,2,2"
16404,"2023-01-23",1218,1,178.48,2,1,3,"2,1,3"
6268,"2023-01-23",1218,1,421.72,2,2,4,"2,2,4"
8888,"2023-01-23",1218,1,42.22,2,1,1,"2,1,1"
1416,"2023-01-23",1218,1,506.41,2,2,5,"2,2,5"
13473,"2023-01-23",1218,2,185.38,2,3,3,"2,3,3"
4136,"2023-01-23",1218,2,154.01,2,3,3,"2,3,3"
15441,"2023-01-23",1218,3,186.22,2,4,3,"2,4,3"
9858,"2023-01-23",1218,1,14.98,2,1,1,"2,1,1"
5869,"2023-01-24",1217,1,46.81,2,1,1,"2,1,1"
7860,"2023-01-24",1217,1,370.16,2,1,4,"2,1,4"
2702,"2023-01-24",1217,2,88.49,2,3,2,"2,3,2"
13553,"2023-01-24",1217,1,233.10,2,1,3,"2,1,3"
3082,"2023-01-24",1217,4,917.17,2,5,5,"2,5,5"
13544,"2023-01-24",1217,3,586.69,2,4,5,"2,4,5"
11425,"2023-01-25",1216,2,81.64,2,3,2,"2,3,2"
1327,"2023-01-25",1216,3,221.28,2,5,3,"2,5,3"
16837,"2023-01-25",1216,2,317.93,2,4,4,"2,4,4"
9527,"2023-01-25",1216,2,481.62,2,4,5,"2,4,5"
14628,"2023-01-25",1216,2,63.61,2,3,1,"2,3,1"
1200,"2023-01-25",1216,2,555.07,2,4,5,"2,4,5"
4399,"2023-01-25",1216,1,865.60,2,2,5,"2,2,5"
9167,"2023-01-25",1216,2,135.30,2,3,2,"2,3,2"
8350,"2023-01-25",1216,1,34.24,2,2,1,"2,2,1"
11840,"2023-01-25",1216,1,34.47,2,2,1,"2,2,1"
11607,"2023-01-26",1215,2,638.65,2,4,5,"2,4,5"
19698,"2023-01-26",1215,1,160.53,2,1,3,"2,1,3"
7576,"2023-01-27",1214,1,31.93,2,2,1,"2,2,1"
11101,"2023-01-27",1214,1,399.92,2,1,4,"2,1,4"
19503,"2023-01-27",1214,3,134.87,2,5,2,"2,5,2"
860,"2023-01-27",1214,1,20.88,2,2,1,"2,2,1"
5184,"2023-01-27",1214,1,102.51,2,2,2,"2,2,2"
13587,"2023-01-27",1214,2,280.23,2,3,4,"2,3,4"
565,"2023-01-27",1214,2,356.78,2,4,4,"2,4,4"
4873,"2023-01-28",1213,2,458.37,2,4,5,"2,4,5"
12600,"2023-01-28",1213,2,121.67,2,3,2,"2,3,2"
9390,"2023-01-28",1213,1,71.79,2,1,1,"2,1,1"
4509,"2023-01-28",1213,1,5.53,2,2,1,"2,2,1"
5490,"2023-01-28",1213,1,287.09,2,1,4,"2,1,4"
17798,"2023-01-28",1213,3,768.63,2,4,5,"2,4,5"
3468,"2023-01-29",1212,1,347.33,2,1,4,"2,1,4"
1038,"2023-01-29",1212,1,156.00,2,1,3,"2,1,3"
2518,"2023-01-29",1212,2,417.78,2,4,4,"2,4,4"
13840,"2023-01-29",1212,1,129.09,2,2,2,"2,2,2"
9172,"2023-01-29",1212,1,62.22,2,1,1,"2,1,1"
19671,"2023-01-29",1212,3,470.18,2,5,5,"2,5,5"
5388,"2023-01-29",1212,1,153.17,2,1,3,"2,1,3"
11440,"2023-01-29",1212,2,105.42,2,3,2,"2,3,2"
1041,"2023-01-29",1212,1,93.25,2,2,2,"2,2,2"
1988,"2023-01-29",1212,3,439.23,2,5,5,"2,5,5"
7981,"2023-01-30",1211,1,62.61,2,1,1,"2,1,1"
879,"2023-01-30",1211,1,108.17,2,2,2,"2,2,2"
9663,"2023-01-30",1211,2,307.14,2,4,4,"2,4,4"
3755,"2023-01-30",1211,1,61.04,2,1,1,"2,1,1"
343,"2023-01-31",1210,3,725.09,2,4,5,"2,4,5"
6624,"2023-01-31",1210,1,7.91,2,1,1,"2,1,1"
11089,"2023-01-31",1210,1,79.83,2,2,2,"2,2,2"
14568,"2023-01-31",1210,2,168.94,2,3,3,"2,3,3"
4607,"2023-01-31",1210,2,107.09,2,3,2,"2,3,2"
14917,"2023-01-31",1210,4,894.40,2,5,5,"2,5,5"
3893,"2023-01-31",1210,1,275.66,2,1,4,"2,1,4"
5141,"2023-01-31",1210,1,134.00,2,2,2,"2,2,2"
3787,"2023-01-31",1210,2,551.39,2,4,5,"2,4,5"
8680,"2023-02-01",1209,3,331.99,2,5,4,"2,5,4"
18363,"2023-02-01",1209,1,53.71,2,1,1,"2,1,1"
7369,"2023-02-01",1209,2,104.65,2,3,2,"2,3,2"
4035,"2023-02-01",1209,3,182.48,2,5,3,"2,5,3"
8816,"2023-02-01",1209,1,184.99,2,1,3,"2,1,3"
3753,"2023-02-01",1209,2,167.24,2,3,3,"2,3,3"
12175,"2023-02-01",1209,1,16.91,2,2,1,"2,2,1"
10035,"2023-02-01",1209,1,436.46,2,2,5,"2,2,5"
1198,"2023-02-01",1209,4,180.20,2,5,3,"2,5,3"
4005,"2023-02-02",1208,1,80.17,2,2,2,"2,2,2"
19472,"2023-02-02",1208,1,41.79,2,1,1,"2,1,1"
16056,"2023-02-02",1208,2,103.30,2,3,2,"2,3,2"
16637,"2023-02-02",1208,1,13.81,2,1,1,"2,1,1"
152,"2023-02-02",1208,3,171.37,2,4,3,"2,4,3"
15525,"2023-02-02",1208,1,8.33,2,1,1,"2,1,1"
1956,"2023-02-02",1208,1,211.82,2,1,3,"2,1,3"
13480,"2023-02-03",1207,2,174.90,2,3,3,"2,3,3"
615,"2023-02-03",1207,2,334.42,2,4,4,"2,4,4"
14462,"2023-02-03",1207,1,39.95,2,1,1,"2,1,1"
7024,"2023-02-03",1207,1,38.19,2,2,1,"2,2,1"
18775,"2023-02-03",1207,2,168.36,2,3,3,"2,3,3"
13539,"2023-02-03",1207,3,169.86,2,4,3,"2,4,3"
4753,"2023-02-04",1206,3,236.75,2,5,3,"2,5,3"
15873,"2023-02-04",1206,2,246.68,2,3,3,"2,3,3"
13866,"2023-02-04",1206,2,242.24,2,3,3,"2,3,3"
3077,"2023-02-04",1206,3,251.61,2,5,3,"2,5,3"
2443,"2023-02-04",1206,1,290.59,2,1,4,"2,1,4"
18514,"2023-02-04",1206,1,118.83,2,2,2,"2,2,2"
19379,"2023-02-04",1206,4,313.36,2,5,4,"2,5,4"
16769,"2023-02-04",1206,1,53.49,2,1,1,"2,1,1"
6885,"2023-02-04",1206,4,629.57,2,5,5,"2,5,5"
11824,"2023-02-04",1206,2,303.13,2,4,4,"2,4,4"
611,"2023-02-04",1206,1,597.26,2,2,5,"2,2,5"
10942,"2023-02-04",1206,3,388.79,2,4,4,"2,4,4"
39,"2023-02-05",1205,3,358.38,2,4,4,"2,4,4"
17136,"2023-02-05",1205,3,202.51,2,4,3,"2,4,3"
8655,"2023-02-05",1205,2,295.70,2,4,4,"2,4,4"
12086,"2023-02-05",1205,1,90.72,2,2,2,"2,2,2"
19436,"2023-02-05",1205,1,579.72,2,2,5,"2,2,5"
7155,"2023-02-05",1205,3,346.55,2,5,4,"2,5,4"
16965,"2023-02-05",1205,1,51.57,2,1,1,"2,1,1"
7931,"2023-02-06",1204,3,79.66,2,5,2,"2,5,2"
15645,"2023-02-06",1204,2,151.31,2,3,2,"2,3,2"
11106,"2023-02-06",1204,3,177.10,2,4,3,"2,4,3"
6094,"2023-02-06",1204,2,149.37,2,3,2,"2,3,2"
16889,"2023-02-06",1204,2,115.75,2,3,2,"2,3,2"
16193,"2023-02-06",1204,2,136.44,2,3,2,"2,3,2"
11058,"2023-02-07",1203,3,233.28,2,5,3,"2,5,3"
2156,"2023-02-07",1203,1,10.60,2,1,1,"2,1,1"
8658,"2023-02-07",1203,1,104.96,2,2,2,"2,2,2"
3169,"2023-02-07",1203,1,70.92,2,1,1,"2,1,1"
9596,"2023-02-07",1203,2,254.88,2,3,3,"2,3,3"
4935,"2023-02-07",1203,2,331.42,2,4,4,"2,4,4"
14995,"2023-02-07",1203,2,129.66,2,3,2,"2,3,2"
13176,"2023-02-08",1202,3,1043.95,2,4,5,"2,4,5"
1173,"2023-02-08",1202,1,158.85,2,1,3,"2,1,3"
5256,"2023-02-08",1202,1,19.33,2,2,1,"2,2,1"
19453,"2023-02-08",1202,1,82.92,2,2,2,"2,2,2"
7357,"2023-02-08",1202,2,209.19,2,3,3,"2,3,3"
16226,"2023-02-09",1201,2,225.88,2,3,3,"2,3,3"
14482,"2023-02-09",1201,2,77.84,2,3,2,"2,3,2"
8262,"2023-02-09",1201,1,84.73,2,2,2,"2,2,2"
13178,"2023-02-09",1201,2,143.49,2,3,2,"2,3,2"
19023,"2023-02-09",1201,2,202.85,2,3,3,"2,3,3"
13442,"2023-02-09",1201,1,139.12,2,2,2,"2,2,2"
15207,"2023-02-09",1201,2,222.93,2,3,3,"2,3,3"
14614,"2023-02-10",1200,2,289.08,2,4,4,"2,4,4"
14466,"2023-02-10",1200,2,333.28,2,4,4,"2,4,4"
15510,"2023-02-10",1200,3,480.01,2,5,5,"2,5,5"
414,"2023-02-10",1200,2,450.04,2,4,5,"2,4,5"
16633,"2023-02-10",1200,3,789.93,2,4,5,"2,4,5"
7388,"2023-02-10",1200,2,106.56,2,3,2,"2,3,2"
7465,"2023-02-10",1200,1,122.64,2,2,2,"2,2,2"
18873,"2023-02-10",1200,3,367.41,2,5,4,"2,5,4"
9965,"2023-02-10",1200,2,325.79,2,4,4,"2,4,4"
17892,"2023-02-10",1200,1,12.90,2,1,1,"2,1,1"
4165,"2023-02-10",1200,2,12.85,2,2,1,"2,2,1"
17957,"2023-02-10",1200,1,24.77,2,2,1,"2,2,1"
1650,"2023-02-11",1199,1,51.87,2,1,1,"2,1,1"
4276,"2023-02-11",1199,1,215.69,2,1,3,"2,1,3"
4340,"2023-02-11",1199,1,357.26,2,1,4,"2,1,4"
18430,"2023-02-11",1199,2,337.56,2,4,4,"2,4,4"
5069,"2023-02-11",1199,2,74.76,2,3,2,"2,3,2"
15231,"2023-02-11",1199,2,40.96,2,2,1,"2,2,1"
10287,"2023-02-11",1199,1,47.00,2,1,1,"2,1,1"
7089,"2023-02-11",1199,1,12.55,2,1,1,"2,1,1"
10019,"2023-02-11",1199,1,102.81,2,2,2,"2,2,2"
8589,"2023-02-12",1198,1,102.89,2,2,2,"2,2,2"
70,"2023-02-12",1198,3,132.72,2,5,2,"2,5,2"
7186,"2023-02-12",1198,1,189.38,2,1,3,"2,1,3"
9633,"2023-02-12",1198,2,86.49,2,3,2,"2,3,2"
4975,"2023-02-13",1197,3,364.67,2,5,4,"2,5,4"
11295,"2023-02-13",1197,1,45.50,2,1,1,"2,1,1"
6446,"2023-02-13",1197,2,25.31,2,2,1,"2,2,1"
7896,"2023-02-13",1197,1,233.31,2,1,3,"2,1,3"
14657,"2023-02-14",1196,2,1450.64,2,4,5,"2,4,5"
19933,"2023-02-14",1196,1,159.84,2,1,3,"2,1,3"
4061,"2023-02-14",1196,2,67.29,2,3,1,"2,3,1"
4259,"2023-02-14",1196,1,6.52,2,2,1,"2,2,1"
202,"2023-02-14",1196,1,445.93,2,2,5,"2,2,5"
7081,"2023-02-15",1195,2,187.74,2,3,3,"2,3,3"
16719,"2023-02-15",1195,2,182.25,2,3,3,"2,3,3"
6414,"2023-02-15",1195,1,7.90,2,1,1,"2,1,1"
15577,"2023-02-15",1195,1,112.43,2,2,2,"2,2,2"
7189,"2023-02-15",1195,1,31.09,2,2,1,"2,2,1"
15614,"2023-02-16",1194,2,210.61,2,3,3,"2,3,3"
11459,"2023-02-16",1194,1,225.77,2,1,3,"2,1,3"
2685,"2023-02-16",1194,3,321.83,2,4,4,"2,4,4"
19936,"2023-02-16",1194,2,250.67,2,3,3,"2,3,3"
1476,"2023-02-16",1194,2,263.98,2,3,4,"2,3,4"
8002,"2023-02-16",1194,2,179.04,2,3,3,"2,3,3"
16619,"2023-02-16",1194,2,116.27,2,3,2,"2,3,2"
6642,"2023-02-16",1194,4,392.87,2,5,4,"2,5,4"
8707,"2023-02-17",1193,1,60.86,2,1,1,"2,1,1"
3044,"2023-02-17",1193,2,266.63,2,3,4,"2,3,4"
10074,"2023-02-17",1193,2,103.88,2,3,2,"2,3,2"
7673,"2023-02-17",1193,1,223.87,2,1,3,"2,1,3"
19487,"2023-02-17",1193,2,829.27,2,4,5,"2,4,5"
13605,"2023-02-17",1193,2,94.10,2,3,2,"2,3,2"
11663,"2023-02-18",1192,2,52.83,2,2,1,"2,2,1"
16408,"2023-02-18",1192,2,95.47,2,3,2,"2,3,2"
11267,"2023-02-18",1192,2,133.98,2,3,2,"2,3,2"
1737,"2023-02-18",1192,2,199.23,2,3,3,"2,3,3"
996,"2023-02-18",1192,3,846.45,2,5,5,"2,5,5"
11047,"2023-02-18",1192,2,97.40,2,3,2,"2,3,2"
16077,"2023-02-18",1192,1,65.11,2,1,1,"2,1,1"
13757,"2023-02-18",1192,3,569.97,2,4,5,"2,4,5"
10259,"2023-02-18",1192,1,194.54,2,1,3,"2,1,3"
17158,"2023-02-18",1192,3,297.53,2,4,4,"2,4,4"
8034,"2023-02-19",1191,2,317.14,2,4,4,"2,4,4"
16119,"2023-02-19",1191,2,392.19,2,4,4,"2,4,4"
19773,"2023-02-19",1191,1,29.17,2,2,1,"2,2,1"
864,"2023-02-19",1191,2,341.41,2,4,4,"2,4,4"
2074,"2023-02-19",1191,2,155.56,2,3,3,"2,3,3"
6711,"2023-02-20",1190,1,37.55,2,2,1,"2,2,1"
9475,"2023-02-20",1190,1,145.72,2,1,2,"2,1,2"
6958,"2023-02-20",1190,2,484.80,2,4,5,"2,4,5"
6888,"2023-02-20",1190,2,153.51,2,3,3,"2,3,3"
9420,"2023-02-20",1190,1,81.67,2,2,2,"2,2,2"
2889,"2023-02-20",1190,3,312.58,2,5,4,"2,5,4"
4421,"2023-02-21",1189,2,193.63,2,3,3,"2,3,3"
18700,"2023-02-21",1189,1,157.96,2,1,3,"2,1,3"
18213,"2023-02-21",1189,1,27.66,2,2,1,"2,2,1"
8591,"2023-02-21",1189,3,397.42,2,4,4,"2,4,4"
7429,"2023-02-21",1189,2,120.44,2,3,2,"2,3,2"
17745,"2023-02-21",1189,3,326.73,2,4,4,"2,4,4"
9878,"2023-02-22",1188,1,55.64,2,1,1,"2,1,1"
16455,"2023-02-22",1188,1,33.75,2,2,1,"2,2,1"
11665,"2023-02-22",1188,4,469.46,2,5,5,"2,5,5"
11337,"2023-02-22",1188,1,11.02,2,1,1,"2,1,1"
14324,"2023-02-22",1188,3,709.22,2,5,5,"2,5,5"
5481,"2023-02-22",1188,4,646.17,2,5,5,"2,5,5"
18161,"2023-02-22",1188,2,187.92,2,3,3,"2,3,3"
18399,"2023-02-22",1188,2,819.27,2,4,5,"2,4,5"
13996,"2023-02-22",1188,2,465.75,2,4,5,"2,4,5"
11557,"2023-02-23",1187,4,1168.05,2,5,5,"2,5,5"
11699,"2023-02-23",1187,3,333.55,2,4,4,"2,4,4"
3029,"2023-02-23",1187,3,89.35,2,5,2,"2,5,2"
8237,"2023-02-23",1187,1,291.40,2,1,4,"2,1,4"
14233,"2023-02-23",1187,1,246.74,2,1,3,"2,1,3"
18891,"2023-02-23",1187,1,92.51,2,2,2,"2,2,2"
7078,"2023-02-23",1187,2,396.81,2,4,4,"2,4,4"
6568,"2023-02-23",1187,3,333.82,2,4,4,"2,4,4"
10951,"2023-02-23",1187,2,86.94,2,3,2,"2,3,2"
6249,"2023-02-24",1186,2,53.52,2,2,1,"2,2,1"
3238,"2023-02-24",1186,1,91.43,2,2,2,"2,2,2"
3549,"2023-02-24",1186,4,582.36,2,5,5,"2,5,5"
10058,"2023-02-25",1185,1,15.18,2,2,1,"2,2,1"
1909,"2023-02-25",1185,1,205.06,2,1,3,"2,1,3"
18064,"2023-02-25",1185,2,237.79,2,3,3,"2,3,3"
494,"2023-02-25",1185,1,217.85,2,1,3,"2,1,3"
3747,"2023-02-25",1185,1,6.54,2,2,1,"2,2,1"
12297,"2023-02-25",1185,1,116.87,2,2,2,"2,2,2"
3081,"2023-02-25",1185,1,78.29,2,2,2,"2,2,2"
15819,"2023-02-25",1185,1,202.00,2,1,3,"2,1,3"
7808,"2023-02-26",1184,2,223.11,2,3,3,"2,3,3"
4938,"2023-02-26",1184,1,123.94,2,2,2,"2,2,2"
16254,"2023-02-26",1184,1,49.52,2,1,1,"2,1,1"
6501,"2023-02-26",1184,1,91.40,2,2,2,"2,2,2"
11466,"2023-02-26",1184,2,113.77,2,3,2,"2,3,2"
11847,"2023-02-27",1183,2,175.39,2,3,3,"2,3,3"
14112,"2023-02-27",1183,5,599.31,2,5,5,"2,5,5"
14426,"2023-02-28",1182,1,84.40,2,2,2,"2,2,2"
8599,"2023-02-28",1182,1,44.06,2,1,1,"2,1,1"
5453,"2023-02-28",1182,1,5.81,2,2,1,"2,2,1"
2351,"2023-03-01",1181,2,110.48,2,3,2,"2,3,2"
8603,"2023-03-01",1181,4,393.43,2,5,4,"2,5,4"
4293,"2023-03-01",1181,2,103.45,2,3,2,"2,3,2"
19050,"2023-03-01",1181,2,245.47,2,3,3,"2,3,3"
17697,"2023-03-01",1181,1,25.73,2,2,1,"2,2,1"
18368,"2023-03-01",1181,2,35.13,2,2,1,"2,2,1"
7668,"2023-03-02",1180,2,217.64,2,3,3,"2,3,3"
9686,"2023-03-02",1180,1,36.13,2,2,1,"2,2,1"
19935,"2023-03-02",1180,1,272.76,2,1,4,"2,1,4"
1532,"2023-03-02",1180,1,35.88,2,2,1,"2,2,1"
1991,"2023-03-02",1180,2,137.77,2,3,2,"2,3,2"
3576,"2023-03-02",1180,2,127.44,2,3,2,"2,3,2"
15581,"2023-03-02",1180,1,40.19,2,1,1,"2,1,1"
14701,"2023-03-02",1180,1,43.27,2,1,1,"2,1,1"
11623,"2023-03-02",1180,1,21.90,2,2,1,"2,2,1"
10809,"2023-03-02",1180,2,220.92,2,3,3,"2,3,3"
17453,"2023-03-02",1180,1,381.08,2,1,4,"2,1,4"
4579,"2023-03-02",1180,1,83.31,2,2,2,"2,2,2"
4185,"2023-03-03",1179,3,322.25,2,4,4,"2,4,4"
13651,"2023-03-03",1179,1,118.34,2,2,2,"2,2,2"
18076,"2023-03-03",1179,1,28.12,2,2,1,"2,2,1"
19739,"2023-03-03",1179,2,174.97,2,3,3,"2,3,3"
13227,"2023-03-03",1179,1,105.58,2,2,2,"2,2,2"
9178,"2023-03-03",1179,2,131.35,2,3,2,"2,3,2"
17454,"2023-03-04",1178,3,152.55,2,4,3,"2,4,3"
16610,"2023-03-04",1178,1,33.97,2,2,1,"2,2,1"
17089,"2023-03-04",1178,2,295.61,2,4,4,"2,4,4"
9624,"2023-03-04",1178,2,848.66,2,4,5,"2,4,5"
15880,"2023-03-05",1177,2,276.32,2,3,4,"2,3,4"
17679,"2023-03-05",1177,1,67.75,2,1,1,"2,1,1"
17628,"2023-03-05",1177,4,756.40,2,5,5,"2,5,5"
11822,"2023-03-05",1177,2,619.78,2,4,5,"2,4,5"
11799,"2023-03-05",1177,1,40.98,2,1,1,"2,1,1"
4380,"2023-03-05",1177,1,23.31,2,2,1,"2,2,1"
11866,"2023-03-05",1177,2,113.38,2,3,2,"2,3,2"
10139,"2023-03-05",1177,6,921.76,2,5,5,"2,5,5"
12144,"2023-03-05",1177,2,293.79,2,4,4,"2,4,4"
12114,"2023-03-05",1177,2,558.53,2,4,5,"2,4,5"
5774,"2023-03-05",1177,1,130.65,2,2,2,"2,2,2"
3858,"2023-03-06",1176,1,189.92,2,1,3,"2,1,3"
8090,"2023-03-06",1176,2,548.20,2,4,5,"2,4,5"
4915,"2023-03-06",1176,2,206.24,2,3,3,"2,3,3"
5950,"2023-03-06",1176,5,268.72,2,5,4,"2,5,4"
15791,"2023-03-06",1176,2,395.24,2,4,4,"2,4,4"
2424,"2023-03-06",1176,1,66.46,2,1,1,"2,1,1"
1576,"2023-03-06",1176,2,267.58,2,3,4,"2,3,4"
6052,"2023-03-06",1176,2,155.07,2,3,3,"2,3,3"
3118,"2023-03-06",1176,2,173.53,2,3,3,"2,3,3"
12399,"2023-03-06",1176,1,256.92,2,1,3,"2,1,3"
13770,"2023-03-07",1175,3,349.85,2,5,4,"2,5,4"
18809,"2023-03-07",1175,1,141.33,2,2,2,"2,2,2"
582,"2023-03-07",1175,1,88.93,2,2,2,"2,2,2"
5436,"2023-03-07",1175,1,139.11,2,2,2,"2,2,2"
18279,"2023-03-08",1174,1,59.96,2,1,1,"2,1,1"
16215,"2023-03-08",1174,1,97.95,2,2,2,"2,2,2"
6175,"2023-03-08",1174,1,103.66,2,2,2,"2,2,2"
886,"2023-03-08",1174,2,411.46,2,4,4,"2,4,4"
9030,"2023-03-08",1174,2,366.86,2,4,4,"2,4,4"
17445,"2023-03-08",1174,3,466.05,2,5,5,"2,5,5"
9462,"2023-03-08",1174,1,55.28,2,1,1,"2,1,1"
14479,"2023-03-08",1174,1,127.31,2,2,2,"2,2,2"
10067,"2023-03-08",1174,2,30.62,2,2,1,"2,2,1"
5628,"2023-03-08",1174,3,264.39,2,4,4,"2,4,4"
18448,"2023-03-08",1174,5,885.07,2,5,5,"2,5,5"
1825,"2023-03-08",1174,2,99.98,2,3,2,"2,3,2"
13258,"2023-03-09",1173,3,377.63,2,5,4,"2,5,4"
5993,"2023-03-09",1173,2,238.87,2,3,3,"2,3,3"
12772,"2023-03-09",1173,2,66.18,2,3,1,"2,3,1"
4929,"2023-03-09",1173,1,45.31,2,1,1,"2,1,1"
8740,"2023-03-09",1173,2,197.18,2,3,3,"2,3,3"
4087,"2023-03-09",1173,1,42.43,2,1,1,"2,1,1"
9199,"2023-03-09",1173,4,681.05,2,5,5,"2,5,5"
1654,"2023-03-09",1173,1,212.01,2,1,3,"2,1,3"
16557,"2023-03-09",1173,1,93.85,2,2,2,"2,2,2"
1722,"2023-03-09",1173,2,203.69,2,3,3,"2,3,3"
8713,"2023-03-09",1173,2,273.37,2,3,4,"2,3,4"
5738,"2023-03-10",1172,1,39.93,2,1,1,"2,1,1"
11418,"2023-03-10",1172,1,179.06,2,1,3,"2,1,3"
12648,"2023-03-10",1172,1,416.61,2,2,4,"2,2,4"
11213,"2023-03-10",1172,1,46.20,2,1,1,"2,1,1"
4437,"2023-03-10",1172,2,151.32,2,3,2,"2,3,2"
18784,"2023-03-10",1172,2,327.28,2,4,4,"2,4,4"
18184,"2023-03-10",1172,1,10.03,2,1,1,"2,1,1"
3324,"2023-03-10",1172,3,403.99,2,4,4,"2,4,4"
4004,"2023-03-10",1172,3,353.68,2,4,4,"2,4,4"
12929,"2023-03-11",1171,2,148.00,2,3,2,"2,3,2"
1405,"2023-03-11",1171,1,23.92,2,2,1,"2,2,1"
695,"2023-03-11",1171,4,195.59,2,5,3,"2,5,3"
15060,"2023-03-11",1171,2,899.67,2,4,5,"2,4,5"
12613,"2023-03-11",1171,4,714.98,2,5,5,"2,5,5"
1631,"2023-03-11",1171,2,568.32,2,4,5,"2,4,5"
16413,"2023-03-11",1171,1,640.31,2,2,5,"2,2,5"
8071,"2023-03-11",1171,3,304.13,2,4,4,"2,4,4"
8654,"2023-03-11",1171,2,127.47,2,3,2,"2,3,2"
13398,"2023-03-12",1170,2,32.43,2,2,1,"2,2,1"
488,"2023-03-12",1170,3,352.45,2,4,4,"2,4,4"
19745,"2023-03-12",1170,3,230.92,2,5,3,"2,5,3"
15359,"2023-03-12",1170,1,400.56,2,1,4,"2,1,4"
4232,"2023-03-12",1170,1,11.39,2,1,1,"2,1,1"
8934,"2023-03-12",1170,2,377.17,2,4,4,"2,4,4"
14590,"2023-03-13",1169,1,78.14,2,2,2,"2,2,2"
13691,"2023-03-13",1169,1,133.31,2,2,2,"2,2,2"
333,"2023-03-13",1169,2,29.00,2,2,1,"2,2,1"
7495,"2023-03-13",1169,1,431.85,2,2,5,"2,2,5"
12285,"2023-03-13",1169,4,699.96,2,5,5,"2,5,5"
9067,"2023-03-13",1169,1,146.61,2,1,2,"2,1,2"
7252,"2023-03-13",1169,1,498.68,2,2,5,"2,2,5"
4460,"2023-03-13",1169,1,29.29,2,2,1,"2,2,1"
3543,"2023-03-13",1169,4,514.77,2,5,5,"2,5,5"
3596,"2023-03-14",1168,1,74.33,2,2,2,"2,2,2"
8137,"2023-03-14",1168,2,222.55,2,3,3,"2,3,3"
5640,"2023-03-14",1168,2,401.28,2,4,4,"2,4,4"
3389,"2023-03-15",1167,2,267.46,2,3,4,"2,3,4"
6118,"2023-03-15",1167,1,557.19,2,2,5,"2,2,5"
16695,"2023-03-15",1167,1,135.81,2,2,2,"2,2,2"
17358,"2023-03-15",1167,3,445.33,2,5,5,"2,5,5"
11497,"2023-03-15",1167,1,338.41,2,1,4,"2,1,4"
1646,"2023-03-15",1167,1,204.29,2,1,3,"2,1,3"
13491,"2023-03-15",1167,2,123.03,2,3,2,"2,3,2"
19670,"2023-03-15",1167,1,132.89,2,2,2,"2,2,2"
13719,"2023-03-15",1167,2,234.89,2,3,3,"2,3,3"
5822,"2023-03-15",1167,2,223.29,2,3,3,"2,3,3"
14883,"2023-03-15",1167,4,307.31,2,5,4,"2,5,4"
16800,"2023-03-15",1167,1,577.91,2,2,5,"2,2,5"
13023,"2023-03-15",1167,1,60.68,2,1,1,"2,1,1"
18026,"2023-03-16",1166,1,62.27,2,1,1,"2,1,1"
2339,"2023-03-16",1166,1,24.49,2,2,1,"2,2,1"
9306,"2023-03-16",1166,2,50.30,2,2,1,"2,2,1"
3675,"2023-03-16",1166,1,141.03,2,2,2,"2,2,2"
18259,"2023-03-16",1166,1,143.89,2,1,2,"2,1,2"
17684,"2023-03-16",1166,2,392.98,2,4,4,"2,4,4"
19330,"2023-03-16",1166,1,96.59,2,2,2,"2,2,2"
12885,"2023-03-16",1166,1,275.40,2,1,4,"2,1,4"
16896,"2023-03-16",1166,1,251.10,2,1,3,"2,1,3"
15766,"2023-03-16",1166,4,505.92,2,5,5,"2,5,5"
4299,"2023-03-16",1166,2,89.81,2,3,2,"2,3,2"
12191,"2023-03-17",1165,2,317.46,2,4,4,"2,4,4"
17969,"2023-03-17",1165,1,13.62,2,1,1,"2,1,1"
7121,"2023-03-17",1165,2,313.81,2,4,4,"2,4,4"
9602,"2023-03-17",1165,2,305.76,2,4,4,"2,4,4"
10412,"2023-03-17",1165,2,70.49,2,3,1,"2,3,1"
4895,"2023-03-17",1165,2,250.18,2,3,3,"2,3,3"
9103,"2023-03-18",1164,2,414.54,2,4,4,"2,4,4"
6298,"2023-03-18",1164,3,60.64,2,5,1,"2,5,1"
6955,"2023-03-18",1164,1,70.41,2,1,1,"2,1,1"
5619,"2023-03-18",1164,2,191.98,2,3,3,"2,3,3"
11129,"2023-03-19",1163,1,135.25,2,2,2,"2,2,2"
18957,"2023-03-19",1163,3,881.74,2,5,5,"2,5,5"
8715,"2023-03-19",1163,1,11.57,2,1,1,"2,1,1"
13593,"2023-03-19",1163,4,351.67,2,5,4,"2,5,4"
16855,"2023-03-19",1163,3,626.08,2,5,5,"2,5,5"
15671,"2023-03-19",1163,1,35.49,2,2,1,"2,2,1"
6528,"2023-03-19",1163,2,172.46,2,3,3,"2,3,3"
17571,"2023-03-19",1163,2,58.22,2,3,1,"2,3,1"
10307,"2023-03-20",1162,2,74.85,2,3,2,"2,3,2"
5398,"2023-03-20",1162,1,117.19,2,2,2,"2,2,2"
7478,"2023-03-20",1162,3,436.65,2,5,5,"2,5,5"
10284,"2023-03-20",1162,3,206.69,2,4,3,"2,4,3"
19172,"2023-03-20",1162,3,225.23,2,5,3,"2,5,3"
12840,"2023-03-20",1162,3,440.17,2,5,5,"2,5,5"
9257,"2023-03-20",1162,1,115.39,2,2,2,"2,2,2"
4312,"2023-03-20",1162,2,272.89,2,3,4,"2,3,4"
13305,"2023-03-20",1162,3,523.51,2,5,5,"2,5,5"
16443,"2023-03-21",1161,1,99.70,2,2,2,"2,2,2"
11326,"2023-03-21",1161,1,291.33,2,1,4,"2,1,4"
12196,"2023-03-21",1161,3,511.29,2,5,5,"2,5,5"
1946,"2023-03-21",1161,1,75.24,2,2,2,"2,2,2"
4675,"2023-03-21",1161,3,551.52,2,4,5,"2,4,5"
17154,"2023-03-21",1161,1,39.13,2,2,1,"2,2,1"
1647,"2023-03-21",1161,5,448.46,2,5,5,"2,5,5"
9955,"2023-03-21",1161,1,41.13,2,1,1,"2,1,1"
14735,"2023-03-22",1160,2,139.77,2,3,2,"2,3,2"
8297,"2023-03-22",1160,1,26.40,2,2,1,"2,2,1"
3447,"2023-03-22",1160,1,494.39,2,2,5,"2,2,5"
3507,"2023-03-22",1160,1,107.89,2,2,2,"2,2,2"
2021,"2023-03-22",1160,3,236.99,2,5,3,"2,5,3"
6508,"2023-03-22",1160,2,329.86,2,4,4,"2,4,4"
8012,"2023-03-22",1160,1,12.90,2,1,1,"2,1,1"
7256,"2023-03-22",1160,1,248.70,2,1,3,"2,1,3"
8190,"2023-03-22",1160,2,82.24,2,3,2,"2,3,2"
1698,"2023-03-22",1160,1,23.08,2,2,1,"2,2,1"
13827,"2023-03-22",1160,1,83.03,2,2,2,"2,2,2"
6555,"2023-03-22",1160,1,50.16,2,1,1,"2,1,1"
15927,"2023-03-22",1160,2,395.60,2,4,4,"2,4,4"
14456,"2023-03-23",1159,3,365.74,2,5,4,"2,5,4"
11746,"2023-03-23",1159,1,108.17,2,2,2,"2,2,2"
13929,"2023-03-23",1159,1,579.67,2,2,5,"2,2,5"
914,"2023-03-24",1158,1,44.44,2,1,1,"2,1,1"
18595,"2023-03-24",1158,1,161.62,2,1,3,"2,1,3"
6424,"2023-03-24",1158,1,45.46,2,1,1,"2,1,1"
18168,"2023-03-24",1158,3,632.05,2,5,5,"2,5,5"
15272,"2023-03-24",1158,1,24.33,2,2,1,"2,2,1"
17297,"2023-03-24",1158,1,81.23,2,2,2,"2,2,2"
10652,"2023-03-24",1158,1,153.60,2,1,3,"2,1,3"
19755,"2023-03-25",1157,3,417.37,2,4,4,"2,4,4"
13079,"2023-03-25",1157,1,47.32,2,1,1,"2,1,1"
9476,"2023-03-25",1157,2,128.65,2,3,2,"2,3,2"
3699,"2023-03-25",1157,2,603.74,2,4,5,"2,4,5"
19850,"2023-03-25",1157,2,243.52,2,3,3,"2,3,3"
17616,"2023-03-25",1157,1,154.82,2,1,3,"2,1,3"
12456,"2023-03-25",1157,1,51.43,2,1,1,"2,1,1"
2802,"2023-03-26",1156,1,644.12,2,2,5,"2,2,5"
9388,"2023-03-26",1156,1,65.07,2,1,1,"2,1,1"
2019,"2023-03-26",1156,2,97.69,2,3,2,"2,3,2"
3877,"2023-03-26",1156,2,168.38,2,3,3,"2,3,3"
6038,"2023-03-26",1156,3,448.22,2,5,5,"2,5,5"
11536,"2023-03-26",1156,3,241.98,2,5,3,"2,5,3"
17534,"2023-03-26",1156,1,399.30,2,1,4,"2,1,4"
14889,"2023-03-27",1155,1,96.29,2,2,2,"2,2,2"
17217,"2023-03-27",1155,2,308.89,2,4,4,"2,4,4"
2499,"2023-03-27",1155,3,314.26,2,5,4,"2,5,4"
167,"2023-03-27",1155,1,237.34,2,1,3,"2,1,3"
11964,"2023-03-27",1155,1,140.98,2,2,2,"2,2,2"
181,"2023-03-27",1155,3,653.41,2,5,5,"2,5,5"
15655,"2023-03-28",1154,2,112.92,2,3,2,"2,3,2"
15501,"2023-03-28",1154,2,223.81,2,3,3,"2,3,3"
162,"2023-03-28",1154,3,236.25,2,5,3,"2,5,3"
7710,"2023-03-28",1154,2,168.16,2,3,3,"2,3,3"
7340,"2023-03-28",1154,2,285.46,2,4,4,"2,4,4"
15491,"2023-03-28",1154,1,81.76,2,2,2,"2,2,2"
13753,"2023-03-28",1154,3,615.85,2,4,5,"2,4,5"
13519,"2023-03-28",1154,1,74.62,2,2,2,"2,2,2"
16790,"2023-03-29",1153,1,317.64,2,1,4,"2,1,4"
5856,"2023-03-29",1153,1,58.88,2,1,1,"2,1,1"
10592,"2023-03-29",1153,2,350.58,2,4,4,"2,4,4"
8220,"2023-03-29",1153,1,25.30,2,2,1,"2,2,1"
16121,"2023-03-29",1153,2,161.74,2,3,3,"2,3,3"
1226,"2023-03-29",1153,3,561.89,2,4,5,"2,4,5"
323,"2023-03-29",1153,2,78.52,2,3,2,"2,3,2"
8095,"2023-03-29",1153,2,112.50,2,3,2,"2,3,2"
7851,"2023-03-29",1153,2,217.79,2,3,3,"2,3,3"
6487,"2023-03-30",1152,2,174.28,2,3,3,"2,3,3"
19889,"2023-03-30",1152,1,238.57,2,1,3,"2,1,3"
10194,"2023-03-30",1152,1,38.71,2,2,1,"2,2,1"
6151,"2023-03-30",1152,1,239.83,2,1,3,"2,1,3"
5262,"2023-03-30",1152,2,238.70,2,3,3,"2,3,3"
19335,"2023-03-30",1152,2,231.45,2,3,3,"2,3,3"
13817,"2023-03-30",1152,2,274.35,2,3,4,"2,3,4"
4455,"2023-03-30",1152,1,70.77,2,1,1,"2,1,1"
3065,"2023-03-30",1152,1,55.68,2,1,1,"2,1,1"
3388,"2023-03-30",1152,1,331.62,2,1,4,"2,1,4"
15533,"2023-03-30",1152,2,147.09,2,3,2,"2,3,2"
2755,"2023-03-30",1152,2,46.71,2,2,1,"2,2,1"
674,"2023-03-30",1152,1,28.57,2,2,1,"2,2,1"
4960,"2023-03-31",1151,4,419.30,2,5,4,"2,5,4"
2129,"2023-03-31",1151,2,249.95,2,3,3,"2,3,3"
1799,"2023-03-31",1151,3,479.46,2,5,5,"2,5,5"
5956,"2023-03-31",1151,3,151.42,2,4,2,"2,4,2"
9274,"2023-03-31",1151,1,103.99,2,2,2,"2,2,2"
17145,"2023-03-31",1151,2,227.51,2,3,3,"2,3,3"
6297,"2023-03-31",1151,1,38.75,2,2,1,"2,2,1"
16341,"2023-03-31",1151,4,651.26,2,5,5,"2,5,5"
12849,"2023-03-31",1151,2,291.95,2,4,4,"2,4,4"
10873,"2023-04-01",1150,1,27.60,2,2,1,"2,2,1"
2650,"2023-04-01",1150,2,155.34,2,3,3,"2,3,3"
11035,"2023-04-01",1150,1,310.65,2,1,4,"2,1,4"
12218,"2023-04-01",1150,4,674.59,2,5,5,"2,5,5"
5507,"2023-04-01",1150,2,301.75,2,4,4,"2,4,4"
4744,"2023-04-01",1150,3,192.91,2,4,3,"2,4,3"
8907,"2023-04-01",1150,2,94.67,2,3,2,"2,3,2"
399,"2023-04-01",1150,2,614.89,2,4,5,"2,4,5"
1451,"2023-04-01",1150,3,426.39,2,4,4,"2,4,4"
1304,"2023-04-01",1150,4,565.80,2,5,5,"2,5,5"
3717,"2023-04-01",1150,3,171.18,2,4,3,"2,4,3"
5945,"2023-04-02",1149,3,502.37,2,5,5,"2,5,5"
10,"2023-04-02",1149,3,398.85,2,4,4,"2,4,4"
6686,"2023-04-02",1149,1,105.54,2,2,2,"2,2,2"
15699,"2023-04-02",1149,2,82.81,2,3,2,"2,3,2"
1504,"2023-04-02",1149,2,47.53,2,2,1,"2,2,1"
8508,"2023-04-02",1149,1,7.97,2,1,1,"2,1,1"
12467,"2023-04-02",1149,3,198.20,2,4,3,"2,4,3"
12397,"2023-04-02",1149,1,27.14,2,2,1,"2,2,1"
17855,"2023-04-02",1149,2,86.31,2,3,2,"2,3,2"
11697,"2023-04-03",1148,2,352.54,2,4,4,"2,4,4"
5786,"2023-04-03",1148,3,479.12,2,5,5,"2,5,5"
16164,"2023-04-03",1148,2,211.14,2,3,3,"2,3,3"
14356,"2023-04-03",1148,2,469.93,2,4,5,"2,4,5"
15718,"2023-04-03",1148,3,229.33,2,5,3,"2,5,3"
7031,"2023-04-03",1148,1,49.28,2,1,1,"2,1,1"
10600,"2023-04-04",1147,2,222.50,2,3,3,"2,3,3"
16623,"2023-04-04",1147,3,162.29,2,5,3,"2,5,3"
7998,"2023-04-04",1147,1,13.65,2,1,1,"2,1,1"
13269,"2023-04-04",1147,1,125.70,2,2,2,"2,2,2"
7562,"2023-04-04",1147,2,228.78,2,3,3,"2,3,3"
3743,"2023-04-04",1147,2,66.38,2,3,1,"2,3,1"
3296,"2023-04-04",1147,2,212.61,2,3,3,"2,3,3"
7262,"2023-04-04",1147,1,165.54,2,1,3,"2,1,3"
4986,"2023-04-05",1146,1,495.58,2,2,5,"2,2,5"
14153,"2023-04-05",1146,1,747.76,2,2,5,"2,2,5"
16456,"2023-04-05",1146,1,143.00,2,2,2,"2,2,2"
8824,"2023-04-05",1146,1,130.24,2,2,2,"2,2,2"
3016,"2023-04-05",1146,2,182.99,2,3,3,"2,3,3"
4229,"2023-04-05",1146,3,157.68,2,5,3,"2,5,3"
2594,"2023-04-05",1146,1,51.43,2,1,1,"2,1,1"
19883,"2023-04-05",1146,2,183.35,2,3,3,"2,3,3"
13018,"2023-04-05",1146,2,101.67,2,3,2,"2,3,2"
18227,"2023-04-06",1145,2,73.79,2,3,2,"2,3,2"
14444,"2023-04-06",1145,1,44.44,2,1,1,"2,1,1"
2498,"2023-04-06",1145,2,118.42,2,3,2,"2,3,2"
42,"2023-04-06",1145,2,63.13,2,3,1,"2,3,1"
636,"2023-04-06",1145,2,184.54,2,3,3,"2,3,3"
5149,"2023-04-06",1145,1,37.23,2,2,1,"2,2,1"
19303,"2023-04-07",1144,1,353.31,2,1,4,"2,1,4"
12384,"2023-04-07",1144,2,195.24,2,3,3,"2,3,3"
1474,"2023-04-07",1144,1,149.23,2,1,2,"2,1,2"
11442,"2023-04-07",1144,3,214.73,2,5,3,"2,5,3"
5178,"2023-04-07",1144,4,611.20,2,5,5,"2,5,5"
17702,"2023-04-07",1144,1,277.68,2,1,4,"2,1,4"
4839,"2023-04-08",1143,3,561.05,2,4,5,"2,4,5"
556,"2023-04-08",1143,1,40.57,2,1,1,"2,1,1"
19805,"2023-04-08",1143,3,245.51,2,5,3,"2,5,3"
9158,"2023-04-08",1143,2,83.51,2,3,2,"2,3,2"
8624,"2023-04-08",1143,3,99.82,2,4,2,"2,4,2"
16156,"2023-04-08",1143,2,269.10,2,3,4,"2,3,4"
6137,"2023-04-08",1143,2,228.91,2,3,3,"2,3,3"
11203,"2023-04-08",1143,1,55.35,2,1,1,"2,1,1"
16346,"2023-04-09",1142,2,193.17,2,3,3,"2,3,3"
6674,"2023-04-09",1142,3,71.03,2,4,1,"2,4,1"
18157,"2023-04-09",1142,1,429.55,2,2,4,"2,2,4"
19394,"2023-04-09",1142,3,381.96,2,5,4,"2,5,4"
15667,"2023-04-09",1142,2,230.63,2,3,3,"2,3,3"
15341,"2023-04-09",1142,2,354.05,2,4,4,"2,4,4"
8176,"2023-04-09",1142,1,171.54,2,1,3,"2,1,3"
14669,"2023-04-09",1142,1,291.33,2,1,4,"2,1,4"
2965,"2023-04-10",1141,2,1157.80,2,4,5,"2,4,5"
13360,"2023-04-10",1141,3,318.38,2,5,4,"2,5,4"
7661,"2023-04-10",1141,1,444.28,2,2,5,"2,2,5"
12522,"2023-04-10",1141,2,287.47,2,4,4,"2,4,4"
19180,"2023-04-10",1141,2,152.58,2,3,3,"2,3,3"
18537,"2023-04-10",1141,1,259.86,2,1,4,"2,1,4"
9478,"2023-04-10",1141,4,469.13,2,5,5,"2,5,5"
9831,"2023-04-10",1141,2,89.14,2,3,2,"2,3,2"
18364,"2023-04-10",1141,3,304.00,2,4,4,"2,4,4"
8288,"2023-04-10",1141,1,533.17,2,2,5,"2,2,5"
3229,"2023-04-11",1140,1,60.91,2,1,1,"2,1,1"
3884,"2023-04-11",1140,1,144.27,2,1,2,"2,1,2"
17346,"2023-04-11",1140,1,34.32,2,2,1,"2,2,1"
14764,"2023-04-11",1140,3,353.25,2,4,4,"2,4,4"
7616,"2023-04-11",1140,3,266.79,2,4,4,"2,4,4"
16214,"2023-04-12",1139,2,461.05,2,4,5,"2,4,5"
14518,"2023-04-12",1139,2,93.28,2,3,2,"2,3,2"
4957,"2023-04-12",1139,1,91.41,2,2,2,"2,2,2"
12926,"2023-04-12",1139,1,135.15,2,2,2,"2,2,2"
602,"2023-04-12",1139,1,100.77,2,2,2,"2,2,2"
13910,"2023-04-12",1139,1,9.39,2,1,1,"2,1,1"
5093,"2023-04-12",1139,2,287.81,2,4,4,"2,4,4"
3197,"2023-04-12",1139,3,171.17,2,4,3,"2,4,3"
5537,"2023-04-12",1139,1,118.42,2,2,2,"2,2,2"
18894,"2023-04-12",1139,2,125.44,2,3,2,"2,3,2"
1391,"2023-04-13",1138,1,108.27,2,2,2,"2,2,2"
15175,"2023-04-13",1138,1,288.15,2,1,4,"2,1,4"
6554,"2023-04-13",1138,2,116.57,2,3,2,"2,3,2"
11169,"2023-04-13",1138,1,190.25,2,1,3,"2,1,3"
12260,"2023-04-14",1137,1,140.77,2,2,2,"2,2,2"
5302,"2023-04-14",1137,2,210.10,2,3,3,"2,3,3"
9224,"2023-04-14",1137,1,38.70,2,2,1,"2,2,1"
19258,"2023-04-14",1137,2,435.11,2,4,5,"2,4,5"
10395,"2023-04-14",1137,4,393.77,2,5,4,"2,5,4"
16932,"2023-04-14",1137,4,191.09,2,5,3,"2,5,3"
13800,"2023-04-14",1137,1,169.60,2,1,3,"2,1,3"
10305,"2023-04-14",1137,1,46.92,2,1,1,"2,1,1"
7451,"2023-04-14",1137,1,214.39,2,1,3,"2,1,3"
15090,"2023-04-14",1137,4,434.64,2,5,5,"2,5,5"
11116,"2023-04-15",1136,2,488.94,2,4,5,"2,4,5"
1130,"2023-04-15",1136,2,172.86,2,3,3,"2,3,3"
11408,"2023-04-15",1136,1,48.32,2,1,1,"2,1,1"
5205,"2023-04-15",1136,2,119.53,2,3,2,"2,3,2"
5452,"2023-04-15",1136,1,87.15,2,2,2,"2,2,2"
6010,"2023-04-15",1136,2,114.62,2,3,2,"2,3,2"
14539,"2023-04-15",1136,3,612.78,2,4,5,"2,4,5"
7872,"2023-04-15",1136,3,322.57,2,4,4,"2,4,4"
5698,"2023-04-15",1136,1,113.07,2,2,2,"2,2,2"
3738,"2023-04-15",1136,3,227.11,2,5,3,"2,5,3"
12713,"2023-04-16",1135,1,32.32,2,2,1,"2,2,1"
19577,"2023-04-16",1135,2,665.84,2,4,5,"2,4,5"
4667,"2023-04-16",1135,1,29.53,2,2,1,"2,2,1"
11113,"2023-04-16",1135,3,474.32,2,5,5,"2,5,5"
12364,"2023-04-16",1135,3,607.10,2,4,5,"2,4,5"
11592,"2023-04-16",1135,2,213.68,2,3,3,"2,3,3"
10622,"2023-04-17",1134,2,230.51,2,3,3,"2,3,3"
11792,"2023-04-17",1134,2,603.45,2,4,5,"2,4,5"
14836,"2023-04-17",1134,4,489.79,2,5,5,"2,5,5"
19149,"2023-04-17",1134,1,50.46,2,1,1,"2,1,1"
16954,"2023-04-17",1134,2,163.79,2,3,3,"2,3,3"
16691,"2023-04-17",1134,1,173.00,2,1,3,"2,1,3"
15716,"2023-04-18",1133,3,74.36,2,5,2,"2,5,2"
8583,"2023-04-18",1133,3,314.72,2,5,4,"2,5,4"
17436,"2023-04-18",1133,2,151.72,2,3,3,"2,3,3"
16582,"2023-04-18",1133,1,492.26,2,2,5,"2,2,5"
11818,"2023-04-18",1133,1,16.58,2,2,1,"2,2,1"
15570,"2023-04-19",1132,3,513.23,2,5,5,"2,5,5"
12992,"2023-04-19",1132,1,581.51,2,2,5,"2,2,5"
17019,"2023-04-19",1132,2,170.75,2,3,3,"2,3,3"
19588,"2023-04-19",1132,2,448.48,2,4,5,"2,4,5"
10448,"2023-04-19",1132,5,279.03,2,5,4,"2,5,4"
1917,"2023-04-19",1132,2,35.10,2,2,1,"2,2,1"
8073,"2023-04-19",1132,1,62.33,2,1,1,"2,1,1"
16324,"2023-04-19",1132,1,54.65,2,1,1,"2,1,1"
2672,"2023-04-19",1132,3,664.89,2,5,5,"2,5,5"
9189,"2023-04-20",1131,2,143.48,2,3,2,"2,3,2"
9203,"2023-04-20",1131,1,520.84,2,2,5,"2,2,5"
17035,"2023-04-20",1131,1,65.98,2,1,1,"2,1,1"
19372,"2023-04-20",1131,4,630.33,2,5,5,"2,5,5"
19721,"2023-04-20",1131,2,356.92,2,4,4,"2,4,4"
2059,"2023-04-20",1131,3,552.74,2,4,5,"2,4,5"
18414,"2023-04-21",1130,1,208.98,2,1,3,"2,1,3"
13396,"2023-04-21",1130,1,702.00,2,2,5,"2,2,5"
5558,"2023-04-21",1130,2,78.75,2,3,2,"2,3,2"
4247,"2023-04-21",1130,2,229.35,2,3,3,"2,3,3"
19471,"2023-04-21",1130,1,221.55,2,1,3,"2,1,3"
4741,"2023-04-21",1130,2,95.02,2,3,2,"2,3,2"
3943,"2023-04-21",1130,3,333.38,2,4,4,"2,4,4"
9848,"2023-04-21",1130,4,968.18,2,5,5,"2,5,5"
3477,"2023-04-21",1130,1,68.84,2,1,1,"2,1,1"
16825,"2023-04-21",1130,1,234.24,2,1,3,"2,1,3"
16208,"2023-04-22",1129,4,558.63,2,5,5,"2,5,5"
9891,"2023-04-22",1129,1,209.09,2,1,3,"2,1,3"
7739,"2023-04-22",1129,1,68.23,2,1,1,"2,1,1"
17997,"2023-04-22",1129,1,231.93,2,1,3,"2,1,3"
6855,"2023-04-22",1129,2,236.38,2,3,3,"2,3,3"
11812,"2023-04-22",1129,1,100.90,2,2,2,"2,2,2"
17399,"2023-04-22",1129,2,132.58,2,3,2,"2,3,2"
1018,"2023-04-22",1129,5,1202.37,2,5,5,"2,5,5"
15934,"2023-04-22",1129,2,294.05,2,4,4,"2,4,4"
18750,"2023-04-22",1129,1,18.59,2,2,1,"2,2,1"
13522,"2023-04-23",1128,4,467.94,2,5,5,"2,5,5"
912,"2023-04-23",1128,4,114.78,2,5,2,"2,5,2"
6033,"2023-04-23",1128,2,61.70,2,3,1,"2,3,1"
9350,"2023-04-23",1128,2,285.35,2,4,4,"2,4,4"
14074,"2023-04-23",1128,2,116.76,2,3,2,"2,3,2"
2824,"2023-04-23",1128,1,140.29,2,2,2,"2,2,2"
15541,"2023-04-24",1127,1,17.88,2,2,1,"2,2,1"
2879,"2023-04-24",1127,2,85.42,2,3,2,"2,3,2"
13720,"2023-04-24",1127,2,215.57,2,3,3,"2,3,3"
4073,"2023-04-24",1127,2,412.56,2,4,4,"2,4,4"
4772,"2023-04-25",1126,4,809.96,2,5,5,"2,5,5"
5289,"2023-04-25",1126,2,264.87,2,3,4,"2,3,4"
6574,"2023-04-25",1126,1,91.76,2,2,2,"2,2,2"
1470,"2023-04-25",1126,1,67.97,2,1,1,"2,1,1"
3514,"2023-04-25",1126,3,176.58,2,4,3,"2,4,3"
3314,"2023-04-25",1126,2,345.48,2,4,4,"2,4,4"
19210,"2023-04-26",1125,2,132.35,2,3,2,"2,3,2"
6991,"2023-04-26",1125,1,43.30,2,1,1,"2,1,1"
4602,"2023-04-26",1125,2,62.42,2,3,1,"2,3,1"
10763,"2023-04-26",1125,1,97.47,2,2,2,"2,2,2"
6393,"2023-04-26",1125,3,589.38,2,4,5,"2,4,5"
6804,"2023-04-26",1125,3,615.62,2,4,5,"2,4,5"
701,"2023-04-26",1125,1,405.24,2,1,4,"2,1,4"
8433,"2023-04-26",1125,1,38.33,2,2,1,"2,2,1"
11558,"2023-04-26",1125,2,173.05,2,3,3,"2,3,3"
6236,"2023-04-27",1124,1,116.73,2,2,2,"2,2,2"
13037,"2023-04-27",1124,2,92.39,2,3,2,"2,3,2"
16038,"2023-04-27",1124,1,262.59,2,1,4,"2,1,4"
3334,"2023-04-27",1124,1,51.38,2,1,1,"2,1,1"
4190,"2023-04-27",1124,1,34.41,2,2,1,"2,2,1"
3873,"2023-04-27",1124,1,42.24,2,1,1,"2,1,1"
5041,"2023-04-28",1123,5,1106.25,2,5,5,"2,5,5"
18710,"2023-04-28",1123,3,538.40,2,5,5,"2,5,5"
10965,"2023-04-28",1123,2,49.12,2,2,1,"2,2,1"
7786,"2023-04-28",1123,1,146.82,2,1,2,"2,1,2"
5122,"2023-04-28",1123,1,122.56,2,2,2,"2,2,2"
5891,"2023-04-28",1123,1,136.70,2,2,2,"2,2,2"
5743,"2023-04-28",1123,2,428.91,2,4,4,"2,4,4"
15227,"2023-04-28",1123,2,58.09,2,3,1,"2,3,1"
9700,"2023-04-28",1123,2,83.21,2,3,2,"2,3,2"
4082,"2023-04-28",1123,1,151.31,2,1,2,"2,1,2"
13778,"2023-04-28",1123,2,539.81,2,4,5,"2,4,5"
14304,"2023-04-29",1122,3,190.30,2,4,3,"2,4,3"
12981,"2023-04-29",1122,1,116.04,2,2,2,"2,2,2"
6498,"2023-04-29",1122,2,75.65,2,3,2,"2,3,2"
7656,"2023-04-29",1122,1,199.40,2,1,3,"2,1,3"
4478,"2023-04-29",1122,4,623.55,2,5,5,"2,5,5"
9194,"2023-04-29",1122,1,32.05,2,2,1,"2,2,1"
15528,"2023-04-29",1122,1,342.60,2,1,4,"2,1,4"
8694,"2023-04-29",1122,4,473.95,2,5,5,"2,5,5"
6753,"2023-04-30",1121,3,485.78,2,5,5,"2,5,5"
6872,"2023-04-30",1121,3,167.48,2,5,3,"2,5,3"
10816,"2023-04-30",1121,3,170.68,2,4,3,"2,4,3"
15280,"2023-04-30",1121,1,35.78,2,2,1,"2,2,1"
9407,"2023-04-30",1121,2,47.24,2,2,1,"2,2,1"
18521,"2023-04-30",1121,1,223.69,2,1,3,"2,1,3"
6889,"2023-04-30",1121,1,143.80,2,2,2,"2,2,2"
11004,"2023-04-30",1121,1,24.85,2,2,1,"2,2,1"
12044,"2023-05-01",1120,2,231.98,2,3,3,"2,3,3"
14170,"2023-05-01",1120,2,181.41,2,3,3,"2,3,3"
2507,"2023-05-01",1120,2,366.59,2,4,4,"2,4,4"
10282,"2023-05-01",1120,1,233.86,2,1,3,"2,1,3"
14251,"2023-05-01",1120,2,25.69,2,2,1,"2,2,1"
2625,"2023-05-02",1119,1,115.67,2,2,2,"2,2,2"
11034,"2023-05-02",1119,4,292.22,2,5,4,"2,5,4"
9216,"2023-05-02",1119,1,36.81,2,2,1,"2,2,1"
1230,"2023-05-02",1119,4,192.74,2,5,3,"2,5,3"
16990,"2023-05-02",1119,2,59.33,2,3,1,"2,3,1"
10146,"2023-05-02",1119,4,401.13,2,5,4,"2,5,4"
6718,"2023-05-03",1118,1,23.11,2,2,1,"2,2,1"
10264,"2023-05-03",1118,2,256.73,2,3,3,"2,3,3"
12029,"2023-05-03",1118,2,173.82,2,3,3,"2,3,3"
7795,"2023-05-03",1118,1,1307.36,2,1,5,"2,1,5"
3348,"2023-05-03",1118,1,179.40,2,1,3,"2,1,3"
11682,"2023-05-04",1117,2,90.09,2,3,2,"2,3,2"
15391,"2023-05-04",1117,1,29.96,2,2,1,"2,2,1"
5760,"2023-05-04",1117,1,216.18,2,1,3,"2,1,3"
164,"2023-05-04",1117,2,190.90,2,3,3,"2,3,3"
9225,"2023-05-04",1117,2,198.47,2,3,3,"2,3,3"
10531,"2023-05-04",1117,1,23.83,2,2,1,"2,2,1"
9107,"2023-05-04",1117,2,188.27,2,3,3,"2,3,3"
9044,"2023-05-04",1117,2,107.46,2,3,2,"2,3,2"
19766,"2023-05-04",1117,1,662.78,2,2,5,"2,2,5"
15101,"2023-05-04",1117,2,136.25,2,3,2,"2,3,2"
19214,"2023-05-04",1117,1,417.88,2,2,4,"2,2,4"
16429,"2023-05-04",1117,2,41.00,2,2,1,"2,2,1"
9803,"2023-05-05",1116,1,87.34,2,2,2,"2,2,2"
5995,"2023-05-05",1116,3,352.41,2,4,4,"2,4,4"
9130,"2023-05-05",1116,2,226.77,2,3,3,"2,3,3"
19879,"2023-05-05",1116,2,135.61,2,3,2,"2,3,2"
13606,"2023-05-05",1116,1,33.09,2,2,1,"2,2,1"
3437,"2023-05-05",1116,1,26.38,2,2,1,"2,2,1"
7308,"2023-05-05",1116,2,181.49,2,3,3,"2,3,3"
7873,"2023-05-05",1116,4,189.56,2,5,3,"2,5,3"
2188,"2023-05-05",1116,2,185.33,2,3,3,"2,3,3"
15981,"2023-05-06",1115,2,392.50,2,4,4,"2,4,4"
15713,"2023-05-06",1115,3,358.09,2,4,4,"2,4,4"
6556,"2023-05-06",1115,4,349.59,2,5,4,"2,5,4"
11471,"2023-05-06",1115,2,350.23,2,4,4,"2,4,4"
2647,"2023-05-06",1115,1,74.95,2,2,2,"2,2,2"
1796,"2023-05-06",1115,2,624.24,2,4,5,"2,4,5"
18185,"2023-05-06",1115,3,306.50,2,4,4,"2,4,4"
9645,"2023-05-06",1115,2,109.66,2,3,2,"2,3,2"
5201,"2023-05-07",1114,1,60.40,2,1,1,"2,1,1"
9208,"2023-05-07",1114,3,362.88,2,5,4,"2,5,4"
17737,"2023-05-07",1114,2,211.70,2,3,3,"2,3,3"
11963,"2023-05-07",1114,2,291.99,2,4,4,"2,4,4"
8600,"2023-05-07",1114,4,192.82,2,5,3,"2,5,3"
3424,"2023-05-07",1114,3,671.97,2,4,5,"2,4,5"
4920,"2023-05-07",1114,1,173.78,2,1,3,"2,1,3"
7731,"2023-05-07",1114,1,16.28,2,2,1,"2,2,1"
5497,"2023-05-07",1114,3,146.05,2,4,2,"2,4,2"
5065,"2023-05-07",1114,2,297.56,2,4,4,"2,4,4"
12093,"2023-05-07",1114,1,230.81,2,1,3,"2,1,3"
10699,"2023-05-07",1114,2,239.02,2,3,3,"2,3,3"
1064,"2023-05-07",1114,2,402.94,2,4,4,"2,4,4"
4157,"2023-05-08",1113,1,27.89,2,2,1,"2,2,1"
14527,"2023-05-08",1113,2,104.12,2,3,2,"2,3,2"
15599,"2023-05-08",1113,1,16.16,2,2,1,"2,2,1"
26,"2023-05-08",1113,1,5.93,2,2,1,"2,2,1"
17079,"2023-05-08",1113,1,44.57,2,1,1,"2,1,1"
9704,"2023-05-08",1113,1,183.42,2,1,3,"2,1,3"
19504,"2023-05-09",1112,2,98.49,2,3,2,"2,3,2"
2124,"2023-05-09",1112,2,270.78,2,3,4,"2,3,4"
12256,"2023-05-09",1112,3,530.76,2,5,5,"2,5,5"
4544,"2023-05-09",1112,2,44.92,2,2,1,"2,2,1"
15929,"2023-05-09",1112,1,207.65,2,1,3,"2,1,3"
15854,"2023-05-09",1112,2,322.36,2,4,4,"2,4,4"
680,"2023-05-10",1111,2,570.66,2,4,5,"2,4,5"
16886,"2023-05-10",1111,1,234.70,2,1,3,"2,1,3"
9718,"2023-05-10",1111,3,1080.56,2,5,5,"2,5,5"
17824,"2023-05-10",1111,2,315.92,2,4,4,"2,4,4"
18587,"2023-05-10",1111,1,33.60,2,2,1,"2,2,1"
2618,"2023-05-10",1111,3,181.96,2,5,3,"2,5,3"
14366,"2023-05-11",1110,3,296.48,2,4,4,"2,4,4"
16468,"2023-05-11",1110,1,39.50,2,2,1,"2,2,1"
8468,"2023-05-11",1110,2,208.58,2,3,3,"2,3,3"
13426,"2023-05-11",1110,1,186.12,2,1,3,"2,1,3"
9008,"2023-05-11",1110,2,133.22,2,3,2,"2,3,2"
11733,"2023-05-11",1110,1,184.06,2,1,3,"2,1,3"
8711,"2023-05-11",1110,1,91.50,2,2,2,"2,2,2"
6834,"2023-05-11",1110,3,124.98,2,5,2,"2,5,2"
16363,"2023-05-11",1110,1,100.30,2,2,2,"2,2,2"
5615,"2023-05-12",1109,2,151.08,2,3,2,"2,3,2"
8140,"2023-05-12",1109,3,465.09,2,5,5,"2,5,5"
11889,"2023-05-12",1109,4,337.33,2,5,4,"2,5,4"
3946,"2023-05-12",1109,2,274.04,2,3,4,"2,3,4"
14046,"2023-05-12",1109,1,425.41,2,2,4,"2,2,4"
19886,"2023-05-12",1109,2,148.11,2,3,2,"2,3,2"
17218,"2023-05-12",1109,2,184.01,2,3,3,"2,3,3"
1471,"2023-05-12",1109,2,296.75,2,4,4,"2,4,4"
16293,"2023-05-12",1109,2,143.84,2,3,2,"2,3,2"
6082,"2023-05-12",1109,2,311.45,2,4,4,"2,4,4"
2415,"2023-05-13",1108,2,64.66,2,3,1,"2,3,1"
2337,"2023-05-13",1108,2,145.93,2,3,2,"2,3,2"
9715,"2023-05-13",1108,2,150.04,2,3,2,"2,3,2"
11133,"2023-05-13",1108,1,458.04,2,2,5,"2,2,5"
8211,"2023-05-13",1108,1,238.25,2,1,3,"2,1,3"
8087,"2023-05-13",1108,1,16.04,2,2,1,"2,2,1"
18949,"2023-05-14",1107,2,56.16,2,2,1,"2,2,1"
13797,"2023-05-14",1107,1,134.25,2,2,2,"2,2,2"
16581,"2023-05-14",1107,2,698.79,2,4,5,"2,4,5"
3537,"2023-05-14",1107,1,207.28,2,1,3,"2,1,3"
2237,"2023-05-14",1107,4,401.56,2,5,4,"2,5,4"
5002,"2023-05-15",1106,2,325.37,2,4,4,"2,4,4"
6547,"2023-05-15",1106,1,35.95,2,2,1,"2,2,1"
12310,"2023-05-15",1106,4,565.69,2,5,5,"2,5,5"
4280,"2023-05-15",1106,1,156.27,2,1,3,"2,1,3"
19967,"2023-05-15",1106,1,110.34,2,2,2,"2,2,2"
8313,"2023-05-15",1106,1,152.46,2,1,3,"2,1,3"
6466,"2023-05-15",1106,2,250.91,2,3,3,"2,3,3"
6375,"2023-05-15",1106,2,962.46,2,4,5,"2,4,5"
11229,"2023-05-15",1106,2,621.59,2,4,5,"2,4,5"
3508,"2023-05-15",1106,1,73.34,2,1,1,"2,1,1"
7534,"2023-05-15",1106,3,241.95,2,5,3,"2,5,3"
1132,"2023-05-15",1106,1,389.38,2,1,4,"2,1,4"
19752,"2023-05-15",1106,1,163.36,2,1,3,"2,1,3"
18027,"2023-05-16",1105,3,664.39,2,5,5,"2,5,5"
6626,"2023-05-16",1105,2,191.86,2,3,3,"2,3,3"
11696,"2023-05-16",1105,1,152.91,2,1,3,"2,1,3"
3541,"2023-05-16",1105,1,25.59,2,2,1,"2,2,1"
1712,"2023-05-16",1105,3,295.98,2,4,4,"2,4,4"
2078,"2023-05-16",1105,3,1264.53,2,5,5,"2,5,5"
10897,"2023-05-16",1105,2,64.76,2,3,1,"2,3,1"
17486,"2023-05-16",1105,1,32.53,2,2,1,"2,2,1"
18276,"2023-05-16",1105,2,215.85,2,3,3,"2,3,3"
16936,"2023-05-17",1104,1,50.72,2,1,1,"2,1,1"
1292,"2023-05-17",1104,3,371.54,2,5,4,"2,5,4"
18352,"2023-05-17",1104,2,283.19,2,3,4,"2,3,4"
15774,"2023-05-17",1104,1,168.29,2,1,3,"2,1,3"
19408,"2023-05-17",1104,2,136.67,2,3,2,"2,3,2"
15408,"2023-05-17",1104,1,271.57,2,1,4,"2,1,4"
2664,"2023-05-17",1104,1,110.26,2,2,2,"2,2,2"
14652,"2023-05-17",1104,2,187.78,2,3,3,"2,3,3"
11191,"2023-05-18",1103,3,120.39,2,5,2,"2,5,2"
182,"2023-05-18",1103,1,139.43,2,2,2,"2,2,2"
16034,"2023-05-18",1103,1,26.98,2,2,1,"2,2,1"
10559,"2023-05-18",1103,1,214.79,2,1,3,"2,1,3"
6936,"2023-05-18",1103,2,292.67,2,4,4,"2,4,4"
4241,"2023-05-18",1103,3,151.83,2,4,3,"2,4,3"
14402,"2023-05-18",1103,1,225.30,2,1,3,"2,1,3"
7157,"2023-05-18",1103,1,8.85,2,1,1,"2,1,1"
15625,"2023-05-18",1103,1,27.68,2,2,1,"2,2,1"
11038,"2023-05-18",1103,2,46.46,2,2,1,"2,2,1"
8020,"2023-05-18",1103,2,62.74,2,3,1,"2,3,1"
4135,"2023-05-18",1103,2,621.12,2,4,5,"2,4,5"
4015,"2023-05-19",1102,4,394.90,2,5,4,"2,5,4"
13157,"2023-05-19",1102,2,658.34,2,4,5,"2,4,5"
5817,"2023-05-19",1102,2,77.80,2,3,2,"2,3,2"
13191,"2023-05-19",1102,1,141.12,2,2,2,"2,2,2"
16546,"2023-05-19",1102,1,35.56,2,2,1,"2,2,1"
13478,"2023-05-19",1102,2,90.34,2,3,2,"2,3,2"
16470,"2023-05-19",1102,2,37.78,2,2,1,"2,2,1"
17245,"2023-05-19",1102,1,85.81,2,2,2,"2,2,2"
1375,"2023-05-19",1102,1,228.90,2,1,3,"2,1,3"
17176,"2023-05-19",1102,2,414.15,2,4,4,"2,4,4"
3133,"2023-05-20",1101,1,29.22,2,2,1,"2,2,1"
2658,"2023-05-20",1101,1,58.12,2,1,1,"2,1,1"
16264,"2023-05-20",1101,2,467.72,2,4,5,"2,4,5"
9226,"2023-05-20",1101,1,55.29,2,1,1,"2,1,1"
4430,"2023-05-20",1101,3,294.81,2,4,4,"2,4,4"
6974,"2023-05-20",1101,1,21.25,2,2,1,"2,2,1"
15401,"2023-05-20",1101,3,740.12,2,4,5,"2,4,5"
17178,"2023-05-20",1101,2,136.12,2,3,2,"2,3,2"
4130,"2023-05-21",1100,1,135.49,2,2,2,"2,2,2"
11988,"2023-05-21",1100,1,30.71,2,2,1,"2,2,1"
3959,"2023-05-21",1100,1,80.48,2,2,2,"2,2,2"
10042,"2023-05-21",1100,2,680.25,2,4,5,"2,4,5"
18757,"2023-05-21",1100,1,88.62,2,2,2,"2,2,2"
18910,"2023-05-21",1100,2,150.23,2,3,2,"2,3,2"
10199,"2023-05-21",1100,2,355.26,2,4,4,"2,4,4"
6386,"2023-05-21",1100,2,143.66,2,3,2,"2,3,2"
13312,"2023-05-21",1100,2,206.05,2,3,3,"2,3,3"
775,"2023-05-22",1099,4,326.02,2,5,4,"2,5,4"
19478,"2023-05-22",1099,3,570.44,2,4,5,"2,4,5"
10170,"2023-05-22",1099,3,367.02,2,5,4,"2,5,4"
32,"2023-05-22",1099,1,75.05,2,2,2,"2,2,2"
19003,"2023-05-22",1099,2,254.39,2,3,3,"2,3,3"
2231,"2023-05-22",1099,2,199.45,2,3,3,"2,3,3"
11461,"2023-05-22",1099,2,117.05,2,3,2,"2,3,2"
12716,"2023-05-22",1099,2,484.73,2,4,5,"2,4,5"
19131,"2023-05-22",1099,1,233.05,2,1,3,"2,1,3"
9818,"2023-05-22",1099,2,175.56,2,3,3,"2,3,3"
17929,"2023-05-23",1098,1,858.70,2,2,5,"2,2,5"
2651,"2023-05-23",1098,2,97.54,2,3,2,"2,3,2"
13780,"2023-05-23",1098,2,774.30,2,4,5,"2,4,5"
6676,"2023-05-23",1098,1,48.47,2,1,1,"2,1,1"
15825,"2023-05-23",1098,4,613.68,2,5,5,"2,5,5"
15414,"2023-05-23",1098,5,779.71,2,5,5,"2,5,5"
17583,"2023-05-23",1098,1,558.57,2,2,5,"2,2,5"
3976,"2023-05-23",1098,1,76.45,2,2,2,"2,2,2"
17775,"2023-05-24",1097,4,653.56,2,5,5,"2,5,5"
19100,"2023-05-24",1097,3,1011.19,2,4,5,"2,4,5"
7702,"2023-05-24",1097,4,431.89,2,5,5,"2,5,5"
2590,"2023-05-24",1097,2,166.62,2,3,3,"2,3,3"
15230,"2023-05-24",1097,1,85.45,2,2,2,"2,2,2"
7560,"2023-05-24",1097,4,688.12,2,5,5,"2,5,5"
8036,"2023-05-24",1097,3,481.41,2,5,5,"2,5,5"
18233,"2023-05-24",1097,1,58.02,2,1,1,"2,1,1"
15557,"2023-05-24",1097,1,123.10,2,2,2,"2,2,2"
10675,"2023-05-25",1096,3,227.11,2,5,3,"2,5,3"
1096,"2023-05-25",1096,3,269.01,2,4,4,"2,4,4"
13246,"2023-05-25",1096,1,922.38,2,1,5,"2,1,5"
2859,"2023-05-25",1096,2,117.77,2,3,2,"2,3,2"
8150,"2023-05-26",1095,1,241.93,2,1,3,"2,1,3"
16686,"2023-05-26",1095,2,67.58,2,3,1,"2,3,1"
7054,"2023-05-27",1094,1,9.20,2,1,1,"2,1,1"
7628,"2023-05-27",1094,2,134.67,2,3,2,"2,3,2"
6292,"2023-05-27",1094,3,603.76,2,4,5,"2,4,5"
8217,"2023-05-27",1094,3,243.04,2,5,3,"2,5,3"
15240,"2023-05-27",1094,1,20.73,2,2,1,"2,2,1"
12203,"2023-05-27",1094,3,605.54,2,4,5,"2,4,5"
13383,"2023-05-28",1093,2,194.57,2,3,3,"2,3,3"
512,"2023-05-28",1093,1,89.90,2,2,2,"2,2,2"
17268,"2023-05-28",1093,1,7.89,2,1,1,"2,1,1"
12480,"2023-05-28",1093,1,408.18,2,1,4,"2,1,4"
7863,"2023-05-28",1093,1,247.95,2,1,3,"2,1,3"
6819,"2023-05-28",1093,4,524.48,2,5,5,"2,5,5"
15415,"2023-05-28",1093,2,64.80,2,3,1,"2,3,1"
10855,"2023-05-28",1093,1,41.61,2,1,1,"2,1,1"
4736,"2023-05-28",1093,1,24.73,2,2,1,"2,2,1"
10026,"2023-05-29",1092,3,374.38,2,5,4,"2,5,4"
18838,"2023-05-29",1092,2,74.24,2,3,2,"2,3,2"
10386,"2023-05-29",1092,2,230.19,2,3,3,"2,3,3"
18813,"2023-05-29",1092,3,723.55,2,4,5,"2,4,5"
10027,"2023-05-29",1092,2,106.65,2,3,2,"2,3,2"
779,"2023-05-29",1092,1,7.45,2,1,1,"2,1,1"
3264,"2023-05-29",1092,3,797.80,2,5,5,"2,5,5"
14196,"2023-05-29",1092,2,265.45,2,3,4,"2,3,4"
14624,"2023-05-30",1091,2,109.83,2,3,2,"2,3,2"
2607,"2023-05-30",1091,2,160.00,2,3,3,"2,3,3"
18475,"2023-05-30",1091,1,304.49,2,1,4,"2,1,4"
5475,"2023-05-30",1091,3,436.27,2,5,5,"2,5,5"
9586,"2023-05-30",1091,2,429.05,2,4,4,"2,4,4"
13048,"2023-05-30",1091,2,187.50,2,3,3,"2,3,3"
10341,"2023-05-30",1091,1,30.62,2,2,1,"2,2,1"
2894,"2023-05-30",1091,1,89.40,2,2,2,"2,2,2"
1994,"2023-05-31",1090,1,188.95,2,1,3,"2,1,3"
15200,"2023-05-31",1090,1,78.77,2,2,2,"2,2,2"
5677,"2023-05-31",1090,3,234.79,2,5,3,"2,5,3"
23,"2023-05-31",1090,1,57.19,2,1,1,"2,1,1"
645,"2023-05-31",1090,2,273.41,2,3,4,"2,3,4"
14132,"2023-05-31",1090,3,309.28,2,5,4,"2,5,4"
13713,"2023-05-31",1090,2,605.13,2,4,5,"2,4,5"
200,"2023-05-31",1090,2,104.17,2,3,2,"2,3,2"
1314,"2023-05-31",1090,2,544.68,2,4,5,"2,4,5"
14000,"2023-06-01",1089,1,293.06,2,1,4,"2,1,4"
16521,"2023-06-01",1089,1,92.13,2,2,2,"2,2,2"
5946,"2023-06-01",1089,3,890.72,2,5,5,"2,5,5"
10547,"2023-06-01",1089,5,1247.43,2,5,5,"2,5,5"
7311,"2023-06-01",1089,2,434.24,2,4,5,"2,4,5"
8981,"2023-06-01",1089,3,141.07,2,4,2,"2,4,2"
892,"2023-06-01",1089,2,140.94,2,3,2,"2,3,2"
13413,"2023-06-02",1088,2,244.36,2,3,3,"2,3,3"
9789,"2023-06-02",1088,1,43.65,2,1,1,"2,1,1"
5479,"2023-06-02",1088,2,468.90,2,4,5,"2,4,5"
16397,"2023-06-02",1088,1,59.05,2,1,1,"2,1,1"
2374,"2023-06-02",1088,2,185.29,2,3,3,"2,3,3"
4279,"2023-06-02",1088,1,44.56,2,1,1,"2,1,1"
8533,"2023-06-02",1088,1,14.24,2,1,1,"2,1,1"
2790,"2023-06-02",1088,2,185.38,2,3,3,"2,3,3"
7305,"2023-06-02",1088,1,148.96,2,1,2,"2,1,2"
5387,"2023-06-02",1088,1,84.54,2,2,2,"2,2,2"
2554,"2023-06-03",1087,4,391.03,2,5,4,"2,5,4"
19262,"2023-06-03",1087,2,176.23,2,3,3,"2,3,3"
18158,"2023-06-03",1087,2,616.35,2,4,5,"2,4,5"
14706,"2023-06-03",1087,1,40.43,2,1,1,"2,1,1"
4441,"2023-06-03",1087,2,295.10,2,4,4,"2,4,4"
3834,"2023-06-03",1087,3,529.89,2,5,5,"2,5,5"
12466,"2023-06-03",1087,1,233.62,2,1,3,"2,1,3"
9176,"2023-06-04",1086,4,443.19,2,5,5,"2,5,5"
6610,"2023-06-04",1086,1,67.59,2,1,1,"2,1,1"
11504,"2023-06-04",1086,1,183.35,2,1,3,"2,1,3"
4840,"2023-06-04",1086,2,801.09,2,4,5,"2,4,5"
10130,"2023-06-04",1086,2,545.56,2,4,5,"2,4,5"
1947,"2023-06-04",1086,2,144.84,2,3,2,"2,3,2"
2760,"2023-06-05",1085,2,335.03,2,4,4,"2,4,4"
1169,"2023-06-05",1085,2,145.81,2,3,2,"2,3,2"
103,"2023-06-05",1085,1,12.37,2,1,1,"2,1,1"
10217,"2023-06-05",1085,3,265.97,2,4,4,"2,4,4"
5685,"2023-06-05",1085,2,382.35,2,4,4,"2,4,4"
3902,"2023-06-05",1085,1,482.02,2,2,5,"2,2,5"
10250,"2023-06-06",1084,1,70.14,2,1,1,"2,1,1"
4692,"2023-06-06",1084,2,158.16,2,3,3,"2,3,3"
15612,"2023-06-06",1084,3,371.19,2,5,4,"2,5,4"
2799,"2023-06-06",1084,2,179.67,2,3,3,"2,3,3"
6272,"2023-06-06",1084,1,53.69,2,1,1,"2,1,1"
13190,"2023-06-06",1084,2,35.14,2,2,1,"2,2,1"
1706,"2023-06-06",1084,4,463.71,2,5,5,"2,5,5"
19939,"2023-06-06",1084,1,69.63,2,1,1,"2,1,1"
15379,"2023-06-06",1084,1,234.00,2,1,3,"2,1,3"
9468,"2023-06-06",1084,1,413.44,2,2,4,"2,2,4"
3621,"2023-06-06",1084,2,51.26,2,2,1,"2,2,1"
5578,"2023-06-06",1084,2,324.83,2,4,4,"2,4,4"
8490,"2023-06-06",1084,4,993.18,2,5,5,"2,5,5"
5831,"2023-06-06",1084,2,106.25,2,3,2,"2,3,2"
7816,"2023-06-06",1084,1,246.21,2,1,3,"2,1,3"
14509,"2023-06-07",1083,2,723.58,2,4,5,"2,4,5"
3818,"2023-06-07",1083,2,224.01,2,3,3,"2,3,3"
8572,"2023-06-08",1082,2,110.73,2,3,2,"2,3,2"
17388,"2023-06-08",1082,1,90.33,2,2,2,"2,2,2"
769,"2023-06-08",1082,2,908.51,2,4,5,"2,4,5"
6117,"2023-06-08",1082,2,83.61,2,3,2,"2,3,2"
5724,"2023-06-08",1082,3,271.09,2,4,4,"2,4,4"
9352,"2023-06-08",1082,1,29.17,2,2,1,"2,2,1"
5164,"2023-06-08",1082,3,885.82,2,5,5,"2,5,5"
17405,"2023-06-09",1081,2,515.56,2,4,5,"2,4,5"
12882,"2023-06-09",1081,3,123.24,2,5,2,"2,5,2"
7666,"2023-06-09",1081,2,343.49,2,4,4,"2,4,4"
19380,"2023-06-09",1081,2,109.65,2,3,2,"2,3,2"
16212,"2023-06-09",1081,2,168.64,2,3,3,"2,3,3"
15376,"2023-06-09",1081,3,165.81,2,4,3,"2,4,3"
16315,"2023-06-09",1081,1,15.89,2,2,1,"2,2,1"
9913,"2023-06-09",1081,2,358.84,2,4,4,"2,4,4"
5584,"2023-06-09",1081,3,939.02,2,4,5,"2,4,5"
11311,"2023-06-10",1080,4,428.00,2,5,4,"2,5,4"
5257,"2023-06-10",1080,2,352.02,2,4,4,"2,4,4"
12468,"2023-06-10",1080,1,60.73,2,1,1,"2,1,1"
2265,"2023-06-10",1080,2,869.15,2,4,5,"2,4,5"
16414,"2023-06-10",1080,2,216.68,2,3,3,"2,3,3"
2398,"2023-06-10",1080,2,36.09,2,2,1,"2,2,1"
4910,"2023-06-10",1080,1,118.78,2,2,2,"2,2,2"
16487,"2023-06-10",1080,4,1030.49,2,5,5,"2,5,5"
17755,"2023-06-10",1080,1,20.73,2,2,1,"2,2,1"
14425,"2023-06-10",1080,2,314.38,2,4,4,"2,4,4"
13609,"2023-06-11",1079,1,100.53,2,2,2,"2,2,2"
18890,"2023-06-11",1079,2,332.93,2,4,4,"2,4,4"
4820,"2023-06-11",1079,3,318.01,2,5,4,"2,5,4"
14362,"2023-06-11",1079,1,34.57,2,2,1,"2,2,1"
17501,"2023-06-11",1079,1,43.62,2,1,1,"2,1,1"
4577,"2023-06-11",1079,1,38.16,2,2,1,"2,2,1"
7188,"2023-06-11",1079,3,557.90,2,4,5,"2,4,5"
10704,"2023-06-11",1079,2,252.40,2,3,3,"2,3,3"
2272,"2023-06-11",1079,2,158.96,2,3,3,"2,3,3"
4198,"2023-06-12",1078,2,236.22,2,3,3,"2,3,3"
11621,"2023-06-12",1078,3,1343.71,2,5,5,"2,5,5"
11977,"2023-06-12",1078,2,221.17,2,3,3,"2,3,3"
3672,"2023-06-12",1078,3,201.16,2,4,3,"2,4,3"
14407,"2023-06-12",1078,3,346.98,2,5,4,"2,5,4"
4473,"2023-06-12",1078,1,273.09,2,1,4,"2,1,4"
858,"2023-06-12",1078,2,543.26,2,4,5,"2,4,5"
12884,"2023-06-12",1078,3,378.71,2,5,4,"2,5,4"
7820,"2023-06-12",1078,2,180.83,2,3,3,"2,3,3"
5117,"2023-06-13",1077,4,711.50,2,5,5,"2,5,5"
19973,"2023-06-13",1077,2,317.62,2,4,4,"2,4,4"
2386,"2023-06-13",1077,3,440.22,2,5,5,"2,5,5"
3340,"2023-06-13",1077,2,58.44,2,3,1,"2,3,1"
17944,"2023-06-13",1077,2,84.99,2,3,2,"2,3,2"
13427,"2023-06-14",1076,3,622.57,2,5,5,"2,5,5"
14365,"2023-06-14",1076,4,495.10,2,5,5,"2,5,5"
882,"2023-06-14",1076,1,135.02,2,2,2,"2,2,2"
18686,"2023-06-14",1076,1,174.39,2,1,3,"2,1,3"
4093,"2023-06-14",1076,2,48.06,2,2,1,"2,2,1"
9204,"2023-06-15",1075,2,92.77,2,3,2,"2,3,2"
8445,"2023-06-15",1075,1,226.82,2,1,3,"2,1,3"
11820,"2023-06-15",1075,1,131.38,2,2,2,"2,2,2"
12568,"2023-06-15",1075,2,207.42,2,3,3,"2,3,3"
5981,"2023-06-15",1075,3,642.75,2,4,5,"2,4,5"
17087,"2023-06-15",1075,1,4.86,2,2,1,"2,2,1"
16211,"2023-06-15",1075,1,48.65,2,1,1,"2,1,1"
4646,"2023-06-15",1075,1,97.28,2,2,2,"2,2,2"
16626,"2023-06-15",1075,1,15.86,2,2,1,"2,2,1"
3686,"2023-06-15",1075,2,111.05,2,3,2,"2,3,2"
4665,"2023-06-15",1075,3,291.81,2,4,4,"2,4,4"
13022,"2023-06-16",1074,1,46.90,2,1,1,"2,1,1"
16175,"2023-06-16",1074,3,234.03,2,5,3,"2,5,3"
16029,"2023-06-16",1074,3,357.91,2,4,4,"2,4,4"
9396,"2023-06-16",1074,2,664.20,2,4,5,"2,4,5"
19911,"2023-06-16",1074,1,183.92,2,1,3,"2,1,3"
19541,"2023-06-16",1074,1,14.73,2,1,1,"2,1,1"
6997,"2023-06-16",1074,3,607.43,2,4,5,"2,4,5"
4512,"2023-06-16",1074,2,653.28,2,4,5,"2,4,5"
1195,"2023-06-17",1073,2,546.72,2,4,5,"2,4,5"
9537,"2023-06-17",1073,1,92.53,2,2,2,"2,2,2"
907,"2023-06-17",1073,4,316.46,2,5,4,"2,5,4"
3317,"2023-06-17",1073,1,12.73,2,1,1,"2,1,1"
17954,"2023-06-17",1073,4,644.49,2,5,5,"2,5,5"
15597,"2023-06-17",1073,2,854.59,2,4,5,"2,4,5"
1770,"2023-06-17",1073,3,178.00,2,5,3,"2,5,3"
11443,"2023-06-18",1072,1,208.98,2,1,3,"2,1,3"
10671,"2023-06-18",1072,5,500.54,2,5,5,"2,5,5"
5062,"2023-06-18",1072,2,171.26,2,3,3,"2,3,3"
19669,"2023-06-18",1072,3,132.70,2,5,2,"2,5,2"
13959,"2023-06-18",1072,2,254.10,2,3,3,"2,3,3"
16776,"2023-06-18",1072,2,157.25,2,3,3,"2,3,3"
5249,"2023-06-18",1072,2,25.04,2,2,1,"2,2,1"
14845,"2023-06-18",1072,2,178.49,2,3,3,"2,3,3"
16123,"2023-06-18",1072,1,223.16,2,1,3,"2,1,3"
11189,"2023-06-18",1072,1,97.11,2,2,2,"2,2,2"
14576,"2023-06-19",1071,1,58.66,2,1,1,"2,1,1"
4672,"2023-06-19",1071,1,464.48,2,2,5,"2,2,5"
369,"2023-06-19",1071,3,510.79,2,5,5,"2,5,5"
4558,"2023-06-19",1071,2,272.78,2,3,4,"2,3,4"
11686,"2023-06-19",1071,2,70.29,2,3,1,"2,3,1"
8174,"2023-06-20",1070,3,443.62,2,5,5,"2,5,5"
10738,"2023-06-20",1070,1,44.46,2,1,1,"2,1,1"
7520,"2023-06-20",1070,3,193.59,2,4,3,"2,4,3"
14056,"2023-06-20",1070,1,145.09,2,1,2,"2,1,2"
4749,"2023-06-20",1070,3,1058.53,2,4,5,"2,4,5"
4498,"2023-06-20",1070,1,79.30,2,2,2,"2,2,2"
9786,"2023-06-20",1070,2,375.82,2,4,4,"2,4,4"
12343,"2023-06-20",1070,2,190.16,2,3,3,"2,3,3"
18657,"2023-06-20",1070,1,38.86,2,2,1,"2,2,1"
12807,"2023-06-20",1070,2,175.79,2,3,3,"2,3,3"
3035,"2023-06-21",1069,1,60.44,2,1,1,"2,1,1"
2358,"2023-06-21",1069,2,410.55,2,4,4,"2,4,4"
7665,"2023-06-21",1069,2,279.72,2,3,4,"2,3,4"
835,"2023-06-21",1069,3,506.48,2,5,5,"2,5,5"
15768,"2023-06-21",1069,1,116.37,2,2,2,"2,2,2"
19398,"2023-06-22",1068,3,966.37,2,4,5,"2,4,5"
13453,"2023-06-22",1068,2,245.40,2,3,3,"2,3,3"
10778,"2023-06-22",1068,3,374.17,2,5,4,"2,5,4"
4466,"2023-06-22",1068,1,91.63,2,2,2,"2,2,2"
3999,"2023-06-22",1068,1,69.87,2,1,1,"2,1,1"
16240,"2023-06-22",1068,2,734.02,2,4,5,"2,4,5"
9413,"2023-06-22",1068,3,995.47,2,4,5,"2,4,5"
16849,"2023-06-23",1067,2,58.26,2,3,1,"2,3,1"
15251,"2023-06-23",1067,2,118.47,2,3,2,"2,3,2"
16558,"2023-06-23",1067,4,763.38,2,5,5,"2,5,5"
17730,"2023-06-23",1067,5,455.25,2,5,5,"2,5,5"
15170,"2023-06-23",1067,3,386.21,2,4,4,"2,4,4"
10658,"2023-06-23",1067,3,264.52,2,4,4,"2,4,4"
1383,"2023-06-23",1067,2,283.12,2,3,4,"2,3,4"
17872,"2023-06-23",1067,2,338.61,2,4,4,"2,4,4"
7818,"2023-06-23",1067,1,36.85,2,2,1,"2,2,1"
7203,"2023-06-23",1067,1,436.59,2,2,5,"2,2,5"
16838,"2023-06-24",1066,1,55.45,2,1,1,"2,1,1"
730,"2023-06-24",1066,2,563.06,2,4,5,"2,4,5"
16133,"2023-06-24",1066,1,286.60,2,1,4,"2,1,4"
5083,"2023-06-24",1066,1,544.18,2,2,5,"2,2,5"
5979,"2023-06-24",1066,1,172.31,2,1,3,"2,1,3"
11472,"2023-06-25",1065,1,470.11,2,2,5,"2,2,5"
15694,"2023-06-25",1065,1,129.85,2,2,2,"2,2,2"
4134,"2023-06-25",1065,4,342.95,2,5,4,"2,5,4"
5631,"2023-06-25",1065,1,77.70,2,2,2,"2,2,2"
18060,"2023-06-25",1065,1,276.30,2,1,4,"2,1,4"
458,"2023-06-25",1065,3,163.92,2,4,3,"2,4,3"
8143,"2023-06-25",1065,1,12.76,2,1,1,"2,1,1"
1705,"2023-06-25",1065,1,28.04,2,2,1,"2,2,1"
2140,"2023-06-25",1065,3,197.05,2,4,3,"2,4,3"
11031,"2023-06-25",1065,2,144.41,2,3,2,"2,3,2"
8955,"2023-06-25",1065,1,631.80,2,2,5,"2,2,5"
5873,"2023-06-26",1064,2,236.25,2,3,3,"2,3,3"
17420,"2023-06-26",1064,1,98.99,2,2,2,"2,2,2"
11736,"2023-06-26",1064,2,362.17,2,4,4,"2,4,4"
14592,"2023-06-26",1064,2,310.75,2,4,4,"2,4,4"
13003,"2023-06-26",1064,2,400.42,2,4,4,"2,4,4"
9641,"2023-06-26",1064,2,229.73,2,3,3,"2,3,3"
12352,"2023-06-26",1064,1,28.59,2,2,1,"2,2,1"
16515,"2023-06-26",1064,1,39.58,2,2,1,"2,2,1"
18512,"2023-06-26",1064,2,311.15,2,4,4,"2,4,4"
2014,"2023-06-27",1063,2,146.36,2,3,2,"2,3,2"
16697,"2023-06-27",1063,3,1110.07,2,4,5,"2,4,5"
909,"2023-06-27",1063,3,386.67,2,4,4,"2,4,4"
16209,"2023-06-27",1063,2,152.20,2,3,3,"2,3,3"
8300,"2023-06-27",1063,2,144.32,2,3,2,"2,3,2"
8342,"2023-06-27",1063,2,346.80,2,4,4,"2,4,4"
9440,"2023-06-27",1063,1,124.65,2,2,2,"2,2,2"
17332,"2023-06-27",1063,1,203.10,2,1,3,"2,1,3"
3149,"2023-06-27",1063,1,136.27,2,2,2,"2,2,2"
16585,"2023-06-27",1063,1,112.00,2,2,2,"2,2,2"
11628,"2023-06-28",1062,3,875.10,2,5,5,"2,5,5"
5228,"2023-06-28",1062,1,77.72,2,2,2,"2,2,2"
3272,"2023-06-28",1062,1,154.20,2,1,3,"2,1,3"
10008,"2023-06-28",1062,3,125.87,2,5,2,"2,5,2"
4680,"2023-06-28",1062,2,222.01,2,3,3,"2,3,3"
14481,"2023-06-29",1061,2,272.88,2,3,4,"2,3,4"
18307,"2023-06-29",1061,3,243.06,2,5,3,"2,5,3"
16718,"2023-06-29",1061,3,403.12,2,4,4,"2,4,4"
19829,"2023-06-29",1061,4,264.88,2,5,4,"2,5,4"
16154,"2023-06-29",1061,2,134.53,2,3,2,"2,3,2"
16661,"2023-06-29",1061,2,258.77,2,3,4,"2,3,4"
10159,"2023-06-29",1061,2,180.99,2,3,3,"2,3,3"
18248,"2023-06-29",1061,4,629.75,2,5,5,"2,5,5"
6516,"2023-06-30",1060,3,392.58,2,4,4,"2,4,4"
8318,"2023-06-30",1060,2,259.62,2,3,4,"2,3,4"
6080,"2023-06-30",1060,2,187.17,2,3,3,"2,3,3"
980,"2023-06-30",1060,2,193.92,2,3,3,"2,3,3"
14410,"2023-06-30",1060,1,30.52,2,2,1,"2,2,1"
16313,"2023-06-30",1060,3,317.14,2,5,4,"2,5,4"
17290,"2023-06-30",1060,1,62.36,2,1,1,"2,1,1"
13200,"2023-06-30",1060,1,11.20,2,1,1,"2,1,1"
5581,"2023-07-01",1059,2,268.18,2,3,4,"2,3,4"
5865,"2023-07-01",1059,6,1011.23,2,5,5,"2,5,5"
5998,"2023-07-01",1059,4,791.16,2,5,5,"2,5,5"
7148,"2023-07-01",1059,2,682.61,2,4,5,"2,4,5"
16488,"2023-07-01",1059,2,176.03,2,3,3,"2,3,3"
6403,"2023-07-01",1059,1,67.84,2,1,1,"2,1,1"
11355,"2023-07-01",1059,2,591.81,2,4,5,"2,4,5"
206,"2023-07-01",1059,2,275.33,2,3,4,"2,3,4"
3741,"2023-07-02",1058,1,472.93,2,2,5,"2,2,5"
9916,"2023-07-02",1058,1,195.10,2,1,3,"2,1,3"
9697,"2023-07-02",1058,2,249.97,2,3,3,"2,3,3"
1441,"2023-07-02",1058,1,78.36,2,2,2,"2,2,2"
6122,"2023-07-03",1057,2,582.68,2,4,5,"2,4,5"
11839,"2023-07-03",1057,2,166.37,2,3,3,"2,3,3"
17611,"2023-07-03",1057,4,216.34,2,5,3,"2,5,3"
10648,"2023-07-03",1057,1,183.44,2,1,3,"2,1,3"
19152,"2023-07-03",1057,3,680.69,2,4,5,"2,4,5"
7943,"2023-07-03",1057,1,185.42,2,1,3,"2,1,3"
16731,"2023-07-03",1057,1,39.94,2,1,1,"2,1,1"
3100,"2023-07-04",1056,2,90.77,2,3,2,"2,3,2"
12238,"2023-07-04",1056,1,31.28,2,2,1,"2,2,1"
3950,"2023-07-04",1056,3,144.23,2,4,2,"2,4,2"
5358,"2023-07-04",1056,1,441.69,2,2,5,"2,2,5"
817,"2023-07-04",1056,2,301.63,2,4,4,"2,4,4"
8164,"2023-07-04",1056,1,49.90,2,1,1,"2,1,1"
7202,"2023-07-04",1056,4,372.80,2,5,4,"2,5,4"
11419,"2023-07-04",1056,2,148.82,3,3,2,"3,3,2"
9652,"2023-07-04",1056,3,57.91,3,5,1,"3,5,1"
17275,"2023-07-05",1055,3,281.72,3,4,4,"3,4,4"
13669,"2023-07-05",1055,1,40.31,3,1,1,"3,1,1"
14449,"2023-07-05",1055,1,13.71,3,1,1,"3,1,1"
2893,"2023-07-05",1055,1,61.51,3,1,1,"3,1,1"
16826,"2023-07-05",1055,1,36.17,3,2,1,"3,2,1"
4426,"2023-07-05",1055,1,26.10,3,2,1,"3,2,1"
18851,"2023-07-05",1055,3,252.22,3,5,3,"3,5,3"
6372,"2023-07-05",1055,1,206.55,3,1,3,"3,1,3"
18080,"2023-07-05",1055,1,307.25,3,1,4,"3,1,4"
8660,"2023-07-06",1054,1,17.56,3,2,1,"3,2,1"
9333,"2023-07-06",1054,1,39.76,3,1,1,"3,1,1"
12858,"2023-07-06",1054,4,447.00,3,5,5,"3,5,5"
9114,"2023-07-06",1054,1,195.07,3,1,3,"3,1,3"
339,"2023-07-06",1054,1,162.55,3,1,3,"3,1,3"
9601,"2023-07-06",1054,3,315.70,3,5,4,"3,5,4"
1369,"2023-07-06",1054,1,146.97,3,1,2,"3,1,2"
9282,"2023-07-06",1054,2,141.71,3,3,2,"3,3,2"
6147,"2023-07-06",1054,1,131.20,3,2,2,"3,2,2"
14858,"2023-07-07",1053,1,9.84,3,1,1,"3,1,1"
3223,"2023-07-07",1053,2,660.60,3,4,5,"3,4,5"
10745,"2023-07-07",1053,2,61.93,3,3,1,"3,3,1"
960,"2023-07-07",1053,2,104.08,3,3,2,"3,3,2"
3500,"2023-07-07",1053,2,93.31,3,3,2,"3,3,2"
15736,"2023-07-07",1053,1,320.82,3,1,4,"3,1,4"
11303,"2023-07-07",1053,1,270.51,3,1,4,"3,1,4"
13957,"2023-07-07",1053,1,49.75,3,1,1,"3,1,1"
7614,"2023-07-07",1053,2,307.51,3,4,4,"3,4,4"
4652,"2023-07-07",1053,1,55.94,3,1,1,"3,1,1"
9542,"2023-07-07",1053,4,1003.60,3,5,5,"3,5,5"
19230,"2023-07-07",1053,2,98.80,3,3,2,"3,3,2"
10487,"2023-07-07",1053,2,488.41,3,4,5,"3,4,5"
8424,"2023-07-07",1053,1,81.85,3,2,2,"3,2,2"
15677,"2023-07-08",1052,2,995.27,3,4,5,"3,4,5"
10437,"2023-07-08",1052,1,43.24,3,1,1,"3,1,1"
10759,"2023-07-08",1052,1,13.63,3,1,1,"3,1,1"
12911,"2023-07-08",1052,2,251.85,3,3,3,"3,3,3"
6697,"2023-07-08",1052,2,216.67,3,3,3,"3,3,3"
6649,"2023-07-08",1052,2,20.13,3,2,1,"3,2,1"
13798,"2023-07-08",1052,2,96.42,3,3,2,"3,3,2"
13291,"2023-07-09",1051,1,140.83,3,2,2,"3,2,2"
3968,"2023-07-09",1051,2,117.81,3,3,2,"3,3,2"
58,"2023-07-09",1051,2,246.35,3,3,3,"3,3,3"
6360,"2023-07-09",1051,1,85.63,3,2,2,"3,2,2"
19578,"2023-07-09",1051,3,211.33,3,4,3,"3,4,3"
3284,"2023-07-09",1051,1,406.01,3,1,4,"3,1,4"
588,"2023-07-09",1051,1,136.67,3,2,2,"3,2,2"
9623,"2023-07-09",1051,5,643.08,3,5,5,"3,5,5"
18993,"2023-07-09",1051,2,237.00,3,3,3,"3,3,3"
13311,"2023-07-10",1050,1,247.65,3,1,3,"3,1,3"
18098,"2023-07-10",1050,2,508.95,3,4,5,"3,4,5"
13955,"2023-07-10",1050,3,289.62,3,4,4,"3,4,4"
14529,"2023-07-10",1050,1,202.98,3,1,3,"3,1,3"
6165,"2023-07-10",1050,2,158.00,3,3,3,"3,3,3"
10140,"2023-07-10",1050,1,192.38,3,1,3,"3,1,3"
19974,"2023-07-11",1049,1,28.23,3,2,1,"3,2,1"
14918,"2023-07-11",1049,2,225.33,3,3,3,"3,3,3"
15015,"2023-07-12",1048,3,108.55,3,4,2,"3,4,2"
17844,"2023-07-12",1048,2,128.49,3,3,2,"3,3,2"
16947,"2023-07-12",1048,1,72.33,3,1,1,"3,1,1"
17036,"2023-07-12",1048,2,212.31,3,3,3,"3,3,3"
16205,"2023-07-12",1048,1,76.45,3,2,2,"3,2,2"
698,"2023-07-13",1047,2,472.56,3,4,5,"3,4,5"
17847,"2023-07-13",1047,3,313.18,3,5,4,"3,5,4"
14909,"2023-07-13",1047,2,55.55,3,2,1,"3,2,1"
5893,"2023-07-13",1047,3,141.56,3,4,2,"3,4,2"
10943,"2023-07-13",1047,1,53.02,3,1,1,"3,1,1"
4210,"2023-07-13",1047,2,712.99,3,4,5,"3,4,5"
6536,"2023-07-13",1047,2,178.19,3,3,3,"3,3,3"
2912,"2023-07-13",1047,2,476.98,3,4,5,"3,4,5"
3655,"2023-07-13",1047,1,69.39,3,1,1,"3,1,1"
8839,"2023-07-13",1047,3,286.37,3,4,4,"3,4,4"
5329,"2023-07-14",1046,3,1154.05,3,5,5,"3,5,5"
13997,"2023-07-14",1046,2,69.99,3,3,1,"3,3,1"
393,"2023-07-14",1046,3,679.75,3,4,5,"3,4,5"
2829,"2023-07-14",1046,1,196.22,3,1,3,"3,1,3"
11979,"2023-07-14",1046,1,6.13,3,2,1,"3,2,1"
2256,"2023-07-14",1046,3,326.83,3,4,4,"3,4,4"
13650,"2023-07-14",1046,2,203.48,3,3,3,"3,3,3"
6059,"2023-07-15",1045,1,87.86,3,2,2,"3,2,2"
12136,"2023-07-15",1045,4,263.35,3,5,4,"3,5,4"
2845,"2023-07-15",1045,2,653.21,3,4,5,"3,4,5"
1480,"2023-07-15",1045,5,495.68,3,5,5,"3,5,5"
17473,"2023-07-15",1045,4,617.73,3,5,5,"3,5,5"
19337,"2023-07-15",1045,6,728.08,3,5,5,"3,5,5"
15920,"2023-07-15",1045,2,273.95,3,3,4,"3,3,4"
2287,"2023-07-15",1045,1,143.52,3,2,2,"3,2,2"
6345,"2023-07-15",1045,1,69.77,3,1,1,"3,1,1"
5044,"2023-07-15",1045,5,540.74,3,5,5,"3,5,5"
18390,"2023-07-15",1045,1,40.96,3,1,1,"3,1,1"
14694,"2023-07-15",1045,1,118.16,3,2,2,"3,2,2"
5713,"2023-07-16",1044,1,117.16,3,2,2,"3,2,2"
9983,"2023-07-16",1044,1,95.18,3,2,2,"3,2,2"
17044,"2023-07-16",1044,1,17.66,3,2,1,"3,2,1"
15039,"2023-07-16",1044,2,1020.90,3,4,5,"3,4,5"
12279,"2023-07-16",1044,1,94.90,3,2,2,"3,2,2"
8086,"2023-07-16",1044,2,96.86,3,3,2,"3,3,2"
6848,"2023-07-16",1044,3,417.56,3,4,4,"3,4,4"
8739,"2023-07-16",1044,2,360.75,3,4,4,"3,4,4"
5906,"2023-07-16",1044,2,203.52,3,3,3,"3,3,3"
1629,"2023-07-16",1044,1,576.38,3,2,5,"3,2,5"
4420,"2023-07-16",1044,2,230.63,3,3,3,"3,3,3"
768,"2023-07-16",1044,1,128.97,3,2,2,"3,2,2"
7680,"2023-07-16",1044,3,261.94,3,4,4,"3,4,4"
12688,"2023-07-16",1044,2,189.12,3,3,3,"3,3,3"
4007,"2023-07-17",1043,1,16.86,3,2,1,"3,2,1"
10463,"2023-07-17",1043,2,1151.25,3,4,5,"3,4,5"
19931,"2023-07-17",1043,2,351.63,3,4,4,"3,4,4"
2767,"2023-07-17",1043,1,60.68,3,1,1,"3,1,1"
17734,"2023-07-17",1043,3,633.32,3,5,5,"3,5,5"
6290,"2023-07-17",1043,1,101.03,3,2,2,"3,2,2"
16055,"2023-07-17",1043,3,121.51,3,5,2,"3,5,2"
16400,"2023-07-17",1043,2,82.22,3,3,2,"3,3,2"
17160,"2023-07-17",1043,2,170.97,3,3,3,"3,3,3"
18074,"2023-07-17",1043,2,181.91,3,3,3,"3,3,3"
16672,"2023-07-17",1043,2,345.57,3,4,4,"3,4,4"
14852,"2023-07-18",1042,3,286.58,3,4,4,"3,4,4"
11591,"2023-07-18",1042,1,40.17,3,1,1,"3,1,1"
5926,"2023-07-18",1042,2,276.24,3,3,4,"3,3,4"
6828,"2023-07-18",1042,4,1315.73,3,5,5,"3,5,5"
18940,"2023-07-18",1042,4,739.71,3,5,5,"3,5,5"
18654,"2023-07-18",1042,3,364.38,3,5,4,"3,5,4"
13833,"2023-07-18",1042,3,350.92,3,4,4,"3,4,4"
19808,"2023-07-18",1042,1,8.66,3,1,1,"3,1,1"
16310,"2023-07-18",1042,3,811.57,3,5,5,"3,5,5"
14394,"2023-07-18",1042,1,72.44,3,1,1,"3,1,1"
19562,"2023-07-18",1042,3,116.61,3,5,2,"3,5,2"
16730,"2023-07-18",1042,2,96.33,3,3,2,"3,3,2"
16207,"2023-07-19",1041,2,267.36,3,3,4,"3,3,4"
7841,"2023-07-19",1041,2,693.93,3,4,5,"3,4,5"
14720,"2023-07-19",1041,3,103.06,3,4,2,"3,4,2"
11273,"2023-07-19",1041,2,91.84,3,3,2,"3,3,2"
6073,"2023-07-19",1041,1,383.01,3,1,4,"3,1,4"
5130,"2023-07-20",1040,1,71.73,3,1,1,"3,1,1"
12782,"2023-07-20",1040,2,112.96,3,3,2,"3,3,2"
52,"2023-07-20",1040,2,108.40,3,3,2,"3,3,2"
3670,"2023-07-20",1040,2,131.06,3,3,2,"3,3,2"
12672,"2023-07-20",1040,2,472.33,3,4,5,"3,4,5"
13655,"2023-07-20",1040,1,276.20,3,1,4,"3,1,4"
14838,"2023-07-21",1039,1,65.98,3,1,1,"3,1,1"
18302,"2023-07-21",1039,1,16.94,3,2,1,"3,2,1"
657,"2023-07-21",1039,2,326.79,3,4,4,"3,4,4"
17039,"2023-07-21",1039,2,544.78,3,4,5,"3,4,5"
7258,"2023-07-21",1039,1,98.90,3,2,2,"3,2,2"
15784,"2023-07-21",1039,4,888.21,3,5,5,"3,5,5"
3121,"2023-07-21",1039,2,157.69,3,3,3,"3,3,3"
14832,"2023-07-22",1038,3,106.07,3,4,2,"3,4,2"
6761,"2023-07-22",1038,2,49.23,3,2,1,"3,2,1"
11161,"2023-07-22",1038,2,275.58,3,3,4,"3,3,4"
2587,"2023-07-22",1038,3,178.13,3,5,3,"3,5,3"
16405,"2023-07-22",1038,1,38.74,3,2,1,"3,2,1"
5255,"2023-07-22",1038,1,15.17,3,2,1,"3,2,1"
6417,"2023-07-23",1037,3,841.35,3,5,5,"3,5,5"
14893,"2023-07-23",1037,3,868.14,3,5,5,"3,5,5"
371,"2023-07-23",1037,1,117.47,3,2,2,"3,2,2"
3788,"2023-07-23",1037,3,437.75,3,5,5,"3,5,5"
16671,"2023-07-23",1037,1,74.13,3,2,2,"3,2,2"
9078,"2023-07-23",1037,2,160.51,3,3,3,"3,3,3"
1319,"2023-07-24",1036,2,287.11,3,4,4,"3,4,4"
16868,"2023-07-24",1036,2,619.22,3,4,5,"3,4,5"
1065,"2023-07-24",1036,5,491.62,3,5,5,"3,5,5"
570,"2023-07-24",1036,1,17.78,3,2,1,"3,2,1"
6715,"2023-07-24",1036,1,35.59,3,2,1,"3,2,1"
8251,"2023-07-24",1036,4,299.93,3,5,4,"3,5,4"
8141,"2023-07-24",1036,1,44.73,3,1,1,"3,1,1"
8949,"2023-07-24",1036,1,291.93,3,1,4,"3,1,4"
15851,"2023-07-24",1036,1,6.28,3,2,1,"3,2,1"
18043,"2023-07-24",1036,2,111.31,3,3,2,"3,3,2"
1400,"2023-07-24",1036,1,382.73,3,1,4,"3,1,4"
4195,"2023-07-24",1036,2,391.67,3,4,4,"3,4,4"
14598,"2023-07-25",1035,2,308.85,3,4,4,"3,4,4"
1066,"2023-07-25",1035,2,111.57,3,3,2,"3,3,2"
9062,"2023-07-25",1035,2,335.58,3,4,4,"3,4,4"
1012,"2023-07-25",1035,2,203.22,3,3,3,"3,3,3"
18023,"2023-07-25",1035,3,357.17,3,4,4,"3,4,4"
8240,"2023-07-25",1035,1,906.02,3,2,5,"3,2,5"
5215,"2023-07-25",1035,3,470.16,3,5,5,"3,5,5"
2298,"2023-07-25",1035,2,148.31,3,3,2,"3,3,2"
2589,"2023-07-25",1035,2,166.56,3,3,3,"3,3,3"
18793,"2023-07-26",1034,2,59.40,3,3,1,"3,3,1"
14493,"2023-07-26",1034,1,391.14,3,1,4,"3,1,4"
2005,"2023-07-26",1034,1,191.24,3,1,3,"3,1,3"
10451,"2023-07-26",1034,1,87.59,3,2,2,"3,2,2"
5320,"2023-07-27",1033,2,525.37,3,4,5,"3,4,5"
7649,"2023-07-27",1033,3,970.33,3,4,5,"3,4,5"
18385,"2023-07-27",1033,1,916.12,3,1,5,"3,1,5"
18720,"2023-07-27",1033,2,257.41,3,3,4,"3,3,4"
14661,"2023-07-27",1033,2,94.62,3,3,2,"3,3,2"
12515,"2023-07-27",1033,2,34.69,3,2,1,"3,2,1"
1985,"2023-07-27",1033,1,94.32,3,2,2,"3,2,2"
11691,"2023-07-27",1033,2,93.26,3,3,2,"3,3,2"
3101,"2023-07-27",1033,1,39.55,3,2,1,"3,2,1"
4448,"2023-07-27",1033,1,737.50,3,2,5,"3,2,5"
11316,"2023-07-27",1033,2,264.28,3,3,4,"3,3,4"
4647,"2023-07-28",1032,2,1755.86,3,4,5,"3,4,5"
12278,"2023-07-28",1032,2,404.16,3,4,4,"3,4,4"
9864,"2023-07-28",1032,2,257.16,3,3,4,"3,3,4"
3859,"2023-07-28",1032,1,314.79,3,1,4,"3,1,4"
3036,"2023-07-28",1032,3,220.62,3,5,3,"3,5,3"
12217,"2023-07-29",1031,1,31.71,3,2,1,"3,2,1"
13596,"2023-07-29",1031,1,56.42,3,1,1,"3,1,1"
18845,"2023-07-29",1031,1,412.34,3,2,4,"3,2,4"
8830,"2023-07-29",1031,1,65.15,3,1,1,"3,1,1"
11317,"2023-07-29",1031,1,91.53,3,2,2,"3,2,2"
4966,"2023-07-29",1031,2,115.24,3,3,2,"3,3,2"
5633,"2023-07-29",1031,2,223.09,3,3,3,"3,3,3"
350,"2023-07-29",1031,2,231.42,3,3,3,"3,3,3"
9319,"2023-07-29",1031,1,179.29,3,1,3,"3,1,3"
15302,"2023-07-30",1030,1,72.45,3,1,1,"3,1,1"
5964,"2023-07-30",1030,2,66.68,3,3,1,"3,3,1"
8299,"2023-07-30",1030,3,91.29,3,4,2,"3,4,2"
18594,"2023-07-30",1030,3,401.66,3,4,4,"3,4,4"
19160,"2023-07-31",1029,4,970.32,3,5,5,"3,5,5"
13999,"2023-07-31",1029,2,954.55,3,4,5,"3,4,5"
2350,"2023-07-31",1029,2,122.91,3,3,2,"3,3,2"
10429,"2023-07-31",1029,2,453.96,3,4,5,"3,4,5"
12542,"2023-07-31",1029,1,44.73,3,1,1,"3,1,1"
5919,"2023-07-31",1029,1,119.90,3,2,2,"3,2,2"
14087,"2023-07-31",1029,1,62.39,3,1,1,"3,1,1"
10631,"2023-07-31",1029,3,609.09,3,4,5,"3,4,5"
16656,"2023-07-31",1029,4,260.95,3,5,4,"3,5,4"
13743,"2023-08-01",1028,2,148.14,3,3,2,"3,3,2"
18617,"2023-08-01",1028,1,28.73,3,2,1,"3,2,1"
3147,"2023-08-01",1028,4,263.63,3,5,4,"3,5,4"
6120,"2023-08-01",1028,2,108.07,3,3,2,"3,3,2"
7440,"2023-08-01",1028,2,100.43,3,3,2,"3,3,2"
4,"2023-08-01",1028,2,279.86,3,3,4,"3,3,4"
7698,"2023-08-02",1027,2,113.10,3,3,2,"3,3,2"
15502,"2023-08-02",1027,5,863.74,3,5,5,"3,5,5"
9714,"2023-08-02",1027,1,39.07,3,2,1,"3,2,1"
9771,"2023-08-02",1027,3,103.15,3,4,2,"3,4,2"
1095,"2023-08-02",1027,3,222.28,3,5,3,"3,5,3"
14232,"2023-08-02",1027,4,493.08,3,5,5,"3,5,5"
16541,"2023-08-02",1027,1,265.91,3,1,4,"3,1,4"
19508,"2023-08-02",1027,2,151.24,3,3,2,"3,3,2"
952,"2023-08-03",1026,2,293.71,3,4,4,"3,4,4"
3412,"2023-08-03",1026,2,116.35,3,3,2,"3,3,2"
519,"2023-08-03",1026,3,122.53,3,5,2,"3,5,2"
13995,"2023-08-03",1026,2,170.16,3,3,3,"3,3,3"
8595,"2023-08-03",1026,2,123.69,3,3,2,"3,3,2"
4799,"2023-08-03",1026,3,423.90,3,4,4,"3,4,4"
415,"2023-08-03",1026,5,661.19,3,5,5,"3,5,5"
15176,"2023-08-03",1026,2,270.13,3,3,4,"3,3,4"
73,"2023-08-03",1026,2,367.86,3,4,4,"3,4,4"
7809,"2023-08-04",1025,1,351.49,3,1,4,"3,1,4"
18019,"2023-08-04",1025,2,191.78,3,3,3,"3,3,3"
4129,"2023-08-04",1025,2,192.35,3,3,3,"3,3,3"
19087,"2023-08-04",1025,3,63.96,3,4,1,"3,4,1"
3114,"2023-08-04",1025,1,8.31,3,1,1,"3,1,1"
7830,"2023-08-04",1025,2,722.90,3,4,5,"3,4,5"
9791,"2023-08-04",1025,2,290.87,3,4,4,"3,4,4"
2303,"2023-08-04",1025,4,420.93,3,5,4,"3,5,4"
7217,"2023-08-04",1025,1,708.95,3,2,5,"3,2,5"
2963,"2023-08-04",1025,2,517.94,3,4,5,"3,4,5"
8815,"2023-08-04",1025,2,77.99,3,3,2,"3,3,2"
14219,"2023-08-04",1025,3,629.39,3,5,5,"3,5,5"
13372,"2023-08-05",1024,3,179.27,3,5,3,"3,5,3"
2106,"2023-08-05",1024,3,461.10,3,5,5,"3,5,5"
8328,"2023-08-05",1024,3,407.40,3,4,4,"3,4,4"
900,"2023-08-05",1024,2,353.73,3,4,4,"3,4,4"
18623,"2023-08-06",1023,1,9.25,3,1,1,"3,1,1"
1773,"2023-08-06",1023,2,292.12,3,4,4,"3,4,4"
9721,"2023-08-06",1023,1,41.20,3,1,1,"3,1,1"
15087,"2023-08-06",1023,3,576.04,3,4,5,"3,4,5"
7934,"2023-08-07",1022,1,238.20,3,1,3,"3,1,3"
10946,"2023-08-07",1022,1,101.26,3,2,2,"3,2,2"
15125,"2023-08-07",1022,1,63.22,3,1,1,"3,1,1"
17211,"2023-08-07",1022,1,58.31,3,1,1,"3,1,1"
15936,"2023-08-07",1022,3,137.38,3,5,2,"3,5,2"
12739,"2023-08-07",1022,2,264.45,3,3,4,"3,3,4"
947,"2023-08-07",1022,2,48.41,3,2,1,"3,2,1"
10899,"2023-08-07",1022,2,381.56,3,4,4,"3,4,4"
5568,"2023-08-07",1022,1,96.87,3,2,2,"3,2,2"
17909,"2023-08-08",1021,3,248.53,3,5,3,"3,5,3"
6287,"2023-08-08",1021,1,341.42,3,1,4,"3,1,4"
8283,"2023-08-08",1021,2,290.93,3,4,4,"3,4,4"
377,"2023-08-08",1021,1,251.58,3,1,3,"3,1,3"
19383,"2023-08-08",1021,2,236.98,3,3,3,"3,3,3"
1341,"2023-08-08",1021,1,42.89,3,1,1,"3,1,1"
11428,"2023-08-08",1021,2,403.02,3,4,4,"3,4,4"
7035,"2023-08-09",1020,2,68.27,3,3,1,"3,3,1"
10157,"2023-08-09",1020,3,729.08,3,4,5,"3,4,5"
11602,"2023-08-09",1020,1,96.06,3,2,2,"3,2,2"
13387,"2023-08-09",1020,3,177.03,3,4,3,"3,4,3"
10881,"2023-08-09",1020,2,133.91,3,3,2,"3,3,2"
15026,"2023-08-10",1019,1,55.73,3,1,1,"3,1,1"
12464,"2023-08-10",1019,2,356.08,3,4,4,"3,4,4"
1677,"2023-08-10",1019,1,325.02,3,1,4,"3,1,4"
3165,"2023-08-10",1019,3,699.51,3,5,5,"3,5,5"
744,"2023-08-10",1019,2,357.10,3,4,4,"3,4,4"
17886,"2023-08-10",1019,1,112.40,3,2,2,"3,2,2"
2791,"2023-08-11",1018,3,645.21,3,5,5,"3,5,5"
11675,"2023-08-11",1018,1,371.39,3,1,4,"3,1,4"
11205,"2023-08-11",1018,3,219.47,3,5,3,"3,5,3"
17266,"2023-08-11",1018,2,134.71,3,3,2,"3,3,2"
12804,"2023-08-11",1018,2,156.88,3,3,3,"3,3,3"
1982,"2023-08-11",1018,3,138.68,3,4,2,"3,4,2"
17493,"2023-08-11",1018,3,295.46,3,4,4,"3,4,4"
19820,"2023-08-11",1018,3,386.38,3,4,4,"3,4,4"
1663,"2023-08-11",1018,2,161.84,3,3,3,"3,3,3"
1639,"2023-08-11",1018,1,28.80,3,2,1,"3,2,1"
1883,"2023-08-11",1018,3,323.50,3,4,4,"3,4,4"
1235,"2023-08-11",1018,3,114.02,3,4,2,"3,4,2"
8973,"2023-08-11",1018,2,204.84,3,3,3,"3,3,3"
1256,"2023-08-11",1018,2,280.29,3,3,4,"3,3,4"
5854,"2023-08-12",1017,2,213.57,3,3,3,"3,3,3"
17054,"2023-08-12",1017,2,329.89,3,4,4,"3,4,4"
2779,"2023-08-12",1017,2,189.04,3,3,3,"3,3,3"
7722,"2023-08-12",1017,2,251.01,3,3,3,"3,3,3"
9086,"2023-08-12",1017,5,988.14,3,5,5,"3,5,5"
8975,"2023-08-12",1017,2,253.46,3,3,3,"3,3,3"
19348,"2023-08-12",1017,3,653.00,3,5,5,"3,5,5"
18415,"2023-08-12",1017,1,76.21,3,2,2,"3,2,2"
6923,"2023-08-12",1017,2,153.38,3,3,3,"3,3,3"
12319,"2023-08-12",1017,1,178.60,3,1,3,"3,1,3"
7515,"2023-08-12",1017,2,150.25,3,3,2,"3,3,2"
10933,"2023-08-12",1017,1,17.66,3,2,1,"3,2,1"
3443,"2023-08-12",1017,2,633.06,3,4,5,"3,4,5"
12655,"2023-08-12",1017,2,117.20,3,3,2,"3,3,2"
12428,"2023-08-13",1016,1,240.51,3,1,3,"3,1,3"
12117,"2023-08-13",1016,3,1553.58,3,4,5,"3,4,5"
11297,"2023-08-13",1016,1,579.47,3,2,5,"3,2,5"
4488,"2023-08-14",1015,3,391.37,3,4,4,"3,4,4"
18518,"2023-08-14",1015,2,126.16,3,3,2,"3,3,2"
18897,"2023-08-14",1015,2,99.25,3,3,2,"3,3,2"
17465,"2023-08-14",1015,2,109.60,3,3,2,"3,3,2"
7029,"2023-08-14",1015,4,460.79,3,5,5,"3,5,5"
15682,"2023-08-14",1015,1,321.63,3,1,4,"3,1,4"
675,"2023-08-14",1015,1,23.70,3,2,1,"3,2,1"
15796,"2023-08-14",1015,2,251.93,3,3,3,"3,3,3"
10277,"2023-08-14",1015,2,485.05,3,4,5,"3,4,5"
18461,"2023-08-14",1015,2,136.16,3,3,2,"3,3,2"
19839,"2023-08-15",1014,1,29.22,3,2,1,"3,2,1"
6545,"2023-08-15",1014,1,50.52,3,1,1,"3,1,1"
7195,"2023-08-15",1014,2,191.54,3,3,3,"3,3,3"
1361,"2023-08-15",1014,1,139.35,3,2,2,"3,2,2"
10854,"2023-08-15",1014,1,51.88,3,1,1,"3,1,1"
10465,"2023-08-15",1014,1,35.23,3,2,1,"3,2,1"
14065,"2023-08-15",1014,2,488.28,3,4,5,"3,4,5"
5056,"2023-08-16",1013,1,164.22,3,1,3,"3,1,3"
13454,"2023-08-16",1013,1,138.07,3,2,2,"3,2,2"
14483,"2023-08-16",1013,2,86.55,3,3,2,"3,3,2"
12440,"2023-08-16",1013,3,114.74,3,4,2,"3,4,2"
19259,"2023-08-16",1013,3,479.53,3,5,5,"3,5,5"
6689,"2023-08-16",1013,2,70.16,3,3,1,"3,3,1"
18950,"2023-08-16",1013,3,248.44,3,5,3,"3,5,3"
2435,"2023-08-16",1013,1,161.36,3,1,3,"3,1,3"
17072,"2023-08-16",1013,1,128.97,3,2,2,"3,2,2"
12601,"2023-08-17",1012,2,179.14,3,3,3,"3,3,3"
19553,"2023-08-17",1012,1,1116.86,3,1,5,"3,1,5"
16839,"2023-08-17",1012,1,122.99,3,2,2,"3,2,2"
16860,"2023-08-17",1012,1,84.54,3,2,2,"3,2,2"
19112,"2023-08-17",1012,1,46.44,3,1,1,"3,1,1"
985,"2023-08-17",1012,1,53.88,3,1,1,"3,1,1"
1222,"2023-08-17",1012,2,328.07,3,4,4,"3,4,4"
11177,"2023-08-17",1012,1,58.99,3,1,1,"3,1,1"
17350,"2023-08-17",1012,2,113.05,3,3,2,"3,3,2"
6847,"2023-08-17",1012,2,39.58,3,2,1,"3,2,1"
3131,"2023-08-17",1012,3,387.07,3,4,4,"3,4,4"
14753,"2023-08-18",1011,2,88.67,3,3,2,"3,3,2"
5030,"2023-08-18",1011,3,275.35,3,4,4,"3,4,4"
14331,"2023-08-18",1011,1,23.63,3,2,1,"3,2,1"
6183,"2023-08-18",1011,1,8.92,3,1,1,"3,1,1"
16592,"2023-08-18",1011,1,39.84,3,1,1,"3,1,1"
15357,"2023-08-18",1011,2,332.82,3,4,4,"3,4,4"
3350,"2023-08-18",1011,4,300.44,3,5,4,"3,5,4"
12048,"2023-08-18",1011,2,139.86,3,3,2,"3,3,2"
2393,"2023-08-18",1011,4,500.82,3,5,5,"3,5,5"
12387,"2023-08-18",1011,2,193.20,3,3,3,"3,3,3"
3971,"2023-08-19",1010,1,44.22,3,1,1,"3,1,1"
12958,"2023-08-19",1010,2,937.96,3,4,5,"3,4,5"
5511,"2023-08-19",1010,2,132.02,3,3,2,"3,3,2"
13758,"2023-08-19",1010,1,20.11,3,2,1,"3,2,1"
15225,"2023-08-19",1010,1,236.03,3,1,3,"3,1,3"
15641,"2023-08-19",1010,2,122.51,3,3,2,"3,3,2"
15627,"2023-08-20",1009,1,36.06,3,2,1,"3,2,1"
571,"2023-08-20",1009,4,477.16,3,5,5,"3,5,5"
57,"2023-08-20",1009,1,97.38,3,2,2,"3,2,2"
13647,"2023-08-20",1009,2,97.83,3,3,2,"3,3,2"
15639,"2023-08-20",1009,3,266.48,3,4,4,"3,4,4"
1531,"2023-08-20",1009,2,376.17,3,4,4,"3,4,4"
6320,"2023-08-20",1009,2,569.17,3,4,5,"3,4,5"
5406,"2023-08-20",1009,2,55.04,3,2,1,"3,2,1"
17736,"2023-08-20",1009,2,164.16,3,3,3,"3,3,3"
107,"2023-08-20",1009,2,397.49,3,4,4,"3,4,4"
5326,"2023-08-20",1009,2,245.55,3,3,3,"3,3,3"
16770,"2023-08-20",1009,1,248.82,3,1,3,"3,1,3"
15417,"2023-08-21",1008,2,272.02,3,3,4,"3,3,4"
13448,"2023-08-21",1008,1,29.99,3,2,1,"3,2,1"
13792,"2023-08-21",1008,3,496.62,3,5,5,"3,5,5"
7960,"2023-08-21",1008,1,28.57,3,2,1,"3,2,1"
10226,"2023-08-21",1008,1,58.82,3,1,1,"3,1,1"
18858,"2023-08-21",1008,2,260.37,3,3,4,"3,3,4"
9441,"2023-08-22",1007,1,49.67,3,1,1,"3,1,1"
8050,"2023-08-22",1007,5,976.15,3,5,5,"3,5,5"
18788,"2023-08-22",1007,3,204.26,3,4,3,"3,4,3"
10551,"2023-08-22",1007,1,72.13,3,1,1,"3,1,1"
16588,"2023-08-22",1007,4,692.48,3,5,5,"3,5,5"
14824,"2023-08-22",1007,1,69.75,3,1,1,"3,1,1"
8035,"2023-08-22",1007,2,267.65,3,3,4,"3,3,4"
14896,"2023-08-22",1007,2,167.32,3,3,3,"3,3,3"
6141,"2023-08-22",1007,1,74.93,3,2,2,"3,2,2"
10507,"2023-08-23",1006,2,218.28,3,3,3,"3,3,3"
18113,"2023-08-23",1006,1,19.05,3,2,1,"3,2,1"
18410,"2023-08-23",1006,2,299.57,3,4,4,"3,4,4"
13313,"2023-08-23",1006,2,249.81,3,3,3,"3,3,3"
18748,"2023-08-23",1006,1,22.97,3,2,1,"3,2,1"
7573,"2023-08-23",1006,2,282.41,3,3,4,"3,3,4"
16116,"2023-08-23",1006,2,925.46,3,4,5,"3,4,5"
12357,"2023-08-23",1006,1,7.39,3,1,1,"3,1,1"
13624,"2023-08-23",1006,2,72.71,3,3,1,"3,3,1"
14147,"2023-08-24",1005,2,486.58,3,4,5,"3,4,5"
10279,"2023-08-24",1005,2,242.52,3,3,3,"3,3,3"
3657,"2023-08-24",1005,1,8.53,3,1,1,"3,1,1"
5948,"2023-08-24",1005,2,152.21,3,3,3,"3,3,3"
12463,"2023-08-24",1005,3,223.42,3,5,3,"3,5,3"
8229,"2023-08-24",1005,1,29.35,3,2,1,"3,2,1"
12788,"2023-08-24",1005,4,804.82,3,5,5,"3,5,5"
12337,"2023-08-24",1005,1,77.58,3,2,2,"3,2,2"
18663,"2023-08-24",1005,1,287.37,3,1,4,"3,1,4"
18146,"2023-08-25",1004,1,43.28,3,1,1,"3,1,1"
2159,"2023-08-25",1004,1,210.82,3,1,3,"3,1,3"
10064,"2023-08-25",1004,3,507.00,3,5,5,"3,5,5"
4206,"2023-08-25",1004,2,123.91,3,3,2,"3,3,2"
4485,"2023-08-25",1004,2,318.44,3,4,4,"3,4,4"
10572,"2023-08-25",1004,3,574.53,3,4,5,"3,4,5"
9589,"2023-08-25",1004,5,342.25,3,5,4,"3,5,4"
6799,"2023-08-25",1004,1,260.22,3,1,4,"3,1,4"
11043,"2023-08-25",1004,4,303.53,3,5,4,"3,5,4"
16492,"2023-08-25",1004,2,289.05,3,4,4,"3,4,4"
1779,"2023-08-25",1004,2,691.46,3,4,5,"3,4,5"
5793,"2023-08-26",1003,3,159.57,3,5,3,"3,5,3"
8617,"2023-08-26",1003,1,273.32,3,1,4,"3,1,4"
10315,"2023-08-26",1003,1,4.22,3,2,1,"3,2,1"
11098,"2023-08-26",1003,1,35.21,3,2,1,"3,2,1"
6179,"2023-08-26",1003,1,194.83,3,1,3,"3,1,3"
18903,"2023-08-26",1003,2,209.26,3,3,3,"3,3,3"
18918,"2023-08-26",1003,2,170.09,3,3,3,"3,3,3"
3074,"2023-08-26",1003,1,436.79,3,2,5,"3,2,5"
5269,"2023-08-26",1003,1,10.23,3,1,1,"3,1,1"
3898,"2023-08-26",1003,1,65.47,3,1,1,"3,1,1"
5369,"2023-08-26",1003,2,152.87,3,3,3,"3,3,3"
4347,"2023-08-26",1003,2,484.33,3,4,5,"3,4,5"
2674,"2023-08-27",1002,2,200.13,3,3,3,"3,3,3"
8484,"2023-08-27",1002,1,410.19,3,1,4,"3,1,4"
856,"2023-08-27",1002,2,565.36,3,4,5,"3,4,5"
10930,"2023-08-27",1002,1,316.58,3,1,4,"3,1,4"
16086,"2023-08-27",1002,6,406.50,3,5,4,"3,5,4"
17271,"2023-08-27",1002,1,285.94,3,1,4,"3,1,4"
16238,"2023-08-28",1001,3,592.36,3,4,5,"3,4,5"
18645,"2023-08-28",1001,2,420.92,3,4,4,"3,4,4"
13264,"2023-08-28",1001,2,246.80,3,3,3,"3,3,3"
5898,"2023-08-28",1001,3,221.35,3,5,3,"3,5,3"
17561,"2023-08-28",1001,5,320.18,3,5,4,"3,5,4"
1918,"2023-08-28",1001,1,196.37,3,1,3,"3,1,3"
10849,"2023-08-28",1001,2,90.90,3,3,2,"3,3,2"
5115,"2023-08-28",1001,3,752.84,3,4,5,"3,4,5"
10078,"2023-08-28",1001,1,38.71,3,2,1,"3,2,1"
6987,"2023-08-28",1001,1,141.16,3,2,2,"3,2,2"
13543,"2023-08-29",1000,1,167.41,3,1,3,"3,1,3"
18648,"2023-08-29",1000,2,269.84,3,3,4,"3,3,4"
14489,"2023-08-29",1000,2,428.82,3,4,4,"3,4,4"
1421,"2023-08-29",1000,1,176.35,3,1,3,"3,1,3"
19685,"2023-08-29",1000,1,133.36,3,2,2,"3,2,2"
19215,"2023-08-29",1000,4,657.06,3,5,5,"3,5,5"
6293,"2023-08-29",1000,3,948.77,3,4,5,"3,4,5"
1998,"2023-08-29",1000,4,655.29,3,5,5,"3,5,5"
19507,"2023-08-29",1000,3,369.38,3,5,4,"3,5,4"
9494,"2023-08-30",999,3,838.48,3,5,5,"3,5,5"
8239,"2023-08-30",999,1,15.39,3,2,1,"3,2,1"
15283,"2023-08-30",999,2,403.75,3,4,4,"3,4,4"
12704,"2023-08-30",999,1,75.21,3,2,2,"3,2,2"
8531,"2023-08-30",999,1,370.14,3,1,4,"3,1,4"
11714,"2023-08-30",999,1,228.42,3,1,3,"3,1,3"
17183,"2023-08-30",999,3,200.75,3,4,3,"3,4,3"
17487,"2023-08-30",999,2,585.91,3,4,5,"3,4,5"
13170,"2023-08-30",999,3,778.27,3,4,5,"3,4,5"
18667,"2023-08-30",999,1,198.26,3,1,3,"3,1,3"
9728,"2023-08-31",998,2,64.63,3,3,1,"3,3,1"
15644,"2023-08-31",998,2,272.91,3,3,4,"3,3,4"
2202,"2023-08-31",998,2,217.37,3,3,3,"3,3,3"
18787,"2023-08-31",998,2,260.39,3,3,4,"3,3,4"
8952,"2023-08-31",998,3,802.12,3,5,5,"3,5,5"
19771,"2023-08-31",998,3,883.08,3,5,5,"3,5,5"
6378,"2023-08-31",998,2,185.76,3,3,3,"3,3,3"
13382,"2023-08-31",998,3,437.14,3,5,5,"3,5,5"
9076,"2023-08-31",998,4,363.98,3,5,4,"3,5,4"
2163,"2023-09-01",997,1,24.57,3,2,1,"3,2,1"
15788,"2023-09-01",997,3,235.78,3,5,3,"3,5,3"
14763,"2023-09-01",997,2,202.40,3,3,3,"3,3,3"
15080,"2023-09-01",997,3,338.86,3,4,4,"3,4,4"
1291,"2023-09-01",997,1,10.21,3,1,1,"3,1,1"
18771,"2023-09-01",997,1,128.61,3,2,2,"3,2,2"
14777,"2023-09-01",997,2,76.86,3,3,2,"3,3,2"
1860,"2023-09-01",997,1,242.24,3,1,3,"3,1,3"
13330,"2023-09-01",997,2,81.64,3,3,2,"3,3,2"
19094,"2023-09-02",996,1,27.91,3,2,1,"3,2,1"
18387,"2023-09-02",996,2,148.02,3,3,2,"3,3,2"
9517,"2023-09-02",996,2,184.45,3,3,3,"3,3,3"
3843,"2023-09-02",996,1,147.14,3,1,2,"3,1,2"
1831,"2023-09-02",996,1,36.43,3,2,1,"3,2,1"
12828,"2023-09-02",996,1,57.33,3,1,1,"3,1,1"
5139,"2023-09-02",996,1,79.63,3,2,2,"3,2,2"
14414,"2023-09-02",996,2,133.51,3,3,2,"3,3,2"
4402,"2023-09-03",995,1,110.16,3,2,2,"3,2,2"
6780,"2023-09-03",995,5,568.34,3,5,5,"3,5,5"
18649,"2023-09-03",995,2,154.90,3,3,3,"3,3,3"
3653,"2023-09-03",995,1,96.96,3,2,2,"3,2,2"
9893,"2023-09-03",995,2,280.20,3,3,4,"3,3,4"
6664,"2023-09-03",995,3,136.80,3,5,2,"3,5,2"
2930,"2023-09-04",994,2,288.16,3,4,4,"3,4,4"
15890,"2023-09-04",994,4,352.57,3,5,4,"3,5,4"
17618,"2023-09-04",994,3,222.10,3,5,3,"3,5,3"
6632,"2023-09-04",994,3,522.39,3,5,5,"3,5,5"
16729,"2023-09-04",994,3,124.68,3,5,2,"3,5,2"
18290,"2023-09-04",994,2,424.39,3,4,4,"3,4,4"
15742,"2023-09-04",994,2,66.97,3,3,1,"3,3,1"
18349,"2023-09-05",993,2,150.18,3,3,2,"3,3,2"
19228,"2023-09-05",993,2,555.86,3,4,5,"3,4,5"
1893,"2023-09-05",993,1,120.07,3,2,2,"3,2,2"
14977,"2023-09-05",993,2,188.89,3,3,3,"3,3,3"
6472,"2023-09-05",993,2,73.23,3,3,1,"3,3,1"
12624,"2023-09-05",993,4,753.63,3,5,5,"3,5,5"
10178,"2023-09-05",993,2,335.60,3,4,4,"3,4,4"
18462,"2023-09-05",993,2,95.52,3,3,2,"3,3,2"
12158,"2023-09-05",993,1,146.11,3,1,2,"3,1,2"
14191,"2023-09-05",993,1,64.52,3,1,1,"3,1,1"
7768,"2023-09-05",993,3,93.90,3,5,2,"3,5,2"
8780,"2023-09-05",993,2,317.16,3,4,4,"3,4,4"
16951,"2023-09-06",992,3,332.96,3,4,4,"3,4,4"
12406,"2023-09-06",992,2,435.83,3,4,5,"3,4,5"
14224,"2023-09-06",992,5,651.58,3,5,5,"3,5,5"
15739,"2023-09-06",992,1,476.99,3,2,5,"3,2,5"
6483,"2023-09-06",992,1,151.00,3,1,2,"3,1,2"
646,"2023-09-06",992,3,415.99,3,4,4,"3,4,4"
5340,"2023-09-06",992,1,171.52,3,1,3,"3,1,3"
4878,"2023-09-07",991,1,12.41,3,1,1,"3,1,1"
17683,"2023-09-07",991,1,105.25,3,2,2,"3,2,2"
10693,"2023-09-07",991,2,34.82,3,2,1,"3,2,1"
17058,"2023-09-08",990,3,342.49,3,4,4,"3,4,4"
16186,"2023-09-08",990,1,7.06,3,2,1,"3,2,1"
17100,"2023-09-08",990,2,103.47,3,3,2,"3,3,2"
17117,"2023-09-08",990,3,870.88,3,5,5,"3,5,5"
11841,"2023-09-08",990,2,187.82,3,3,3,"3,3,3"
7080,"2023-09-08",990,2,157.49,3,3,3,"3,3,3"
13375,"2023-09-08",990,1,39.84,3,1,1,"3,1,1"
15812,"2023-09-08",990,3,336.49,3,4,4,"3,4,4"
18320,"2023-09-08",990,2,270.33,3,3,4,"3,3,4"
11435,"2023-09-09",989,2,121.35,3,3,2,"3,3,2"
9738,"2023-09-09",989,1,162.17,3,1,3,"3,1,3"
9362,"2023-09-09",989,2,313.71,3,4,4,"3,4,4"
3263,"2023-09-09",989,4,562.61,3,5,5,"3,5,5"
13328,"2023-09-09",989,1,724.60,3,2,5,"3,2,5"
2100,"2023-09-09",989,1,94.70,3,2,2,"3,2,2"
2322,"2023-09-09",989,2,109.37,3,3,2,"3,3,2"
16703,"2023-09-09",989,2,118.97,3,3,2,"3,3,2"
10234,"2023-09-10",988,4,131.61,3,5,2,"3,5,2"
16899,"2023-09-10",988,3,308.44,3,5,4,"3,5,4"
5308,"2023-09-10",988,2,536.90,3,4,5,"3,4,5"
19432,"2023-09-10",988,1,105.41,3,2,2,"3,2,2"
7240,"2023-09-10",988,1,169.49,3,1,3,"3,1,3"
4522,"2023-09-10",988,2,120.95,3,3,2,"3,3,2"
15870,"2023-09-10",988,1,163.70,3,1,3,"3,1,3"
12945,"2023-09-11",987,3,253.56,3,5,3,"3,5,3"
7413,"2023-09-11",987,2,438.50,3,4,5,"3,4,5"
19144,"2023-09-11",987,1,467.17,3,2,5,"3,2,5"
3080,"2023-09-11",987,2,85.74,3,3,2,"3,3,2"
12504,"2023-09-11",987,1,104.63,3,2,2,"3,2,2"
2355,"2023-09-11",987,2,195.86,3,3,3,"3,3,3"
7791,"2023-09-11",987,1,658.86,3,2,5,"3,2,5"
11815,"2023-09-11",987,1,211.50,3,1,3,"3,1,3"
3130,"2023-09-11",987,1,11.39,3,1,1,"3,1,1"
1394,"2023-09-12",986,3,195.13,3,4,3,"3,4,3"
5832,"2023-09-12",986,1,258.29,3,1,4,"3,1,4"
1976,"2023-09-12",986,2,57.44,3,3,1,"3,3,1"
16883,"2023-09-12",986,3,306.69,3,4,4,"3,4,4"
11830,"2023-09-12",986,2,136.56,3,3,2,"3,3,2"
2164,"2023-09-12",986,1,187.45,3,1,3,"3,1,3"
7533,"2023-09-12",986,5,211.27,3,5,3,"3,5,3"
14206,"2023-09-13",985,3,569.16,3,4,5,"3,4,5"
9378,"2023-09-13",985,2,184.72,3,3,3,"3,3,3"
4807,"2023-09-13",985,1,25.74,3,2,1,"3,2,1"
5214,"2023-09-13",985,1,92.90,3,2,2,"3,2,2"
18314,"2023-09-14",984,1,38.28,3,2,1,"3,2,1"
11145,"2023-09-14",984,4,635.16,3,5,5,"3,5,5"
1128,"2023-09-14",984,2,294.66,3,4,4,"3,4,4"
19111,"2023-09-14",984,4,1046.10,3,5,5,"3,5,5"
8248,"2023-09-14",984,2,551.90,3,4,5,"3,4,5"
12839,"2023-09-14",984,1,1023.55,3,1,5,"3,1,5"
6350,"2023-09-14",984,3,510.20,3,5,5,"3,5,5"
17670,"2023-09-15",983,1,125.39,3,2,2,"3,2,2"
11083,"2023-09-15",983,1,57.04,3,1,1,"3,1,1"
18607,"2023-09-15",983,3,258.14,3,4,4,"3,4,4"
12607,"2023-09-15",983,3,699.81,3,5,5,"3,5,5"
10528,"2023-09-15",983,2,109.26,3,3,2,"3,3,2"
4249,"2023-09-15",983,1,31.89,3,2,1,"3,2,1"
19979,"2023-09-15",983,2,68.14,3,3,1,"3,3,1"
5820,"2023-09-16",982,2,335.50,3,4,4,"3,4,4"
13180,"2023-09-16",982,1,142.26,3,2,2,"3,2,2"
10121,"2023-09-16",982,2,140.89,3,3,2,"3,3,2"
4434,"2023-09-16",982,2,281.70,3,3,4,"3,3,4"
9836,"2023-09-16",982,2,299.18,3,4,4,"3,4,4"
12363,"2023-09-16",982,3,692.08,3,5,5,"3,5,5"
6993,"2023-09-16",982,1,15.16,3,1,1,"3,1,1"
6310,"2023-09-16",982,2,177.37,3,3,3,"3,3,3"
18532,"2023-09-17",981,2,105.37,3,3,2,"3,3,2"
5236,"2023-09-17",981,2,215.24,3,3,3,"3,3,3"
12051,"2023-09-17",981,2,366.32,3,4,4,"3,4,4"
9978,"2023-09-17",981,2,95.01,3,3,2,"3,3,2"
4223,"2023-09-17",981,1,18.25,3,2,1,"3,2,1"
4998,"2023-09-17",981,1,129.37,3,2,2,"3,2,2"
14411,"2023-09-17",981,1,384.44,3,1,4,"3,1,4"
11477,"2023-09-17",981,4,193.33,3,5,3,"3,5,3"
7279,"2023-09-18",980,1,249.75,3,1,3,"3,1,3"
709,"2023-09-18",980,1,23.83,3,2,1,"3,2,1"
6534,"2023-09-18",980,2,80.30,3,3,2,"3,3,2"
3874,"2023-09-18",980,1,6.96,3,2,1,"3,2,1"
8853,"2023-09-18",980,1,274.46,3,1,4,"3,1,4"
14989,"2023-09-18",980,2,168.35,3,3,3,"3,3,3"
14498,"2023-09-18",980,2,290.37,3,4,4,"3,4,4"
17402,"2023-09-18",980,1,321.96,3,1,4,"3,1,4"
7784,"2023-09-18",980,2,121.47,3,3,2,"3,3,2"
1554,"2023-09-18",980,2,336.26,3,4,4,"3,4,4"
14856,"2023-09-18",980,4,960.32,3,5,5,"3,5,5"
2706,"2023-09-18",980,3,333.19,3,4,4,"3,4,4"
12083,"2023-09-19",979,2,442.04,3,4,5,"3,4,5"
1313,"2023-09-19",979,2,344.69,3,4,4,"3,4,4"
5559,"2023-09-19",979,2,401.48,3,4,4,"3,4,4"
3171,"2023-09-19",979,2,562.70,3,4,5,"3,4,5"
9186,"2023-09-19",979,1,53.79,3,1,1,"3,1,1"
11341,"2023-09-19",979,3,482.16,3,5,5,"3,5,5"
5008,"2023-09-19",979,2,54.25,3,2,1,"3,2,1"
15444,"2023-09-19",979,4,790.73,3,5,5,"3,5,5"
13198,"2023-09-20",978,2,85.30,3,3,2,"3,3,2"
5186,"2023-09-20",978,1,102.00,3,2,2,"3,2,2"
19182,"2023-09-20",978,2,406.82,3,4,4,"3,4,4"
9498,"2023-09-20",978,1,12.94,3,1,1,"3,1,1"
8944,"2023-09-20",978,1,192.71,3,1,3,"3,1,3"
3634,"2023-09-20",978,2,293.93,3,4,4,"3,4,4"
15594,"2023-09-21",977,1,70.10,3,1,1,"3,1,1"
17868,"2023-09-21",977,2,394.54,3,4,4,"3,4,4"
17881,"2023-09-21",977,2,169.43,3,3,3,"3,3,3"
12863,"2023-09-21",977,1,150.24,3,1,2,"3,1,2"
1296,"2023-09-21",977,1,69.62,3,1,1,"3,1,1"
4729,"2023-09-21",977,3,233.67,3,5,3,"3,5,3"
14195,"2023-09-21",977,3,1581.48,3,4,5,"3,4,5"
4009,"2023-09-22",976,1,140.59,3,2,2,"3,2,2"
11838,"2023-09-22",976,1,241.30,3,1,3,"3,1,3"
11938,"2023-09-22",976,1,90.28,3,2,2,"3,2,2"
13537,"2023-09-22",976,1,136.74,3,2,2,"3,2,2"
413,"2023-09-22",976,1,133.44,3,2,2,"3,2,2"
18841,"2023-09-22",976,2,333.80,3,4,4,"3,4,4"
14421,"2023-09-22",976,3,796.04,3,5,5,"3,5,5"
15558,"2023-09-22",976,2,575.17,3,4,5,"3,4,5"
14109,"2023-09-22",976,1,389.07,3,1,4,"3,1,4"
5973,"2023-09-23",975,3,292.12,3,4,4,"3,4,4"
5382,"2023-09-23",975,3,793.56,3,5,5,"3,5,5"
3241,"2023-09-23",975,2,345.60,3,4,4,"3,4,4"
13017,"2023-09-23",975,1,199.63,3,1,3,"3,1,3"
9423,"2023-09-23",975,1,623.72,3,2,5,"3,2,5"
10757,"2023-09-23",975,2,219.98,3,3,3,"3,3,3"
18800,"2023-09-23",975,3,359.11,3,4,4,"3,4,4"
12452,"2023-09-23",975,2,171.47,3,3,3,"3,3,3"
5664,"2023-09-23",975,3,307.42,3,4,4,"3,4,4"
16262,"2023-09-24",974,5,776.86,3,5,5,"3,5,5"
1809,"2023-09-24",974,4,661.07,3,5,5,"3,5,5"
17823,"2023-09-24",974,1,24.77,3,2,1,"3,2,1"
14610,"2023-09-24",974,3,196.86,3,4,3,"3,4,3"
13240,"2023-09-24",974,1,24.49,3,2,1,"3,2,1"
8647,"2023-09-24",974,4,919.30,3,5,5,"3,5,5"
7461,"2023-09-24",974,2,131.72,3,3,2,"3,3,2"
18905,"2023-09-24",974,2,402.02,3,4,4,"3,4,4"
2222,"2023-09-25",973,1,155.74,3,1,3,"3,1,3"
18085,"2023-09-25",973,4,365.38,3,5,4,"3,5,4"
279,"2023-09-25",973,2,270.70,3,3,4,"3,3,4"
9819,"2023-09-25",973,1,82.29,3,2,2,"3,2,2"
2480,"2023-09-25",973,3,314.18,3,5,4,"3,5,4"
6979,"2023-09-25",973,2,285.48,3,4,4,"3,4,4"
12794,"2023-09-25",973,2,222.47,3,3,3,"3,3,3"
3886,"2023-09-25",973,1,85.09,3,2,2,"3,2,2"
10061,"2023-09-25",973,2,589.05,3,4,5,"3,4,5"
4767,"2023-09-26",972,3,206.74,3,4,3,"3,4,3"
8875,"2023-09-26",972,4,753.38,3,5,5,"3,5,5"
9655,"2023-09-26",972,3,118.42,3,5,2,"3,5,2"
2987,"2023-09-26",972,3,511.74,3,5,5,"3,5,5"
13608,"2023-09-26",972,2,194.24,3,3,3,"3,3,3"
12073,"2023-09-26",972,2,295.44,3,4,4,"3,4,4"
9087,"2023-09-26",972,2,365.53,3,4,4,"3,4,4"
11869,"2023-09-27",971,2,98.14,3,3,2,"3,3,2"
8505,"2023-09-27",971,5,542.55,3,5,5,"3,5,5"
1114,"2023-09-27",971,1,133.70,3,2,2,"3,2,2"
4995,"2023-09-27",971,1,97.38,3,2,2,"3,2,2"
1055,"2023-09-27",971,2,50.83,3,2,1,"3,2,1"
19224,"2023-09-27",971,2,351.82,3,4,4,"3,4,4"
2134,"2023-09-27",971,3,331.19,3,5,4,"3,5,4"
12292,"2023-09-27",971,1,8.35,3,1,1,"3,1,1"
2952,"2023-09-28",970,1,447.57,3,2,5,"3,2,5"
10299,"2023-09-28",970,3,555.34,3,4,5,"3,4,5"
2694,"2023-09-28",970,1,424.58,3,2,4,"3,2,4"
17581,"2023-09-28",970,1,136.01,3,2,2,"3,2,2"
4094,"2023-09-28",970,2,491.47,3,4,5,"3,4,5"
11234,"2023-09-28",970,3,242.38,3,5,3,"3,5,3"
16502,"2023-09-28",970,3,180.59,3,5,3,"3,5,3"
12909,"2023-09-28",970,2,147.88,3,3,2,"3,3,2"
6067,"2023-09-28",970,2,253.81,3,3,3,"3,3,3"
2862,"2023-09-28",970,1,29.22,3,2,1,"3,2,1"
3875,"2023-09-29",969,2,377.68,3,4,4,"3,4,4"
14229,"2023-09-29",969,1,43.70,3,1,1,"3,1,1"
8447,"2023-09-29",969,2,75.25,3,3,2,"3,3,2"
11513,"2023-09-29",969,2,291.18,3,4,4,"3,4,4"
5880,"2023-09-29",969,2,131.12,3,3,2,"3,3,2"
1541,"2023-09-29",969,1,191.68,3,1,3,"3,1,3"
3014,"2023-09-29",969,3,449.79,3,5,5,"3,5,5"
11599,"2023-09-29",969,1,110.90,3,2,2,"3,2,2"
10860,"2023-09-30",968,2,168.49,3,3,3,"3,3,3"
12327,"2023-09-30",968,2,171.55,3,3,3,"3,3,3"
189,"2023-09-30",968,2,371.33,3,4,4,"3,4,4"
11501,"2023-09-30",968,1,31.31,3,2,1,"3,2,1"
10744,"2023-09-30",968,2,25.32,3,2,1,"3,2,1"
712,"2023-09-30",968,1,102.08,3,2,2,"3,2,2"
15055,"2023-09-30",968,1,82.02,3,2,2,"3,2,2"
6825,"2023-09-30",968,2,98.25,3,3,2,"3,3,2"
11547,"2023-09-30",968,2,43.75,3,2,1,"3,2,1"
3928,"2023-09-30",968,2,91.09,3,3,2,"3,3,2"
5098,"2023-09-30",968,3,414.73,3,4,4,"3,4,4"
7587,"2023-09-30",968,3,101.11,3,4,2,"3,4,2"
8230,"2023-09-30",968,1,55.17,3,1,1,"3,1,1"
16892,"2023-09-30",968,3,235.85,3,5,3,"3,5,3"
18705,"2023-09-30",968,2,117.90,3,3,2,"3,3,2"
18717,"2023-09-30",968,3,722.39,3,4,5,"3,4,5"
15454,"2023-10-01",967,3,204.93,3,4,3,"3,4,3"
14270,"2023-10-01",967,2,223.72,3,3,3,"3,3,3"
5172,"2023-10-01",967,1,31.51,3,2,1,"3,2,1"
9315,"2023-10-01",967,1,92.11,3,2,2,"3,2,2"
739,"2023-10-01",967,2,176.23,3,3,3,"3,3,3"
13730,"2023-10-02",966,1,35.01,3,2,1,"3,2,1"
8936,"2023-10-02",966,4,980.09,3,5,5,"3,5,5"
64,"2023-10-02",966,1,32.27,3,2,1,"3,2,1"
14802,"2023-10-02",966,1,168.66,3,1,3,"3,1,3"
6615,"2023-10-02",966,1,195.91,3,1,3,"3,1,3"
4502,"2023-10-02",966,1,102.76,3,2,2,"3,2,2"
4099,"2023-10-02",966,1,31.18,3,2,1,"3,2,1"
13224,"2023-10-02",966,2,199.42,3,3,3,"3,3,3"
14062,"2023-10-02",966,2,368.02,3,4,4,"3,4,4"
16792,"2023-10-02",966,1,188.82,3,1,3,"3,1,3"
3852,"2023-10-02",966,2,67.13,3,3,1,"3,3,1"
18688,"2023-10-02",966,2,274.60,3,3,4,"3,3,4"
8264,"2023-10-02",966,1,146.23,3,1,2,"3,1,2"
14004,"2023-10-03",965,1,44.94,3,1,1,"3,1,1"
18908,"2023-10-03",965,2,209.23,3,3,3,"3,3,3"
3973,"2023-10-03",965,4,446.45,3,5,5,"3,5,5"
12296,"2023-10-03",965,1,1000.74,3,1,5,"3,1,5"
7701,"2023-10-03",965,2,68.39,3,3,1,"3,3,1"
13087,"2023-10-03",965,1,58.93,3,1,1,"3,1,1"
3639,"2023-10-03",965,3,379.20,3,5,4,"3,5,4"
15438,"2023-10-04",964,1,134.91,3,2,2,"3,2,2"
19292,"2023-10-04",964,1,16.87,3,2,1,"3,2,1"
12638,"2023-10-04",964,4,605.05,3,5,5,"3,5,5"
4535,"2023-10-04",964,4,349.09,3,5,4,"3,5,4"
18295,"2023-10-04",964,1,4.95,3,2,1,"3,2,1"
5371,"2023-10-04",964,1,195.53,3,1,3,"3,1,3"
3278,"2023-10-04",964,1,114.39,3,2,2,"3,2,2"
17200,"2023-10-04",964,3,540.21,3,5,5,"3,5,5"
10220,"2023-10-04",964,4,870.29,3,5,5,"3,5,5"
5593,"2023-10-04",964,1,85.94,3,2,2,"3,2,2"
7373,"2023-10-05",963,1,12.97,3,1,1,"3,1,1"
229,"2023-10-05",963,1,116.54,3,2,2,"3,2,2"
36,"2023-10-05",963,3,183.79,3,4,3,"3,4,3"
13950,"2023-10-05",963,2,145.77,3,3,2,"3,3,2"
16983,"2023-10-05",963,1,80.25,3,2,2,"3,2,2"
3951,"2023-10-05",963,2,801.79,3,4,5,"3,4,5"
3380,"2023-10-06",962,3,230.21,3,5,3,"3,5,3"
8469,"2023-10-06",962,5,648.07,3,5,5,"3,5,5"
4354,"2023-10-06",962,6,823.17,3,5,5,"3,5,5"
2410,"2023-10-06",962,5,677.35,3,5,5,"3,5,5"
15396,"2023-10-06",962,2,462.59,3,4,5,"3,4,5"
12546,"2023-10-06",962,2,226.81,3,3,3,"3,3,3"
3051,"2023-10-07",961,1,168.62,3,1,3,"3,1,3"
3094,"2023-10-07",961,2,184.15,3,3,3,"3,3,3"
8376,"2023-10-07",961,3,636.43,3,5,5,"3,5,5"
1815,"2023-10-08",960,1,75.43,3,2,2,"3,2,2"
6007,"2023-10-08",960,1,111.90,3,2,2,"3,2,2"
3725,"2023-10-08",960,2,101.44,3,3,2,"3,3,2"
15358,"2023-10-08",960,1,171.77,3,1,3,"3,1,3"
14137,"2023-10-08",960,3,628.92,3,5,5,"3,5,5"
14823,"2023-10-08",960,2,511.63,3,4,5,"3,4,5"
7112,"2023-10-08",960,1,87.48,3,2,2,"3,2,2"
3647,"2023-10-08",960,3,733.32,3,4,5,"3,4,5"
19584,"2023-10-08",960,1,82.70,3,2,2,"3,2,2"
2780,"2023-10-08",960,4,748.77,3,5,5,"3,5,5"
11368,"2023-10-08",960,4,391.93,3,5,4,"3,5,4"
19663,"2023-10-08",960,4,323.79,3,5,4,"3,5,4"
19659,"2023-10-08",960,2,616.82,3,4,5,"3,4,5"
5046,"2023-10-09",959,1,265.08,3,1,4,"3,1,4"
1046,"2023-10-09",959,1,70.01,3,1,1,"3,1,1"
5895,"2023-10-09",959,4,313.01,3,5,4,"3,5,4"
11510,"2023-10-09",959,1,125.26,3,2,2,"3,2,2"
12888,"2023-10-09",959,2,517.46,3,4,5,"3,4,5"
15605,"2023-10-09",959,3,386.73,3,4,4,"3,4,4"
3663,"2023-10-09",959,3,255.63,3,5,3,"3,5,3"
14743,"2023-10-10",958,1,82.08,3,2,2,"3,2,2"
9975,"2023-10-10",958,2,176.22,3,3,3,"3,3,3"
8444,"2023-10-10",958,2,641.65,3,4,5,"3,4,5"
12705,"2023-10-10",958,1,168.25,3,1,3,"3,1,3"
15443,"2023-10-11",957,1,9.39,3,1,1,"3,1,1"
5548,"2023-10-11",957,1,198.33,3,1,3,"3,1,3"
13748,"2023-10-11",957,2,157.70,3,3,3,"3,3,3"
8937,"2023-10-11",957,2,141.39,3,3,2,"3,3,2"
7602,"2023-10-11",957,2,369.99,3,4,4,"3,4,4"
4906,"2023-10-11",957,1,186.18,3,1,3,"3,1,3"
6561,"2023-10-11",957,1,80.85,3,2,2,"3,2,2"
6544,"2023-10-12",956,2,102.09,3,3,2,"3,3,2"
4924,"2023-10-12",956,1,33.14,3,2,1,"3,2,1"
10721,"2023-10-12",956,4,242.54,3,5,3,"3,5,3"
15715,"2023-10-12",956,2,165.96,3,3,3,"3,3,3"
1306,"2023-10-12",956,1,48.72,3,1,1,"3,1,1"
16189,"2023-10-12",956,2,461.84,3,4,5,"3,4,5"
7595,"2023-10-12",956,6,960.19,3,5,5,"3,5,5"
3660,"2023-10-12",956,1,171.09,3,1,3,"3,1,3"
13838,"2023-10-12",956,2,282.08,3,3,4,"3,3,4"
14747,"2023-10-12",956,2,951.60,3,4,5,"3,4,5"
4083,"2023-10-12",956,1,219.51,3,1,3,"3,1,3"
19146,"2023-10-12",956,1,17.33,3,2,1,"3,2,1"
17974,"2023-10-12",956,2,163.58,3,3,3,"3,3,3"
238,"2023-10-12",956,2,284.27,3,3,4,"3,3,4"
17770,"2023-10-12",956,3,155.24,3,5,3,"3,5,3"
5114,"2023-10-12",956,2,120.00,3,3,2,"3,3,2"
11970,"2023-10-12",956,2,405.66,3,4,4,"3,4,4"
1103,"2023-10-12",956,1,184.29,3,1,3,"3,1,3"
6389,"2023-10-13",955,2,133.16,3,3,2,"3,3,2"
7759,"2023-10-13",955,3,493.86,3,5,5,"3,5,5"
14538,"2023-10-13",955,2,69.26,3,3,1,"3,3,1"
17930,"2023-10-13",955,3,554.77,3,4,5,"3,4,5"
17231,"2023-10-13",955,2,149.42,3,3,2,"3,3,2"
586,"2023-10-13",955,2,169.78,3,3,3,"3,3,3"
15875,"2023-10-13",955,2,40.20,3,2,1,"3,2,1"
13160,"2023-10-13",955,2,290.32,3,4,4,"3,4,4"
15427,"2023-10-13",955,3,245.92,3,5,3,"3,5,3"
18740,"2023-10-13",955,3,244.43,3,5,3,"3,5,3"
1309,"2023-10-13",955,4,249.08,3,5,3,"3,5,3"
11052,"2023-10-13",955,2,415.42,3,4,4,"3,4,4"
6968,"2023-10-14",954,4,498.51,3,5,5,"3,5,5"
3458,"2023-10-14",954,2,392.84,3,4,4,"3,4,4"
13239,"2023-10-14",954,3,203.47,3,4,3,"3,4,3"
7540,"2023-10-14",954,1,48.67,3,1,1,"3,1,1"
9541,"2023-10-14",954,4,607.30,3,5,5,"3,5,5"
606,"2023-10-14",954,2,740.97,3,4,5,"3,4,5"
12953,"2023-10-15",953,2,155.95,3,3,3,"3,3,3"
14146,"2023-10-15",953,1,127.33,3,2,2,"3,2,2"
6095,"2023-10-15",953,4,161.76,3,5,3,"3,5,3"
11911,"2023-10-15",953,1,114.37,3,2,2,"3,2,2"
9053,"2023-10-15",953,5,687.59,3,5,5,"3,5,5"
19856,"2023-10-16",952,1,110.88,3,2,2,"3,2,2"
9272,"2023-10-16",952,1,145.80,3,1,2,"3,1,2"
8995,"2023-10-16",952,2,361.80,3,4,4,"3,4,4"
12393,"2023-10-16",952,2,214.55,3,3,3,"3,3,3"
5293,"2023-10-16",952,2,37.59,3,2,1,"3,2,1"
17134,"2023-10-16",952,1,47.19,3,1,1,"3,1,1"
17784,"2023-10-16",952,1,516.38,3,2,5,"3,2,5"
2118,"2023-10-16",952,2,175.73,3,3,3,"3,3,3"
11201,"2023-10-16",952,2,236.61,3,3,3,"3,3,3"
12550,"2023-10-16",952,3,248.42,3,5,3,"3,5,3"
1534,"2023-10-16",952,2,285.69,3,4,4,"3,4,4"
18535,"2023-10-17",951,2,664.22,3,4,5,"3,4,5"
3397,"2023-10-17",951,2,644.47,3,4,5,"3,4,5"
15996,"2023-10-17",951,2,146.10,3,3,2,"3,3,2"
19816,"2023-10-17",951,2,257.73,3,3,4,"3,3,4"
16399,"2023-10-17",951,2,250.03,3,3,3,"3,3,3"
9230,"2023-10-17",951,1,74.32,3,2,2,"3,2,2"
19716,"2023-10-17",951,1,137.81,3,2,2,"3,2,2"
13125,"2023-10-17",951,1,105.09,3,2,2,"3,2,2"
605,"2023-10-17",951,4,401.64,3,5,4,"3,5,4"
9171,"2023-10-17",951,2,311.42,3,4,4,"3,4,4"
6148,"2023-10-18",950,4,382.16,3,5,4,"3,5,4"
6373,"2023-10-18",950,2,136.06,3,3,2,"3,3,2"
16340,"2023-10-18",950,1,12.05,3,1,1,"3,1,1"
15088,"2023-10-18",950,2,902.92,3,4,5,"3,4,5"
18805,"2023-10-18",950,4,1253.16,3,5,5,"3,5,5"
1697,"2023-10-18",950,2,213.37,3,3,3,"3,3,3"
16659,"2023-10-18",950,2,112.13,3,3,2,"3,3,2"
3703,"2023-10-19",949,4,652.62,3,5,5,"3,5,5"
11011,"2023-10-19",949,2,201.22,3,3,3,"3,3,3"
6736,"2023-10-19",949,1,180.28,3,1,3,"3,1,3"
16025,"2023-10-19",949,2,285.15,3,4,4,"3,4,4"
10480,"2023-10-19",949,1,91.40,3,2,2,"3,2,2"
285,"2023-10-19",949,2,147.82,3,3,2,"3,3,2"
12010,"2023-10-19",949,5,549.45,3,5,5,"3,5,5"
7712,"2023-10-19",949,2,123.92,3,3,2,"3,3,2"
7708,"2023-10-19",949,1,109.58,3,2,2,"3,2,2"
7964,"2023-10-19",949,3,536.11,3,5,5,"3,5,5"
16607,"2023-10-20",948,2,406.90,3,4,4,"3,4,4"
13826,"2023-10-20",948,2,112.98,3,3,2,"3,3,2"
3368,"2023-10-20",948,4,324.90,3,5,4,"3,5,4"
19176,"2023-10-20",948,2,350.36,3,4,4,"3,4,4"
11108,"2023-10-20",948,2,128.61,3,3,2,"3,3,2"
13697,"2023-10-20",948,1,69.10,3,1,1,"3,1,1"
9156,"2023-10-20",948,2,100.17,3,3,2,"3,3,2"
8022,"2023-10-20",948,1,275.66,3,1,4,"3,1,4"
3865,"2023-10-21",947,1,64.99,3,1,1,"3,1,1"
1746,"2023-10-21",947,1,26.03,3,2,1,"3,2,1"
4043,"2023-10-21",947,4,327.85,3,5,4,"3,5,4"
14258,"2023-10-21",947,1,32.22,3,2,1,"3,2,1"
13363,"2023-10-21",947,2,284.72,3,3,4,"3,3,4"
2525,"2023-10-22",946,1,20.19,3,2,1,"3,2,1"
9377,"2023-10-22",946,3,222.09,3,5,3,"3,5,3"
15632,"2023-10-22",946,3,423.21,3,4,4,"3,4,4"
2770,"2023-10-22",946,3,205.87,3,4,3,"3,4,3"
13028,"2023-10-22",946,3,117.94,3,5,2,"3,5,2"
17998,"2023-10-22",946,1,28.48,3,2,1,"3,2,1"
10840,"2023-10-22",946,1,28.51,3,2,1,"3,2,1"
7647,"2023-10-22",946,4,415.85,3,5,4,"3,5,4"
1735,"2023-10-22",946,1,34.74,3,2,1,"3,2,1"
14125,"2023-10-23",945,1,267.49,3,1,4,"3,1,4"
16560,"2023-10-23",945,2,631.47,3,4,5,"3,4,5"
15650,"2023-10-23",945,3,165.32,3,4,3,"3,4,3"
19325,"2023-10-23",945,1,33.34,3,2,1,"3,2,1"
13451,"2023-10-23",945,2,193.29,3,3,3,"3,3,3"
7152,"2023-10-23",945,1,130.55,3,2,2,"3,2,2"
4913,"2023-10-23",945,1,111.49,3,2,2,"3,2,2"
16307,"2023-10-23",945,1,21.08,3,2,1,"3,2,1"
7892,"2023-10-24",944,2,674.14,3,4,5,"3,4,5"
5661,"2023-10-24",944,1,57.76,3,1,1,"3,1,1"
15482,"2023-10-24",944,1,50.82,3,1,1,"3,1,1"
6994,"2023-10-24",944,2,387.20,3,4,4,"3,4,4"
10554,"2023-10-24",944,1,165.06,3,1,3,"3,1,3"
1854,"2023-10-24",944,2,61.10,3,3,1,"3,3,1"
3462,"2023-10-24",944,1,27.60,3,2,1,"3,2,1"
14396,"2023-10-24",944,1,128.97,3,2,2,"3,2,2"
8145,"2023-10-24",944,3,686.56,3,5,5,"3,5,5"
13366,"2023-10-25",943,1,23.11,3,2,1,"3,2,1"
10612,"2023-10-25",943,1,18.25,3,2,1,"3,2,1"
681,"2023-10-25",943,1,103.44,3,2,2,"3,2,2"
4585,"2023-10-25",943,1,17.42,3,2,1,"3,2,1"
12532,"2023-10-25",943,1,211.74,3,1,3,"3,1,3"
18952,"2023-10-26",942,1,624.10,3,2,5,"3,2,5"
10635,"2023-10-26",942,4,177.91,3,5,3,"3,5,3"
14135,"2023-10-26",942,3,2588.95,3,5,5,"3,5,5"
12584,"2023-10-26",942,1,218.32,3,1,3,"3,1,3"
7073,"2023-10-26",942,3,420.92,3,4,4,"3,4,4"
6102,"2023-10-26",942,2,142.43,3,3,2,"3,3,2"
3585,"2023-10-26",942,3,234.92,3,5,3,"3,5,3"
683,"2023-10-26",942,1,195.58,3,1,3,"3,1,3"
2060,"2023-10-26",942,2,559.75,3,4,5,"3,4,5"
2360,"2023-10-27",941,2,189.35,3,3,3,"3,3,3"
2646,"2023-10-27",941,1,333.06,3,1,4,"3,1,4"
8436,"2023-10-27",941,1,130.11,3,2,2,"3,2,2"
3214,"2023-10-27",941,3,701.63,3,5,5,"3,5,5"
5881,"2023-10-27",941,2,63.15,3,3,1,"3,3,1"
7913,"2023-10-27",941,1,28.59,3,2,1,"3,2,1"
14503,"2023-10-27",941,2,137.07,3,3,2,"3,3,2"
138,"2023-10-28",940,1,15.86,3,2,1,"3,2,1"
2937,"2023-10-28",940,2,572.59,3,4,5,"3,4,5"
986,"2023-10-28",940,1,41.97,3,1,1,"3,1,1"
14667,"2023-10-28",940,1,14.56,3,1,1,"3,1,1"
8185,"2023-10-28",940,3,612.95,3,4,5,"3,4,5"
9751,"2023-10-28",940,2,589.45,3,4,5,"3,4,5"
6612,"2023-10-28",940,3,367.40,3,5,4,"3,5,4"
4525,"2023-10-28",940,2,665.05,3,4,5,"3,4,5"
1685,"2023-10-28",940,2,357.39,3,4,4,"3,4,4"
2356,"2023-10-28",940,1,12.08,3,1,1,"3,1,1"
2120,"2023-10-28",940,2,308.68,3,4,4,"3,4,4"
19536,"2023-10-28",940,1,17.48,3,2,1,"3,2,1"
6931,"2023-10-29",939,2,1158.02,3,4,5,"3,4,5"
8411,"2023-10-29",939,1,31.38,3,2,1,"3,2,1"
10526,"2023-10-29",939,2,376.94,3,4,4,"3,4,4"
106,"2023-10-29",939,2,101.59,3,3,2,"3,3,2"
11378,"2023-10-29",939,1,19.05,3,2,1,"3,2,1"
2314,"2023-10-29",939,3,401.50,3,4,4,"3,4,4"
18930,"2023-10-29",939,2,140.87,3,3,2,"3,3,2"
7023,"2023-10-29",939,4,487.62,3,5,5,"3,5,5"
12438,"2023-10-29",939,4,1540.79,3,5,5,"3,5,5"
4907,"2023-10-29",939,3,352.71,3,4,4,"3,4,4"
1981,"2023-10-29",939,1,72.49,3,1,1,"3,1,1"
12529,"2023-10-30",938,1,30.61,3,2,1,"3,2,1"
17331,"2023-10-30",938,1,223.87,3,1,3,"3,1,3"
5328,"2023-10-30",938,2,162.41,3,3,3,"3,3,3"
4089,"2023-10-30",938,2,263.83,3,3,4,"3,3,4"
12365,"2023-10-30",938,2,255.65,3,3,3,"3,3,3"
7779,"2023-10-30",938,2,158.96,3,3,3,"3,3,3"
4894,"2023-10-30",938,1,4.73,3,2,1,"3,2,1"
7135,"2023-10-31",937,2,305.03,3,4,4,"3,4,4"
17193,"2023-10-31",937,2,825.21,3,4,5,"3,4,5"
8369,"2023-10-31",937,1,17.46,3,2,1,"3,2,1"
60,"2023-10-31",937,3,191.16,3,4,3,"3,4,3"
7328,"2023-10-31",937,3,203.32,3,4,3,"3,4,3"
11451,"2023-10-31",937,1,116.62,3,2,2,"3,2,2"
17138,"2023-10-31",937,3,246.59,3,5,3,"3,5,3"
15279,"2023-10-31",937,2,403.28,3,4,4,"3,4,4"
15618,"2023-10-31",937,3,512.78,3,5,5,"3,5,5"
12748,"2023-11-01",936,2,353.71,3,4,4,"3,4,4"
5260,"2023-11-01",936,1,54.41,3,1,1,"3,1,1"
3189,"2023-11-01",936,1,101.56,3,2,2,"3,2,2"
2098,"2023-11-01",936,1,171.98,3,1,3,"3,1,3"
16423,"2023-11-01",936,2,309.32,3,4,4,"3,4,4"
10535,"2023-11-01",936,1,143.95,3,1,2,"3,1,2"
13132,"2023-11-01",936,2,40.35,3,2,1,"3,2,1"
19430,"2023-11-01",936,1,199.64,3,1,3,"3,1,3"
5894,"2023-11-02",935,2,335.79,3,4,4,"3,4,4"
11137,"2023-11-02",935,1,157.49,3,1,3,"3,1,3"
14626,"2023-11-02",935,1,199.87,3,1,3,"3,1,3"
4606,"2023-11-02",935,1,19.35,3,2,1,"3,2,1"
18405,"2023-11-02",935,2,128.87,3,3,2,"3,3,2"
3726,"2023-11-02",935,3,86.79,3,4,2,"3,4,2"
13701,"2023-11-02",935,4,1529.97,3,5,5,"3,5,5"
8918,"2023-11-02",935,5,1054.61,3,5,5,"3,5,5"
12709,"2023-11-03",934,2,103.07,3,3,2,"3,3,2"
11876,"2023-11-03",934,3,847.85,3,5,5,"3,5,5"
16334,"2023-11-03",934,2,504.73,3,4,5,"3,4,5"
1614,"2023-11-03",934,1,252.28,3,1,3,"3,1,3"
12125,"2023-11-03",934,2,87.78,3,3,2,"3,3,2"
10999,"2023-11-03",934,1,189.02,3,1,3,"3,1,3"
7760,"2023-11-04",933,1,22.40,3,2,1,"3,2,1"
17901,"2023-11-04",933,4,425.49,3,5,4,"3,5,4"
4285,"2023-11-04",933,2,335.92,3,4,4,"3,4,4"
11154,"2023-11-04",933,1,391.33,3,1,4,"3,1,4"
4475,"2023-11-04",933,2,196.18,3,3,3,"3,3,3"
16349,"2023-11-05",932,2,143.61,3,3,2,"3,3,2"
11625,"2023-11-05",932,3,975.90,3,4,5,"3,4,5"
5204,"2023-11-05",932,1,76.20,3,2,2,"3,2,2"
14547,"2023-11-05",932,3,283.74,3,4,4,"3,4,4"
18021,"2023-11-05",932,2,501.70,3,4,5,"3,4,5"
9543,"2023-11-05",932,2,132.68,3,3,2,"3,3,2"
15773,"2023-11-05",932,1,476.33,3,2,5,"3,2,5"
6465,"2023-11-05",932,4,110.19,3,5,2,"3,5,2"
7070,"2023-11-05",932,3,524.34,3,5,5,"3,5,5"
11916,"2023-11-05",932,2,603.60,3,4,5,"3,4,5"
10667,"2023-11-06",931,2,140.65,3,3,2,"3,3,2"
2055,"2023-11-06",931,2,108.57,3,3,2,"3,3,2"
16694,"2023-11-06",931,2,394.61,3,4,4,"3,4,4"
11563,"2023-11-06",931,2,221.10,3,3,3,"3,3,3"
12139,"2023-11-06",931,3,1145.27,3,5,5,"3,5,5"
4133,"2023-11-06",931,3,311.39,3,5,4,"3,5,4"
8822,"2023-11-06",931,3,598.11,3,4,5,"3,4,5"
13221,"2023-11-06",931,1,128.97,3,2,2,"3,2,2"
17439,"2023-11-06",931,2,94.38,3,3,2,"3,3,2"
17898,"2023-11-07",930,1,55.31,3,1,1,"3,1,1"
15897,"2023-11-07",930,3,645.12,3,5,5,"3,5,5"
16989,"2023-11-07",930,3,486.42,3,5,5,"3,5,5"
11617,"2023-11-07",930,3,446.69,3,5,5,"3,5,5"
1119,"2023-11-08",929,3,258.36,3,4,4,"3,4,4"
7361,"2023-11-08",929,1,88.74,3,2,2,"3,2,2"
11094,"2023-11-08",929,2,75.09,3,3,2,"3,3,2"
10510,"2023-11-08",929,3,390.21,3,4,4,"3,4,4"
11589,"2023-11-08",929,4,669.29,3,5,5,"3,5,5"
5375,"2023-11-08",929,1,313.61,3,1,4,"3,1,4"
12670,"2023-11-08",929,2,168.53,3,3,3,"3,3,3"
19321,"2023-11-08",929,2,413.61,3,4,4,"3,4,4"
14401,"2023-11-08",929,1,19.48,3,2,1,"3,2,1"
3784,"2023-11-08",929,1,276.29,3,1,4,"3,1,4"
10151,"2023-11-09",928,1,51.37,3,1,1,"3,1,1"
272,"2023-11-09",928,1,90.44,3,2,2,"3,2,2"
17106,"2023-11-09",928,2,212.67,3,3,3,"3,3,3"
1884,"2023-11-09",928,3,357.94,3,4,4,"3,4,4"
1446,"2023-11-09",928,2,82.62,3,3,2,"3,3,2"
7133,"2023-11-09",928,2,359.11,3,4,4,"3,4,4"
3089,"2023-11-09",928,2,108.39,3,3,2,"3,3,2"
7350,"2023-11-09",928,1,83.08,3,2,2,"3,2,2"
9210,"2023-11-09",928,2,555.17,3,4,5,"3,4,5"
14886,"2023-11-09",928,2,412.83,3,4,4,"3,4,4"
6124,"2023-11-09",928,1,181.44,3,1,3,"3,1,3"
13130,"2023-11-09",928,1,1220.75,3,1,5,"3,1,5"
18132,"2023-11-10",927,2,380.14,3,4,4,"3,4,4"
6138,"2023-11-10",927,3,310.70,3,5,4,"3,5,4"
7025,"2023-11-10",927,2,334.53,3,4,4,"3,4,4"
1413,"2023-11-10",927,1,123.58,3,2,2,"3,2,2"
5915,"2023-11-10",927,1,22.24,3,2,1,"3,2,1"
65,"2023-11-10",927,1,64.69,3,1,1,"3,1,1"
12346,"2023-11-10",927,1,363.60,3,1,4,"3,1,4"
18204,"2023-11-10",927,1,28.79,3,2,1,"3,2,1"
12571,"2023-11-11",926,3,804.63,3,5,5,"3,5,5"
15532,"2023-11-11",926,3,404.97,3,4,4,"3,4,4"
15183,"2023-11-11",926,1,102.05,3,2,2,"3,2,2"
12037,"2023-11-11",926,3,236.99,3,5,3,"3,5,3"
4569,"2023-11-11",926,1,118.70,3,2,2,"3,2,2"
5051,"2023-11-11",926,1,85.46,3,2,2,"3,2,2"
4952,"2023-11-11",926,2,114.64,3,3,2,"3,3,2"
17468,"2023-11-11",926,2,234.16,3,3,3,"3,3,3"
4583,"2023-11-11",926,2,56.81,3,3,1,"3,3,1"
2884,"2023-11-11",926,3,163.04,3,5,3,"3,5,3"
6738,"2023-11-11",926,1,255.96,3,1,3,"3,1,3"
16539,"2023-11-11",926,3,174.55,3,4,3,"3,4,3"
14305,"2023-11-11",926,2,229.20,3,3,3,"3,3,3"
8882,"2023-11-12",925,1,329.86,3,1,4,"3,1,4"
14982,"2023-11-12",925,2,164.35,3,3,3,"3,3,3"
16549,"2023-11-12",925,1,28.92,3,2,1,"3,2,1"
9780,"2023-11-12",925,3,652.58,3,4,5,"3,4,5"
7658,"2023-11-12",925,2,89.62,3,3,2,"3,3,2"
13053,"2023-11-12",925,2,99.12,3,3,2,"3,3,2"
12582,"2023-11-12",925,2,193.61,3,3,3,"3,3,3"
15130,"2023-11-12",925,4,1166.56,3,5,5,"3,5,5"
8709,"2023-11-13",924,2,222.07,3,3,3,"3,3,3"
1340,"2023-11-13",924,1,394.73,3,1,4,"3,1,4"
1265,"2023-11-13",924,3,122.86,3,5,2,"3,5,2"
55,"2023-11-13",924,2,351.59,3,4,4,"3,4,4"
6653,"2023-11-13",924,1,184.20,3,1,3,"3,1,3"
2213,"2023-11-13",924,1,511.50,3,2,5,"3,2,5"
13759,"2023-11-13",924,3,234.49,3,5,3,"3,5,3"
14333,"2023-11-13",924,3,168.93,3,5,3,"3,5,3"
17566,"2023-11-13",924,3,206.08,3,4,3,"3,4,3"
599,"2023-11-13",924,2,328.52,3,4,4,"3,4,4"
8212,"2023-11-13",924,2,237.43,3,3,3,"3,3,3"
16170,"2023-11-13",924,2,223.59,3,3,3,"3,3,3"
1743,"2023-11-13",924,2,426.84,3,4,4,"3,4,4"
19548,"2023-11-14",923,2,77.59,3,3,2,"3,3,2"
11115,"2023-11-14",923,1,169.13,3,1,3,"3,1,3"
13823,"2023-11-14",923,2,251.99,3,3,3,"3,3,3"
2493,"2023-11-14",923,1,14.26,3,1,1,"3,1,1"
18124,"2023-11-14",923,2,295.81,3,4,4,"3,4,4"
18669,"2023-11-14",923,2,138.55,3,3,2,"3,3,2"
5546,"2023-11-14",923,1,95.95,3,2,2,"3,2,2"
17382,"2023-11-15",922,2,104.45,3,3,2,"3,3,2"
9249,"2023-11-15",922,3,273.37,3,4,4,"3,4,4"
7962,"2023-11-15",922,2,108.52,3,3,2,"3,3,2"
13613,"2023-11-15",922,3,259.43,3,4,4,"3,4,4"
7020,"2023-11-15",922,2,136.47,3,3,2,"3,3,2"
3050,"2023-11-15",922,2,688.17,3,4,5,"3,4,5"
9344,"2023-11-16",921,3,285.80,3,4,4,"3,4,4"
1714,"2023-11-16",921,2,288.37,3,4,4,"3,4,4"
19500,"2023-11-16",921,2,148.71,3,3,2,"3,3,2"
14017,"2023-11-16",921,1,51.23,3,1,1,"3,1,1"
17257,"2023-11-16",921,2,278.34,3,3,4,"3,3,4"
10834,"2023-11-16",921,2,122.33,3,3,2,"3,3,2"
17172,"2023-11-16",921,2,215.26,3,3,3,"3,3,3"
4526,"2023-11-16",921,2,239.37,3,3,3,"3,3,3"
12539,"2023-11-16",921,2,148.49,3,3,2,"3,3,2"
13672,"2023-11-17",920,2,201.93,3,3,3,"3,3,3"
19947,"2023-11-17",920,1,89.04,3,2,2,"3,2,2"
15228,"2023-11-17",920,1,317.60,3,1,4,"3,1,4"
16066,"2023-11-17",920,2,102.03,3,3,2,"3,3,2"
12947,"2023-11-17",920,1,139.07,3,2,2,"3,2,2"
13849,"2023-11-18",919,2,71.04,3,3,1,"3,3,1"
4630,"2023-11-18",919,1,612.54,3,2,5,"3,2,5"
3947,"2023-11-18",919,2,111.68,3,3,2,"3,3,2"
1124,"2023-11-18",919,2,107.79,3,3,2,"3,3,2"
7210,"2023-11-18",919,1,5.63,3,2,1,"3,2,1"
17592,"2023-11-18",919,2,3026.42,3,2,5,"3,2,5"
2617,"2023-11-18",919,1,6.32,3,2,1,"3,2,1"
15941,"2023-11-19",918,3,581.39,3,4,5,"3,4,5"
18220,"2023-11-19",918,2,428.46,3,4,4,"3,4,4"
15136,"2023-11-19",918,5,609.58,3,5,5,"3,5,5"
12225,"2023-11-19",918,1,103.62,3,2,2,"3,2,2"
17061,"2023-11-19",918,3,108.06,3,4,2,"3,4,2"
19293,"2023-11-19",918,3,703.16,3,5,5,"3,5,5"
17845,"2023-11-20",917,4,790.82,3,5,5,"3,5,5"
14149,"2023-11-20",917,4,213.72,3,5,3,"3,5,3"
1352,"2023-11-20",917,1,118.35,3,2,2,"3,2,2"
12551,"2023-11-20",917,1,79.45,3,2,2,"3,2,2"
17256,"2023-11-20",917,2,124.81,3,3,2,"3,3,2"
13600,"2023-11-20",917,1,47.82,3,1,1,"3,1,1"
1563,"2023-11-20",917,6,567.57,3,5,5,"3,5,5"
10390,"2023-11-20",917,2,365.09,3,4,4,"3,4,4"
16051,"2023-11-20",917,2,179.02,3,3,3,"3,3,3"
6849,"2023-11-21",916,4,480.65,3,5,5,"3,5,5"
776,"2023-11-21",916,2,528.01,3,4,5,"3,4,5"
5652,"2023-11-21",916,5,353.39,3,5,4,"3,5,4"
7458,"2023-11-21",916,3,172.28,3,5,3,"3,5,3"
6781,"2023-11-21",916,2,474.21,3,4,5,"3,4,5"
18015,"2023-11-21",916,1,18.26,3,2,1,"3,2,1"
14110,"2023-11-21",916,4,334.26,3,5,4,"3,5,4"
5693,"2023-11-21",916,2,462.42,3,4,5,"3,4,5"
4268,"2023-11-22",915,1,87.96,3,2,2,"3,2,2"
6025,"2023-11-22",915,4,787.26,3,5,5,"3,5,5"
18313,"2023-11-22",915,3,485.10,3,5,5,"3,5,5"
15835,"2023-11-22",915,4,710.57,3,5,5,"3,5,5"
699,"2023-11-22",915,2,102.16,3,3,2,"3,3,2"
1399,"2023-11-22",915,2,216.99,3,3,3,"3,3,3"
6917,"2023-11-22",915,1,7.38,3,1,1,"3,1,1"
15243,"2023-11-22",915,2,215.00,3,3,3,"3,3,3"
2979,"2023-11-22",915,1,82.36,3,2,2,"3,2,2"
18935,"2023-11-23",914,2,197.62,3,3,3,"3,3,3"
19581,"2023-11-23",914,4,727.55,3,5,5,"3,5,5"
17223,"2023-11-23",914,4,318.71,3,5,4,"3,5,4"
10584,"2023-11-23",914,3,445.10,3,5,5,"3,5,5"
6337,"2023-11-23",914,2,173.91,3,3,3,"3,3,3"
19546,"2023-11-23",914,2,260.99,3,3,4,"3,3,4"
9931,"2023-11-23",914,2,228.30,3,3,3,"3,3,3"
16740,"2023-11-23",914,3,390.48,3,4,4,"3,4,4"
3651,"2023-11-23",914,2,691.66,3,4,5,"3,4,5"
9312,"2023-11-24",913,2,142.89,3,3,2,"3,3,2"
3033,"2023-11-24",913,3,744.07,3,4,5,"3,4,5"
1190,"2023-11-24",913,3,219.52,3,5,3,"3,5,3"
19136,"2023-11-24",913,1,101.80,3,2,2,"3,2,2"
7185,"2023-11-24",913,3,99.56,3,5,2,"3,5,2"
1056,"2023-11-24",913,1,131.44,3,2,2,"3,2,2"
17661,"2023-11-24",913,1,164.83,3,1,3,"3,1,3"
14944,"2023-11-24",913,2,173.78,3,3,3,"3,3,3"
17956,"2023-11-24",913,3,125.84,3,5,2,"3,5,2"
6967,"2023-11-24",913,4,229.79,3,5,3,"3,5,3"
13712,"2023-11-24",913,2,40.45,3,2,1,"3,2,1"
13127,"2023-11-24",913,1,161.11,3,1,3,"3,1,3"
9817,"2023-11-24",913,2,937.14,3,4,5,"3,4,5"
18732,"2023-11-24",913,2,334.16,3,4,4,"3,4,4"
13033,"2023-11-25",912,3,163.54,3,4,3,"3,4,3"
1719,"2023-11-25",912,1,458.01,3,2,5,"3,2,5"
11334,"2023-11-25",912,1,70.45,3,1,1,"3,1,1"
10288,"2023-11-25",912,1,27.51,3,2,1,"3,2,1"
8676,"2023-11-25",912,1,312.39,3,1,4,"3,1,4"
9040,"2023-11-25",912,1,43.89,3,1,1,"3,1,1"
9369,"2023-11-25",912,1,239.33,3,1,3,"3,1,3"
14160,"2023-11-25",912,2,95.46,3,3,2,"3,3,2"
9088,"2023-11-25",912,2,151.78,3,3,3,"3,3,3"
7193,"2023-11-26",911,4,311.00,3,5,4,"3,5,4"
17774,"2023-11-26",911,2,177.48,3,3,3,"3,3,3"
4926,"2023-11-26",911,2,175.64,3,3,3,"3,3,3"
1686,"2023-11-26",911,3,390.96,3,4,4,"3,4,4"
6978,"2023-11-26",911,1,18.10,3,2,1,"3,2,1"
16286,"2023-11-26",911,3,974.57,3,4,5,"3,4,5"
4942,"2023-11-26",911,2,182.92,3,3,3,"3,3,3"
16485,"2023-11-26",911,2,184.41,3,3,3,"3,3,3"
16106,"2023-11-26",911,2,87.92,3,3,2,"3,3,2"
9349,"2023-11-26",911,2,97.93,3,3,2,"3,3,2"
7545,"2023-11-26",911,1,39.21,3,2,1,"3,2,1"
5767,"2023-11-26",911,2,283.43,3,3,4,"3,3,4"
11306,"2023-11-26",911,2,105.75,3,3,2,"3,3,2"
9571,"2023-11-27",910,2,60.48,3,3,1,"3,3,1"
8620,"2023-11-27",910,1,87.58,3,2,2,"3,2,2"
12876,"2023-11-27",910,6,939.89,3,5,5,"3,5,5"
11684,"2023-11-27",910,2,49.70,3,2,1,"3,2,1"
12519,"2023-11-27",910,4,481.43,3,5,5,"3,5,5"
18478,"2023-11-27",910,2,166.99,3,3,3,"3,3,3"
6133,"2023-11-28",909,2,861.13,3,4,5,"3,4,5"
8704,"2023-11-28",909,3,401.16,3,4,4,"3,4,4"
9148,"2023-11-28",909,2,278.29,3,3,4,"3,3,4"
19788,"2023-11-28",909,4,380.89,3,5,4,"3,5,4"
1661,"2023-11-28",909,2,630.77,3,4,5,"3,4,5"
8113,"2023-11-28",909,1,150.05,3,1,2,"3,1,2"
11849,"2023-11-28",909,4,385.05,3,5,4,"3,5,4"
7229,"2023-11-28",909,2,92.38,3,3,2,"3,3,2"
16509,"2023-11-28",909,1,27.53,3,2,1,"3,2,1"
18655,"2023-11-28",909,2,103.12,3,3,2,"3,3,2"
307,"2023-11-29",908,1,78.99,3,2,2,"3,2,2"
5341,"2023-11-29",908,2,121.16,3,3,2,"3,3,2"
11874,"2023-11-29",908,3,244.99,3,5,3,"3,5,3"
4687,"2023-11-29",908,2,282.34,3,3,4,"3,3,4"
17278,"2023-11-29",908,5,859.47,3,5,5,"3,5,5"
7497,"2023-11-29",908,1,15.89,3,2,1,"3,2,1"
4180,"2023-11-29",908,2,61.13,3,3,1,"3,3,1"
6060,"2023-11-29",908,2,46.45,3,2,1,"3,2,1"
5776,"2023-11-29",908,1,127.72,3,2,2,"3,2,2"
8477,"2023-11-29",908,2,357.63,3,4,4,"3,4,4"
1516,"2023-11-30",907,2,123.74,3,3,2,"3,3,2"
6111,"2023-11-30",907,2,133.59,3,3,2,"3,3,2"
6453,"2023-11-30",907,2,232.85,3,3,3,"3,3,3"
3266,"2023-11-30",907,4,334.25,3,5,4,"3,5,4"
9122,"2023-11-30",907,1,28.64,3,2,1,"3,2,1"
6953,"2023-11-30",907,2,453.85,3,4,5,"3,4,5"
13896,"2023-11-30",907,1,68.76,3,1,1,"3,1,1"
12555,"2023-11-30",907,2,335.12,3,4,4,"3,4,4"
17118,"2023-11-30",907,3,186.00,3,4,3,"3,4,3"
5493,"2023-12-01",906,3,146.55,3,4,2,"3,4,2"
4110,"2023-12-01",906,1,15.86,3,2,1,"3,2,1"
12085,"2023-12-01",906,2,255.58,3,3,3,"3,3,3"
5643,"2023-12-01",906,2,350.89,3,4,4,"3,4,4"
13989,"2023-12-01",906,3,575.12,3,4,5,"3,4,5"
18383,"2023-12-01",906,2,255.07,3,3,3,"3,3,3"
5666,"2023-12-01",906,1,59.98,3,1,1,"3,1,1"
13847,"2023-12-01",906,2,303.88,3,4,4,"3,4,4"
666,"2023-12-02",905,3,130.15,3,5,2,"3,5,2"
8747,"2023-12-02",905,2,427.70,3,4,4,"3,4,4"
15047,"2023-12-02",905,2,119.96,3,3,2,"3,3,2"
2605,"2023-12-02",905,2,434.99,3,4,5,"3,4,5"
17503,"2023-12-03",904,2,173.40,3,3,3,"3,3,3"
9682,"2023-12-03",904,1,40.01,3,1,1,"3,1,1"
19240,"2023-12-03",904,2,447.76,3,4,5,"3,4,5"
1694,"2023-12-03",904,2,78.72,3,3,2,"3,3,2"
19000,"2023-12-03",904,1,194.54,3,1,3,"3,1,3"
15095,"2023-12-03",904,3,336.49,3,4,4,"3,4,4"
3399,"2023-12-03",904,2,167.64,3,3,3,"3,3,3"
19547,"2023-12-03",904,2,139.72,3,3,2,"3,3,2"
2004,"2023-12-03",904,3,470.22,3,5,5,"3,5,5"
17014,"2023-12-03",904,2,258.89,3,3,4,"3,3,4"
2066,"2023-12-04",903,3,272.39,3,4,4,"3,4,4"
16859,"2023-12-04",903,1,48.32,3,1,1,"3,1,1"
3838,"2023-12-04",903,3,123.55,3,5,2,"3,5,2"
5284,"2023-12-04",903,2,354.07,3,4,4,"3,4,4"
1353,"2023-12-04",903,3,63.12,3,5,1,"3,5,1"
15470,"2023-12-04",903,1,222.84,3,1,3,"3,1,3"
3155,"2023-12-04",903,2,389.06,3,4,4,"3,4,4"
15526,"2023-12-04",903,3,271.02,3,4,4,"3,4,4"
15118,"2023-12-04",903,1,74.86,3,2,2,"3,2,2"
4271,"2023-12-04",903,2,395.79,3,4,4,"3,4,4"
5383,"2023-12-04",903,2,163.48,3,3,3,"3,3,3"
3702,"2023-12-04",903,1,39.76,3,1,1,"3,1,1"
2558,"2023-12-05",902,2,423.05,3,4,4,"3,4,4"
14038,"2023-12-05",902,1,82.37,3,2,2,"3,2,2"
17721,"2023-12-05",902,2,135.83,3,3,2,"3,3,2"
9921,"2023-12-05",902,2,117.93,3,3,2,"3,3,2"
9572,"2023-12-05",902,2,135.18,3,3,2,"3,3,2"
11614,"2023-12-05",902,1,7.82,3,1,1,"3,1,1"
10169,"2023-12-05",902,4,527.29,3,5,5,"3,5,5"
16059,"2023-12-05",902,2,142.13,3,3,2,"3,3,2"
12317,"2023-12-05",902,3,381.90,3,5,4,"3,5,4"
3586,"2023-12-05",902,3,886.95,3,5,5,"3,5,5"
3742,"2023-12-05",902,1,27.60,3,2,1,"3,2,1"
13725,"2023-12-05",902,1,1678.36,3,1,5,"3,1,5"
7197,"2023-12-06",901,5,1137.21,3,5,5,"3,5,5"
9908,"2023-12-06",901,2,483.99,3,4,5,"3,4,5"
16795,"2023-12-06",901,1,153.96,3,1,3,"3,1,3"
12287,"2023-12-06",901,3,505.23,3,5,5,"3,5,5"
14525,"2023-12-06",901,3,162.13,3,5,3,"3,5,3"
5339,"2023-12-06",901,2,411.61,3,4,4,"3,4,4"
4292,"2023-12-07",900,2,1046.26,3,4,5,"3,4,5"
2891,"2023-12-07",900,1,35.13,3,2,1,"3,2,1"
5373,"2023-12-07",900,1,21.69,3,2,1,"3,2,1"
8935,"2023-12-07",900,3,360.71,3,4,4,"3,4,4"
7090,"2023-12-07",900,2,252.80,3,3,3,"3,3,3"
5656,"2023-12-07",900,3,197.56,3,4,3,"3,4,3"
14245,"2023-12-07",900,2,35.27,3,2,1,"3,2,1"
8052,"2023-12-07",900,2,210.36,3,3,3,"3,3,3"
18240,"2023-12-08",899,2,364.87,3,4,4,"3,4,4"
2666,"2023-12-08",899,1,490.04,3,2,5,"3,2,5"
9621,"2023-12-08",899,1,70.70,3,1,1,"3,1,1"
14055,"2023-12-08",899,2,210.11,3,3,3,"3,3,3"
7144,"2023-12-08",899,1,133.80,3,2,2,"3,2,2"
11243,"2023-12-08",899,2,744.39,3,4,5,"3,4,5"
6657,"2023-12-08",899,2,367.40,3,4,4,"3,4,4"
9330,"2023-12-09",898,2,120.11,3,3,2,"3,3,2"
17814,"2023-12-09",898,2,199.40,3,3,3,"3,3,3"
9974,"2023-12-09",898,1,12.08,3,1,1,"3,1,1"
6263,"2023-12-09",898,1,387.48,3,1,4,"3,1,4"
10292,"2023-12-09",898,1,170.07,3,1,3,"3,1,3"
2983,"2023-12-09",898,1,56.04,3,1,1,"3,1,1"
13388,"2023-12-09",898,2,76.52,3,3,2,"3,3,2"
12240,"2023-12-09",898,1,318.61,3,1,4,"3,1,4"
5153,"2023-12-09",898,5,353.09,3,5,4,"3,5,4"
7774,"2023-12-10",897,1,161.52,3,1,3,"3,1,3"
16033,"2023-12-10",897,1,176.45,3,1,3,"3,1,3"
11650,"2023-12-10",897,1,41.42,3,1,1,"3,1,1"
2701,"2023-12-10",897,2,101.12,3,3,2,"3,3,2"
17695,"2023-12-10",897,2,90.52,3,3,2,"3,3,2"
973,"2023-12-10",897,1,37.79,3,2,1,"3,2,1"
11008,"2023-12-10",897,1,68.99,3,1,1,"3,1,1"
3113,"2023-12-10",897,1,101.44,3,2,2,"3,2,2"
19475,"2023-12-10",897,2,538.62,3,4,5,"3,4,5"
11522,"2023-12-10",897,1,177.34,3,1,3,"3,1,3"
497,"2023-12-10",897,2,438.76,3,4,5,"3,4,5"
9538,"2023-12-11",896,8,1283.43,3,5,5,"3,5,5"
2136,"2023-12-11",896,1,66.22,3,1,1,"3,1,1"
10524,"2023-12-11",896,3,167.83,3,5,3,"3,5,3"
10001,"2023-12-11",896,1,182.49,3,1,3,"3,1,3"
11324,"2023-12-11",896,1,96.35,3,2,2,"3,2,2"
13603,"2023-12-11",896,1,11.82,3,1,1,"3,1,1"
9309,"2023-12-11",896,1,303.74,3,1,4,"3,1,4"
6627,"2023-12-11",896,2,955.29,3,4,5,"3,4,5"
10987,"2023-12-11",896,4,323.45,3,5,4,"3,5,4"
11079,"2023-12-11",896,1,119.14,3,2,2,"3,2,2"
2574,"2023-12-11",896,5,1256.87,3,5,5,"3,5,5"
5717,"2023-12-11",896,1,89.68,3,2,2,"3,2,2"
9126,"2023-12-12",895,3,351.75,3,4,4,"3,4,4"
2187,"2023-12-12",895,2,208.03,3,3,3,"3,3,3"
1804,"2023-12-12",895,2,186.20,3,3,3,"3,3,3"
15799,"2023-12-12",895,2,255.60,3,3,3,"3,3,3"
9837,"2023-12-12",895,2,75.48,3,3,2,"3,3,2"
18893,"2023-12-12",895,2,221.17,3,3,3,"3,3,3"
14395,"2023-12-12",895,2,236.91,3,3,3,"3,3,3"
13247,"2023-12-12",895,1,144.15,3,1,2,"3,1,2"
2244,"2023-12-12",895,3,842.75,3,5,5,"3,5,5"
17756,"2023-12-13",894,1,70.60,3,1,1,"3,1,1"
2086,"2023-12-13",894,1,147.49,3,1,2,"3,1,2"
6234,"2023-12-13",894,4,714.78,3,5,5,"3,5,5"
17989,"2023-12-13",894,2,258.62,3,3,4,"3,3,4"
8051,"2023-12-13",894,3,608.32,3,4,5,"3,4,5"
3723,"2023-12-13",894,4,665.47,3,5,5,"3,5,5"
10144,"2023-12-13",894,3,275.38,3,4,4,"3,4,4"
13186,"2023-12-13",894,1,43.27,3,1,1,"3,1,1"
16005,"2023-12-13",894,4,543.91,3,5,5,"3,5,5"
8994,"2023-12-13",894,2,354.79,3,4,4,"3,4,4"
18589,"2023-12-13",894,2,251.11,3,3,3,"3,3,3"
16497,"2023-12-14",893,1,148.54,3,1,2,"3,1,2"
16807,"2023-12-14",893,2,128.24,3,3,2,"3,3,2"
17475,"2023-12-14",893,1,79.14,3,2,2,"3,2,2"
2792,"2023-12-14",893,1,83.39,3,2,2,"3,2,2"
9157,"2023-12-14",893,4,439.20,3,5,5,"3,5,5"
3891,"2023-12-14",893,1,158.49,3,1,3,"3,1,3"
19779,"2023-12-14",893,1,73.34,3,1,1,"3,1,1"
7049,"2023-12-15",892,1,240.78,3,1,3,"3,1,3"
2402,"2023-12-15",892,1,43.05,3,1,1,"3,1,1"
17750,"2023-12-15",892,2,563.84,3,4,5,"3,4,5"
16935,"2023-12-15",892,2,175.02,3,3,3,"3,3,3"
11210,"2023-12-15",892,2,60.80,3,3,1,"3,3,1"
18689,"2023-12-15",892,2,61.66,3,3,1,"3,3,1"
4827,"2023-12-16",891,1,12.44,3,1,1,"3,1,1"
16801,"2023-12-16",891,1,208.24,3,1,3,"3,1,3"
18471,"2023-12-16",891,3,821.12,3,5,5,"3,5,5"
3000,"2023-12-16",891,1,159.95,3,1,3,"3,1,3"
13193,"2023-12-16",891,1,49.17,3,1,1,"3,1,1"
3034,"2023-12-16",891,2,440.35,3,4,5,"3,4,5"
14988,"2023-12-16",891,1,537.24,3,2,5,"3,2,5"
4581,"2023-12-17",890,2,353.44,3,4,4,"3,4,4"
1286,"2023-12-17",890,1,1484.96,3,1,5,"3,1,5"
1688,"2023-12-17",890,4,635.24,3,5,5,"3,5,5"
19533,"2023-12-17",890,2,61.91,3,3,1,"3,3,1"
3810,"2023-12-17",890,3,505.71,3,5,5,"3,5,5"
12605,"2023-12-17",890,1,40.69,3,1,1,"3,1,1"
2181,"2023-12-17",890,2,207.90,3,3,3,"3,3,3"
1590,"2023-12-17",890,2,361.77,3,4,4,"3,4,4"
18513,"2023-12-17",890,2,106.79,3,3,2,"3,3,2"
2049,"2023-12-17",890,3,549.68,3,4,5,"3,4,5"
3353,"2023-12-18",889,2,533.09,3,4,5,"3,4,5"
27,"2023-12-18",889,2,75.13,3,3,2,"3,3,2"
1328,"2023-12-18",889,3,718.46,3,5,5,"3,5,5"
12443,"2023-12-18",889,3,309.70,3,5,4,"3,5,4"
16999,"2023-12-18",889,2,53.17,3,2,1,"3,2,1"
19126,"2023-12-18",889,2,269.43,3,3,4,"3,3,4"
15116,"2023-12-18",889,3,582.92,3,4,5,"3,4,5"
19520,"2023-12-18",889,2,127.17,3,3,2,"3,3,2"
18142,"2023-12-18",889,2,199.77,3,3,3,"3,3,3"
11900,"2023-12-18",889,3,228.98,3,5,3,"3,5,3"
7895,"2023-12-19",888,2,428.38,3,4,4,"3,4,4"
18742,"2023-12-19",888,4,458.82,3,5,5,"3,5,5"
481,"2023-12-19",888,3,368.36,3,5,4,"3,5,4"
15514,"2023-12-19",888,1,94.04,3,2,2,"3,2,2"
12994,"2023-12-19",888,1,381.78,3,1,4,"3,1,4"
3913,"2023-12-19",888,1,290.09,3,1,4,"3,1,4"
11302,"2023-12-20",887,4,672.17,3,5,5,"3,5,5"
4531,"2023-12-20",887,3,446.42,3,5,5,"3,5,5"
12636,"2023-12-20",887,1,39.67,3,2,1,"3,2,1"
3463,"2023-12-20",887,5,332.58,3,5,4,"3,5,4"
19679,"2023-12-20",887,3,286.98,3,4,4,"3,4,4"
10113,"2023-12-20",887,3,185.29,3,4,3,"3,4,3"
266,"2023-12-21",886,4,647.90,3,5,5,"3,5,5"
15770,"2023-12-21",886,2,501.42,3,4,5,"3,4,5"
18501,"2023-12-21",886,1,9.58,3,1,1,"3,1,1"
3250,"2023-12-21",886,5,169.95,3,5,3,"3,5,3"
2531,"2023-12-21",886,4,440.00,3,5,5,"3,5,5"
11084,"2023-12-21",886,2,253.43,3,3,3,"3,3,3"
1180,"2023-12-21",886,1,32.05,3,2,1,"3,2,1"
8138,"2023-12-21",886,3,243.26,3,5,3,"3,5,3"
13195,"2023-12-21",886,1,37.90,3,2,1,"3,2,1"
12004,"2023-12-21",886,6,986.31,3,5,5,"3,5,5"
505,"2023-12-21",886,4,705.02,3,5,5,"3,5,5"
9770,"2023-12-21",886,3,267.94,3,4,4,"3,4,4"
1427,"2023-12-21",886,3,851.35,3,5,5,"3,5,5"
9347,"2023-12-22",885,1,71.90,3,1,1,"3,1,1"
7063,"2023-12-22",885,2,422.62,3,4,4,"3,4,4"
18902,"2023-12-22",885,6,283.73,3,5,4,"3,5,4"
11511,"2023-12-22",885,2,854.84,3,4,5,"3,4,5"
10440,"2023-12-22",885,2,106.33,3,3,2,"3,3,2"
5879,"2023-12-22",885,1,135.13,3,2,2,"3,2,2"
5118,"2023-12-22",885,3,640.35,3,4,5,"3,4,5"
3941,"2023-12-22",885,1,189.80,3,1,3,"3,1,3"
2296,"2023-12-22",885,3,489.79,3,5,5,"3,5,5"
3803,"2023-12-23",884,3,264.73,3,4,4,"3,4,4"
7901,"2023-12-23",884,1,44.27,3,1,1,"3,1,1"
9503,"2023-12-23",884,1,133.90,3,2,2,"3,2,2"
10820,"2023-12-23",884,1,205.65,3,1,3,"3,1,3"
5121,"2023-12-23",884,4,626.72,3,5,5,"3,5,5"
18439,"2023-12-23",884,1,171.50,3,1,3,"3,1,3"
19859,"2023-12-23",884,1,310.86,3,1,4,"3,1,4"
12335,"2023-12-23",884,2,99.66,3,3,2,"3,3,2"
9506,"2023-12-23",884,1,405.43,3,1,4,"3,1,4"
8986,"2023-12-23",884,2,233.46,3,3,3,"3,3,3"
18031,"2023-12-23",884,1,225.05,3,1,3,"3,1,3"
7450,"2023-12-24",883,3,254.44,3,5,3,"3,5,3"
19461,"2023-12-24",883,1,8.85,3,1,1,"3,1,1"
13621,"2023-12-24",883,2,2487.41,3,4,5,"3,4,5"
3607,"2023-12-24",883,1,148.57,3,1,2,"3,1,2"
18232,"2023-12-24",883,3,413.26,3,4,4,"3,4,4"
9769,"2023-12-24",883,3,134.00,3,5,2,"3,5,2"
9318,"2023-12-24",883,2,107.04,3,3,2,"3,3,2"
18216,"2023-12-24",883,3,388.21,3,4,4,"3,4,4"
18510,"2023-12-24",883,1,36.74,3,2,1,"3,2,1"
16902,"2023-12-24",883,1,47.76,3,1,1,"3,1,1"
3939,"2023-12-24",883,2,347.91,3,4,4,"3,4,4"
1295,"2023-12-25",882,2,123.45,3,3,2,"3,3,2"
6599,"2023-12-25",882,2,75.24,3,3,2,"3,3,2"
7620,"2023-12-25",882,3,462.71,3,5,5,"3,5,5"
9630,"2023-12-25",882,3,352.56,3,4,4,"3,4,4"
2438,"2023-12-25",882,1,55.94,3,1,1,"3,1,1"
4594,"2023-12-25",882,1,12.73,3,1,1,"3,1,1"
3096,"2023-12-25",882,1,28.79,3,2,1,"3,2,1"
14216,"2023-12-26",881,1,138.92,3,2,2,"3,2,2"
17799,"2023-12-26",881,1,69.49,3,1,1,"3,1,1"
18754,"2023-12-26",881,4,533.57,3,5,5,"3,5,5"
5989,"2023-12-26",881,1,152.28,3,1,3,"3,1,3"
17490,"2023-12-26",881,1,121.23,3,2,2,"3,2,2"
15545,"2023-12-26",881,3,146.31,3,4,2,"3,4,2"
2391,"2023-12-27",880,1,110.55,3,2,2,"3,2,2"
17557,"2023-12-27",880,1,93.17,3,2,2,"3,2,2"
16856,"2023-12-27",880,4,469.93,3,5,5,"3,5,5"
7266,"2023-12-27",880,5,608.23,3,5,5,"3,5,5"
17444,"2023-12-27",880,1,185.34,3,1,3,"3,1,3"
17387,"2023-12-27",880,4,509.07,3,5,5,"3,5,5"
10565,"2023-12-27",880,1,962.18,3,1,5,"3,1,5"
3748,"2023-12-27",880,2,182.98,3,3,3,"3,3,3"
19164,"2023-12-27",880,4,371.00,3,5,4,"3,5,4"
4080,"2023-12-27",880,2,80.51,3,3,2,"3,3,2"
6996,"2023-12-27",880,3,500.81,3,5,5,"3,5,5"
12107,"2023-12-27",880,2,66.67,3,3,1,"3,3,1"
4574,"2023-12-28",879,4,495.14,3,5,5,"3,5,5"
13876,"2023-12-28",879,2,79.80,3,3,2,"3,3,2"
13339,"2023-12-28",879,1,95.10,3,2,2,"3,2,2"
2823,"2023-12-28",879,1,130.03,3,2,2,"3,2,2"
693,"2023-12-28",879,2,262.50,3,3,4,"3,3,4"
5755,"2023-12-29",878,4,195.48,3,5,3,"3,5,3"
4829,"2023-12-29",878,2,690.37,3,4,5,"3,4,5"
9945,"2023-12-29",878,2,264.22,3,3,4,"3,3,4"
10876,"2023-12-29",878,3,266.31,3,4,4,"3,4,4"
17742,"2023-12-29",878,2,280.19,3,3,4,"3,3,4"
11787,"2023-12-29",878,2,539.47,3,4,5,"3,4,5"
14776,"2023-12-29",878,1,606.39,3,2,5,"3,2,5"
16635,"2023-12-29",878,4,1062.93,3,5,5,"3,5,5"
16309,"2023-12-29",878,4,134.73,3,5,2,"3,5,2"
19493,"2023-12-29",878,1,184.00,3,1,3,"3,1,3"
346,"2023-12-30",877,1,17.47,3,2,1,"3,2,1"
8542,"2023-12-30",877,1,65.50,3,1,1,"3,1,1"
8666,"2023-12-30",877,1,21.57,3,2,1,"3,2,1"
11629,"2023-12-30",877,2,147.52,3,3,2,"3,3,2"
365,"2023-12-30",877,1,183.55,3,1,3,"3,1,3"
4079,"2023-12-30",877,4,743.47,3,5,5,"3,5,5"
8001,"2023-12-30",877,1,26.08,3,2,1,"3,2,1"
8757,"2023-12-30",877,3,408.33,3,4,4,"3,4,4"
15496,"2023-12-30",877,1,76.94,3,2,2,"3,2,2"
12793,"2023-12-30",877,2,70.35,3,3,1,"3,3,1"
12347,"2023-12-30",877,2,186.40,3,3,3,"3,3,3"
1433,"2023-12-30",877,6,355.12,3,5,4,"3,5,4"
12811,"2023-12-31",876,1,56.88,3,1,1,"3,1,1"
7564,"2023-12-31",876,1,55.83,3,1,1,"3,1,1"
12620,"2023-12-31",876,1,47.44,3,1,1,"3,1,1"
19039,"2023-12-31",876,2,266.91,3,3,4,"3,3,4"
8538,"2023-12-31",876,1,255.78,3,1,3,"3,1,3"
19951,"2023-12-31",876,2,151.98,3,3,3,"3,3,3"
17538,"2023-12-31",876,3,237.51,3,5,3,"3,5,3"
19711,"2023-12-31",876,5,653.59,3,5,5,"3,5,5"
9987,"2023-12-31",876,2,313.20,3,4,4,"3,4,4"
3899,"2023-12-31",876,1,252.15,3,1,3,"3,1,3"
16134,"2023-12-31",876,1,189.40,3,1,3,"3,1,3"
4209,"2023-12-31",876,2,314.24,3,4,4,"3,4,4"
12122,"2023-12-31",876,1,29.83,3,2,1,"3,2,1"
18086,"2024-01-01",875,1,178.14,3,1,3,"3,1,3"
18479,"2024-01-01",875,2,364.37,3,4,4,"3,4,4"
7338,"2024-01-01",875,2,78.08,3,3,2,"3,3,2"
2088,"2024-01-01",875,1,16.50,3,2,1,"3,2,1"
2812,"2024-01-01",875,3,1241.94,3,4,5,"3,4,5"
17463,"2024-01-01",875,2,128.86,3,3,2,"3,3,2"
18423,"2024-01-01",875,2,224.68,3,3,3,"3,3,3"
14607,"2024-01-02",874,1,83.38,3,2,2,"3,2,2"
12237,"2024-01-02",874,3,452.14,3,5,5,"3,5,5"
17928,"2024-01-02",874,2,42.38,3,2,1,"3,2,1"
6223,"2024-01-02",874,3,408.75,3,4,4,"3,4,4"
12355,"2024-01-02",874,1,434.59,3,2,5,"3,2,5"
13107,"2024-01-03",873,2,104.55,3,3,2,"3,3,2"
16614,"2024-01-03",873,2,151.71,3,3,3,"3,3,3"
6076,"2024-01-03",873,2,97.73,3,3,2,"3,3,2"
10422,"2024-01-03",873,1,113.75,3,2,2,"3,2,2"
10934,"2024-01-03",873,1,35.75,3,2,1,"3,2,1"
7367,"2024-01-03",873,2,83.34,3,3,2,"3,3,2"
6210,"2024-01-03",873,3,592.35,3,4,5,"3,4,5"
6016,"2024-01-03",873,2,84.94,3,3,2,"3,3,2"
874,"2024-01-03",873,1,539.06,3,2,5,"3,2,5"
5349,"2024-01-03",873,2,21.25,3,2,1,"3,2,1"
5725,"2024-01-03",873,3,216.07,3,5,3,"3,5,3"
6963,"2024-01-03",873,2,83.72,3,3,2,"3,3,2"
10247,"2024-01-04",872,3,640.93,3,4,5,"3,4,5"
7399,"2024-01-04",872,2,347.76,3,4,4,"3,4,4"
2061,"2024-01-04",872,2,289.87,3,4,4,"3,4,4"
5032,"2024-01-04",872,3,391.29,3,4,4,"3,4,4"
17213,"2024-01-04",872,1,164.01,3,1,3,"3,1,3"
19795,"2024-01-04",872,2,591.89,3,4,5,"3,4,5"
4122,"2024-01-04",872,2,342.89,3,4,4,"3,4,4"
1347,"2024-01-04",872,4,388.37,3,5,4,"3,5,4"
15312,"2024-01-04",872,1,118.14,3,2,2,"3,2,2"
7902,"2024-01-04",872,1,167.92,3,1,3,"3,1,3"
15070,"2024-01-04",872,1,44.44,3,1,1,"3,1,1"
941,"2024-01-05",871,2,210.25,3,3,3,"3,3,3"
7475,"2024-01-05",871,2,96.65,3,3,2,"3,3,2"
7175,"2024-01-05",871,2,243.42,3,3,3,"3,3,3"
19409,"2024-01-05",871,3,138.33,3,4,2,"3,4,2"
7838,"2024-01-05",871,1,96.42,3,2,2,"3,2,2"
18836,"2024-01-05",871,2,406.39,3,4,4,"3,4,4"
16370,"2024-01-05",871,2,482.25,3,4,5,"3,4,5"
4407,"2024-01-05",871,2,191.09,3,3,3,"3,3,3"
19374,"2024-01-05",871,1,402.71,3,1,4,"3,1,4"
15606,"2024-01-06",870,2,230.76,3,3,3,"3,3,3"
16851,"2024-01-06",870,3,387.59,3,4,4,"3,4,4"
7222,"2024-01-06",870,2,396.87,3,4,4,"3,4,4"
6484,"2024-01-06",870,3,386.75,3,4,4,"3,4,4"
456,"2024-01-06",870,2,125.47,3,3,2,"3,3,2"
9269,"2024-01-06",870,2,108.34,3,3,2,"3,3,2"
890,"2024-01-06",870,3,394.03,3,4,4,"3,4,4"
14108,"2024-01-06",870,1,106.28,3,2,2,"3,2,2"
11528,"2024-01-07",869,1,26.60,3,2,1,"3,2,1"
5761,"2024-01-07",869,3,303.33,3,4,4,"3,4,4"
13151,"2024-01-07",869,1,244.24,3,1,3,"3,1,3"
14869,"2024-01-07",869,3,851.60,3,5,5,"3,5,5"
1791,"2024-01-07",869,2,163.81,3,3,3,"3,3,3"
18107,"2024-01-07",869,3,753.97,3,4,5,"3,4,5"
18354,"2024-01-07",869,2,219.79,3,3,3,"3,3,3"
13281,"2024-01-07",869,1,44.18,3,1,1,"3,1,1"
1502,"2024-01-07",869,2,410.94,3,4,4,"3,4,4"
4387,"2024-01-07",869,1,102.67,3,2,2,"3,2,2"
2631,"2024-01-07",869,2,34.83,3,2,1,"3,2,1"
12726,"2024-01-07",869,1,195.54,3,1,3,"3,1,3"
9698,"2024-01-08",868,2,142.21,3,3,2,"3,3,2"
11680,"2024-01-08",868,2,103.65,3,3,2,"3,3,2"
989,"2024-01-08",868,3,575.53,3,4,5,"3,4,5"
3746,"2024-01-08",868,3,397.68,3,4,4,"3,4,4"
14385,"2024-01-08",868,3,442.15,3,5,5,"3,5,5"
19194,"2024-01-08",868,1,421.70,3,2,4,"3,2,4"
12028,"2024-01-08",868,3,364.33,3,5,4,"3,5,4"
14230,"2024-01-08",868,2,285.31,3,4,4,"3,4,4"
18828,"2024-01-09",867,1,65.82,3,1,1,"3,1,1"
10822,"2024-01-09",867,3,243.49,3,5,3,"3,5,3"
11225,"2024-01-09",867,1,74.89,3,2,2,"3,2,2"
15158,"2024-01-09",867,1,25.06,3,2,1,"3,2,1"
14325,"2024-01-09",867,3,171.74,3,4,3,"3,4,3"
9500,"2024-01-09",867,3,177.14,3,5,3,"3,5,3"
631,"2024-01-09",867,2,220.86,3,3,3,"3,3,3"
13972,"2024-01-09",867,1,84.01,3,2,2,"3,2,2"
12898,"2024-01-09",867,1,49.13,3,1,1,"3,1,1"
1182,"2024-01-09",867,2,449.36,3,4,5,"3,4,5"
18917,"2024-01-09",867,3,666.02,3,5,5,"3,5,5"
16007,"2024-01-09",867,2,272.27,3,3,4,"3,3,4"
11107,"2024-01-09",867,4,348.77,3,5,4,"3,5,4"
8126,"2024-01-09",867,2,112.73,3,3,2,"3,3,2"
5864,"2024-01-10",866,3,546.59,3,4,5,"3,4,5"
13464,"2024-01-10",866,1,14.24,3,1,1,"3,1,1"
17639,"2024-01-10",866,3,829.88,3,5,5,"3,5,5"
19080,"2024-01-10",866,1,27.47,3,2,1,"3,2,1"
10025,"2024-01-10",866,1,60.57,3,1,1,"3,1,1"
17449,"2024-01-10",866,3,365.83,3,5,4,"3,5,4"
18319,"2024-01-10",866,2,327.63,3,4,4,"3,4,4"
19207,"2024-01-10",866,2,218.26,3,3,3,"3,3,3"
8177,"2024-01-10",866,1,62.86,3,1,1,"3,1,1"
13471,"2024-01-10",866,1,41.26,3,1,1,"3,1,1"
3577,"2024-01-10",866,2,187.53,3,3,3,"3,3,3"
7352,"2024-01-10",866,2,40.03,3,2,1,"3,2,1"
3797,"2024-01-10",866,2,89.79,3,3,2,"3,3,2"
6745,"2024-01-11",865,5,376.26,3,5,4,"3,5,4"
9922,"2024-01-11",865,2,544.89,3,4,5,"3,4,5"
3146,"2024-01-11",865,1,69.25,3,1,1,"3,1,1"
1175,"2024-01-11",865,1,130.08,3,2,2,"3,2,2"
10154,"2024-01-11",865,2,272.62,3,3,4,"3,3,4"
15110,"2024-01-11",865,3,275.34,3,4,4,"3,4,4"
19205,"2024-01-11",865,1,79.06,3,2,2,"3,2,2"
1302,"2024-01-12",864,2,716.07,3,4,5,"3,4,5"
15596,"2024-01-12",864,2,335.40,3,4,4,"3,4,4"
15208,"2024-01-12",864,2,260.69,3,3,4,"3,3,4"
56,"2024-01-12",864,3,220.52,3,5,3,"3,5,3"
19316,"2024-01-12",864,3,105.71,3,4,2,"3,4,2"
12326,"2024-01-12",864,5,694.44,3,5,5,"3,5,5"
1079,"2024-01-12",864,1,722.36,3,2,5,"3,2,5"
392,"2024-01-12",864,2,258.56,3,3,4,"3,3,4"
1106,"2024-01-13",863,4,838.59,3,5,5,"3,5,5"
10235,"2024-01-13",863,2,185.98,3,3,3,"3,3,3"
3777,"2024-01-13",863,2,757.40,3,4,5,"3,4,5"
13510,"2024-01-13",863,2,99.49,3,3,2,"3,3,2"
6559,"2024-01-13",863,1,202.56,3,1,3,"3,1,3"
6388,"2024-01-13",863,1,43.90,3,1,1,"3,1,1"
9345,"2024-01-13",863,3,437.26,3,5,5,"3,5,5"
5254,"2024-01-13",863,3,329.13,3,4,4,"3,4,4"
5338,"2024-01-14",862,2,115.26,3,3,2,"3,3,2"
11232,"2024-01-14",862,2,223.73,3,3,3,"3,3,3"
9100,"2024-01-14",862,1,40.34,3,1,1,"3,1,1"
6182,"2024-01-14",862,3,480.22,3,5,5,"3,5,5"
17304,"2024-01-14",862,4,830.67,3,5,5,"3,5,5"
17205,"2024-01-14",862,1,55.05,3,1,1,"3,1,1"
979,"2024-01-14",862,2,95.60,3,3,2,"3,3,2"
6401,"2024-01-14",862,2,67.34,3,3,1,"3,3,1"
3406,"2024-01-14",862,3,393.97,3,4,4,"3,4,4"
15990,"2024-01-14",862,2,150.75,3,3,2,"3,3,2"
9163,"2024-01-15",861,2,141.87,3,3,2,"3,3,2"
2900,"2024-01-15",861,3,659.24,3,5,5,"3,5,5"
3901,"2024-01-15",861,1,282.36,3,1,4,"3,1,4"
1811,"2024-01-15",861,4,315.08,3,5,4,"3,5,4"
5653,"2024-01-15",861,2,214.28,3,3,3,"3,3,3"
7883,"2024-01-15",861,3,462.42,3,5,5,"3,5,5"
15728,"2024-01-15",861,5,702.73,3,5,5,"3,5,5"
19726,"2024-01-15",861,2,527.62,3,4,5,"3,4,5"
8144,"2024-01-15",861,1,4.54,3,2,1,"3,2,1"
11609,"2024-01-15",861,6,759.34,3,5,5,"3,5,5"
6714,"2024-01-16",860,3,543.19,3,5,5,"3,5,5"
482,"2024-01-16",860,3,742.42,3,4,5,"3,4,5"
7407,"2024-01-16",860,4,158.36,3,5,3,"3,5,3"
15863,"2024-01-16",860,3,406.57,3,4,4,"3,4,4"
11261,"2024-01-16",860,2,593.49,3,4,5,"3,4,5"
9584,"2024-01-16",860,1,14.42,3,1,1,"3,1,1"
6232,"2024-01-16",860,2,206.89,3,3,3,"3,3,3"
1839,"2024-01-16",860,2,233.62,3,3,3,"3,3,3"
14656,"2024-01-16",860,2,434.16,3,4,5,"3,4,5"
3466,"2024-01-16",860,2,344.70,3,4,4,"3,4,4"
971,"2024-01-16",860,4,1004.25,3,5,5,"3,5,5"
1442,"2024-01-16",860,1,126.73,3,2,2,"3,2,2"
6267,"2024-01-17",859,1,47.06,3,1,1,"3,1,1"
3727,"2024-01-17",859,2,152.18,3,3,3,"3,3,3"
10766,"2024-01-17",859,3,123.35,3,5,2,"3,5,2"
1490,"2024-01-17",859,2,209.40,3,3,3,"3,3,3"
13601,"2024-01-17",859,1,31.86,3,2,1,"3,2,1"
5920,"2024-01-17",859,1,165.09,3,1,3,"3,1,3"
1250,"2024-01-17",859,2,25.41,3,2,1,"3,2,1"
3188,"2024-01-17",859,1,60.48,3,1,1,"3,1,1"
4411,"2024-01-17",859,3,426.17,3,4,4,"3,4,4"
1924,"2024-01-17",859,1,341.80,3,1,4,"3,1,4"
17871,"2024-01-17",859,2,119.17,3,3,2,"3,3,2"
3126,"2024-01-17",859,3,338.80,3,4,4,"3,4,4"
2880,"2024-01-17",859,4,356.98,3,5,4,"3,5,4"
17568,"2024-01-17",859,2,132.24,3,3,2,"3,3,2"
14898,"2024-01-17",859,4,1237.55,3,5,5,"3,5,5"
9940,"2024-01-18",858,1,40.73,3,1,1,"3,1,1"
4040,"2024-01-18",858,1,13.13,3,1,1,"3,1,1"
9303,"2024-01-18",858,1,44.21,3,1,1,"3,1,1"
5017,"2024-01-18",858,1,42.36,3,1,1,"3,1,1"
4160,"2024-01-18",858,2,129.94,3,3,2,"3,3,2"
18536,"2024-01-18",858,2,80.35,3,3,2,"3,3,2"
19592,"2024-01-18",858,2,131.46,3,3,2,"3,3,2"
13975,"2024-01-18",858,2,269.12,3,3,4,"3,3,4"
11913,"2024-01-19",857,1,30.83,3,2,1,"3,2,1"
3249,"2024-01-19",857,3,125.85,3,5,2,"3,5,2"
14913,"2024-01-19",857,2,275.49,3,3,4,"3,3,4"
729,"2024-01-19",857,1,43.66,3,1,1,"3,1,1"
14089,"2024-01-19",857,1,507.67,3,2,5,"3,2,5"
6704,"2024-01-19",857,5,987.24,3,5,5,"3,5,5"
3972,"2024-01-19",857,2,253.18,3,3,3,"3,3,3"
2506,"2024-01-20",856,2,119.68,3,3,2,"3,3,2"
11422,"2024-01-20",856,2,250.63,3,3,3,"3,3,3"
18624,"2024-01-20",856,3,471.02,3,5,5,"3,5,5"
15848,"2024-01-20",856,3,375.81,3,5,4,"3,5,4"
17128,"2024-01-20",856,2,164.41,3,3,3,"3,3,3"
17923,"2024-01-20",856,3,663.27,3,5,5,"3,5,5"
2560,"2024-01-20",856,5,573.88,3,5,5,"3,5,5"
7814,"2024-01-20",856,2,93.63,3,3,2,"3,3,2"
13386,"2024-01-20",856,2,190.63,3,3,3,"3,3,3"
13009,"2024-01-20",856,4,587.27,3,5,5,"3,5,5"
6810,"2024-01-21",855,2,272.32,3,3,4,"3,3,4"
17009,"2024-01-21",855,2,188.80,3,3,3,"3,3,3"
1094,"2024-01-21",855,1,21.90,3,2,1,"3,2,1"
4302,"2024-01-21",855,3,1771.27,3,4,5,"3,4,5"
9845,"2024-01-21",855,1,227.09,3,1,3,"3,1,3"
4121,"2024-01-21",855,2,87.84,3,3,2,"3,3,2"
9215,"2024-01-21",855,1,13.53,3,1,1,"3,1,1"
3091,"2024-01-22",854,2,181.84,3,3,3,"3,3,3"
2191,"2024-01-22",854,2,53.70,3,2,1,"3,2,1"
2843,"2024-01-22",854,3,433.53,3,5,5,"3,5,5"
10523,"2024-01-22",854,3,163.26,3,5,3,"3,5,3"
6600,"2024-01-22",854,4,273.02,3,5,4,"3,5,4"
1967,"2024-01-22",854,3,211.88,3,4,3,"3,4,3"
17617,"2024-01-23",853,1,102.26,3,2,2,"3,2,2"
6937,"2024-01-23",853,2,69.65,3,3,1,"3,3,1"
15865,"2024-01-23",853,1,77.53,3,2,2,"3,2,2"
15548,"2024-01-23",853,3,309.52,3,5,4,"3,5,4"
6703,"2024-01-23",853,2,194.30,3,3,3,"3,3,3"
14734,"2024-01-23",853,2,69.62,3,3,1,"3,3,1"
16501,"2024-01-23",853,3,676.55,3,4,5,"3,4,5"
17674,"2024-01-23",853,1,39.84,3,1,1,"3,1,1"
7900,"2024-01-23",853,2,73.10,3,3,1,"3,3,1"
354,"2024-01-24",852,4,334.27,3,5,4,"3,5,4"
476,"2024-01-24",852,2,220.88,3,3,3,"3,3,3"
13129,"2024-01-24",852,2,56.95,3,3,1,"3,3,1"
2362,"2024-01-24",852,3,381.64,3,5,4,"3,5,4"
16744,"2024-01-24",852,2,259.20,3,3,4,"3,3,4"
12610,"2024-01-24",852,2,88.56,3,3,2,"3,3,2"
6312,"2024-01-24",852,4,511.43,3,5,5,"3,5,5"
8272,"2024-01-24",852,2,184.33,3,3,3,"3,3,3"
18081,"2024-01-24",852,2,203.61,3,3,3,"3,3,3"
18599,"2024-01-24",852,3,260.91,3,4,4,"3,4,4"
8665,"2024-01-24",852,2,207.16,3,3,3,"3,3,3"
3166,"2024-01-24",852,1,62.77,3,1,1,"3,1,1"
8638,"2024-01-24",852,3,165.50,3,4,3,"3,4,3"
8691,"2024-01-24",852,3,740.29,3,4,5,"3,4,5"
7829,"2024-01-25",851,3,529.36,3,5,5,"3,5,5"
11218,"2024-01-25",851,1,243.66,3,1,3,"3,1,3"
15886,"2024-01-25",851,3,84.65,3,4,2,"3,4,2"
19556,"2024-01-25",851,2,188.81,3,3,3,"3,3,3"
7298,"2024-01-25",851,2,94.07,3,3,2,"3,3,2"
10562,"2024-01-25",851,3,372.48,3,5,4,"3,5,4"
1133,"2024-01-25",851,1,67.78,3,1,1,"3,1,1"
17899,"2024-01-25",851,1,129.81,3,2,2,"3,2,2"
11891,"2024-01-25",851,1,121.58,3,2,2,"3,2,2"
9950,"2024-01-26",850,4,658.87,3,5,5,"3,5,5"
15054,"2024-01-26",850,1,55.66,3,1,1,"3,1,1"
7037,"2024-01-26",850,2,141.24,3,3,2,"3,3,2"
18877,"2024-01-26",850,1,82.90,3,2,2,"3,2,2"
15219,"2024-01-26",850,1,145.78,3,1,2,"3,1,2"
5703,"2024-01-26",850,4,582.04,3,5,5,"3,5,5"
3489,"2024-01-27",849,3,290.78,3,4,4,"3,4,4"
10615,"2024-01-27",849,3,449.10,3,5,5,"3,5,5"
9193,"2024-01-27",849,1,240.79,3,1,3,"3,1,3"
791,"2024-01-27",849,7,683.48,3,5,5,"3,5,5"
13140,"2024-01-27",849,2,67.16,3,3,1,"3,3,1"
1025,"2024-01-28",848,1,179.00,3,1,3,"3,1,3"
8038,"2024-01-28",848,3,689.41,3,5,5,"3,5,5"
18733,"2024-01-28",848,1,282.36,3,1,4,"3,1,4"
19802,"2024-01-28",848,1,64.58,3,1,1,"3,1,1"
11069,"2024-01-28",848,2,222.74,3,3,3,"3,3,3"
13139,"2024-01-28",848,2,221.43,3,3,3,"3,3,3"
4480,"2024-01-28",848,5,763.83,3,5,5,"3,5,5"
289,"2024-01-28",848,2,959.12,3,4,5,"3,4,5"
2148,"2024-01-28",848,2,527.78,3,4,5,"3,4,5"
1744,"2024-01-28",848,1,77.50,3,2,2,"3,2,2"
4104,"2024-01-29",847,2,131.34,3,3,2,"3,3,2"
7064,"2024-01-29",847,3,1403.91,3,5,5,"3,5,5"
15452,"2024-01-29",847,2,311.56,3,4,4,"3,4,4"
2529,"2024-01-29",847,2,16.29,3,2,1,"3,2,1"
5166,"2024-01-29",847,4,642.33,3,5,5,"3,5,5"
10887,"2024-01-29",847,2,206.86,3,3,3,"3,3,3"
7141,"2024-01-29",847,1,239.26,3,1,3,"3,1,3"
15634,"2024-01-29",847,3,189.40,3,4,3,"3,4,3"
8906,"2024-01-30",846,3,470.64,3,5,5,"3,5,5"
6690,"2024-01-30",846,2,105.04,3,3,2,"3,3,2"
15843,"2024-01-30",846,2,857.46,3,4,5,"3,4,5"
18226,"2024-01-30",846,1,111.44,3,2,2,"3,2,2"
18671,"2024-01-30",846,1,108.25,3,2,2,"3,2,2"
13043,"2024-01-30",846,2,67.01,3,3,1,"3,3,1"
3608,"2024-01-30",846,2,357.94,3,4,4,"3,4,4"
2551,"2024-01-30",846,2,110.48,3,3,2,"3,3,2"
6012,"2024-01-30",846,3,111.27,3,4,2,"3,4,2"
719,"2024-01-31",845,1,261.83,3,1,4,"3,1,4"
8634,"2024-01-31",845,1,116.77,3,2,2,"3,2,2"
15928,"2024-01-31",845,2,274.80,3,3,4,"3,3,4"
8673,"2024-01-31",845,2,1017.72,3,4,5,"3,4,5"
13747,"2024-01-31",845,4,947.43,3,5,5,"3,5,5"
10087,"2024-01-31",845,1,177.81,3,1,3,"3,1,3"
13450,"2024-01-31",845,3,85.48,3,4,2,"3,4,2"
5364,"2024-02-01",844,1,278.39,3,1,4,"3,1,4"
11401,"2024-02-01",844,4,345.89,3,5,4,"3,5,4"
11369,"2024-02-01",844,4,441.02,3,5,5,"3,5,5"
16852,"2024-02-01",844,3,526.44,3,5,5,"3,5,5"
8844,"2024-02-01",844,4,163.93,3,5,3,"3,5,3"
8892,"2024-02-01",844,1,74.21,3,2,2,"3,2,2"
4601,"2024-02-01",844,3,469.72,3,5,5,"3,5,5"
6081,"2024-02-01",844,2,139.38,3,3,2,"3,3,2"
11325,"2024-02-01",844,4,483.66,3,5,5,"3,5,5"
12188,"2024-02-01",844,3,179.90,3,5,3,"3,5,3"
2421,"2024-02-01",844,2,172.02,3,3,3,"3,3,3"
7406,"2024-02-02",843,2,26.98,3,2,1,"3,2,1"
5533,"2024-02-02",843,2,112.18,3,3,2,"3,3,2"
8393,"2024-02-02",843,2,94.29,3,3,2,"3,3,2"
12446,"2024-02-02",843,5,741.93,3,5,5,"3,5,5"
17281,"2024-02-03",842,4,1222.14,3,5,5,"3,5,5"
8472,"2024-02-03",842,1,59.31,3,1,1,"3,1,1"
6868,"2024-02-03",842,4,429.71,3,5,4,"3,5,4"
1316,"2024-02-03",842,4,444.09,3,5,5,"3,5,5"
608,"2024-02-03",842,3,209.26,3,4,3,"3,4,3"
17372,"2024-02-03",842,2,188.29,3,3,3,"3,3,3"
16750,"2024-02-03",842,1,11.37,3,1,1,"3,1,1"
4958,"2024-02-04",841,1,14.84,3,1,1,"3,1,1"
12940,"2024-02-04",841,2,117.10,3,3,2,"3,3,2"
19514,"2024-02-04",841,3,166.78,3,4,3,"3,4,3"
10972,"2024-02-04",841,2,530.88,3,4,5,"3,4,5"
8926,"2024-02-04",841,1,246.19,3,1,3,"3,1,3"
1485,"2024-02-04",841,3,235.27,3,5,3,"3,5,3"
8535,"2024-02-04",841,6,449.71,3,5,5,"3,5,5"
547,"2024-02-04",841,2,242.24,3,3,3,"3,3,3"
5527,"2024-02-04",841,1,254.94,3,1,3,"3,1,3"
16974,"2024-02-04",841,2,154.87,3,3,3,"3,3,3"
19232,"2024-02-04",841,4,340.82,3,5,4,"3,5,4"
6357,"2024-02-04",841,3,425.09,3,4,4,"3,4,4"
169,"2024-02-05",840,2,180.90,3,3,3,"3,3,3"
2448,"2024-02-05",840,2,225.23,3,3,3,"3,3,3"
7055,"2024-02-05",840,2,180.14,3,3,3,"3,3,3"
1587,"2024-02-05",840,3,486.06,3,5,5,"3,5,5"
5867,"2024-02-05",840,2,158.51,3,3,3,"3,3,3"
566,"2024-02-05",840,3,698.71,3,5,5,"3,5,5"
19611,"2024-02-05",840,4,487.13,3,5,5,"3,5,5"
7098,"2024-02-05",840,2,162.01,3,3,3,"3,3,3"
16634,"2024-02-06",839,1,49.51,3,1,1,"3,1,1"
12831,"2024-02-06",839,2,20.53,3,2,1,"3,2,1"
15356,"2024-02-06",839,3,202.19,3,4,3,"3,4,3"
17710,"2024-02-06",839,2,48.66,3,2,1,"3,2,1"
8029,"2024-02-06",839,3,492.11,3,5,5,"3,5,5"
10396,"2024-02-06",839,2,251.01,3,3,3,"3,3,3"
17170,"2024-02-06",839,2,52.00,3,2,1,"3,2,1"
18656,"2024-02-06",839,2,108.91,3,3,2,"3,3,2"
17269,"2024-02-06",839,2,299.79,3,4,4,"3,4,4"
13334,"2024-02-06",839,2,345.58,3,4,4,"3,4,4"
19748,"2024-02-06",839,1,58.88,3,1,1,"3,1,1"
12130,"2024-02-07",838,2,212.97,3,3,3,"3,3,3"
3822,"2024-02-07",838,1,156.05,3,1,3,"3,1,3"
19311,"2024-02-07",838,4,930.16,3,5,5,"3,5,5"
6409,"2024-02-07",838,3,586.87,3,4,5,"3,4,5"
14045,"2024-02-07",838,2,42.56,3,2,1,"3,2,1"
880,"2024-02-08",837,4,325.31,3,5,4,"3,5,4"
11781,"2024-02-08",837,5,575.28,3,5,5,"3,5,5"
11515,"2024-02-08",837,3,626.32,3,5,5,"3,5,5"
4815,"2024-02-08",837,1,102.13,3,2,2,"3,2,2"
10002,"2024-02-08",837,5,565.08,3,5,5,"3,5,5"
15168,"2024-02-08",837,3,227.87,3,5,3,"3,5,3"
10190,"2024-02-08",837,3,89.23,3,4,2,"3,4,2"
797,"2024-02-08",837,1,280.22,3,1,4,"3,1,4"
16304,"2024-02-08",837,2,112.01,3,3,2,"3,3,2"
3896,"2024-02-08",837,3,390.64,3,4,4,"3,4,4"
2209,"2024-02-08",837,1,91.82,3,2,2,"3,2,2"
4088,"2024-02-08",837,2,134.87,3,3,2,"3,3,2"
12899,"2024-02-08",837,3,612.31,3,4,5,"3,4,5"
7882,"2024-02-09",836,1,80.44,3,2,2,"3,2,2"
8006,"2024-02-09",836,1,23.11,3,2,1,"3,2,1"
8061,"2024-02-09",836,3,266.18,3,4,4,"3,4,4"
18406,"2024-02-09",836,1,75.05,3,2,2,"3,2,2"
9510,"2024-02-09",836,2,666.84,3,4,5,"3,4,5"
6691,"2024-02-09",836,2,253.34,3,3,3,"3,3,3"
1478,"2024-02-09",836,2,327.32,3,4,4,"3,4,4"
6870,"2024-02-09",836,1,94.62,3,2,2,"3,2,2"
10454,"2024-02-09",836,1,28.04,3,2,1,"3,2,1"
3031,"2024-02-09",836,2,14.56,3,2,1,"3,2,1"
430,"2024-02-10",835,3,568.53,3,4,5,"3,4,5"
4175,"2024-02-10",835,3,92.77,3,5,2,"3,5,2"
11384,"2024-02-10",835,1,25.42,3,2,1,"3,2,1"
12612,"2024-02-10",835,2,394.27,3,4,4,"3,4,4"
13812,"2024-02-10",835,1,5.22,3,2,1,"3,2,1"
14854,"2024-02-10",835,2,180.31,3,3,3,"3,3,3"
16616,"2024-02-10",835,1,108.78,3,2,2,"3,2,2"
1832,"2024-02-10",835,1,111.41,3,2,2,"3,2,2"
1536,"2024-02-10",835,2,199.09,3,3,3,"3,3,3"
18709,"2024-02-10",835,2,208.48,3,3,3,"3,3,3"
9530,"2024-02-10",835,4,828.34,3,5,5,"3,5,5"
3835,"2024-02-11",834,2,1050.55,3,4,5,"3,4,5"
4836,"2024-02-11",834,2,226.11,3,3,3,"3,3,3"
685,"2024-02-11",834,5,675.84,3,5,5,"3,5,5"
10116,"2024-02-11",834,3,100.04,3,4,2,"3,4,2"
7697,"2024-02-11",834,1,61.91,3,1,1,"3,1,1"
17790,"2024-02-11",834,4,757.17,3,5,5,"3,5,5"
4344,"2024-02-11",834,2,529.68,3,4,5,"3,4,5"
12873,"2024-02-11",834,1,404.46,3,1,4,"3,1,4"
1126,"2024-02-11",834,4,1027.18,3,5,5,"3,5,5"
619,"2024-02-11",834,2,622.93,3,4,5,"3,4,5"
16486,"2024-02-11",834,2,353.08,3,4,4,"3,4,4"
11816,"2024-02-11",834,2,273.51,3,3,4,"3,3,4"
17920,"2024-02-12",833,3,467.43,3,5,5,"3,5,5"
12023,"2024-02-12",833,1,6.96,3,2,1,"3,2,1"
11345,"2024-02-12",833,2,464.45,3,4,5,"3,4,5"
11332,"2024-02-12",833,2,139.70,3,3,2,"3,3,2"
4338,"2024-02-12",833,1,40.76,3,1,1,"3,1,1"
17669,"2024-02-12",833,4,413.54,3,5,4,"3,5,4"
4670,"2024-02-12",833,1,43.66,3,1,1,"3,1,1"
5681,"2024-02-13",832,1,141.71,3,2,2,"3,2,2"
11826,"2024-02-13",832,3,363.82,3,5,4,"3,5,4"
3816,"2024-02-13",832,2,347.43,3,4,4,"3,4,4"
8266,"2024-02-13",832,2,619.16,3,4,5,"3,4,5"
11823,"2024-02-13",832,2,153.43,3,3,3,"3,3,3"
17574,"2024-02-13",832,2,373.74,3,4,4,"3,4,4"
11336,"2024-02-13",832,3,373.12,3,5,4,"3,5,4"
1403,"2024-02-13",832,1,86.88,3,2,2,"3,2,2"
911,"2024-02-13",832,1,91.14,3,2,2,"3,2,2"
165,"2024-02-13",832,3,293.82,3,4,4,"3,4,4"
2030,"2024-02-13",832,1,77.72,3,2,2,"3,2,2"
12905,"2024-02-13",832,5,1250.53,3,5,5,"3,5,5"
12409,"2024-02-13",832,2,269.07,3,3,4,"3,3,4"
9242,"2024-02-14",831,3,313.12,3,5,4,"3,5,4"
5018,"2024-02-14",831,3,118.66,3,5,2,"3,5,2"
6535,"2024-02-14",831,1,13.53,3,1,1,"3,1,1"
15674,"2024-02-14",831,1,191.67,3,1,3,"3,1,3"
15942,"2024-02-14",831,2,505.95,3,4,5,"3,4,5"
7318,"2024-02-15",830,1,36.17,3,2,1,"3,2,1"
12324,"2024-02-15",830,3,288.34,3,4,4,"3,4,4"
13895,"2024-02-15",830,1,749.78,3,2,5,"3,2,5"
3356,"2024-02-15",830,1,84.54,3,2,2,"3,2,2"
18088,"2024-02-15",830,1,60.74,3,1,1,"3,1,1"
17870,"2024-02-15",830,2,102.68,3,3,2,"3,3,2"
2475,"2024-02-15",830,3,741.96,3,4,5,"3,4,5"
8287,"2024-02-15",830,2,185.73,3,3,3,"3,3,3"
18673,"2024-02-16",829,2,52.98,3,2,1,"3,2,1"
13787,"2024-02-16",829,2,32.28,3,2,1,"3,2,1"
17586,"2024-02-16",829,2,102.99,3,3,2,"3,3,2"
19975,"2024-02-16",829,1,21.37,3,2,1,"3,2,1"
16274,"2024-02-16",829,3,1036.24,3,5,5,"3,5,5"
18810,"2024-02-16",829,4,467.96,3,5,5,"3,5,5"
3839,"2024-02-16",829,2,495.34,3,4,5,"3,4,5"
1519,"2024-02-16",829,2,227.11,3,3,3,"3,3,3"
1955,"2024-02-17",828,1,427.11,3,2,4,"3,2,4"
8092,"2024-02-17",828,1,25.49,3,2,1,"3,2,1"
16504,"2024-02-17",828,3,438.17,3,5,5,"3,5,5"
7669,"2024-02-17",828,2,255.82,3,3,3,"3,3,3"
8337,"2024-02-17",828,1,75.09,3,2,2,"3,2,2"
17719,"2024-02-17",828,1,9.82,3,1,1,"3,1,1"
8195,"2024-02-18",827,1,529.52,3,2,5,"3,2,5"
2263,"2024-02-18",827,1,38.13,3,2,1,"3,2,1"
10810,"2024-02-18",827,2,323.38,3,4,4,"3,4,4"
17146,"2024-02-18",827,1,41.16,3,1,1,"3,1,1"
14696,"2024-02-19",826,2,204.35,3,3,3,"3,3,3"
2984,"2024-02-19",826,2,113.61,3,3,2,"3,3,2"
10819,"2024-02-19",826,2,375.37,3,4,4,"3,4,4"
9512,"2024-02-19",826,1,83.26,3,2,2,"3,2,2"
3635,"2024-02-19",826,4,381.01,3,5,4,"3,5,4"
13806,"2024-02-19",826,1,74.40,3,2,2,"3,2,2"
1827,"2024-02-19",826,2,304.78,3,4,4,"3,4,4"
528,"2024-02-19",826,2,173.12,3,3,3,"3,3,3"
8479,"2024-02-19",826,2,657.18,3,4,5,"3,4,5"
1022,"2024-02-19",826,2,329.33,3,4,4,"3,4,4"
8371,"2024-02-20",825,2,130.50,3,3,2,"3,3,2"
15656,"2024-02-20",825,2,413.36,3,4,4,"3,4,4"
4391,"2024-02-20",825,1,297.92,3,1,4,"3,1,4"
10817,"2024-02-20",825,1,181.14,3,1,3,"3,1,3"
14943,"2024-02-20",825,2,231.28,3,3,3,"3,3,3"
19619,"2024-02-20",825,2,256.84,3,3,3,"3,3,3"
6662,"2024-02-20",825,2,614.31,3,4,5,"3,4,5"
19957,"2024-02-21",824,1,22.27,3,2,1,"3,2,1"
14544,"2024-02-21",824,3,453.00,3,5,5,"3,5,5"
16381,"2024-02-21",824,2,159.20,3,3,3,"3,3,3"
4802,"2024-02-21",824,2,123.94,3,3,2,"3,3,2"
9835,"2024-02-21",824,3,872.68,3,5,5,"3,5,5"
11309,"2024-02-21",824,3,493.12,3,5,5,"3,5,5"
19053,"2024-02-21",824,1,50.87,3,1,1,"3,1,1"
17408,"2024-02-21",824,3,800.80,3,5,5,"3,5,5"
16428,"2024-02-21",824,1,258.56,3,1,4,"3,1,4"
14542,"2024-02-21",824,3,276.14,3,4,4,"3,4,4"
17608,"2024-02-22",823,2,63.42,3,3,1,"3,3,1"
19435,"2024-02-22",823,3,325.07,3,4,4,"3,4,4"
16759,"2024-02-22",823,2,78.42,3,3,2,"3,3,2"
12214,"2024-02-22",823,4,482.11,3,5,5,"3,5,5"
7623,"2024-02-22",823,2,74.22,3,3,2,"3,3,2"
13645,"2024-02-22",823,2,161.58,3,3,3,"3,3,3"
16683,"2024-02-22",823,1,142.92,3,2,2,"3,2,2"
12725,"2024-02-22",823,4,645.57,3,5,5,"3,5,5"
9153,"2024-02-22",823,2,63.70,3,3,1,"3,3,1"
3624,"2024-02-22",823,2,76.41,3,3,2,"3,3,2"
8901,"2024-02-22",823,3,493.12,3,5,5,"3,5,5"
14819,"2024-02-23",822,5,1727.58,3,5,5,"3,5,5"
7192,"2024-02-23",822,1,7.39,3,1,1,"3,1,1"
7238,"2024-02-23",822,1,49.28,3,1,1,"3,1,1"
8277,"2024-02-23",822,2,70.01,3,3,1,"3,3,1"
16392,"2024-02-23",822,1,87.89,3,2,2,"3,2,2"
10207,"2024-02-23",822,2,167.92,3,3,3,"3,3,3"
12341,"2024-02-23",822,3,884.06,3,5,5,"3,5,5"
16160,"2024-02-23",822,2,965.73,3,4,5,"3,4,5"
17910,"2024-02-24",821,5,343.24,3,5,4,"3,5,4"
12302,"2024-02-24",821,1,98.19,3,2,2,"3,2,2"
9073,"2024-02-24",821,2,60.40,3,3,1,"3,3,1"
3373,"2024-02-24",821,3,932.24,3,4,5,"3,4,5"
13642,"2024-02-24",821,5,675.13,3,5,5,"3,5,5"
12076,"2024-02-24",821,2,50.61,3,2,1,"3,2,1"
12931,"2024-02-25",820,1,286.83,3,1,4,"3,1,4"
6044,"2024-02-25",820,2,563.00,3,4,5,"3,4,5"
183,"2024-02-25",820,2,181.15,3,3,3,"3,3,3"
4226,"2024-02-25",820,2,742.13,3,4,5,"3,4,5"
18338,"2024-02-25",820,1,298.49,3,1,4,"3,1,4"
8088,"2024-02-25",820,1,528.64,3,2,5,"3,2,5"
19251,"2024-02-25",820,1,164.16,3,1,3,"3,1,3"
5307,"2024-02-25",820,3,389.86,3,4,4,"3,4,4"
1573,"2024-02-26",819,3,61.91,3,5,1,"3,5,1"
14061,"2024-02-26",819,1,158.99,3,1,3,"3,1,3"
14784,"2024-02-26",819,1,199.73,3,1,3,"3,1,3"
3914,"2024-02-26",819,2,120.48,3,3,2,"3,3,2"
10717,"2024-02-26",819,2,322.87,3,4,4,"3,4,4"
286,"2024-02-26",819,1,372.36,3,1,4,"3,1,4"
14797,"2024-02-27",818,2,515.11,3,4,5,"3,4,5"
6575,"2024-02-27",818,2,79.75,3,3,2,"3,3,2"
12291,"2024-02-27",818,3,338.60,3,4,4,"3,4,4"
10427,"2024-02-27",818,2,326.52,3,4,4,"3,4,4"
17984,"2024-02-27",818,1,38.86,3,2,1,"3,2,1"
10115,"2024-02-27",818,2,187.59,3,3,3,"3,3,3"
17600,"2024-02-27",818,2,105.50,3,3,2,"3,3,2"
11806,"2024-02-28",817,1,204.00,3,1,3,"3,1,3"
4072,"2024-02-28",817,2,217.52,3,3,3,"3,3,3"
8456,"2024-02-28",817,2,560.48,3,4,5,"3,4,5"
5052,"2024-02-28",817,1,365.75,3,1,4,"3,1,4"
13716,"2024-02-28",817,3,1152.70,3,5,5,"3,5,5"
2679,"2024-02-28",817,1,49.13,3,1,1,"3,1,1"
12783,"2024-02-29",816,2,124.82,3,3,2,"3,3,2"
1443,"2024-02-29",816,3,187.46,3,4,3,"3,4,3"
13222,"2024-02-29",816,2,891.38,3,4,5,"3,4,5"
16508,"2024-02-29",816,3,255.48,3,5,3,"3,5,3"
9703,"2024-02-29",816,2,80.03,3,3,2,"3,3,2"
8904,"2024-02-29",816,2,381.60,3,4,4,"3,4,4"
18606,"2024-02-29",816,3,459.62,3,5,5,"3,5,5"
15738,"2024-02-29",816,2,137.90,3,3,2,"3,3,2"
7990,"2024-02-29",816,1,751.68,3,2,5,"3,2,5"
2949,"2024-02-29",816,2,61.64,3,3,1,"3,3,1"
8317,"2024-02-29",816,1,37.42,3,2,1,"3,2,1"
15484,"2024-02-29",816,3,516.48,3,5,5,"3,5,5"
13434,"2024-02-29",816,3,119.94,3,5,2,"3,5,2"
3063,"2024-02-29",816,2,90.88,3,3,2,"3,3,2"
2297,"2024-02-29",816,1,399.61,3,1,4,"3,1,4"
17797,"2024-02-29",816,1,88.28,3,2,2,"3,2,2"
12068,"2024-03-01",815,2,171.17,3,3,3,"3,3,3"
12732,"2024-03-01",815,2,384.64,3,4,4,"3,4,4"
5086,"2024-03-01",815,1,30.82,3,2,1,"3,2,1"
14340,"2024-03-01",815,3,322.07,3,4,4,"3,4,4"
18548,"2024-03-01",815,3,276.40,3,4,4,"3,4,4"
6216,"2024-03-01",815,2,794.62,3,4,5,"3,4,5"
18614,"2024-03-01",815,3,454.36,3,5,5,"3,5,5"
17808,"2024-03-01",815,2,231.47,3,3,3,"3,3,3"
15701,"2024-03-01",815,3,437.65,3,5,5,"3,5,5"
17671,"2024-03-01",815,1,30.71,3,2,1,"3,2,1"
19814,"2024-03-01",815,5,304.49,3,5,4,"3,5,4"
1453,"2024-03-01",815,1,11.62,3,1,1,"3,1,1"
11608,"2024-03-02",814,1,27.75,3,2,1,"3,2,1"
17854,"2024-03-02",814,1,92.74,3,2,2,"3,2,2"
2273,"2024-03-02",814,2,81.91,3,3,2,"3,3,2"
16651,"2024-03-02",814,3,395.44,3,4,4,"3,4,4"
100,"2024-03-02",814,4,297.38,3,5,4,"3,5,4"
13511,"2024-03-02",814,1,77.50,3,2,2,"3,2,2"
19235,"2024-03-03",813,2,245.04,3,3,3,"3,3,3"
18626,"2024-03-03",813,2,754.48,3,4,5,"3,4,5"
5936,"2024-03-03",813,1,32.33,3,2,1,"3,2,1"
15847,"2024-03-03",813,2,121.16,3,3,2,"3,3,2"
11679,"2024-03-03",813,2,639.71,3,4,5,"3,4,5"
11705,"2024-03-03",813,3,103.65,3,4,2,"3,4,2"
9833,"2024-03-03",813,2,382.15,3,4,4,"3,4,4"
2105,"2024-03-03",813,4,434.79,3,5,5,"3,5,5"
8081,"2024-03-03",813,2,318.19,3,4,4,"3,4,4"
4022,"2024-03-03",813,3,322.36,3,4,4,"3,4,4"
7019,"2024-03-03",813,1,110.69,3,2,2,"3,2,2"
15982,"2024-03-03",813,2,576.22,3,4,5,"3,4,5"
15584,"2024-03-03",813,3,275.39,3,4,4,"3,4,4"
13267,"2024-03-03",813,1,79.68,3,2,2,"3,2,2"
13678,"2024-03-03",813,4,326.20,3,5,4,"3,5,4"
18881,"2024-03-03",813,2,1553.03,3,4,5,"3,4,5"
15439,"2024-03-04",812,1,90.91,3,2,2,"3,2,2"
17264,"2024-03-04",812,3,606.56,3,4,5,"3,4,5"
12110,"2024-03-04",812,1,50.85,3,1,1,"3,1,1"
12026,"2024-03-04",812,2,389.85,3,4,4,"3,4,4"
7329,"2024-03-04",812,2,189.88,3,3,3,"3,3,3"
8016,"2024-03-04",812,1,110.14,3,2,2,"3,2,2"
12095,"2024-03-04",812,1,11.65,3,1,1,"3,1,1"
8885,"2024-03-04",812,1,113.14,3,2,2,"3,2,2"
11756,"2024-03-04",812,3,597.13,3,4,5,"3,4,5"
16640,"2024-03-04",812,1,52.87,3,1,1,"3,1,1"
19494,"2024-03-05",811,7,1298.52,3,5,5,"3,5,5"
14133,"2024-03-05",811,3,342.24,3,4,4,"3,4,4"
6602,"2024-03-05",811,1,314.88,3,1,4,"3,1,4"
14106,"2024-03-05",811,1,108.88,3,2,2,"3,2,2"
14486,"2024-03-05",811,3,113.77,3,4,2,"3,4,2"
2115,"2024-03-05",811,1,248.57,3,1,3,"3,1,3"
16971,"2024-03-05",811,3,307.67,3,5,4,"3,5,4"
5821,"2024-03-05",811,1,316.26,3,1,4,"3,1,4"
9234,"2024-03-05",811,3,275.21,3,4,4,"3,4,4"
13057,"2024-03-05",811,2,397.50,3,4,4,"3,4,4"
13731,"2024-03-05",811,4,1164.04,3,5,5,"3,5,5"
18442,"2024-03-06",810,1,133.72,3,2,2,"3,2,2"
16985,"2024-03-06",810,3,933.52,3,4,5,"3,4,5"
2865,"2024-03-06",810,3,1064.72,3,4,5,"3,4,5"
6800,"2024-03-06",810,1,19.69,3,2,1,"3,2,1"
5853,"2024-03-06",810,1,201.95,3,1,3,"3,1,3"
6321,"2024-03-06",810,1,49.69,3,1,1,"3,1,1"
2497,"2024-03-06",810,1,106.60,3,2,2,"3,2,2"
6078,"2024-03-06",810,2,65.79,3,3,1,"3,3,1"
17560,"2024-03-07",809,2,125.55,3,3,2,"3,3,2"
11929,"2024-03-07",809,1,136.08,3,2,2,"3,2,2"
3836,"2024-03-07",809,2,255.61,3,3,3,"3,3,3"
19972,"2024-03-07",809,2,223.73,3,3,3,"3,3,3"
16441,"2024-03-07",809,1,835.69,3,2,5,"3,2,5"
8518,"2024-03-07",809,2,614.79,3,4,5,"3,4,5"
16131,"2024-03-08",808,3,153.05,3,4,3,"3,4,3"
584,"2024-03-08",808,2,139.67,3,3,2,"3,3,2"
7344,"2024-03-08",808,3,511.56,3,5,5,"3,5,5"
10442,"2024-03-08",808,3,261.63,3,4,4,"3,4,4"
12426,"2024-03-08",808,1,7.90,3,1,1,"3,1,1"
3473,"2024-03-08",808,1,51.92,3,1,1,"3,1,1"
1764,"2024-03-08",808,2,180.95,3,3,3,"3,3,3"
4132,"2024-03-08",808,2,277.82,3,3,4,"3,3,4"
17624,"2024-03-08",808,3,122.54,3,5,2,"3,5,2"
1584,"2024-03-09",807,1,17.14,3,2,1,"3,2,1"
12735,"2024-03-09",807,2,53.41,3,2,1,"3,2,1"
14927,"2024-03-09",807,1,77.25,3,2,2,"3,2,2"
10133,"2024-03-09",807,1,221.58,3,1,3,"3,1,3"
2689,"2024-03-09",807,2,307.91,3,4,4,"3,4,4"
9367,"2024-03-09",807,2,239.01,3,3,3,"3,3,3"
16754,"2024-03-09",807,2,239.33,3,3,3,"3,3,3"
11299,"2024-03-09",807,2,139.90,3,3,2,"3,3,2"
12872,"2024-03-09",807,1,242.64,3,1,3,"3,1,3"
18551,"2024-03-09",807,3,1316.80,3,5,5,"3,5,5"
16603,"2024-03-10",806,3,787.09,3,4,5,"3,4,5"
789,"2024-03-10",806,2,92.61,3,3,2,"3,3,2"
15633,"2024-03-10",806,3,77.30,3,5,2,"3,5,2"
17900,"2024-03-10",806,1,163.89,3,1,3,"3,1,3"
8769,"2024-03-10",806,3,173.23,3,5,3,"3,5,3"
4233,"2024-03-11",805,1,156.29,3,1,3,"3,1,3"
16379,"2024-03-11",805,2,74.03,3,3,2,"3,3,2"
17,"2024-03-11",805,3,791.85,3,5,5,"3,5,5"
15924,"2024-03-11",805,1,80.15,3,2,2,"3,2,2"
12597,"2024-03-11",805,1,70.63,3,1,1,"3,1,1"
12890,"2024-03-11",805,2,104.47,3,3,2,"3,3,2"
3025,"2024-03-11",805,1,27.34,3,2,1,"3,2,1"
7131,"2024-03-11",805,2,359.09,3,4,4,"3,4,4"
2258,"2024-03-11",805,2,179.45,3,3,3,"3,3,3"
5314,"2024-03-11",805,3,265.14,3,4,4,"3,4,4"
13670,"2024-03-12",804,4,690.34,3,5,5,"3,5,5"
15610,"2024-03-12",804,2,173.37,3,3,3,"3,3,3"
16407,"2024-03-12",804,2,372.29,3,4,4,"3,4,4"
13949,"2024-03-12",804,3,275.07,3,4,4,"3,4,4"
13772,"2024-03-12",804,2,65.94,3,3,1,"3,3,1"
7700,"2024-03-12",804,1,469.45,3,2,5,"3,2,5"
3325,"2024-03-12",804,4,524.58,3,5,5,"3,5,5"
2972,"2024-03-12",804,1,46.31,3,1,1,"3,1,1"
12541,"2024-03-12",804,1,50.70,3,1,1,"3,1,1"
18153,"2024-03-13",803,1,96.51,3,2,2,"3,2,2"
2691,"2024-03-13",803,3,255.96,3,5,3,"3,5,3"
5514,"2024-03-13",803,1,21.43,3,2,1,"3,2,1"
15019,"2024-03-13",803,5,347.92,3,5,4,"3,5,4"
7618,"2024-03-13",803,3,146.36,3,4,2,"3,4,2"
19738,"2024-03-13",803,1,80.02,3,2,2,"3,2,2"
11438,"2024-03-13",803,1,16.33,3,2,1,"3,2,1"
17810,"2024-03-13",803,3,544.00,3,4,5,"3,4,5"
6225,"2024-03-13",803,2,96.32,3,3,2,"3,3,2"
17806,"2024-03-13",803,3,205.59,3,4,3,"3,4,3"
1699,"2024-03-13",803,3,70.51,3,4,1,"3,4,1"
6308,"2024-03-13",803,3,189.50,3,4,3,"3,4,3"
12075,"2024-03-13",803,4,188.04,3,5,3,"3,5,3"
8311,"2024-03-14",802,1,40.47,3,1,1,"3,1,1"
664,"2024-03-14",802,2,251.52,3,3,3,"3,3,3"
17386,"2024-03-14",802,2,61.16,3,3,1,"3,3,1"
6309,"2024-03-14",802,3,98.40,3,5,2,"3,5,2"
7033,"2024-03-14",802,3,316.43,3,5,4,"3,5,4"
2653,"2024-03-14",802,2,240.09,3,3,3,"3,3,3"
11456,"2024-03-14",802,5,669.25,3,5,5,"3,5,5"
16579,"2024-03-14",802,2,131.29,3,3,2,"3,3,2"
15749,"2024-03-14",802,1,152.98,3,1,3,"3,1,3"
2809,"2024-03-14",802,2,70.88,3,3,1,"3,3,1"
1852,"2024-03-14",802,2,278.71,3,3,4,"3,3,4"
4587,"2024-03-15",801,1,95.49,3,2,2,"3,2,2"
14359,"2024-03-15",801,3,396.10,3,4,4,"3,4,4"
14119,"2024-03-15",801,2,96.23,3,3,2,"3,3,2"
1023,"2024-03-15",801,3,300.15,3,4,4,"3,4,4"
2942,"2024-03-15",801,3,573.66,3,4,5,"3,4,5"
7228,"2024-03-15",801,2,261.24,3,3,4,"3,3,4"
7992,"2024-03-15",801,2,229.37,3,3,3,"3,3,3"
1901,"2024-03-15",801,4,666.85,3,5,5,"3,5,5"
3226,"2024-03-15",801,1,23.41,3,2,1,"3,2,1"
7356,"2024-03-15",801,1,118.14,3,2,2,"3,2,2"
7123,"2024-03-15",801,1,13.02,3,1,1,"3,1,1"
19105,"2024-03-15",801,1,202.07,3,1,3,"3,1,3"
8243,"2024-03-16",800,2,212.28,3,3,3,"3,3,3"
10742,"2024-03-16",800,1,17.46,3,2,1,"3,2,1"
9840,"2024-03-16",800,2,90.54,3,3,2,"3,3,2"
11353,"2024-03-16",800,4,150.29,3,5,2,"3,5,2"
11930,"2024-03-16",800,1,117.81,3,2,2,"3,2,2"
14115,"2024-03-16",800,2,1004.48,3,4,5,"3,4,5"
12009,"2024-03-16",800,2,311.90,3,4,4,"3,4,4"
17349,"2024-03-16",800,2,78.92,3,3,2,"3,3,2"
3982,"2024-03-16",800,4,623.47,3,5,5,"3,5,5"
6448,"2024-03-16",800,2,1062.62,3,4,5,"3,4,5"
13776,"2024-03-16",800,1,389.18,3,1,4,"3,1,4"
11448,"2024-03-16",800,3,392.25,3,4,4,"3,4,4"
12007,"2024-03-16",800,4,370.80,3,5,4,"3,5,4"
6601,"2024-03-16",800,2,231.45,3,3,3,"3,3,3"
15620,"2024-03-16",800,1,151.44,3,1,2,"3,1,2"
4388,"2024-03-16",800,3,745.43,3,4,5,"3,4,5"
17596,"2024-03-16",800,2,129.14,3,3,2,"3,3,2"
11708,"2024-03-17",799,2,158.51,3,3,3,"3,3,3"
15436,"2024-03-17",799,1,110.69,3,2,2,"3,2,2"
19963,"2024-03-17",799,4,529.57,3,5,5,"3,5,5"
4258,"2024-03-17",799,1,296.06,3,1,4,"3,1,4"
16467,"2024-03-17",799,3,1039.81,3,5,5,"3,5,5"
11644,"2024-03-17",799,5,606.53,3,5,5,"3,5,5"
6331,"2024-03-17",799,1,94.21,3,2,2,"3,2,2"
2836,"2024-03-17",799,3,482.80,3,5,5,"3,5,5"
12465,"2024-03-17",799,1,228.68,3,1,3,"3,1,3"
13682,"2024-03-17",799,1,241.64,3,1,3,"3,1,3"
5772,"2024-03-17",799,4,783.88,3,5,5,"3,5,5"
18012,"2024-03-18",798,2,833.81,3,4,5,"3,4,5"
273,"2024-03-18",798,2,408.31,3,4,4,"3,4,4"
11819,"2024-03-18",798,3,216.49,3,5,3,"3,5,3"
14353,"2024-03-18",798,1,529.97,3,2,5,"3,2,5"
19858,"2024-03-18",798,1,242.12,3,1,3,"3,1,3"
10785,"2024-03-18",798,2,160.68,3,3,3,"3,3,3"
18978,"2024-03-18",798,2,258.58,3,3,4,"3,3,4"
16434,"2024-03-18",798,3,352.65,3,4,4,"3,4,4"
8023,"2024-03-18",798,4,444.97,3,5,5,"3,5,5"
9228,"2024-03-18",798,2,425.18,3,4,4,"3,4,4"
6385,"2024-03-18",798,2,76.22,3,3,2,"3,3,2"
6790,"2024-03-18",798,4,630.19,3,5,5,"3,5,5"
2764,"2024-03-18",798,2,560.42,3,4,5,"3,4,5"
16318,"2024-03-18",798,3,320.39,3,5,4,"3,5,4"
6785,"2024-03-19",797,3,247.61,3,5,3,"3,5,3"
1344,"2024-03-19",797,4,840.34,3,5,5,"3,5,5"
17311,"2024-03-19",797,1,30.45,3,2,1,"3,2,1"
17519,"2024-03-19",797,2,231.56,3,3,3,"3,3,3"
7224,"2024-03-19",797,2,179.79,3,3,3,"3,3,3"
10806,"2024-03-19",797,3,532.90,3,5,5,"3,5,5"
1181,"2024-03-20",796,1,207.65,3,1,3,"3,1,3"
9690,"2024-03-20",796,2,146.03,3,3,2,"3,3,2"
12720,"2024-03-20",796,2,202.41,3,3,3,"3,3,3"
6992,"2024-03-20",796,1,183.35,3,1,3,"3,1,3"
7582,"2024-03-20",796,6,417.55,3,5,4,"3,5,4"
4042,"2024-03-20",796,3,389.00,3,4,4,"3,4,4"
16749,"2024-03-20",796,5,660.70,3,5,5,"3,5,5"
1431,"2024-03-20",796,1,10.04,3,1,1,"3,1,1"
6813,"2024-03-20",796,2,62.80,3,3,1,"3,3,1"
17912,"2024-03-21",795,3,287.50,3,4,4,"3,4,4"
3124,"2024-03-21",795,3,747.01,3,4,5,"3,4,5"
14051,"2024-03-21",795,4,235.30,3,5,3,"3,5,3"
14964,"2024-03-21",795,3,159.42,3,5,3,"3,5,3"
15780,"2024-03-21",795,2,72.29,3,3,1,"3,3,1"
18564,"2024-03-21",795,1,28.57,3,2,1,"3,2,1"
4152,"2024-03-21",795,4,601.48,3,5,5,"3,5,5"
8716,"2024-03-21",795,1,149.26,3,1,2,"3,1,2"
11672,"2024-03-22",794,2,110.77,3,3,2,"3,3,2"
10141,"2024-03-22",794,2,390.00,3,4,4,"3,4,4"
10013,"2024-03-22",794,2,636.98,3,4,5,"3,4,5"
3684,"2024-03-22",794,2,277.31,3,3,4,"3,3,4"
15073,"2024-03-22",794,1,454.09,3,2,5,"3,2,5"
15867,"2024-03-22",794,2,278.57,3,3,4,"3,3,4"
188,"2024-03-22",794,4,466.20,3,5,5,"3,5,5"
16968,"2024-03-22",794,3,886.28,3,5,5,"3,5,5"
9615,"2024-03-23",793,3,590.12,3,4,5,"3,4,5"
1332,"2024-03-23",793,1,62.27,3,1,1,"3,1,1"
8067,"2024-03-23",793,4,198.28,3,5,3,"3,5,3"
558,"2024-03-23",793,1,35.76,3,2,1,"3,2,1"
17483,"2024-03-23",793,2,138.22,3,3,2,"3,3,2"
19071,"2024-03-23",793,4,365.29,3,5,4,"3,5,4"
6902,"2024-03-23",793,3,434.09,3,5,5,"3,5,5"
12168,"2024-03-23",793,1,707.97,3,2,5,"3,2,5"
18299,"2024-03-23",793,3,85.10,3,4,2,"3,4,2"
2071,"2024-03-23",793,1,21.98,3,2,1,"3,2,1"
3563,"2024-03-23",793,3,296.59,3,4,4,"3,4,4"
12819,"2024-03-24",792,4,572.92,3,5,5,"3,5,5"
3139,"2024-03-24",792,3,1023.40,3,5,5,"3,5,5"
10633,"2024-03-24",792,1,33.27,3,2,1,"3,2,1"
14088,"2024-03-24",792,6,1456.62,3,5,5,"3,5,5"
13185,"2024-03-24",792,2,418.83,3,4,4,"3,4,4"
12142,"2024-03-24",792,1,28.65,3,2,1,"3,2,1"
3511,"2024-03-24",792,2,278.44,3,3,4,"3,3,4"
16711,"2024-03-24",792,2,229.56,3,3,3,"3,3,3"
12017,"2024-03-24",792,1,86.12,3,2,2,"3,2,2"
7514,"2024-03-24",792,2,115.80,3,3,2,"3,3,2"
15688,"2024-03-24",792,1,238.80,3,1,3,"3,1,3"
19174,"2024-03-24",792,1,97.41,3,2,2,"3,2,2"
16708,"2024-03-24",792,3,491.87,3,5,5,"3,5,5"
4156,"2024-03-25",791,3,353.69,3,4,4,"3,4,4"
6447,"2024-03-25",791,2,262.61,3,3,4,"3,3,4"
16522,"2024-03-25",791,4,620.12,3,5,5,"3,5,5"
2238,"2024-03-25",791,2,33.42,3,2,1,"3,2,1"
4353,"2024-03-25",791,3,282.29,3,4,4,"3,4,4"
12476,"2024-03-26",790,1,12.64,3,1,1,"3,1,1"
1589,"2024-03-26",790,2,95.64,3,3,2,"3,3,2"
3849,"2024-03-26",790,4,773.72,3,5,5,"3,5,5"
3212,"2024-03-26",790,2,384.29,3,4,4,"3,4,4"
15914,"2024-03-26",790,3,647.78,3,4,5,"3,4,5"
15490,"2024-03-26",790,4,510.39,3,5,5,"3,5,5"
428,"2024-03-26",790,1,25.71,3,2,1,"3,2,1"
15824,"2024-03-26",790,3,362.22,3,5,4,"3,5,4"
277,"2024-03-26",790,1,57.89,3,1,1,"3,1,1"
16047,"2024-03-27",789,2,1033.15,3,4,5,"3,4,5"
19137,"2024-03-27",789,1,29.99,3,2,1,"3,2,1"
9800,"2024-03-27",789,1,288.97,3,1,4,"3,1,4"
15657,"2024-03-27",789,4,492.17,3,5,5,"3,5,5"
11305,"2024-03-27",789,2,278.63,3,3,4,"3,3,4"
3598,"2024-03-27",789,3,87.80,3,4,2,"3,4,2"
12572,"2024-03-27",789,3,598.79,3,4,5,"3,4,5"
7677,"2024-03-27",789,3,487.23,3,5,5,"3,5,5"
3452,"2024-03-27",789,2,132.73,3,3,2,"3,3,2"
16498,"2024-03-27",789,4,329.15,3,5,4,"3,5,4"
6951,"2024-03-27",789,2,1154.44,3,4,5,"3,4,5"
5344,"2024-03-27",789,1,237.27,3,1,3,"3,1,3"
7220,"2024-03-27",789,3,400.03,3,4,4,"3,4,4"
18571,"2024-03-28",788,1,6.54,3,2,1,"3,2,1"
7950,"2024-03-28",788,2,217.94,3,3,3,"3,3,3"
10961,"2024-03-28",788,2,131.42,3,3,2,"3,3,2"
15961,"2024-03-28",788,2,169.00,3,3,3,"3,3,3"
7303,"2024-03-28",788,1,25.71,3,2,1,"3,2,1"
11829,"2024-03-28",788,2,339.35,3,4,4,"3,4,4"
10863,"2024-03-28",788,2,275.60,3,3,4,"3,3,4"
3844,"2024-03-28",788,2,99.74,3,3,2,"3,3,2"
1978,"2024-03-28",788,2,149.13,3,3,2,"3,3,2"
15196,"2024-03-28",788,4,514.34,3,5,5,"3,5,5"
12339,"2024-03-28",788,2,110.28,3,3,2,"3,3,2"
15131,"2024-03-29",787,2,34.83,3,2,1,"3,2,1"
509,"2024-03-29",787,2,256.16,3,3,3,"3,3,3"
801,"2024-03-29",787,2,394.23,3,4,4,"3,4,4"
4230,"2024-03-29",787,1,47.14,3,1,1,"3,1,1"
3413,"2024-03-29",787,5,599.39,3,5,5,"3,5,5"
11386,"2024-03-29",787,2,20.73,3,2,1,"3,2,1"
7958,"2024-03-29",787,1,115.14,3,2,2,"3,2,2"
4117,"2024-03-30",786,2,255.05,3,3,3,"3,3,3"
4696,"2024-03-30",786,1,66.53,3,1,1,"3,1,1"
16296,"2024-03-30",786,1,90.58,3,2,2,"3,2,2"
18408,"2024-03-30",786,2,274.07,3,3,4,"3,3,4"
5431,"2024-03-30",786,1,201.26,3,1,3,"3,1,3"
17641,"2024-03-31",785,1,167.76,3,1,3,"3,1,3"
13014,"2024-03-31",785,4,933.81,3,5,5,"3,5,5"
1164,"2024-03-31",785,1,157.72,3,1,3,"3,1,3"
8397,"2024-03-31",785,1,195.53,3,1,3,"3,1,3"
14689,"2024-03-31",785,5,633.58,3,5,5,"3,5,5"
19854,"2024-03-31",785,3,328.68,3,4,4,"3,4,4"
13971,"2024-03-31",785,1,51.16,3,1,1,"3,1,1"
673,"2024-03-31",785,2,128.33,3,3,2,"3,3,2"
10158,"2024-03-31",785,2,109.78,3,3,2,"3,3,2"
11010,"2024-04-01",784,2,370.53,3,4,4,"3,4,4"
11990,"2024-04-01",784,5,448.97,3,5,5,"3,5,5"
3855,"2024-04-01",784,4,415.80,3,5,4,"3,5,4"
10947,"2024-04-01",784,4,395.73,3,5,4,"3,5,4"
18421,"2024-04-01",784,5,824.70,3,5,5,"3,5,5"
14167,"2024-04-01",784,2,124.49,3,3,2,"3,3,2"
12786,"2024-04-01",784,1,27.28,3,2,1,"3,2,1"
728,"2024-04-02",783,2,346.81,3,4,4,"3,4,4"
6450,"2024-04-02",783,1,63.29,3,1,1,"3,1,1"
15697,"2024-04-02",783,5,420.73,3,5,4,"3,5,4"
5564,"2024-04-02",783,1,512.86,3,2,5,"3,2,5"
11576,"2024-04-02",783,2,881.27,3,4,5,"3,4,5"
6787,"2024-04-02",783,2,426.58,3,4,4,"3,4,4"
278,"2024-04-02",783,2,111.18,3,3,2,"3,3,2"
17543,"2024-04-02",783,2,275.30,3,3,4,"3,3,4"
8396,"2024-04-02",783,1,6.85,3,2,1,"3,2,1"
16926,"2024-04-03",782,2,100.00,3,3,2,"3,3,2"
12686,"2024-04-03",782,3,217.23,3,5,3,"3,5,3"
16093,"2024-04-03",782,2,140.04,3,3,2,"3,3,2"
4977,"2024-04-03",782,2,325.93,3,4,4,"3,4,4"
13063,"2024-04-03",782,1,117.07,3,2,2,"3,2,2"
945,"2024-04-03",782,1,117.10,3,2,2,"3,2,2"
9338,"2024-04-03",782,4,758.11,3,5,5,"3,5,5"
18560,"2024-04-03",782,2,399.45,3,4,4,"3,4,4"
19142,"2024-04-03",782,2,274.68,3,3,4,"3,3,4"
10302,"2024-04-03",782,1,294.66,3,1,4,"3,1,4"
7093,"2024-04-03",782,1,117.47,3,2,2,"3,2,2"
19064,"2024-04-03",782,3,378.32,3,5,4,"3,5,4"
9707,"2024-04-03",782,2,116.32,3,3,2,"3,3,2"
2233,"2024-04-03",782,1,177.04,3,1,3,"3,1,3"
5756,"2024-04-03",782,1,376.12,3,1,4,"3,1,4"
10621,"2024-04-03",782,2,72.40,3,3,1,"3,3,1"
16098,"2024-04-03",782,2,381.32,3,4,4,"3,4,4"
4252,"2024-04-03",782,3,208.68,3,4,3,"3,4,3"
17274,"2024-04-03",782,3,185.01,3,4,3,"3,4,3"
10295,"2024-04-03",782,2,568.48,3,4,5,"3,4,5"
2249,"2024-04-04",781,2,216.14,3,3,3,"3,3,3"
8974,"2024-04-04",781,3,524.15,3,5,5,"3,5,5"
5736,"2024-04-04",781,3,112.54,3,4,2,"3,4,2"
6981,"2024-04-04",781,2,115.71,3,3,2,"3,3,2"
1769,"2024-04-04",781,2,167.84,3,3,3,"3,3,3"
1197,"2024-04-04",781,1,26.61,3,2,1,"3,2,1"
6020,"2024-04-04",781,1,122.53,3,2,2,"3,2,2"
9328,"2024-04-04",781,1,70.03,3,1,1,"3,1,1"
18584,"2024-04-04",781,3,166.65,3,4,3,"3,4,3"
6680,"2024-04-04",781,2,84.18,3,3,2,"3,3,2"
49,"2024-04-04",781,3,580.52,3,4,5,"3,4,5"
7991,"2024-04-04",781,5,560.15,3,5,5,"3,5,5"
7047,"2024-04-04",781,2,408.00,3,4,4,"3,4,4"
9871,"2024-04-04",781,1,129.38,3,2,2,"3,2,2"
19009,"2024-04-04",781,3,295.68,3,4,4,"3,4,4"
12207,"2024-04-05",780,2,158.71,3,3,3,"3,3,3"
6251,"2024-04-05",780,4,496.07,3,5,5,"3,5,5"
19688,"2024-04-05",780,3,247.40,3,5,3,"3,5,3"
14501,"2024-04-06",779,3,306.64,3,4,4,"3,4,4"
8664,"2024-04-06",779,1,82.00,3,2,2,"3,2,2"
4408,"2024-04-06",779,1,17.91,3,2,1,"3,2,1"
16308,"2024-04-06",779,3,241.03,3,5,3,"3,5,3"
6563,"2024-04-06",779,6,1149.74,3,5,5,"3,5,5"
2763,"2024-04-06",779,2,234.55,3,3,3,"3,3,3"
13518,"2024-04-06",779,2,228.52,3,3,3,"3,3,3"
1099,"2024-04-06",779,1,28.05,3,2,1,"3,2,1"
10608,"2024-04-07",778,3,641.71,3,4,5,"3,4,5"
13533,"2024-04-07",778,2,270.40,3,3,4,"3,3,4"
10869,"2024-04-07",778,1,55.84,3,1,1,"3,1,1"
15380,"2024-04-07",778,1,89.62,3,2,2,"3,2,2"
3219,"2024-04-07",778,3,271.86,3,4,4,"3,4,4"
9133,"2024-04-07",778,2,762.59,3,4,5,"3,4,5"
63,"2024-04-07",778,1,239.32,3,1,3,"3,1,3"
2986,"2024-04-08",777,5,1652.07,3,5,5,"3,5,5"
7935,"2024-04-08",777,1,18.25,3,2,1,"3,2,1"
5433,"2024-04-08",777,1,131.44,3,2,2,"3,2,2"
12366,"2024-04-08",777,1,311.85,3,1,4,"3,1,4"
271,"2024-04-08",777,2,86.27,3,3,2,"3,3,2"
12019,"2024-04-08",777,2,298.97,3,4,4,"3,4,4"
8341,"2024-04-08",777,2,272.64,3,3,4,"3,3,4"
7919,"2024-04-08",777,3,380.92,3,5,4,"3,5,4"
6008,"2024-04-08",777,2,124.04,3,3,2,"3,3,2"
17459,"2024-04-09",776,3,175.02,3,4,3,"3,4,3"
2220,"2024-04-09",776,2,76.12,3,3,2,"3,3,2"
13933,"2024-04-09",776,2,722.07,3,4,5,"3,4,5"
12451,"2024-04-09",776,3,308.57,3,5,4,"3,5,4"
10381,"2024-04-09",776,2,30.46,3,2,1,"3,2,1"
5408,"2024-04-09",776,2,248.85,3,3,3,"3,3,3"
3024,"2024-04-09",776,3,477.61,3,5,5,"3,5,5"
17646,"2024-04-10",775,2,68.19,3,3,1,"3,3,1"
13405,"2024-04-10",775,3,254.76,3,5,3,"3,5,3"
8116,"2024-04-11",774,2,560.49,3,4,5,"3,4,5"
14679,"2024-04-11",774,3,316.36,3,5,4,"3,5,4"
8586,"2024-04-11",774,1,75.61,3,2,2,"3,2,2"
11865,"2024-04-11",774,1,23.21,3,2,1,"3,2,1"
4786,"2024-04-11",774,1,11.22,3,1,1,"3,1,1"
9439,"2024-04-11",774,3,309.12,3,5,4,"3,5,4"
13343,"2024-04-11",774,2,517.64,3,4,5,"3,4,5"
9493,"2024-04-11",774,2,925.59,3,4,5,"3,4,5"
18099,"2024-04-11",774,3,143.10,3,4,2,"3,4,2"
8526,"2024-04-11",774,2,47.67,3,2,1,"3,2,1"
6299,"2024-04-11",774,3,331.54,3,5,4,"3,5,4"
6562,"2024-04-11",774,2,193.73,3,3,3,"3,3,3"
12434,"2024-04-12",773,2,245.71,3,3,3,"3,3,3"
1245,"2024-04-12",773,2,102.83,3,3,2,"3,3,2"
2010,"2024-04-12",773,2,156.69,3,3,3,"3,3,3"
17939,"2024-04-12",773,2,99.86,3,3,2,"3,3,2"
10104,"2024-04-12",773,3,397.31,3,4,4,"3,4,4"
13889,"2024-04-12",773,3,406.53,3,4,4,"3,4,4"
10333,"2024-04-12",773,4,344.00,3,5,4,"3,5,4"
12016,"2024-04-12",773,1,102.85,3,2,2,"3,2,2"
9508,"2024-04-12",773,2,151.18,3,3,2,"3,3,2"
2797,"2024-04-12",773,2,145.58,3,3,2,"3,3,2"
9443,"2024-04-12",773,2,37.57,3,2,1,"3,2,1"
8894,"2024-04-12",773,3,720.74,3,4,5,"3,4,5"
6157,"2024-04-13",772,1,60.04,3,1,1,"3,1,1"
14222,"2024-04-13",772,2,97.02,3,3,2,"3,3,2"
14549,"2024-04-13",772,4,787.99,3,5,5,"3,5,5"
6844,"2024-04-13",772,2,313.80,3,4,4,"3,4,4"
3015,"2024-04-13",772,2,393.74,3,4,4,"3,4,4"
17199,"2024-04-13",772,2,493.54,3,4,5,"3,4,5"
15451,"2024-04-13",772,3,115.36,3,5,2,"3,5,2"
3109,"2024-04-13",772,5,576.53,3,5,5,"3,5,5"
17613,"2024-04-13",772,2,125.87,3,3,2,"3,3,2"
11376,"2024-04-13",772,3,490.03,3,5,5,"3,5,5"
13419,"2024-04-13",772,3,241.74,3,5,3,"3,5,3"
16510,"2024-04-13",772,1,96.30,3,2,2,"3,2,2"
4638,"2024-04-13",772,2,604.48,3,4,5,"3,4,5"
10762,"2024-04-13",772,3,244.12,3,5,3,"3,5,3"
17029,"2024-04-13",772,3,248.00,3,5,3,"3,5,3"
4309,"2024-04-13",772,2,170.82,3,3,3,"3,3,3"
8030,"2024-04-13",772,2,65.08,3,3,1,"3,3,1"
4269,"2024-04-14",771,5,451.68,3,5,5,"3,5,5"
10417,"2024-04-14",771,1,21.08,3,2,1,"3,2,1"
3671,"2024-04-14",771,1,262.72,3,1,4,"3,1,4"
17980,"2024-04-14",771,1,138.09,3,2,2,"3,2,2"
8389,"2024-04-14",771,1,68.09,3,1,1,"3,1,1"
8184,"2024-04-14",771,1,127.80,3,2,2,"3,2,2"
10208,"2024-04-14",771,2,31.16,3,2,1,"3,2,1"
19944,"2024-04-14",771,2,59.05,3,3,1,"3,3,1"
19277,"2024-04-14",771,4,296.60,3,5,4,"3,5,4"
4540,"2024-04-14",771,2,109.01,3,3,2,"3,3,2"
2039,"2024-04-14",771,3,466.26,3,5,5,"3,5,5"
14400,"2024-04-15",770,2,965.06,3,4,5,"3,4,5"
12626,"2024-04-15",770,3,140.73,3,4,2,"3,4,2"
5464,"2024-04-15",770,2,77.19,3,3,2,"3,3,2"
5409,"2024-04-15",770,3,493.69,3,5,5,"3,5,5"
2693,"2024-04-15",770,3,340.86,3,5,4,"3,5,4"
8552,"2024-04-15",770,3,472.20,3,5,5,"3,5,5"
12575,"2024-04-15",770,3,324.59,3,4,4,"3,4,4"
1715,"2024-04-15",770,3,220.18,3,5,3,"3,5,3"
6485,"2024-04-15",770,2,251.52,3,3,3,"3,3,3"
7018,"2024-04-15",770,5,1096.85,3,5,5,"3,5,5"
10670,"2024-04-15",770,1,23.37,3,2,1,"3,2,1"
16280,"2024-04-16",769,1,121.25,3,2,2,"3,2,2"
10882,"2024-04-16",769,1,66.01,3,1,1,"3,1,1"
9872,"2024-04-16",769,1,46.39,3,1,1,"3,1,1"
17945,"2024-04-16",769,4,484.98,3,5,5,"3,5,5"
16314,"2024-04-16",769,3,287.73,3,4,4,"3,4,4"
7982,"2024-04-16",769,3,782.52,3,4,5,"3,4,5"
774,"2024-04-16",769,1,169.84,3,1,3,"3,1,3"
19077,"2024-04-16",769,3,632.83,3,5,5,"3,5,5"
19636,"2024-04-17",768,1,243.10,3,1,3,"3,1,3"
3828,"2024-04-17",768,2,73.92,3,3,2,"3,3,2"
19734,"2024-04-17",768,3,526.11,3,5,5,"3,5,5"
11291,"2024-04-17",768,2,148.08,3,3,2,"3,3,2"
7780,"2024-04-17",768,1,25.48,3,2,1,"3,2,1"
8045,"2024-04-17",768,3,423.86,3,4,4,"3,4,4"
5789,"2024-04-17",768,2,296.97,3,4,4,"3,4,4"
17728,"2024-04-17",768,4,820.62,3,5,5,"3,5,5"
3617,"2024-04-18",767,2,116.25,3,3,2,"3,3,2"
8956,"2024-04-18",767,1,99.87,3,2,2,"3,2,2"
9414,"2024-04-18",767,2,92.58,3,3,2,"3,3,2"
326,"2024-04-18",767,1,168.69,3,1,3,"3,1,3"
5577,"2024-04-18",767,1,50.35,3,1,1,"3,1,1"
15619,"2024-04-18",767,1,45.19,3,1,1,"3,1,1"
7445,"2024-04-18",767,2,85.79,3,3,2,"3,3,2"
5582,"2024-04-18",767,1,54.43,3,1,1,"3,1,1"
12474,"2024-04-18",767,1,35.76,3,2,1,"3,2,1"
12242,"2024-04-18",767,3,391.43,3,4,4,"3,4,4"
17427,"2024-04-19",766,1,242.28,3,1,3,"3,1,3"
1942,"2024-04-19",766,4,319.76,3,5,4,"3,5,4"
15574,"2024-04-19",766,2,289.20,3,4,4,"3,4,4"
9209,"2024-04-19",766,4,489.13,3,5,5,"3,5,5"
17867,"2024-04-19",766,2,233.42,3,3,3,"3,3,3"
6795,"2024-04-19",766,2,193.53,3,3,3,"3,3,3"
15508,"2024-04-19",766,3,387.10,3,4,4,"3,4,4"
13818,"2024-04-19",766,3,306.91,3,4,4,"3,4,4"
6826,"2024-04-20",765,3,391.45,3,4,4,"3,4,4"
15951,"2024-04-20",765,2,804.27,3,4,5,"3,4,5"
14158,"2024-04-20",765,2,233.16,3,3,3,"3,3,3"
3208,"2024-04-20",765,3,498.12,3,5,5,"3,5,5"
4605,"2024-04-20",765,2,112.53,3,3,2,"3,3,2"
13308,"2024-04-20",765,4,272.54,3,5,4,"3,5,4"
6086,"2024-04-20",765,1,222.55,3,1,3,"3,1,3"
6504,"2024-04-20",765,4,342.96,3,5,4,"3,5,4"
5417,"2024-04-21",764,1,83.73,3,2,2,"3,2,2"
1409,"2024-04-21",764,2,561.27,3,4,5,"3,4,5"
18971,"2024-04-21",764,2,57.22,3,3,1,"3,3,1"
2048,"2024-04-21",764,2,192.34,3,3,3,"3,3,3"
11062,"2024-04-21",764,3,203.93,3,4,3,"3,4,3"
15600,"2024-04-21",764,2,190.81,3,3,3,"3,3,3"
6856,"2024-04-21",764,6,529.65,3,5,5,"3,5,5"
8779,"2024-04-22",763,1,58.02,3,1,1,"3,1,1"
16,"2024-04-22",763,1,285.40,3,1,4,"3,1,4"
16816,"2024-04-22",763,1,62.20,3,1,1,"3,1,1"
19668,"2024-04-22",763,1,98.90,3,2,2,"3,2,2"
16387,"2024-04-22",763,4,253.34,3,5,3,"3,5,3"
17908,"2024-04-23",762,3,359.04,3,4,4,"3,4,4"
4179,"2024-04-23",762,4,634.53,3,5,5,"3,5,5"
5347,"2024-04-23",762,2,246.09,3,3,3,"3,3,3"
9451,"2024-04-23",762,1,5.40,3,2,1,"3,2,1"
17794,"2024-04-23",762,1,201.27,3,1,3,"3,1,3"
3174,"2024-04-23",762,3,134.70,3,5,2,"3,5,2"
209,"2024-04-23",762,2,514.09,3,4,5,"3,4,5"
12001,"2024-04-24",761,1,74.03,3,2,2,"3,2,2"
4443,"2024-04-24",761,3,230.84,3,5,3,"3,5,3"
16343,"2024-04-24",761,2,444.38,3,4,5,"3,4,5"
2502,"2024-04-24",761,2,120.39,3,3,2,"3,3,2"
11196,"2024-04-24",761,3,462.42,3,5,5,"3,5,5"
16401,"2024-04-24",761,2,678.53,3,4,5,"3,4,5"
14007,"2024-04-24",761,2,436.57,3,4,5,"3,4,5"
4939,"2024-04-24",761,3,343.66,3,4,4,"3,4,4"
10598,"2024-04-25",760,1,143.06,3,2,2,"3,2,2"
8078,"2024-04-25",760,2,302.51,3,4,4,"3,4,4"
12984,"2024-04-25",760,2,161.72,3,3,3,"3,3,3"
6089,"2024-04-25",760,1,34.11,3,2,1,"3,2,1"
3680,"2024-04-25",760,3,336.75,3,4,4,"3,4,4"
14994,"2024-04-25",760,3,371.03,3,5,4,"3,5,4"
5778,"2024-04-25",760,4,679.73,3,5,5,"3,5,5"
19264,"2024-04-25",760,2,239.04,3,3,3,"3,3,3"
18895,"2024-04-25",760,2,76.63,3,3,2,"3,3,2"
2615,"2024-04-25",760,1,65.84,3,1,1,"3,1,1"
1591,"2024-04-25",760,2,143.58,3,3,2,"3,3,2"
17837,"2024-04-26",759,1,147.17,3,1,2,"3,1,2"
3521,"2024-04-26",759,2,218.16,3,3,3,"3,3,3"
14241,"2024-04-26",759,3,418.50,3,4,4,"3,4,4"
10366,"2024-04-26",759,3,120.18,3,5,2,"3,5,2"
12895,"2024-04-26",759,2,60.53,3,3,1,"3,3,1"
990,"2024-04-26",759,2,98.96,3,3,2,"3,3,2"
18179,"2024-04-26",759,2,284.76,3,4,4,"3,4,4"
5779,"2024-04-27",758,3,596.80,3,4,5,"3,4,5"
2380,"2024-04-27",758,2,235.63,3,3,3,"3,3,3"
9299,"2024-04-27",758,2,232.44,3,3,3,"3,3,3"
7804,"2024-04-27",758,3,171.98,3,4,3,"3,4,3"
18488,"2024-04-27",758,2,685.90,3,4,5,"3,4,5"
13109,"2024-04-27",758,3,434.07,3,5,5,"3,5,5"
18588,"2024-04-27",758,3,147.55,3,4,2,"3,4,2"
3804,"2024-04-27",758,5,129.81,3,5,2,"3,5,2"
7425,"2024-04-27",758,3,310.32,3,5,4,"3,5,4"
1513,"2024-04-27",758,1,56.91,3,1,1,"3,1,1"
9117,"2024-04-27",758,3,342.42,3,4,4,"3,4,4"
14066,"2024-04-27",758,3,208.96,3,4,3,"3,4,3"
929,"2024-04-27",758,4,259.09,3,5,4,"3,5,4"
7110,"2024-04-28",757,3,979.64,3,4,5,"3,4,5"
18603,"2024-04-28",757,1,333.41,3,1,4,"3,1,4"
1711,"2024-04-28",757,2,98.15,3,3,2,"3,3,2"
17437,"2024-04-28",757,2,29.23,3,2,1,"3,2,1"
2745,"2024-04-28",757,1,181.63,3,1,3,"3,1,3"
283,"2024-04-28",757,2,54.84,3,2,1,"3,2,1"
15839,"2024-04-28",757,1,255.55,3,1,3,"3,1,3"
12375,"2024-04-28",757,2,343.38,3,4,4,"3,4,4"
17244,"2024-04-28",757,1,62.56,3,1,1,"3,1,1"
1816,"2024-04-28",757,4,939.21,3,5,5,"3,5,5"
968,"2024-04-28",757,3,297.73,3,4,4,"3,4,4"
9271,"2024-04-28",757,3,143.33,3,4,2,"3,4,2"
7637,"2024-04-28",757,3,662.27,3,5,5,"3,5,5"
241,"2024-04-29",756,1,41.65,3,1,1,"3,1,1"
13941,"2024-04-29",756,1,7.48,3,1,1,"3,1,1"
19458,"2024-04-29",756,3,129.31,3,5,2,"3,5,2"
12211,"2024-04-29",756,2,183.18,3,3,3,"3,3,3"
9635,"2024-04-29",756,1,96.53,3,2,2,"3,2,2"
612,"2024-04-29",756,5,1055.32,3,5,5,"3,5,5"
14214,"2024-04-29",756,1,14.08,3,1,1,"3,1,1"
10213,"2024-04-29",756,3,449.88,3,5,5,"3,5,5"
15877,"2024-04-30",755,2,173.61,3,3,3,"3,3,3"
18979,"2024-04-30",755,4,403.30,3,5,4,"3,5,4"
18911,"2024-04-30",755,2,23.56,3,2,1,"3,2,1"
5715,"2024-04-30",755,4,503.19,3,5,5,"3,5,5"
4438,"2024-04-30",755,2,419.63,3,4,4,"3,4,4"
12812,"2024-04-30",755,4,254.23,3,5,3,"3,5,3"
8877,"2024-04-30",755,6,700.88,3,5,5,"3,5,5"
1774,"2024-04-30",755,1,17.26,3,2,1,"3,2,1"
12057,"2024-04-30",755,1,11.67,3,1,1,"3,1,1"
2261,"2024-04-30",755,1,203.95,3,1,3,"3,1,3"
18523,"2024-04-30",755,2,105.43,3,3,2,"3,3,2"
1613,"2024-04-30",755,1,193.43,3,1,3,"3,1,3"
6134,"2024-04-30",755,4,309.98,3,5,4,"3,5,4"
6421,"2024-05-01",754,2,959.81,3,4,5,"3,4,5"
13987,"2024-05-01",754,5,892.21,3,5,5,"3,5,5"
12284,"2024-05-01",754,1,37.77,3,2,1,"3,2,1"
5456,"2024-05-01",754,2,590.38,3,4,5,"3,4,5"
11716,"2024-05-01",754,1,54.79,3,1,1,"3,1,1"
19346,"2024-05-01",754,6,374.70,3,5,4,"3,5,4"
19444,"2024-05-01",754,2,226.09,3,3,3,"3,3,3"
1493,"2024-05-01",754,2,16.03,3,2,1,"3,2,1"
5649,"2024-05-01",754,2,110.24,3,3,2,"3,3,2"
11400,"2024-05-01",754,3,610.83,3,4,5,"3,4,5"
2479,"2024-05-02",753,1,100.97,3,2,2,"3,2,2"
19531,"2024-05-02",753,3,141.93,3,4,2,"3,4,2"
17686,"2024-05-02",753,1,263.50,3,1,4,"3,1,4"
7142,"2024-05-02",753,2,190.37,3,3,3,"3,3,3"
17068,"2024-05-02",753,5,913.30,3,5,5,"3,5,5"
7653,"2024-05-02",753,3,449.93,3,5,5,"3,5,5"
5325,"2024-05-02",753,2,84.70,3,3,2,"3,3,2"
16620,"2024-05-02",753,4,434.41,3,5,5,"3,5,5"
12818,"2024-05-02",753,3,104.18,3,4,2,"3,4,2"
2969,"2024-05-02",753,2,161.66,3,3,3,"3,3,3"
1680,"2024-05-03",752,1,66.05,3,1,1,"3,1,1"
13944,"2024-05-03",752,3,248.10,3,5,3,"3,5,3"
18907,"2024-05-03",752,2,131.02,3,3,2,"3,3,2"
849,"2024-05-03",752,2,174.19,3,3,3,"3,3,3"
12377,"2024-05-03",752,2,193.95,3,3,3,"3,3,3"
3330,"2024-05-03",752,2,401.74,3,4,4,"3,4,4"
4593,"2024-05-03",752,1,61.51,3,1,1,"3,1,1"
14800,"2024-05-03",752,2,241.00,3,3,3,"3,3,3"
4305,"2024-05-03",752,3,405.88,3,4,4,"3,4,4"
19385,"2024-05-04",751,1,27.13,3,2,1,"3,2,1"
19538,"2024-05-04",751,4,267.97,3,5,4,"3,5,4"
1482,"2024-05-04",751,1,135.97,3,2,2,"3,2,2"
11127,"2024-05-04",751,1,239.34,3,1,3,"3,1,3"
10375,"2024-05-04",751,1,28.57,3,2,1,"3,2,1"
12702,"2024-05-04",751,2,461.62,3,4,5,"3,4,5"
4508,"2024-05-04",751,5,762.00,3,5,5,"3,5,5"
9643,"2024-05-04",751,2,538.80,3,4,5,"3,4,5"
10020,"2024-05-05",750,2,194.34,3,3,3,"3,3,3"
17286,"2024-05-05",750,3,711.80,3,5,5,"3,5,5"
14171,"2024-05-05",750,3,466.83,3,5,5,"3,5,5"
8735,"2024-05-05",750,1,98.54,3,2,2,"3,2,2"
10758,"2024-05-05",750,2,308.38,3,4,4,"3,4,4"
10096,"2024-05-05",750,3,150.40,3,4,2,"3,4,2"
82,"2024-05-05",750,1,37.63,3,2,1,"3,2,1"
17663,"2024-05-05",750,2,371.29,3,4,4,"3,4,4"
8812,"2024-05-06",749,2,156.47,3,3,3,"3,3,3"
14799,"2024-05-06",749,2,508.45,3,4,5,"3,4,5"
19190,"2024-05-06",749,1,396.14,3,1,4,"3,1,4"
12282,"2024-05-06",749,1,20.73,3,2,1,"3,2,1"
7221,"2024-05-06",749,2,542.70,3,4,5,"3,4,5"
16836,"2024-05-06",749,3,401.34,3,4,4,"3,4,4"
3526,"2024-05-06",749,2,320.08,3,4,4,"3,4,4"
19990,"2024-05-07",748,1,8.28,3,1,1,"3,1,1"
8646,"2024-05-07",748,2,86.75,3,3,2,"3,3,2"
1322,"2024-05-07",748,1,14.24,3,1,1,"3,1,1"
17609,"2024-05-07",748,1,202.82,3,1,3,"3,1,3"
1713,"2024-05-07",748,2,53.82,3,2,1,"3,2,1"
11962,"2024-05-07",748,2,146.25,3,3,2,"3,3,2"
7920,"2024-05-07",748,3,860.25,3,5,5,"3,5,5"
5384,"2024-05-07",748,2,407.22,3,4,4,"3,4,4"
2268,"2024-05-07",748,2,160.54,3,3,3,"3,3,3"
1728,"2024-05-07",748,3,256.30,3,5,3,"3,5,3"
13280,"2024-05-08",747,1,163.04,3,1,3,"3,1,3"
14604,"2024-05-08",747,3,722.19,3,4,5,"3,4,5"
8340,"2024-05-08",747,2,219.11,3,3,3,"3,3,3"
6473,"2024-05-08",747,4,490.85,3,5,5,"3,5,5"
15378,"2024-05-08",747,2,248.46,3,3,3,"3,3,3"
1072,"2024-05-08",747,2,182.88,3,3,3,"3,3,3"
2953,"2024-05-08",747,3,1017.95,3,4,5,"3,4,5"
654,"2024-05-08",747,3,339.24,3,5,4,"3,5,4"
18323,"2024-05-08",747,2,102.66,3,3,2,"3,3,2"
8415,"2024-05-08",747,2,333.72,3,4,4,"3,4,4"
4124,"2024-05-08",747,3,337.75,3,5,4,"3,5,4"
14813,"2024-05-09",746,1,60.48,3,1,1,"3,1,1"
4123,"2024-05-09",746,2,36.30,3,2,1,"3,2,1"
17033,"2024-05-09",746,2,299.90,3,4,4,"3,4,4"
14129,"2024-05-09",746,2,48.64,3,2,1,"3,2,1"
16858,"2024-05-09",746,3,528.48,3,5,5,"3,5,5"
3360,"2024-05-09",746,4,895.56,3,5,5,"3,5,5"
19666,"2024-05-09",746,2,207.77,3,3,3,"3,3,3"
18666,"2024-05-09",746,5,320.79,3,5,4,"3,5,4"
4317,"2024-05-09",746,3,483.95,3,5,5,"3,5,5"
3467,"2024-05-10",745,2,193.01,3,3,3,"3,3,3"
19660,"2024-05-10",745,2,251.30,3,3,3,"3,3,3"
16793,"2024-05-10",745,2,212.10,3,3,3,"3,3,3"
341,"2024-05-10",745,1,23.61,3,2,1,"3,2,1"
9982,"2024-05-10",745,4,815.08,3,5,5,"3,5,5"
8764,"2024-05-10",745,2,325.45,3,4,4,"3,4,4"
1216,"2024-05-10",745,1,112.75,3,2,2,"3,2,2"
8881,"2024-05-10",745,3,504.19,3,5,5,"3,5,5"
16230,"2024-05-11",744,4,418.25,3,5,4,"3,5,4"
16602,"2024-05-11",744,2,86.04,3,3,2,"3,3,2"
17676,"2024-05-11",744,1,41.97,3,1,1,"3,1,1"
5470,"2024-05-11",744,3,386.16,3,4,4,"3,4,4"
12813,"2024-05-11",744,2,426.91,3,4,4,"3,4,4"
5682,"2024-05-11",744,1,103.65,3,2,2,"3,2,2"
13374,"2024-05-11",744,2,471.22,3,4,5,"3,4,5"
12430,"2024-05-12",743,1,188.93,3,1,3,"3,1,3"
14035,"2024-05-12",743,2,161.70,3,3,3,"3,3,3"
13384,"2024-05-12",743,1,82.42,3,2,2,"3,2,2"
896,"2024-05-12",743,2,310.16,3,4,4,"3,4,4"
7844,"2024-05-12",743,2,76.02,3,3,2,"3,3,2"
16822,"2024-05-12",743,3,454.55,3,5,5,"3,5,5"
13976,"2024-05-12",743,4,509.07,3,5,5,"3,5,5"
121,"2024-05-12",743,2,160.79,3,3,3,"3,3,3"
16762,"2024-05-12",743,3,495.12,3,5,5,"3,5,5"
110,"2024-05-13",742,1,30.12,3,2,1,"3,2,1"
10322,"2024-05-13",742,1,14.82,3,1,1,"3,1,1"
3630,"2024-05-13",742,2,586.40,3,4,5,"3,4,5"
12780,"2024-05-13",742,3,833.76,3,5,5,"3,5,5"
19012,"2024-05-13",742,1,5.37,3,2,1,"3,2,1"
919,"2024-05-13",742,2,523.53,3,4,5,"3,4,5"
10136,"2024-05-13",742,3,678.27,3,4,5,"3,4,5"
5801,"2024-05-13",742,3,329.42,3,5,4,"3,5,4"
18802,"2024-05-13",742,2,67.87,3,3,1,"3,3,1"
10875,"2024-05-14",741,2,111.24,3,3,2,"3,3,2"
1376,"2024-05-14",741,2,817.82,3,4,5,"3,4,5"
19036,"2024-05-14",741,2,107.99,3,3,2,"3,3,2"
9265,"2024-05-14",741,4,259.06,3,5,4,"3,5,4"
15301,"2024-05-14",741,2,81.64,3,3,2,"3,3,2"
12396,"2024-05-15",740,1,78.93,3,2,2,"3,2,2"
7263,"2024-05-15",740,1,38.13,3,2,1,"3,2,1"
7815,"2024-05-15",740,3,1339.40,3,5,5,"3,5,5"
19912,"2024-05-15",740,1,12.26,3,1,1,"3,1,1"
5944,"2024-05-15",740,1,6.52,3,2,1,"3,2,1"
12671,"2024-05-15",740,3,441.54,3,5,5,"3,5,5"
19664,"2024-05-15",740,3,200.31,3,4,3,"3,4,3"
1872,"2024-05-15",740,4,820.67,3,5,5,"3,5,5"
15120,"2024-05-15",740,2,136.24,3,3,2,"3,3,2"
14009,"2024-05-16",739,2,73.37,3,3,1,"3,3,1"
17709,"2024-05-16",739,2,398.74,3,4,4,"3,4,4"
16287,"2024-05-16",739,3,275.77,3,4,4,"3,4,4"
1964,"2024-05-16",739,2,168.09,3,3,3,"3,3,3"
15265,"2024-05-17",738,1,144.43,3,1,2,"3,1,2"
19201,"2024-05-17",738,2,133.45,3,3,2,"3,3,2"
1522,"2024-05-17",738,2,401.84,3,4,4,"3,4,4"
6841,"2024-05-17",738,3,545.27,3,4,5,"3,4,5"
16421,"2024-05-17",738,3,892.12,3,5,5,"3,5,5"
14326,"2024-05-17",738,3,841.59,3,5,5,"3,5,5"
4240,"2024-05-17",738,1,27.51,3,2,1,"3,2,1"
12569,"2024-05-17",738,2,92.95,3,3,2,"3,3,2"
472,"2024-05-17",738,3,523.71,3,5,5,"3,5,5"
12513,"2024-05-17",738,1,56.30,3,1,1,"3,1,1"
7223,"2024-05-17",738,1,105.98,3,2,2,"3,2,2"
2420,"2024-05-17",738,3,300.31,3,4,4,"3,4,4"
13158,"2024-05-17",738,4,690.57,3,5,5,"3,5,5"
15387,"2024-05-17",738,3,405.77,3,4,4,"3,4,4"
1424,"2024-05-18",737,2,71.24,3,3,1,"3,3,1"
6043,"2024-05-18",737,3,677.88,3,4,5,"3,4,5"
16905,"2024-05-18",737,2,506.29,3,4,5,"3,4,5"
2456,"2024-05-18",737,2,303.31,3,4,4,"3,4,4"
18375,"2024-05-18",737,3,457.92,3,5,5,"3,5,5"
17310,"2024-05-18",737,2,209.70,3,3,3,"3,3,3"
16982,"2024-05-18",737,4,572.76,3,5,5,"3,5,5"
15913,"2024-05-18",737,2,414.50,3,4,4,"3,4,4"
3243,"2024-05-18",737,2,406.10,3,4,4,"3,4,4"
9447,"2024-05-18",737,2,144.65,3,3,2,"3,3,2"
10072,"2024-05-18",737,1,195.69,3,1,3,"3,1,3"
2122,"2024-05-18",737,2,532.42,3,4,5,"3,4,5"
6097,"2024-05-18",737,5,237.74,3,5,3,"3,5,3"
19043,"2024-05-19",736,2,647.07,3,4,5,"3,4,5"
3203,"2024-05-19",736,1,47.19,3,1,1,"3,1,1"
9147,"2024-05-19",736,2,119.63,3,3,2,"3,3,2"
10029,"2024-05-19",736,1,29.76,3,2,1,"3,2,1"
15729,"2024-05-19",736,6,1068.46,3,5,5,"3,5,5"
11681,"2024-05-19",736,6,579.72,3,5,5,"3,5,5"
14162,"2024-05-19",736,2,136.52,3,3,2,"3,3,2"
6629,"2024-05-19",736,6,816.27,3,5,5,"3,5,5"
7287,"2024-05-19",736,2,152.77,3,3,3,"3,3,3"
15156,"2024-05-19",736,1,82.68,3,2,2,"3,2,2"
8656,"2024-05-19",736,1,131.16,3,2,2,"3,2,2"
16001,"2024-05-19",736,2,224.80,3,3,3,"3,3,3"
8464,"2024-05-20",735,3,105.85,3,4,2,"3,4,2"
127,"2024-05-20",735,2,419.14,3,4,4,"3,4,4"
10172,"2024-05-20",735,3,232.48,3,5,3,"3,5,3"
19567,"2024-05-20",735,2,115.04,3,3,2,"3,3,2"
6402,"2024-05-20",735,1,516.51,3,2,5,"3,2,5"
14830,"2024-05-20",735,1,90.02,3,2,2,"3,2,2"
18575,"2024-05-20",735,2,132.26,3,3,2,"3,3,2"
7917,"2024-05-20",735,2,661.44,3,4,5,"3,4,5"
5055,"2024-05-20",735,1,23.90,3,2,1,"3,2,1"
3662,"2024-05-20",735,2,125.29,3,3,2,"3,3,2"
4859,"2024-05-20",735,2,321.09,3,4,4,"3,4,4"
2634,"2024-05-21",734,4,220.60,3,5,3,"3,5,3"
17620,"2024-05-21",734,2,285.05,3,4,4,"3,4,4"
17619,"2024-05-21",734,2,172.94,3,3,3,"3,3,3"
9288,"2024-05-21",734,4,398.31,3,5,4,"3,5,4"
18913,"2024-05-21",734,1,89.01,3,2,2,"3,2,2"
9,"2024-05-21",734,1,122.51,3,2,2,"3,2,2"
13168,"2024-05-21",734,4,229.33,3,5,3,"3,5,3"
8010,"2024-05-21",734,3,141.66,3,4,2,"3,4,2"
13424,"2024-05-21",734,2,288.17,3,4,4,"3,4,4"
15410,"2024-05-21",734,5,371.07,3,5,4,"3,5,4"
9146,"2024-05-21",734,2,394.78,3,4,4,"3,4,4"
18868,"2024-05-21",734,1,8.55,3,1,1,"3,1,1"
8733,"2024-05-21",734,2,411.80,3,4,4,"3,4,4"
284,"2024-05-21",734,2,554.80,3,4,5,"3,4,5"
18898,"2024-05-22",733,3,202.07,3,4,3,"3,4,3"
806,"2024-05-22",733,3,785.69,3,4,5,"3,4,5"
15111,"2024-05-22",733,1,92.11,3,2,2,"3,2,2"
11995,"2024-05-22",733,2,246.29,3,3,3,"3,3,3"
1644,"2024-05-22",733,1,268.93,3,1,4,"3,1,4"
8018,"2024-05-22",733,2,18.76,3,2,1,"3,2,1"
13058,"2024-05-22",733,2,215.19,3,3,3,"3,3,3"
11634,"2024-05-22",733,2,374.79,3,4,4,"3,4,4"
14641,"2024-05-22",733,2,69.06,3,3,1,"3,3,1"
17541,"2024-05-22",733,2,239.95,3,3,3,"3,3,3"
7204,"2024-05-23",732,1,34.38,3,2,1,"3,2,1"
18274,"2024-05-23",732,1,121.57,3,2,2,"3,2,2"
11703,"2024-05-23",732,1,88.00,3,2,2,"3,2,2"
15238,"2024-05-23",732,3,170.48,3,5,3,"3,5,3"
5969,"2024-05-23",732,5,324.35,3,5,4,"3,5,4"
6906,"2024-05-23",732,4,828.85,3,5,5,"3,5,5"
17759,"2024-05-23",732,3,814.34,3,5,5,"3,5,5"
11632,"2024-05-23",732,3,292.82,3,4,4,"3,4,4"
15745,"2024-05-23",732,4,471.80,3,5,5,"3,5,5"
8777,"2024-05-23",732,2,447.05,3,4,5,"3,4,5"
1158,"2024-05-23",732,1,107.54,3,2,2,"3,2,2"
17157,"2024-05-23",732,1,243.82,3,1,3,"3,1,3"
17788,"2024-05-23",732,3,340.40,3,5,4,"3,5,4"
11934,"2024-05-23",732,1,118.57,3,2,2,"3,2,2"
4719,"2024-05-23",732,1,78.00,3,2,2,"3,2,2"
9867,"2024-05-23",732,1,121.59,3,2,2,"3,2,2"
5580,"2024-05-24",731,2,273.56,3,3,4,"3,3,4"
5552,"2024-05-24",731,2,96.93,3,3,2,"3,3,2"
13238,"2024-05-24",731,1,64.77,3,1,1,"3,1,1"
8878,"2024-05-24",731,3,30.25,3,4,1,"3,4,1"
7410,"2024-05-24",731,4,301.84,3,5,4,"3,5,4"
18181,"2024-05-24",731,2,38.76,3,2,1,"3,2,1"
10692,"2024-05-24",731,3,138.58,3,4,2,"3,4,2"
6180,"2024-05-24",731,2,164.26,3,3,3,"3,3,3"
8919,"2024-05-24",731,4,583.77,3,5,5,"3,5,5"
19358,"2024-05-24",731,2,51.18,3,2,1,"3,2,1"
12526,"2024-05-25",730,1,41.36,3,1,1,"3,1,1"
11727,"2024-05-25",730,2,222.21,3,3,3,"3,3,3"
8385,"2024-05-25",730,4,1352.97,3,5,5,"3,5,5"
3705,"2024-05-25",730,1,31.77,3,2,1,"3,2,1"
16777,"2024-05-25",730,2,490.50,3,4,5,"3,4,5"
14440,"2024-05-25",730,4,1139.53,3,5,5,"3,5,5"
14154,"2024-05-25",730,2,162.23,3,3,3,"3,3,3"
2870,"2024-05-25",730,3,359.36,3,4,4,"3,4,4"
18163,"2024-05-25",730,3,274.99,3,4,4,"3,4,4"
386,"2024-05-26",729,1,43.79,3,1,1,"3,1,1"
8548,"2024-05-26",729,3,312.26,3,5,4,"3,5,4"
6603,"2024-05-26",729,2,278.77,3,3,4,"3,3,4"
10354,"2024-05-26",729,2,186.18,3,3,3,"3,3,3"
13072,"2024-05-26",729,3,85.02,3,4,2,"3,4,2"
1176,"2024-05-26",729,1,55.33,3,1,1,"3,1,1"
10434,"2024-05-26",729,1,267.28,3,1,4,"3,1,4"
14875,"2024-05-26",729,3,159.80,3,5,3,"3,5,3"
14427,"2024-05-26",729,2,62.05,3,3,1,"3,3,1"
19953,"2024-05-26",729,2,246.36,3,3,3,"3,3,3"
10388,"2024-05-26",729,1,49.16,3,1,1,"3,1,1"
7855,"2024-05-26",729,3,354.71,3,4,4,"3,4,4"
2857,"2024-05-27",728,1,171.44,3,1,3,"3,1,3"
3640,"2024-05-27",728,2,2122.89,3,4,5,"3,4,5"
18956,"2024-05-27",728,1,127.53,3,2,2,"3,2,2"
1849,"2024-05-27",728,2,103.17,3,3,2,"3,3,2"
3168,"2024-05-27",728,3,146.18,3,4,2,"3,4,2"
6859,"2024-05-27",728,4,916.96,3,5,5,"3,5,5"
5855,"2024-05-27",728,3,147.51,3,4,2,"3,4,2"
16531,"2024-05-27",728,3,258.82,3,4,4,"3,4,4"
9860,"2024-05-27",728,3,422.10,3,4,4,"3,4,4"
16219,"2024-05-27",728,2,279.40,3,3,4,"3,3,4"
2201,"2024-05-27",728,1,69.33,3,1,1,"3,1,1"
6212,"2024-05-27",728,3,369.80,3,5,4,"3,5,4"
1125,"2024-05-27",728,2,320.79,3,4,4,"3,4,4"
16930,"2024-05-27",728,2,153.07,3,3,3,"3,3,3"
1339,"2024-05-28",727,3,276.52,3,4,4,"3,4,4"
2541,"2024-05-28",727,2,188.47,3,3,3,"3,3,3"
3102,"2024-05-28",727,3,103.64,3,4,2,"3,4,2"
19880,"2024-05-28",727,2,340.02,3,4,4,"3,4,4"
17752,"2024-05-28",727,1,256.47,3,1,3,"3,1,3"
8962,"2024-05-28",727,2,363.33,3,4,4,"3,4,4"
477,"2024-05-28",727,5,321.01,3,5,4,"3,5,4"
9039,"2024-05-28",727,1,37.79,3,2,1,"3,2,1"
2008,"2024-05-28",727,2,504.75,3,4,5,"3,4,5"
18122,"2024-05-28",727,2,154.34,3,3,3,"3,3,3"
6685,"2024-05-29",726,2,594.15,3,4,5,"3,4,5"
11351,"2024-05-29",726,2,262.88,3,3,4,"3,3,4"
12038,"2024-05-29",726,2,386.03,3,4,4,"3,4,4"
7213,"2024-05-29",726,1,93.20,3,2,2,"3,2,2"
18743,"2024-05-29",726,4,566.12,3,5,5,"3,5,5"
14591,"2024-05-29",726,3,849.65,3,5,5,"3,5,5"
3560,"2024-05-29",726,3,265.52,3,4,4,"3,4,4"
8231,"2024-05-29",726,1,31.93,3,2,1,"3,2,1"
8744,"2024-05-29",726,2,463.84,3,4,5,"3,4,5"
2759,"2024-05-29",726,1,266.02,3,1,4,"3,1,4"
6592,"2024-05-30",725,2,266.90,3,3,4,"3,3,4"
10696,"2024-05-30",725,3,432.45,3,5,5,"3,5,5"
17047,"2024-05-30",725,2,417.53,3,4,4,"3,4,4"
10337,"2024-05-30",725,1,17.18,3,2,1,"3,2,1"
6056,"2024-05-30",725,1,165.67,3,1,3,"3,1,3"
5016,"2024-05-30",725,1,303.61,3,1,4,"3,1,4"
5579,"2024-05-30",725,2,270.90,3,3,4,"3,3,4"
14541,"2024-05-30",725,4,240.02,3,5,3,"3,5,3"
10180,"2024-05-30",725,1,68.67,3,1,1,"3,1,1"
5840,"2024-05-30",725,3,178.64,3,5,3,"3,5,3"
4841,"2024-05-30",725,1,180.78,3,1,3,"3,1,3"
8528,"2024-05-31",724,1,25.49,3,2,1,"3,2,1"
14369,"2024-05-31",724,1,4.95,3,2,1,"3,2,1"
363,"2024-05-31",724,1,65.85,3,1,1,"3,1,1"
10323,"2024-05-31",724,1,6.32,3,2,1,"3,2,1"
3754,"2024-05-31",724,3,939.18,3,4,5,"3,4,5"
12280,"2024-05-31",724,2,74.10,3,3,2,"3,3,2"
16284,"2024-05-31",724,2,237.23,3,3,3,"3,3,3"
2980,"2024-05-31",724,3,1230.20,3,4,5,"3,4,5"
11382,"2024-05-31",724,1,79.83,3,2,2,"3,2,2"
19965,"2024-05-31",724,2,274.58,3,3,4,"3,3,4"
816,"2024-05-31",724,3,1246.78,3,4,5,"3,4,5"
4572,"2024-06-01",723,2,363.76,3,4,4,"3,4,4"
14673,"2024-06-01",723,2,76.09,3,3,2,"3,3,2"
11244,"2024-06-01",723,1,5.13,3,2,1,"3,2,1"
4513,"2024-06-01",723,2,136.63,3,3,2,"3,3,2"
9179,"2024-06-01",723,3,253.39,3,5,3,"3,5,3"
19523,"2024-06-01",723,2,134.65,3,3,2,"3,3,2"
3431,"2024-06-01",723,3,247.24,3,5,3,"3,5,3"
4033,"2024-06-01",723,1,21.48,3,2,1,"3,2,1"
13352,"2024-06-01",723,2,20.05,3,2,1,"3,2,1"
11247,"2024-06-01",723,2,301.11,3,4,4,"3,4,4"
4427,"2024-06-01",723,2,167.80,3,3,3,"3,3,3"
718,"2024-06-01",723,3,268.30,3,4,4,"3,4,4"
8325,"2024-06-01",723,2,158.61,3,3,3,"3,3,3"
11713,"2024-06-01",723,1,48.07,3,1,1,"3,1,1"
11242,"2024-06-02",722,4,610.00,3,5,5,"3,5,5"
6543,"2024-06-02",722,6,1298.75,3,5,5,"3,5,5"
6812,"2024-06-02",722,2,146.06,3,3,2,"3,3,2"
13368,"2024-06-02",722,5,735.36,3,5,5,"3,5,5"
8845,"2024-06-02",722,3,1575.21,3,4,5,"3,4,5"
17651,"2024-06-02",722,4,304.82,3,5,4,"3,5,4"
14194,"2024-06-02",722,2,217.16,3,3,3,"3,3,3"
16763,"2024-06-02",722,4,414.63,3,5,4,"3,5,4"
10120,"2024-06-02",722,4,368.15,3,5,4,"3,5,4"
5539,"2024-06-02",722,3,441.37,3,5,5,"3,5,5"
13921,"2024-06-03",721,3,282.39,3,4,4,"3,4,4"
2377,"2024-06-03",721,2,112.03,3,3,2,"3,3,2"
15965,"2024-06-03",721,2,50.37,3,2,1,"3,2,1"
17502,"2024-06-03",721,1,415.64,3,2,4,"3,2,4"
2170,"2024-06-03",721,1,163.78,3,1,3,"3,1,3"
6441,"2024-06-03",721,2,98.76,3,3,2,"3,3,2"
18991,"2024-06-03",721,3,274.70,3,4,4,"3,4,4"
14289,"2024-06-03",721,3,82.71,3,4,2,"3,4,2"
5642,"2024-06-03",721,1,167.91,3,1,3,"3,1,3"
15691,"2024-06-04",720,2,101.60,3,3,2,"3,3,2"
6527,"2024-06-04",720,1,15.64,3,2,1,"3,2,1"
11610,"2024-06-04",720,2,292.04,3,4,4,"3,4,4"
15404,"2024-06-04",720,2,209.34,3,3,3,"3,3,3"
3385,"2024-06-04",720,2,155.76,3,3,3,"3,3,3"
17272,"2024-06-04",720,2,100.01,3,3,2,"3,3,2"
16328,"2024-06-04",720,3,216.15,3,5,3,"3,5,3"
13041,"2024-06-04",720,1,51.20,3,1,1,"3,1,1"
14786,"2024-06-04",720,2,42.04,3,2,1,"3,2,1"
8402,"2024-06-04",720,4,378.51,3,5,4,"3,5,4"
16292,"2024-06-04",720,3,161.60,3,5,3,"3,5,3"
8560,"2024-06-04",720,2,841.23,3,4,5,"3,4,5"
16760,"2024-06-04",720,3,592.98,3,4,5,"3,4,5"
14341,"2024-06-04",720,4,258.68,3,5,4,"3,5,4"
11347,"2024-06-04",720,2,885.43,3,4,5,"3,4,5"
17822,"2024-06-05",719,3,221.73,3,5,3,"3,5,3"
15278,"2024-06-05",719,1,50.47,3,1,1,"3,1,1"
17876,"2024-06-05",719,2,535.49,3,4,5,"3,4,5"
6558,"2024-06-05",719,4,613.49,3,5,5,"3,5,5"
2252,"2024-06-05",719,2,279.67,3,3,4,"3,3,4"
15459,"2024-06-05",719,2,153.30,3,3,3,"3,3,3"
14412,"2024-06-05",719,4,729.45,3,5,5,"3,5,5"
9302,"2024-06-05",719,1,66.39,3,1,1,"3,1,1"
1404,"2024-06-05",719,1,73.93,3,2,2,"3,2,2"
548,"2024-06-05",719,1,15.86,3,2,1,"3,2,1"
19988,"2024-06-05",719,1,29.17,3,2,1,"3,2,1"
7923,"2024-06-05",719,1,29.52,3,2,1,"3,2,1"
16923,"2024-06-05",719,2,420.67,3,4,4,"3,4,4"
17209,"2024-06-05",719,5,782.01,3,5,5,"3,5,5"
8521,"2024-06-06",718,5,1627.87,3,5,5,"3,5,5"
11722,"2024-06-06",718,1,158.84,3,1,3,"3,1,3"
1387,"2024-06-06",718,2,227.44,3,3,3,"3,3,3"
6572,"2024-06-06",718,2,342.27,3,4,4,"3,4,4"
11152,"2024-06-06",718,2,81.39,3,3,2,"3,3,2"
6342,"2024-06-06",718,3,549.87,3,4,5,"3,4,5"
147,"2024-06-06",718,3,681.71,3,5,5,"3,5,5"
15297,"2024-06-06",718,1,39.09,3,2,1,"3,2,1"
11075,"2024-06-06",718,2,273.93,3,3,4,"3,3,4"
12534,"2024-06-06",718,2,243.90,3,3,3,"3,3,3"
17551,"2024-06-06",718,4,754.09,3,5,5,"3,5,5"
2565,"2024-06-07",717,3,360.78,3,4,4,"3,4,4"
4881,"2024-06-07",717,2,64.76,3,3,1,"3,3,1"
17973,"2024-06-07",717,2,350.93,3,4,4,"3,4,4"
9431,"2024-06-07",717,3,398.30,3,4,4,"3,4,4"
14432,"2024-06-07",717,2,118.78,3,3,2,"3,3,2"
4953,"2024-06-07",717,2,409.30,3,4,4,"3,4,4"
1131,"2024-06-07",717,3,198.85,3,4,3,"3,4,3"
18128,"2024-06-07",717,1,312.05,3,1,4,"3,1,4"
15631,"2024-06-07",717,3,292.84,3,4,4,"3,4,4"
1385,"2024-06-07",717,4,226.21,3,5,3,"3,5,3"
19203,"2024-06-08",716,2,401.25,3,4,4,"3,4,4"
4858,"2024-06-08",716,3,289.85,3,4,4,"3,4,4"
4595,"2024-06-08",716,1,7.39,3,1,1,"3,1,1"
10663,"2024-06-08",716,3,558.67,3,4,5,"3,4,5"
12123,"2024-06-08",716,2,128.99,3,3,2,"3,3,2"
12382,"2024-06-08",716,3,376.14,3,5,4,"3,5,4"
2585,"2024-06-08",716,3,488.12,3,5,5,"3,5,5"
9881,"2024-06-08",716,3,388.94,3,4,4,"3,4,4"
9524,"2024-06-08",716,1,69.83,3,1,1,"3,1,1"
13194,"2024-06-08",716,1,62.27,3,1,1,"3,1,1"
16950,"2024-06-09",715,2,159.20,3,3,3,"3,3,3"
4765,"2024-06-09",715,3,214.74,3,5,3,"3,5,3"
7389,"2024-06-09",715,2,346.96,3,4,4,"3,4,4"
463,"2024-06-09",715,2,544.51,3,4,5,"3,4,5"
12559,"2024-06-09",715,2,116.20,3,3,2,"3,3,2"
79,"2024-06-09",715,3,887.65,3,5,5,"3,5,5"
19825,"2024-06-09",715,4,278.18,3,5,4,"3,5,4"
17660,"2024-06-09",715,2,27.61,3,2,1,"3,2,1"
17147,"2024-06-09",715,3,227.46,3,5,3,"3,5,3"
12254,"2024-06-09",715,3,188.84,3,4,3,"3,4,3"
3868,"2024-06-09",715,4,318.65,3,5,4,"3,5,4"
18140,"2024-06-09",715,1,210.65,3,1,3,"3,1,3"
13249,"2024-06-09",715,3,410.83,3,4,4,"3,4,4"
10527,"2024-06-09",715,2,40.41,3,2,1,"3,2,1"
4518,"2024-06-10",714,1,90.53,3,2,2,"3,2,2"
4203,"2024-06-10",714,3,297.72,3,4,4,"3,4,4"
6035,"2024-06-10",714,3,178.97,3,5,3,"3,5,3"
19135,"2024-06-10",714,2,484.68,3,4,5,"3,4,5"
12966,"2024-06-10",714,1,136.39,3,2,2,"3,2,2"
9317,"2024-06-10",714,2,357.52,3,4,4,"3,4,4"
15622,"2024-06-11",713,3,678.78,3,4,5,"3,4,5"
16690,"2024-06-11",713,1,306.90,3,1,4,"3,1,4"
19403,"2024-06-11",713,1,169.45,3,1,3,"3,1,3"
400,"2024-06-11",713,1,80.65,3,2,2,"3,2,2"
19459,"2024-06-11",713,2,124.26,3,3,2,"3,3,2"
6830,"2024-06-11",713,1,75.35,3,2,2,"3,2,2"
1219,"2024-06-11",713,2,102.76,3,3,2,"3,3,2"
9938,"2024-06-11",713,2,484.36,3,4,5,"3,4,5"
8285,"2024-06-12",712,1,43.18,3,1,1,"3,1,1"
17764,"2024-06-12",712,1,55.67,3,1,1,"3,1,1"
7718,"2024-06-12",712,3,150.95,3,4,2,"3,4,2"
7713,"2024-06-12",712,2,165.22,3,3,3,"3,3,3"
13075,"2024-06-12",712,2,94.94,3,3,2,"3,3,2"
6616,"2024-06-12",712,4,640.82,3,5,5,"3,5,5"
6087,"2024-06-13",711,3,333.93,3,4,4,"3,4,4"
6675,"2024-06-13",711,3,224.08,3,5,3,"3,5,3"
7079,"2024-06-13",711,3,203.70,3,4,3,"3,4,3"
9075,"2024-06-13",711,1,169.18,3,1,3,"3,1,3"
4809,"2024-06-13",711,3,717.41,3,5,5,"3,5,5"
5971,"2024-06-13",711,3,768.75,3,4,5,"3,4,5"
19809,"2024-06-13",711,2,181.38,3,3,3,"3,3,3"
12129,"2024-06-13",711,4,749.17,3,5,5,"3,5,5"
5574,"2024-06-13",711,3,317.41,3,5,4,"3,5,4"
16834,"2024-06-14",710,3,52.41,3,4,1,"3,4,1"
14363,"2024-06-14",710,5,529.68,3,5,5,"3,5,5"
15517,"2024-06-14",710,2,1017.80,3,4,5,"3,4,5"
7770,"2024-06-14",710,3,400.04,3,4,4,"3,4,4"
4055,"2024-06-14",710,2,228.33,3,3,3,"3,3,3"
5003,"2024-06-14",710,1,257.35,3,1,4,"3,1,4"
3395,"2024-06-14",710,3,282.08,3,4,4,"3,4,4"
14494,"2024-06-15",709,3,216.58,3,5,3,"3,5,3"
11394,"2024-06-15",709,2,294.26,3,4,4,"3,4,4"
5751,"2024-06-15",709,2,122.30,3,3,2,"3,3,2"
13346,"2024-06-15",709,2,598.60,3,4,5,"3,4,5"
15717,"2024-06-15",709,5,425.94,3,5,4,"3,5,4"
15059,"2024-06-15",709,3,960.72,3,4,5,"3,4,5"
10252,"2024-06-15",709,2,97.94,3,3,2,"3,3,2"
14850,"2024-06-15",709,1,6.26,3,2,1,"3,2,1"
5941,"2024-06-15",709,2,147.69,3,3,2,"3,3,2"
16360,"2024-06-16",708,2,448.29,3,4,5,"3,4,5"
9661,"2024-06-16",708,3,553.04,3,4,5,"3,4,5"
594,"2024-06-16",708,4,221.83,3,5,3,"3,5,3"
9920,"2024-06-16",708,1,10.60,3,1,1,"3,1,1"
13008,"2024-06-16",708,2,738.57,3,4,5,"3,4,5"
3625,"2024-06-16",708,2,136.78,3,3,2,"3,3,2"
8031,"2024-06-16",708,4,877.49,3,5,5,"3,5,5"
13990,"2024-06-16",708,1,191.13,3,1,3,"3,1,3"
10069,"2024-06-16",708,2,230.34,3,3,3,"3,3,3"
15040,"2024-06-16",708,2,119.31,3,3,2,"3,3,2"
2867,"2024-06-16",708,3,90.33,3,5,2,"3,5,2"
12634,"2024-06-16",708,1,259.09,3,1,4,"3,1,4"
513,"2024-06-16",708,2,213.52,3,3,3,"3,3,3"
13598,"2024-06-17",707,1,38.19,3,2,1,"3,2,1"
13040,"2024-06-17",707,2,62.53,3,3,1,"3,3,1"
12189,"2024-06-17",707,2,65.70,3,3,1,"3,3,1"
13329,"2024-06-17",707,3,407.68,3,4,4,"3,4,4"
7823,"2024-06-17",707,1,31.09,3,2,1,"3,2,1"
10890,"2024-06-17",707,2,161.25,3,3,3,"3,3,3"
4506,"2024-06-17",707,2,123.53,3,3,2,"3,3,2"
1121,"2024-06-17",707,2,77.98,3,3,2,"3,3,2"
10017,"2024-06-17",707,3,115.42,3,5,2,"3,5,2"
19942,"2024-06-17",707,4,574.09,3,5,5,"3,5,5"
12821,"2024-06-17",707,2,467.06,3,4,5,"3,4,5"
537,"2024-06-18",706,1,25.51,3,2,1,"3,2,1"
17829,"2024-06-18",706,5,1016.56,3,5,5,"3,5,5"
9734,"2024-06-18",706,2,267.63,3,3,4,"3,3,4"
353,"2024-06-18",706,2,423.38,3,4,4,"3,4,4"
8066,"2024-06-18",706,3,682.00,3,5,5,"3,5,5"
4492,"2024-06-18",706,2,407.61,3,4,4,"3,4,4"
14565,"2024-06-18",706,3,618.53,3,4,5,"3,4,5"
11742,"2024-06-18",706,2,240.24,3,3,3,"3,3,3"
1562,"2024-06-18",706,1,662.25,3,2,5,"3,2,5"
5547,"2024-06-18",706,1,8.47,3,1,1,"3,1,1"
10191,"2024-06-18",706,2,226.84,3,3,3,"3,3,3"
9310,"2024-06-18",706,2,53.75,3,2,1,"3,2,1"
4656,"2024-06-18",706,5,1268.41,3,5,5,"3,5,5"
15377,"2024-06-19",705,4,499.20,3,5,5,"3,5,5"
8307,"2024-06-19",705,3,456.89,3,5,5,"3,5,5"
15182,"2024-06-19",705,1,29.93,3,2,1,"3,2,1"
2363,"2024-06-19",705,3,375.33,3,5,4,"3,5,4"
5659,"2024-06-19",705,1,204.33,3,1,3,"3,1,3"
13128,"2024-06-19",705,2,102.21,3,3,2,"3,3,2"
14796,"2024-06-19",705,2,252.82,3,3,3,"3,3,3"
15891,"2024-06-19",705,2,157.13,3,3,3,"3,3,3"
16294,"2024-06-19",705,1,103.94,3,2,2,"3,2,2"
4011,"2024-06-19",705,3,480.32,3,5,5,"3,5,5"
13061,"2024-06-19",705,1,149.28,3,1,2,"3,1,2"
11449,"2024-06-19",705,2,82.62,3,3,2,"3,3,2"
15949,"2024-06-19",705,2,214.38,3,3,3,"3,3,3"
17426,"2024-06-20",704,2,215.04,3,3,3,"3,3,3"
12881,"2024-06-20",704,5,606.93,3,5,5,"3,5,5"
883,"2024-06-20",704,2,265.94,3,3,4,"3,3,4"
19641,"2024-06-20",704,4,518.55,3,5,5,"3,5,5"
12864,"2024-06-20",704,2,88.17,3,3,2,"3,3,2"
4728,"2024-06-20",704,2,172.60,3,3,3,"3,3,3"
15104,"2024-06-20",704,2,256.52,3,3,3,"3,3,3"
16440,"2024-06-20",704,3,326.12,3,4,4,"3,4,4"
19898,"2024-06-20",704,2,101.06,3,3,2,"3,3,2"
2293,"2024-06-21",703,2,139.05,3,3,2,"3,3,2"
19837,"2024-06-21",703,2,207.87,3,3,3,"3,3,3"
5073,"2024-06-21",703,4,120.43,3,5,2,"3,5,2"
18138,"2024-06-21",703,5,827.13,3,5,5,"3,5,5"
5762,"2024-06-21",703,5,331.51,3,5,4,"3,5,4"
156,"2024-06-21",703,1,30.56,3,2,1,"3,2,1"
10056,"2024-06-21",703,3,373.58,3,5,4,"3,5,4"
5274,"2024-06-21",703,2,358.10,3,4,4,"3,4,4"
17069,"2024-06-21",703,2,557.03,3,4,5,"3,4,5"
11455,"2024-06-21",703,2,229.65,3,3,3,"3,3,3"
2660,"2024-06-21",703,1,392.82,3,1,4,"3,1,4"
15281,"2024-06-21",703,3,410.61,3,4,4,"3,4,4"
9949,"2024-06-21",703,3,345.37,3,5,4,"3,5,4"
14391,"2024-06-21",703,2,217.69,3,3,3,"3,3,3"
7866,"2024-06-22",702,2,409.90,3,4,4,"3,4,4"
1310,"2024-06-22",702,2,153.78,3,3,3,"3,3,3"
10285,"2024-06-22",702,2,193.59,3,3,3,"3,3,3"
15904,"2024-06-22",702,2,32.76,3,2,1,"3,2,1"
7343,"2024-06-23",701,3,417.98,3,4,4,"3,4,4"
17621,"2024-06-23",701,2,289.24,3,4,4,"3,4,4"
474,"2024-06-23",701,2,431.03,3,4,5,"3,4,5"
15761,"2024-06-23",701,1,10.21,3,1,1,"3,1,1"
19147,"2024-06-23",701,2,177.90,3,3,3,"3,3,3"
12631,"2024-06-23",701,4,351.19,3,5,4,"3,5,4"
8103,"2024-06-23",701,2,124.65,3,3,2,"3,3,2"
15513,"2024-06-23",701,1,47.18,3,1,1,"3,1,1"
1241,"2024-06-24",700,2,77.88,3,3,2,"3,3,2"
318,"2024-06-24",700,3,618.18,3,4,5,"3,4,5"
19313,"2024-06-24",700,1,53.49,3,1,1,"3,1,1"
792,"2024-06-24",700,1,205.69,3,1,3,"3,1,3"
10370,"2024-06-24",700,2,237.65,3,3,3,"3,3,3"
3751,"2024-06-24",700,2,345.72,3,4,4,"3,4,4"
16775,"2024-06-24",700,1,75.95,3,2,2,"3,2,2"
8831,"2024-06-24",700,2,379.54,3,4,4,"3,4,4"
13138,"2024-06-24",700,1,54.63,3,1,1,"3,1,1"
18856,"2024-06-24",700,2,169.97,3,3,3,"3,3,3"
4372,"2024-06-24",700,2,209.57,3,3,3,"3,3,3"
15347,"2024-06-24",700,2,166.05,3,3,3,"3,3,3"
6659,"2024-06-25",699,3,166.74,3,4,3,"3,4,3"
13991,"2024-06-25",699,1,40.69,3,1,1,"3,1,1"
8578,"2024-06-25",699,1,151.70,3,1,3,"3,1,3"
3010,"2024-06-25",699,2,162.15,3,3,3,"3,3,3"
8260,"2024-06-25",699,2,111.49,3,3,2,"3,3,2"
4965,"2024-06-25",699,3,516.41,3,5,5,"3,5,5"
2535,"2024-06-26",698,1,71.62,3,1,1,"3,1,1"
13117,"2024-06-26",698,1,68.32,3,1,1,"3,1,1"
10481,"2024-06-26",698,2,328.66,3,4,4,"3,4,4"
2379,"2024-06-26",698,1,27.68,3,2,1,"3,2,1"
6422,"2024-06-26",698,4,1737.31,3,5,5,"3,5,5"
17677,"2024-06-26",698,1,179.61,3,1,3,"3,1,3"
7056,"2024-06-26",698,2,370.15,3,4,4,"3,4,4"
17524,"2024-06-26",698,3,300.56,3,4,4,"3,4,4"
15800,"2024-06-26",698,1,132.43,3,2,2,"3,2,2"
18808,"2024-06-26",698,3,130.24,3,5,2,"3,5,2"
12593,"2024-06-26",698,2,493.61,3,4,5,"3,4,5"
2683,"2024-06-26",698,3,599.39,3,4,5,"3,4,5"
13788,"2024-06-26",698,1,66.72,3,1,1,"3,1,1"
1229,"2024-06-26",698,3,499.35,3,5,5,"3,5,5"
12058,"2024-06-26",698,4,510.27,3,5,5,"3,5,5"
14897,"2024-06-27",697,2,262.34,3,3,4,"3,3,4"
2892,"2024-06-27",697,1,272.19,3,1,4,"3,1,4"
10085,"2024-06-27",697,3,79.68,3,5,2,"3,5,2"
9591,"2024-06-27",697,3,431.73,3,5,5,"3,5,5"
13602,"2024-06-27",697,3,822.05,3,5,5,"3,5,5"
1558,"2024-06-27",697,1,28.98,3,2,1,"3,2,1"
6525,"2024-06-27",697,3,225.99,3,5,3,"3,5,3"
5009,"2024-06-27",697,1,104.91,3,2,2,"3,2,2"
18862,"2024-06-27",697,2,269.25,3,3,4,"3,3,4"
17587,"2024-06-28",696,3,471.15,3,5,5,"3,5,5"
14642,"2024-06-28",696,4,572.31,3,5,5,"3,5,5"
12743,"2024-06-28",696,3,785.21,3,4,5,"3,4,5"
14105,"2024-06-28",696,4,304.19,3,5,4,"3,5,4"
19104,"2024-06-28",696,2,306.75,3,4,4,"3,4,4"
2281,"2024-06-28",696,2,237.53,3,3,3,"3,3,3"
2750,"2024-06-28",696,2,588.24,3,4,5,"3,4,5"
1595,"2024-06-28",696,2,718.41,3,4,5,"3,4,5"
3339,"2024-06-28",696,1,178.03,3,1,3,"3,1,3"
1122,"2024-06-28",696,2,826.65,3,4,5,"3,4,5"
17846,"2024-06-28",696,1,54.20,3,1,1,"3,1,1"
17903,"2024-06-29",695,2,724.79,3,4,5,"3,4,5"
9058,"2024-06-29",695,1,34.44,3,2,1,"3,2,1"
10688,"2024-06-29",695,2,183.19,4,3,3,"4,3,3"
5197,"2024-06-29",695,1,87.71,4,2,2,"4,2,2"
7819,"2024-06-29",695,3,328.11,4,4,4,"4,4,4"
2437,"2024-06-29",695,4,317.26,4,5,4,"4,5,4"
9003,"2024-06-29",695,2,57.56,4,3,1,"4,3,1"
19326,"2024-06-29",695,1,16.02,4,2,1,"4,2,1"
19633,"2024-06-29",695,1,119.95,4,2,2,"4,2,2"
1307,"2024-06-29",695,2,37.81,4,2,1,"4,2,1"
1889,"2024-06-30",694,3,169.38,4,5,3,"4,5,3"
18212,"2024-06-30",694,3,310.34,4,5,4,"4,5,4"
19775,"2024-06-30",694,3,385.77,4,4,4,"4,4,4"
15814,"2024-06-30",694,3,411.61,4,4,4,"4,4,4"
10611,"2024-06-30",694,2,115.70,4,3,2,"4,3,2"
17690,"2024-06-30",694,3,326.79,4,4,4,"4,4,4"
1819,"2024-06-30",694,4,740.42,4,5,5,"4,5,5"
15842,"2024-07-01",693,2,355.22,4,4,4,"4,4,4"
10537,"2024-07-01",693,3,466.19,4,5,5,"4,5,5"
10426,"2024-07-01",693,3,651.80,4,4,5,"4,4,5"
2732,"2024-07-01",693,4,143.39,4,5,2,"4,5,2"
16891,"2024-07-01",693,4,330.40,4,5,4,"4,5,4"
15943,"2024-07-01",693,3,358.19,4,4,4,"4,4,4"
7012,"2024-07-01",693,3,1131.50,4,5,5,"4,5,5"
7639,"2024-07-01",693,3,494.69,4,5,5,"4,5,5"
14908,"2024-07-01",693,4,274.37,4,5,4,"4,5,4"
2721,"2024-07-01",693,3,300.14,4,4,4,"4,4,4"
18367,"2024-07-01",693,2,184.18,4,3,3,"4,3,3"
7684,"2024-07-01",693,2,131.83,4,3,2,"4,3,2"
6105,"2024-07-02",692,2,587.02,4,4,5,"4,4,5"
7546,"2024-07-02",692,1,205.47,4,1,3,"4,1,3"
1965,"2024-07-02",692,2,15.29,4,2,1,"4,2,1"
8872,"2024-07-02",692,2,50.85,4,2,1,"4,2,1"
9301,"2024-07-02",692,5,613.11,4,5,5,"4,5,5"
12439,"2024-07-02",692,2,400.18,4,4,4,"4,4,4"
2578,"2024-07-02",692,3,532.86,4,5,5,"4,5,5"
18211,"2024-07-02",692,1,321.09,4,1,4,"4,1,4"
9838,"2024-07-02",692,2,315.34,4,4,4,"4,4,4"
15061,"2024-07-02",692,4,372.21,4,5,4,"4,5,4"
17612,"2024-07-02",692,3,767.94,4,4,5,"4,4,5"
12521,"2024-07-02",692,2,721.35,4,4,5,"4,4,5"
3158,"2024-07-02",692,3,260.96,4,4,4,"4,4,4"
7965,"2024-07-02",692,4,405.93,4,5,4,"4,5,4"
15840,"2024-07-02",692,5,325.65,4,5,4,"4,5,4"
17800,"2024-07-03",691,3,494.22,4,5,5,"4,5,5"
11825,"2024-07-03",691,1,216.05,4,1,3,"4,1,3"
10281,"2024-07-03",691,1,175.96,4,1,3,"4,1,3"
4231,"2024-07-03",691,2,514.17,4,4,5,"4,4,5"
19868,"2024-07-03",691,4,604.01,4,5,5,"4,5,5"
13314,"2024-07-03",691,3,1065.03,4,4,5,"4,4,5"
6756,"2024-07-03",691,1,9.25,4,1,1,"4,1,1"
8669,"2024-07-03",691,6,629.75,4,5,5,"4,5,5"
6630,"2024-07-03",691,4,606.20,4,5,5,"4,5,5"
5667,"2024-07-03",691,2,522.70,4,4,5,"4,4,5"
4406,"2024-07-03",691,3,1639.79,4,5,5,"4,5,5"
6956,"2024-07-04",690,2,79.73,4,3,2,"4,3,2"
1751,"2024-07-04",690,3,354.40,4,4,4,"4,4,4"
18605,"2024-07-04",690,2,252.79,4,3,3,"4,3,3"
1739,"2024-07-04",690,1,158.80,4,1,3,"4,1,3"
7907,"2024-07-04",690,1,14.27,4,1,1,"4,1,1"
15572,"2024-07-04",690,3,355.85,4,4,4,"4,4,4"
16362,"2024-07-04",690,1,18.54,4,2,1,"4,2,1"
1016,"2024-07-04",690,1,6.96,4,2,1,"4,2,1"
15522,"2024-07-04",690,5,1379.00,4,5,5,"4,5,5"
6524,"2024-07-05",689,3,150.67,4,4,2,"4,4,2"
8547,"2024-07-05",689,1,77.72,4,2,2,"4,2,2"
9892,"2024-07-05",689,4,635.61,4,5,5,"4,5,5"
1382,"2024-07-05",689,1,424.87,4,2,4,"4,2,4"
15975,"2024-07-05",689,2,66.95,4,3,1,"4,3,1"
10673,"2024-07-05",689,2,540.99,4,4,5,"4,4,5"
16666,"2024-07-05",689,1,333.99,4,1,4,"4,1,4"
8200,"2024-07-06",688,2,467.86,4,4,5,"4,4,5"
4450,"2024-07-06",688,5,977.79,4,5,5,"4,5,5"
10389,"2024-07-06",688,3,522.94,4,5,5,"4,5,5"
3242,"2024-07-06",688,3,413.43,4,4,4,"4,4,4"
4150,"2024-07-06",688,3,303.37,4,4,4,"4,4,4"
14377,"2024-07-06",688,2,316.77,4,4,4,"4,4,4"
1448,"2024-07-07",687,1,58.90,4,1,1,"4,1,1"
2519,"2024-07-07",687,3,845.25,4,5,5,"4,5,5"
8146,"2024-07-07",687,2,285.34,4,4,4,"4,4,4"
2662,"2024-07-07",687,2,126.29,4,3,2,"4,3,2"
8207,"2024-07-07",687,1,77.81,4,2,2,"4,2,2"
6537,"2024-07-07",687,4,823.06,4,5,5,"4,5,5"
14815,"2024-07-07",687,1,337.38,4,1,4,"4,1,4"
81,"2024-07-07",687,5,334.92,4,5,4,"4,5,4"
12209,"2024-07-07",687,3,580.18,4,4,5,"4,4,5"
9713,"2024-07-07",687,4,315.54,4,5,4,"4,5,4"
466,"2024-07-08",686,2,97.30,4,3,2,"4,3,2"
9605,"2024-07-08",686,1,94.25,4,2,2,"4,2,2"
15676,"2024-07-08",686,1,125.44,4,2,2,"4,2,2"
2766,"2024-07-08",686,3,123.63,4,5,2,"4,5,2"
14244,"2024-07-08",686,2,356.94,4,4,4,"4,4,4"
17896,"2024-07-08",686,3,94.23,4,4,2,"4,4,2"
15399,"2024-07-08",686,1,13.80,4,1,1,"4,1,1"
12102,"2024-07-08",686,2,101.26,4,3,2,"4,3,2"
9747,"2024-07-08",686,3,320.03,4,5,4,"4,5,4"
5753,"2024-07-08",686,2,272.05,4,3,4,"4,3,4"
18968,"2024-07-08",686,3,462.98,4,5,5,"4,5,5"
7211,"2024-07-09",685,1,258.26,4,1,4,"4,1,4"
11975,"2024-07-09",685,1,96.87,4,2,2,"4,2,2"
8435,"2024-07-09",685,2,69.03,4,3,1,"4,3,1"
3322,"2024-07-09",685,4,159.15,4,5,3,"4,5,3"
7414,"2024-07-09",685,1,62.12,4,1,1,"4,1,1"
15785,"2024-07-09",685,2,179.53,4,3,3,"4,3,3"
15669,"2024-07-09",685,1,52.69,4,1,1,"4,1,1"
8643,"2024-07-09",685,1,15.72,4,2,1,"4,2,1"
7378,"2024-07-09",685,3,294.82,4,4,4,"4,4,4"
1726,"2024-07-09",685,1,106.02,4,2,2,"4,2,2"
12554,"2024-07-09",685,3,387.35,4,4,4,"4,4,4"
13274,"2024-07-10",684,1,19.86,4,2,1,"4,2,1"
14235,"2024-07-10",684,1,55.45,4,1,1,"4,1,1"
4760,"2024-07-10",684,3,206.66,4,4,3,"4,4,3"
10051,"2024-07-10",684,2,56.28,4,3,1,"4,3,1"
3087,"2024-07-10",684,2,85.62,4,3,2,"4,3,2"
10091,"2024-07-10",684,3,222.78,4,5,3,"4,5,3"
4782,"2024-07-10",684,3,526.70,4,5,5,"4,5,5"
15412,"2024-07-10",684,1,58.49,4,1,1,"4,1,1"
18612,"2024-07-10",684,1,145.83,4,1,2,"4,1,2"
3333,"2024-07-10",684,2,311.99,4,4,4,"4,4,4"
11151,"2024-07-10",684,2,219.11,4,3,3,"4,3,3"
4188,"2024-07-10",684,2,232.09,4,3,3,"4,3,3"
15811,"2024-07-10",684,2,194.21,4,3,3,"4,3,3"
13632,"2024-07-10",684,4,1119.03,4,5,5,"4,5,5"
7976,"2024-07-10",684,1,23.23,4,2,1,"4,2,1"
16138,"2024-07-10",684,4,1236.63,4,5,5,"4,5,5"
8109,"2024-07-11",683,2,61.12,4,3,1,"4,3,1"
2177,"2024-07-11",683,4,388.45,4,5,4,"4,5,4"
14740,"2024-07-11",683,3,566.91,4,4,5,"4,4,5"
4343,"2024-07-11",683,6,687.95,4,5,5,"4,5,5"
12995,"2024-07-11",683,2,70.81,4,3,1,"4,3,1"
3142,"2024-07-11",683,4,480.18,4,5,5,"4,5,5"
4250,"2024-07-11",683,2,91.34,4,3,2,"4,3,2"
9018,"2024-07-11",683,2,1261.63,4,4,5,"4,4,5"
4904,"2024-07-11",683,1,130.26,4,2,2,"4,2,2"
7114,"2024-07-11",683,1,28.89,4,2,1,"4,2,1"
7034,"2024-07-11",683,1,92.30,4,2,2,"4,2,2"
1037,"2024-07-11",683,3,269.86,4,4,4,"4,4,4"
5226,"2024-07-11",683,2,357.93,4,4,4,"4,4,4"
2996,"2024-07-11",683,1,267.65,4,1,4,"4,1,4"
17995,"2024-07-12",682,2,187.03,4,3,3,"4,3,3"
14841,"2024-07-12",682,2,174.44,4,3,3,"4,3,3"
1283,"2024-07-12",682,1,115.21,4,2,2,"4,2,2"
6727,"2024-07-12",682,3,167.69,4,5,3,"4,5,3"
9465,"2024-07-12",682,2,199.93,4,3,3,"4,3,3"
6777,"2024-07-12",682,1,77.45,4,2,2,"4,2,2"
1020,"2024-07-12",682,2,180.57,4,3,3,"4,3,3"
14323,"2024-07-12",682,4,526.40,4,5,5,"4,5,5"
18294,"2024-07-12",682,5,244.63,4,5,3,"4,5,3"
18047,"2024-07-12",682,3,433.23,4,5,5,"4,5,5"
8123,"2024-07-12",682,4,2153.24,4,5,5,"4,5,5"
11572,"2024-07-12",682,1,34.53,4,2,1,"4,2,1"
10257,"2024-07-12",682,1,157.39,4,1,3,"4,1,3"
6112,"2024-07-13",681,2,369.80,4,4,4,"4,4,4"
7941,"2024-07-13",681,2,257.84,4,3,4,"4,3,4"
16268,"2024-07-13",681,2,376.55,4,4,4,"4,4,4"
12721,"2024-07-13",681,2,118.63,4,3,2,"4,3,2"
72,"2024-07-13",681,2,215.50,4,3,3,"4,3,3"
15683,"2024-07-13",681,2,267.24,4,3,4,"4,3,4"
3591,"2024-07-13",681,2,175.63,4,3,3,"4,3,3"
9585,"2024-07-13",681,4,134.05,4,5,2,"4,5,2"
208,"2024-07-13",681,4,244.21,4,5,3,"4,5,3"
12628,"2024-07-13",681,2,590.30,4,4,5,"4,4,5"
1085,"2024-07-14",680,2,248.12,4,3,3,"4,3,3"
16194,"2024-07-14",680,3,54.77,4,4,1,"4,4,1"
901,"2024-07-14",680,2,242.47,4,3,3,"4,3,3"
3019,"2024-07-14",680,3,72.84,4,5,1,"4,5,1"
3374,"2024-07-14",680,1,87.77,4,2,2,"4,2,2"
3860,"2024-07-14",680,1,32.99,4,2,1,"4,2,1"
4625,"2024-07-14",680,2,302.06,4,4,4,"4,4,4"
7374,"2024-07-14",680,1,48.97,4,1,1,"4,1,1"
5516,"2024-07-14",680,1,227.57,4,1,3,"4,1,3"
1143,"2024-07-14",680,2,317.01,4,4,4,"4,4,4"
10496,"2024-07-14",680,5,332.52,4,5,4,"4,5,4"
19777,"2024-07-14",680,3,336.86,4,5,4,"4,5,4"
1360,"2024-07-14",680,4,550.81,4,5,5,"4,5,5"
10032,"2024-07-14",680,4,198.74,4,5,3,"4,5,3"
18155,"2024-07-14",680,3,580.88,4,4,5,"4,4,5"
15872,"2024-07-14",680,3,235.46,4,5,3,"4,5,3"
19924,"2024-07-14",680,2,386.35,4,4,4,"4,4,4"
7444,"2024-07-14",680,3,875.09,4,5,5,"4,5,5"
9211,"2024-07-15",679,3,269.88,4,4,4,"4,4,4"
598,"2024-07-15",679,3,298.85,4,4,4,"4,4,4"
8855,"2024-07-15",679,2,119.23,4,3,2,"4,3,2"
11534,"2024-07-15",679,1,9.84,4,1,1,"4,1,1"
19497,"2024-07-15",679,1,463.94,4,2,5,"4,2,5"
1695,"2024-07-15",679,4,187.05,4,5,3,"4,5,3"
16544,"2024-07-15",679,1,116.66,4,2,2,"4,2,2"
5674,"2024-07-15",679,3,828.52,4,5,5,"4,5,5"
1523,"2024-07-15",679,2,561.92,4,4,5,"4,4,5"
9320,"2024-07-15",679,1,367.19,4,1,4,"4,1,4"
794,"2024-07-15",679,2,219.26,4,3,3,"4,3,3"
2966,"2024-07-15",679,2,305.76,4,4,4,"4,4,4"
10682,"2024-07-15",679,3,100.45,4,4,2,"4,4,2"
6628,"2024-07-16",678,2,129.44,4,3,2,"4,3,2"
11894,"2024-07-16",678,2,285.56,4,4,4,"4,4,4"
18843,"2024-07-16",678,2,102.46,4,3,2,"4,3,2"
19466,"2024-07-16",678,1,72.80,4,1,1,"4,1,1"
14393,"2024-07-16",678,1,80.47,4,2,2,"4,2,2"
6748,"2024-07-16",678,3,228.40,4,5,3,"4,5,3"
3558,"2024-07-16",678,1,116.98,4,2,2,"4,2,2"
15344,"2024-07-16",678,3,642.46,4,4,5,"4,4,5"
6119,"2024-07-16",678,3,431.42,4,5,5,"4,5,5"
15403,"2024-07-16",678,2,277.06,4,3,4,"4,3,4"
11465,"2024-07-16",678,2,407.47,4,4,4,"4,4,4"
14464,"2024-07-16",678,3,626.02,4,5,5,"4,5,5"
18500,"2024-07-17",677,1,328.32,4,1,4,"4,1,4"
7583,"2024-07-17",677,1,136.98,4,2,2,"4,2,2"
15722,"2024-07-17",677,3,159.41,4,5,3,"4,5,3"
3200,"2024-07-17",677,1,95.35,4,2,2,"4,2,2"
18692,"2024-07-17",677,3,570.03,4,4,5,"4,4,5"
14867,"2024-07-17",677,2,228.35,4,3,3,"4,3,3"
6583,"2024-07-17",677,3,547.42,4,4,5,"4,4,5"
14580,"2024-07-17",677,2,91.90,4,3,2,"4,3,2"
1959,"2024-07-17",677,3,593.51,4,4,5,"4,4,5"
9629,"2024-07-17",677,3,199.63,4,4,3,"4,4,3"
19029,"2024-07-18",676,4,426.88,4,5,4,"4,5,4"
18782,"2024-07-18",676,2,350.42,4,4,4,"4,4,4"
2285,"2024-07-18",676,4,226.05,4,5,3,"4,5,3"
1896,"2024-07-18",676,4,263.95,4,5,4,"4,5,4"
5807,"2024-07-18",676,3,622.81,4,5,5,"4,5,5"
9720,"2024-07-18",676,2,201.26,4,3,3,"4,3,3"
7125,"2024-07-18",676,4,382.66,4,5,4,"4,5,4"
707,"2024-07-18",676,3,306.03,4,4,4,"4,4,4"
13979,"2024-07-18",676,1,91.55,4,2,2,"4,2,2"
4290,"2024-07-18",676,1,607.38,4,2,5,"4,2,5"
8500,"2024-07-19",675,3,238.72,4,5,3,"4,5,3"
3540,"2024-07-19",675,1,44.44,4,1,1,"4,1,1"
11888,"2024-07-19",675,1,143.97,4,1,2,"4,1,2"
13300,"2024-07-19",675,5,626.00,4,5,5,"4,5,5"
16361,"2024-07-19",675,4,182.79,4,5,3,"4,5,3"
12967,"2024-07-19",675,4,272.07,4,5,4,"4,5,4"
17321,"2024-07-19",675,2,56.69,4,3,1,"4,3,1"
827,"2024-07-19",675,2,101.03,4,3,2,"4,3,2"
6681,"2024-07-20",674,3,512.20,4,5,5,"4,5,5"
17215,"2024-07-20",674,1,24.76,4,2,1,"4,2,1"
10553,"2024-07-20",674,2,266.80,4,3,4,"4,3,4"
4555,"2024-07-20",674,1,26.50,4,2,1,"4,2,1"
19121,"2024-07-20",674,2,253.11,4,3,3,"4,3,3"
8879,"2024-07-20",674,3,440.43,4,5,5,"4,5,5"
17159,"2024-07-20",674,4,259.67,4,5,4,"4,5,4"
14145,"2024-07-20",674,4,789.96,4,5,5,"4,5,5"
15203,"2024-07-20",674,1,107.58,4,2,2,"4,2,2"
3892,"2024-07-20",674,4,497.26,4,5,5,"4,5,5"
12951,"2024-07-20",674,1,179.79,4,1,3,"4,1,3"
17417,"2024-07-21",673,2,17.92,4,2,1,"4,2,1"
19253,"2024-07-21",673,2,306.94,4,4,4,"4,4,4"
12957,"2024-07-21",673,2,109.00,4,3,2,"4,3,2"
10073,"2024-07-21",673,1,316.40,4,1,4,"4,1,4"
12862,"2024-07-21",673,3,995.11,4,4,5,"4,4,5"
487,"2024-07-21",673,2,774.50,4,4,5,"4,4,5"
8846,"2024-07-21",673,4,194.73,4,5,3,"4,5,3"
12599,"2024-07-21",673,2,437.19,4,4,5,"4,4,5"
8309,"2024-07-21",673,2,647.43,4,4,5,"4,4,5"
10892,"2024-07-22",672,2,229.58,4,3,3,"4,3,3"
7640,"2024-07-22",672,1,69.49,4,1,1,"4,1,1"
4732,"2024-07-22",672,3,225.12,4,5,3,"4,5,3"
3799,"2024-07-22",672,3,313.87,4,5,4,"4,5,4"
12042,"2024-07-23",671,3,185.30,4,4,3,"4,4,3"
16260,"2024-07-23",671,4,428.41,4,5,4,"4,5,4"
2833,"2024-07-23",671,2,89.75,4,3,2,"4,3,2"
11627,"2024-07-23",671,1,119.83,4,2,2,"4,2,2"
19874,"2024-07-23",671,5,457.85,4,5,5,"4,5,5"
18581,"2024-07-23",671,1,733.56,4,2,5,"4,2,5"
17125,"2024-07-23",671,2,367.42,4,4,4,"4,4,4"
2621,"2024-07-23",671,3,364.57,4,5,4,"4,5,4"
16024,"2024-07-23",671,4,320.96,4,5,4,"4,5,4"
2513,"2024-07-23",671,2,281.10,4,3,4,"4,3,4"
12900,"2024-07-23",671,3,211.62,4,4,3,"4,4,3"
12096,"2024-07-23",671,2,243.69,4,3,3,"4,3,3"
10031,"2024-07-24",670,2,880.71,4,4,5,"4,4,5"
17642,"2024-07-24",670,2,201.75,4,3,3,"4,3,3"
7348,"2024-07-24",670,1,104.54,4,2,2,"4,2,2"
172,"2024-07-24",670,2,544.05,4,4,5,"4,4,5"
16095,"2024-07-24",670,4,1090.55,4,5,5,"4,5,5"
3060,"2024-07-24",670,3,591.55,4,4,5,"4,4,5"
11194,"2024-07-24",670,2,232.64,4,3,3,"4,3,3"
11077,"2024-07-24",670,1,428.39,4,2,4,"4,2,4"
8705,"2024-07-24",670,2,276.03,4,3,4,"4,3,4"
19202,"2024-07-24",670,1,238.01,4,1,3,"4,1,3"
3806,"2024-07-24",670,5,1071.55,4,5,5,"4,5,5"
12740,"2024-07-24",670,1,111.49,4,2,2,"4,2,2"
11927,"2024-07-24",670,1,58.07,4,1,1,"4,1,1"
9162,"2024-07-24",670,3,137.75,4,5,2,"4,5,2"
9052,"2024-07-24",670,3,460.50,4,5,5,"4,5,5"
6343,"2024-07-24",670,2,215.27,4,3,3,"4,3,3"
17622,"2024-07-24",670,1,221.75,4,1,3,"4,1,3"
4405,"2024-07-24",670,3,612.96,4,4,5,"4,4,5"
523,"2024-07-25",669,2,116.15,4,3,2,"4,3,2"
10245,"2024-07-25",669,3,666.49,4,5,5,"4,5,5"
11573,"2024-07-25",669,2,142.49,4,3,2,"4,3,2"
18304,"2024-07-25",669,2,329.72,4,4,4,"4,4,4"
6765,"2024-07-25",669,3,280.47,4,4,4,"4,4,4"
470,"2024-07-25",669,1,150.37,4,1,2,"4,1,2"
8652,"2024-07-25",669,3,513.56,4,5,5,"4,5,5"
4037,"2024-07-25",669,1,102.30,4,2,2,"4,2,2"
4554,"2024-07-25",669,3,413.44,4,4,4,"4,4,4"
2185,"2024-07-25",669,2,243.27,4,3,3,"4,3,3"
2340,"2024-07-25",669,1,88.55,4,2,2,"4,2,2"
19955,"2024-07-25",669,1,132.57,4,2,2,"4,2,2"
9533,"2024-07-25",669,1,278.26,4,1,4,"4,1,4"
11845,"2024-07-25",669,1,101.63,4,2,2,"4,2,2"
15786,"2024-07-25",669,3,180.47,4,5,3,"4,5,3"
5523,"2024-07-25",669,3,302.30,4,4,4,"4,4,4"
17927,"2024-07-26",668,3,429.03,4,4,4,"4,4,4"
12723,"2024-07-26",668,1,29.78,4,2,1,"4,2,1"
9132,"2024-07-26",668,3,607.90,4,4,5,"4,4,5"
5039,"2024-07-26",668,2,364.24,4,4,4,"4,4,4"
438,"2024-07-26",668,1,37.17,4,2,1,"4,2,1"
5839,"2024-07-26",668,3,215.64,4,5,3,"4,5,3"
3178,"2024-07-26",668,5,488.86,4,5,5,"4,5,5"
10981,"2024-07-26",668,2,47.49,4,2,1,"4,2,1"
5111,"2024-07-26",668,4,320.18,4,5,4,"4,5,4"
9125,"2024-07-26",668,4,129.19,4,5,2,"4,5,2"
6154,"2024-07-26",668,3,149.29,4,4,2,"4,4,2"
10636,"2024-07-26",668,3,368.15,4,5,4,"4,5,4"
11246,"2024-07-26",668,3,116.88,4,5,2,"4,5,2"
14257,"2024-07-26",668,4,438.14,4,5,5,"4,5,5"
7594,"2024-07-26",668,3,357.41,4,4,4,"4,4,4"
3938,"2024-07-26",668,2,358.31,4,4,4,"4,4,4"
3027,"2024-07-27",667,2,606.15,4,4,5,"4,4,5"
45,"2024-07-27",667,3,383.31,4,4,4,"4,4,4"
18345,"2024-07-27",667,4,407.21,4,5,4,"4,5,4"
10864,"2024-07-27",667,3,135.67,4,5,2,"4,5,2"
5707,"2024-07-27",667,1,46.92,4,1,1,"4,1,1"
18311,"2024-07-27",667,1,111.93,4,2,2,"4,2,2"
5636,"2024-07-27",667,3,89.97,4,5,2,"4,5,2"
15706,"2024-07-27",667,3,400.10,4,4,4,"4,4,4"
10271,"2024-07-28",666,3,459.84,4,5,5,"4,5,5"
11227,"2024-07-28",666,1,377.01,4,1,4,"4,1,4"
16685,"2024-07-28",666,2,361.49,4,4,4,"4,4,4"
15753,"2024-07-28",666,2,186.75,4,3,3,"4,3,3"
1703,"2024-07-28",666,1,7.58,4,1,1,"4,1,1"
13052,"2024-07-28",666,2,165.80,4,3,3,"4,3,3"
2473,"2024-07-28",666,3,222.46,4,5,3,"4,5,3"
1983,"2024-07-29",665,3,103.41,4,4,2,"4,4,2"
1444,"2024-07-29",665,2,163.26,4,3,3,"4,3,3"
1196,"2024-07-29",665,4,529.58,4,5,5,"4,5,5"
15429,"2024-07-29",665,4,305.38,4,5,4,"4,5,4"
8357,"2024-07-29",665,1,83.18,4,2,2,"4,2,2"
9549,"2024-07-29",665,1,102.58,4,2,2,"4,2,2"
19920,"2024-07-29",665,3,293.47,4,4,4,"4,4,4"
13564,"2024-07-29",665,1,10.04,4,1,1,"4,1,1"
10379,"2024-07-29",665,1,53.61,4,1,1,"4,1,1"
17949,"2024-07-29",665,4,155.56,4,5,3,"4,5,3"
18741,"2024-07-29",665,7,836.63,4,5,5,"4,5,5"
12531,"2024-07-29",665,3,202.03,4,4,3,"4,4,3"
1786,"2024-07-29",665,2,409.47,4,4,4,"4,4,4"
6063,"2024-07-29",665,4,1171.18,4,5,5,"4,5,5"
7307,"2024-07-30",664,2,111.24,4,3,2,"4,3,2"
18377,"2024-07-30",664,2,158.27,4,3,3,"4,3,3"
8188,"2024-07-30",664,2,122.22,4,3,2,"4,3,2"
18547,"2024-07-30",664,2,162.45,4,3,3,"4,3,3"
17884,"2024-07-30",664,1,207.81,4,1,3,"4,1,3"
5668,"2024-07-30",664,3,894.25,4,5,5,"4,5,5"
9119,"2024-07-30",664,1,306.65,4,1,4,"4,1,4"
17857,"2024-07-30",664,3,306.85,4,4,4,"4,4,4"
17887,"2024-07-30",664,2,54.21,4,2,1,"4,2,1"
7775,"2024-07-30",664,2,257.29,4,3,4,"4,3,4"
5386,"2024-07-30",664,1,73.69,4,1,1,"4,1,1"
2686,"2024-07-30",664,3,372.73,4,5,4,"4,5,4"
14372,"2024-07-31",663,2,212.52,4,3,3,"4,3,3"
6435,"2024-07-31",663,2,460.59,4,4,5,"4,4,5"
17103,"2024-07-31",663,3,623.70,4,5,5,"4,5,5"
9348,"2024-07-31",663,4,344.50,4,5,4,"4,5,4"
19639,"2024-07-31",663,3,379.48,4,5,4,"4,5,4"
5811,"2024-07-31",663,1,186.87,4,1,3,"4,1,3"
8361,"2024-08-01",662,1,185.34,4,1,3,"4,1,3"
10647,"2024-08-01",662,2,50.88,4,2,1,"4,2,1"
4339,"2024-08-01",662,1,328.31,4,1,4,"4,1,4"
17238,"2024-08-01",662,2,33.36,4,2,1,"4,2,1"
19399,"2024-08-01",662,3,393.59,4,4,4,"4,4,4"
3318,"2024-08-01",662,2,143.08,4,3,2,"4,3,2"
9667,"2024-08-01",662,2,62.27,4,3,1,"4,3,1"
1897,"2024-08-01",662,2,195.34,4,3,3,"4,3,3"
799,"2024-08-01",662,2,193.29,4,3,3,"4,3,3"
19229,"2024-08-01",662,3,310.44,4,5,4,"4,5,4"
5336,"2024-08-01",662,3,77.21,4,5,2,"4,5,2"
1820,"2024-08-01",662,3,183.58,4,5,3,"4,5,3"
531,"2024-08-01",662,5,310.08,4,5,4,"4,5,4"
8491,"2024-08-01",662,3,644.40,4,5,5,"4,5,5"
5929,"2024-08-02",661,1,35.70,4,2,1,"4,2,1"
13440,"2024-08-02",661,2,293.39,4,4,4,"4,4,4"
2135,"2024-08-02",661,5,587.84,4,5,5,"4,5,5"
3766,"2024-08-02",661,1,43.69,4,1,1,"4,1,1"
7753,"2024-08-02",661,3,123.92,4,5,2,"4,5,2"
19791,"2024-08-02",661,3,289.04,4,4,4,"4,4,4"
18149,"2024-08-02",661,2,150.70,4,3,2,"4,3,2"
2444,"2024-08-02",661,1,191.98,4,1,3,"4,1,3"
1008,"2024-08-02",661,1,87.31,4,2,2,"4,2,2"
13235,"2024-08-02",661,2,378.30,4,4,4,"4,4,4"
14226,"2024-08-02",661,3,75.64,4,5,2,"4,5,2"
5064,"2024-08-03",660,4,218.61,4,5,3,"4,5,3"
10046,"2024-08-03",660,2,142.23,4,3,2,"4,3,2"
2320,"2024-08-03",660,3,433.43,4,5,5,"4,5,5"
8293,"2024-08-03",660,3,204.02,4,4,3,"4,4,3"
17906,"2024-08-03",660,1,215.81,4,1,3,"4,1,3"
10807,"2024-08-03",660,2,770.03,4,4,5,"4,4,5"
4039,"2024-08-03",660,1,209.34,4,1,3,"4,1,3"
8273,"2024-08-03",660,1,36.15,4,2,1,"4,2,1"
1320,"2024-08-03",660,1,14.55,4,1,1,"4,1,1"
18237,"2024-08-03",660,5,478.73,4,5,5,"4,5,5"
2172,"2024-08-03",660,3,314.45,4,5,4,"4,5,4"
6927,"2024-08-03",660,2,357.26,4,4,4,"4,4,4"
15394,"2024-08-04",659,2,173.35,4,3,3,"4,3,3"
13525,"2024-08-04",659,2,158.80,4,3,3,"4,3,3"
12,"2024-08-04",659,2,484.25,4,4,5,"4,4,5"
9834,"2024-08-04",659,1,60.40,4,1,1,"4,1,1"
17365,"2024-08-04",659,1,8.39,4,1,1,"4,1,1"
750,"2024-08-04",659,1,141.65,4,2,2,"4,2,2"
7113,"2024-08-04",659,2,166.48,4,3,3,"4,3,3"
11954,"2024-08-04",659,2,132.79,4,3,2,"4,3,2"
12197,"2024-08-04",659,4,978.32,4,5,5,"4,5,5"
211,"2024-08-04",659,2,150.69,4,3,2,"4,3,2"
8493,"2024-08-04",659,2,516.31,4,4,5,"4,4,5"
19014,"2024-08-04",659,3,408.46,4,4,4,"4,4,4"
8575,"2024-08-04",659,1,50.29,4,1,1,"4,1,1"
7789,"2024-08-04",659,3,58.20,4,4,1,"4,4,1"
12276,"2024-08-04",659,3,147.73,4,4,2,"4,4,2"
9449,"2024-08-04",659,3,975.17,4,4,5,"4,4,5"
12985,"2024-08-05",658,1,224.24,4,1,3,"4,1,3"
16438,"2024-08-05",658,3,307.82,4,5,4,"4,5,4"
11972,"2024-08-05",658,1,30.38,4,2,1,"4,2,1"
11514,"2024-08-05",658,5,282.65,4,5,4,"4,5,4"
15028,"2024-08-05",658,1,165.97,4,1,3,"4,1,3"
3867,"2024-08-05",658,3,189.42,4,4,3,"4,4,3"
14662,"2024-08-05",658,3,847.66,4,5,5,"4,5,5"
7580,"2024-08-05",658,2,50.10,4,2,1,"4,2,1"
4541,"2024-08-05",658,5,514.07,4,5,5,"4,5,5"
9901,"2024-08-05",658,2,64.87,4,3,1,"4,3,1"
7118,"2024-08-05",658,4,685.31,4,5,5,"4,5,5"
11805,"2024-08-05",658,4,349.66,4,5,4,"4,5,4"
11157,"2024-08-06",657,1,5.63,4,2,1,"4,2,1"
15086,"2024-08-06",657,4,493.76,4,5,5,"4,5,5"
6436,"2024-08-06",657,4,378.63,4,5,4,"4,5,4"
174,"2024-08-06",657,3,522.14,4,5,5,"4,5,5"
10011,"2024-08-06",657,2,109.33,4,3,2,"4,3,2"
12815,"2024-08-06",657,3,699.16,4,5,5,"4,5,5"
10134,"2024-08-06",657,4,537.38,4,5,5,"4,5,5"
17308,"2024-08-06",657,3,280.43,4,4,4,"4,4,4"
13059,"2024-08-06",657,4,389.44,4,5,4,"4,5,4"
11683,"2024-08-06",657,2,36.51,4,2,1,"4,2,1"
4668,"2024-08-06",657,3,198.38,4,4,3,"4,4,3"
3484,"2024-08-06",657,1,72.44,4,1,1,"4,1,1"
16049,"2024-08-07",656,4,383.78,4,5,4,"4,5,4"
13841,"2024-08-07",656,1,56.92,4,1,1,"4,1,1"
11550,"2024-08-07",656,2,138.93,4,3,2,"4,3,2"
19188,"2024-08-07",656,2,380.05,4,4,4,"4,4,4"
15215,"2024-08-07",656,6,687.30,4,5,5,"4,5,5"
15966,"2024-08-07",656,1,108.17,4,2,2,"4,2,2"
17938,"2024-08-07",656,2,211.58,4,3,3,"4,3,3"
14968,"2024-08-07",656,1,195.22,4,1,3,"4,1,3"
5498,"2024-08-07",656,4,1524.38,4,5,5,"4,5,5"
15017,"2024-08-07",656,1,67.19,4,1,1,"4,1,1"
4493,"2024-08-07",656,6,817.54,4,5,5,"4,5,5"
16537,"2024-08-08",655,1,125.59,4,2,2,"4,2,2"
3974,"2024-08-08",655,2,385.89,4,4,4,"4,4,4"
1503,"2024-08-08",655,4,336.85,4,5,4,"4,5,4"
18779,"2024-08-08",655,1,61.07,4,1,1,"4,1,1"
14299,"2024-08-08",655,4,747.96,4,5,5,"4,5,5"
6713,"2024-08-08",655,2,50.55,4,2,1,"4,2,1"
12962,"2024-08-08",655,2,78.89,4,3,2,"4,3,2"
3729,"2024-08-08",655,3,185.66,4,4,3,"4,4,3"
11809,"2024-08-08",655,1,82.92,4,2,2,"4,2,2"
16267,"2024-08-08",655,2,229.11,4,3,3,"4,3,3"
14329,"2024-08-08",655,1,111.28,4,2,2,"4,2,2"
19054,"2024-08-08",655,2,245.22,4,3,3,"4,3,3"
15999,"2024-08-08",655,2,231.52,4,3,3,"4,3,3"
15734,"2024-08-08",655,2,224.23,4,3,3,"4,3,3"
8802,"2024-08-08",655,2,210.72,4,3,3,"4,3,3"
7324,"2024-08-08",655,1,109.17,4,2,2,"4,2,2"
9937,"2024-08-09",654,2,53.56,4,2,1,"4,2,1"
10767,"2024-08-09",654,2,384.33,4,4,4,"4,4,4"
6661,"2024-08-09",654,2,497.84,4,4,5,"4,4,5"
19336,"2024-08-09",654,2,429.99,4,4,4,"4,4,4"
13789,"2024-08-09",654,3,116.61,4,5,2,"4,5,2"
15405,"2024-08-09",654,2,94.69,4,3,2,"4,3,2"
18145,"2024-08-09",654,2,63.51,4,3,1,"4,3,1"
16326,"2024-08-09",654,3,286.39,4,4,4,"4,4,4"
4882,"2024-08-09",654,3,607.11,4,4,5,"4,4,5"
17164,"2024-08-09",654,4,693.02,4,5,5,"4,5,5"
16997,"2024-08-09",654,2,306.99,4,4,4,"4,4,4"
18625,"2024-08-10",653,1,179.36,4,1,3,"4,1,3"
2309,"2024-08-10",653,1,66.15,4,1,1,"4,1,1"
2155,"2024-08-10",653,2,291.26,4,4,4,"4,4,4"
18119,"2024-08-10",653,2,194.86,4,3,3,"4,3,3"
1841,"2024-08-10",653,2,334.81,4,4,4,"4,4,4"
5231,"2024-08-10",653,2,326.08,4,4,4,"4,4,4"
8475,"2024-08-11",652,2,252.93,4,3,3,"4,3,3"
2461,"2024-08-11",652,1,218.10,4,1,3,"4,1,3"
1612,"2024-08-11",652,3,211.89,4,4,3,"4,4,3"
15795,"2024-08-11",652,2,860.77,4,4,5,"4,4,5"
8721,"2024-08-11",652,1,29.83,4,2,1,"4,2,1"
11728,"2024-08-11",652,2,665.02,4,4,5,"4,4,5"
17175,"2024-08-11",652,1,88.29,4,2,2,"4,2,2"
14965,"2024-08-11",652,3,373.14,4,5,4,"4,5,4"
16863,"2024-08-11",652,4,742.54,4,5,5,"4,5,5"
4914,"2024-08-11",652,2,430.76,4,4,5,"4,4,5"
12883,"2024-08-11",652,2,352.05,4,4,4,"4,4,4"
564,"2024-08-12",651,1,16.09,4,2,1,"4,2,1"
15217,"2024-08-12",651,1,504.28,4,2,5,"4,2,5"
9993,"2024-08-12",651,4,636.83,4,5,5,"4,5,5"
4874,"2024-08-12",651,1,38.88,4,2,1,"4,2,1"
18749,"2024-08-12",651,2,62.62,4,3,1,"4,3,1"
6651,"2024-08-12",651,3,323.13,4,4,4,"4,4,4"
19881,"2024-08-12",651,2,72.05,4,3,1,"4,3,1"
19968,"2024-08-12",651,2,107.61,4,3,2,"4,3,2"
16948,"2024-08-12",651,4,210.11,4,5,3,"4,5,3"
19543,"2024-08-12",651,4,548.94,4,5,5,"4,5,5"
865,"2024-08-13",650,3,167.67,4,5,3,"4,5,3"
13581,"2024-08-13",650,2,601.03,4,4,5,"4,4,5"
4027,"2024-08-13",650,2,355.72,4,4,4,"4,4,4"
1491,"2024-08-13",650,2,126.64,4,3,2,"4,3,2"
14730,"2024-08-13",650,2,126.64,4,3,2,"4,3,2"
2576,"2024-08-13",650,3,471.99,4,5,5,"4,5,5"
17723,"2024-08-13",650,3,238.71,4,5,3,"4,5,3"
7116,"2024-08-13",650,1,40.51,4,1,1,"4,1,1"
10045,"2024-08-13",650,2,539.10,4,4,5,"4,4,5"
18487,"2024-08-13",650,3,212.41,4,4,3,"4,4,3"
11019,"2024-08-13",650,2,296.97,4,4,4,"4,4,4"
18336,"2024-08-13",650,1,263.65,4,1,4,"4,1,4"
11957,"2024-08-13",650,3,181.96,4,5,3,"4,5,3"
16649,"2024-08-13",650,1,56.47,4,1,1,"4,1,1"
4812,"2024-08-14",649,4,217.16,4,5,3,"4,5,3"
2570,"2024-08-14",649,2,138.83,4,3,2,"4,3,2"
17979,"2024-08-14",649,3,1047.22,4,4,5,"4,4,5"
17562,"2024-08-14",649,1,104.63,4,2,2,"4,2,2"
19776,"2024-08-14",649,3,123.54,4,5,2,"4,5,2"
5282,"2024-08-14",649,2,33.22,4,2,1,"4,2,1"
14240,"2024-08-14",649,3,441.07,4,5,5,"4,5,5"
7967,"2024-08-14",649,2,435.53,4,4,5,"4,4,5"
10457,"2024-08-14",649,4,248.83,4,5,3,"4,5,3"
14996,"2024-08-14",649,1,213.44,4,1,3,"4,1,3"
5914,"2024-08-14",649,1,5.25,4,2,1,"4,2,1"
4291,"2024-08-15",648,2,250.55,4,3,3,"4,3,3"
935,"2024-08-15",648,1,186.55,4,1,3,"4,1,3"
668,"2024-08-15",648,2,109.45,4,3,2,"4,3,2"
14600,"2024-08-15",648,4,649.80,4,5,5,"4,5,5"
14297,"2024-08-15",648,1,20.11,4,2,1,"4,2,1"
7393,"2024-08-15",648,1,135.26,4,2,2,"4,2,2"
4362,"2024-08-15",648,4,700.42,4,5,5,"4,5,5"
11393,"2024-08-15",648,2,153.82,4,3,3,"4,3,3"
1271,"2024-08-16",647,1,57.06,4,1,1,"4,1,1"
19878,"2024-08-16",647,3,163.17,4,5,3,"4,5,3"
7008,"2024-08-16",647,3,98.41,4,5,2,"4,5,2"
7013,"2024-08-16",647,4,758.41,4,5,5,"4,5,5"
3301,"2024-08-16",647,4,629.76,4,5,5,"4,5,5"
7810,"2024-08-16",647,3,269.22,4,4,4,"4,4,4"
4365,"2024-08-16",647,2,295.89,4,4,4,"4,4,4"
14155,"2024-08-16",647,3,168.54,4,4,3,"4,4,3"
17631,"2024-08-16",647,3,788.88,4,4,5,"4,4,5"
3644,"2024-08-16",647,2,391.99,4,4,4,"4,4,4"
5363,"2024-08-16",647,3,593.99,4,4,5,"4,4,5"
8641,"2024-08-16",647,2,64.01,4,3,1,"4,3,1"
15145,"2024-08-16",647,2,265.99,4,3,4,"4,3,4"
8459,"2024-08-16",647,1,164.34,4,1,3,"4,1,3"
15955,"2024-08-16",647,2,57.04,4,3,1,"4,3,1"
14849,"2024-08-16",647,6,335.97,4,5,4,"4,5,4"
2995,"2024-08-17",646,1,30.97,4,2,1,"4,2,1"
5804,"2024-08-17",646,1,85.68,4,2,2,"4,2,2"
1359,"2024-08-17",646,4,453.29,4,5,5,"4,5,5"
4543,"2024-08-17",646,3,187.06,4,4,3,"4,4,3"
1717,"2024-08-17",646,5,389.20,4,5,4,"4,5,4"
13648,"2024-08-17",646,3,434.59,4,5,5,"4,5,5"
15010,"2024-08-17",646,1,106.98,4,2,2,"4,2,2"
8971,"2024-08-17",646,2,193.32,4,3,3,"4,3,3"
3190,"2024-08-17",646,1,38.18,4,2,1,"4,2,1"
7736,"2024-08-17",646,1,130.55,4,2,2,"4,2,2"
16010,"2024-08-18",645,2,460.14,4,4,5,"4,4,5"
4950,"2024-08-18",645,4,846.21,4,5,5,"4,5,5"
4725,"2024-08-18",645,1,28.73,4,2,1,"4,2,1"
19107,"2024-08-18",645,2,46.75,4,2,1,"4,2,1"
19489,"2024-08-18",645,1,489.98,4,2,5,"4,2,5"
10327,"2024-08-18",645,4,209.93,4,5,3,"4,5,3"
4721,"2024-08-18",645,2,220.62,4,3,3,"4,3,3"
1194,"2024-08-18",645,3,335.04,4,5,4,"4,5,4"
7519,"2024-08-18",645,1,457.31,4,2,5,"4,2,5"
13184,"2024-08-19",644,3,155.91,4,5,3,"4,5,3"
3006,"2024-08-19",644,1,52.23,4,1,1,"4,1,1"
17542,"2024-08-19",644,1,155.85,4,1,3,"4,1,3"
2620,"2024-08-19",644,2,219.13,4,3,3,"4,3,3"
9923,"2024-08-19",644,2,210.94,4,3,3,"4,3,3"
5595,"2024-08-19",644,1,654.42,4,2,5,"4,2,5"
7854,"2024-08-20",643,1,53.17,4,1,1,"4,1,1"
13445,"2024-08-20",643,2,121.92,4,3,2,"4,3,2"
5194,"2024-08-20",643,1,40.78,4,1,1,"4,1,1"
3099,"2024-08-20",643,3,483.17,4,5,5,"4,5,5"
8968,"2024-08-20",643,1,37.22,4,2,1,"4,2,1"
2562,"2024-08-20",643,5,635.08,4,5,5,"4,5,5"
13514,"2024-08-20",643,2,195.61,4,3,3,"4,3,3"
18260,"2024-08-20",643,4,210.55,4,5,3,"4,5,3"
7030,"2024-08-20",643,2,661.01,4,4,5,"4,4,5"
13415,"2024-08-21",642,1,11.97,4,1,1,"4,1,1"
18045,"2024-08-21",642,2,162.25,4,3,3,"4,3,3"
18631,"2024-08-21",642,3,344.07,4,4,4,"4,4,4"
10895,"2024-08-21",642,5,1495.53,4,5,5,"4,5,5"
18558,"2024-08-21",642,2,356.90,4,4,4,"4,4,4"
9054,"2024-08-21",642,1,81.35,4,2,2,"4,2,2"
16053,"2024-08-21",642,6,620.63,4,5,5,"4,5,5"
8443,"2024-08-21",642,2,487.46,4,4,5,"4,4,5"
12049,"2024-08-21",642,2,94.78,4,3,2,"4,3,2"
12753,"2024-08-21",642,2,662.51,4,4,5,"4,4,5"
17355,"2024-08-21",642,1,216.08,4,1,3,"4,1,3"
9402,"2024-08-21",642,1,77.08,4,2,2,"4,2,2"
317,"2024-08-21",642,3,228.84,4,5,3,"4,5,3"
4096,"2024-08-22",641,1,177.42,4,1,3,"4,1,3"
6698,"2024-08-22",641,1,53.54,4,1,1,"4,1,1"
14606,"2024-08-22",641,2,165.11,4,3,3,"4,3,3"
12497,"2024-08-22",641,1,27.14,4,2,1,"4,2,1"
11821,"2024-08-22",641,2,109.95,4,3,2,"4,3,2"
16271,"2024-08-22",641,2,403.79,4,4,4,"4,4,4"
4743,"2024-08-22",641,2,268.09,4,3,4,"4,3,4"
11114,"2024-08-22",641,2,193.21,4,3,3,"4,3,3"
11358,"2024-08-22",641,2,394.39,4,4,4,"4,4,4"
16354,"2024-08-22",641,3,140.00,4,4,2,"4,4,2"
4161,"2024-08-22",641,1,48.35,4,1,1,"4,1,1"
7408,"2024-08-22",641,2,133.00,4,3,2,"4,3,2"
9329,"2024-08-22",641,2,761.05,4,4,5,"4,4,5"
9096,"2024-08-23",640,1,128.61,4,2,2,"4,2,2"
14811,"2024-08-23",640,6,337.37,4,5,4,"4,5,4"
9064,"2024-08-23",640,2,563.02,4,4,5,"4,4,5"
8099,"2024-08-23",640,4,825.75,4,5,5,"4,5,5"
14955,"2024-08-23",640,3,422.40,4,4,4,"4,4,4"
6126,"2024-08-23",640,2,299.26,4,4,4,"4,4,4"
12078,"2024-08-23",640,3,417.61,4,4,4,"4,4,4"
8368,"2024-08-23",640,2,175.58,4,3,3,"4,3,3"
9214,"2024-08-24",639,3,769.19,4,4,5,"4,4,5"
7171,"2024-08-24",639,2,318.20,4,4,4,"4,4,4"
6275,"2024-08-24",639,3,300.03,4,4,4,"4,4,4"
15029,"2024-08-24",639,4,1156.34,4,5,5,"4,5,5"
8338,"2024-08-24",639,1,214.81,4,1,3,"4,1,3"
5888,"2024-08-24",639,1,160.98,4,1,3,"4,1,3"
12790,"2024-08-25",638,2,227.09,4,3,3,"4,3,3"
15976,"2024-08-25",638,1,28.89,4,2,1,"4,2,1"
1473,"2024-08-25",638,3,92.32,4,5,2,"4,5,2"
11423,"2024-08-25",638,3,144.08,4,4,2,"4,4,2"
4103,"2024-08-26",637,1,64.94,4,1,1,"4,1,1"
19722,"2024-08-26",637,1,153.22,4,1,3,"4,1,3"
8983,"2024-08-26",637,3,176.78,4,4,3,"4,4,3"
3153,"2024-08-26",637,2,307.32,4,4,4,"4,4,4"
17313,"2024-08-26",637,2,502.56,4,4,5,"4,4,5"
4120,"2024-08-26",637,1,11.26,4,1,1,"4,1,1"
3989,"2024-08-26",637,5,948.73,4,5,5,"4,5,5"
18871,"2024-08-26",637,1,459.51,4,2,5,"4,2,5"
644,"2024-08-27",636,5,936.92,4,5,5,"4,5,5"
10741,"2024-08-27",636,1,90.22,4,2,2,"4,2,2"
8650,"2024-08-27",636,3,182.18,4,5,3,"4,5,3"
17171,"2024-08-27",636,1,199.24,4,1,3,"4,1,3"
946,"2024-08-27",636,2,167.22,4,3,3,"4,3,3"
1776,"2024-08-27",636,2,121.45,4,3,2,"4,3,2"
6604,"2024-08-27",636,3,272.66,4,4,4,"4,4,4"
382,"2024-08-27",636,2,853.33,4,4,5,"4,4,5"
3490,"2024-08-27",636,4,647.16,4,5,5,"4,5,5"
6349,"2024-08-27",636,1,53.77,4,1,1,"4,1,1"
12866,"2024-08-27",636,3,849.55,4,5,5,"4,5,5"
14049,"2024-08-27",636,4,268.86,4,5,4,"4,5,4"
19876,"2024-08-28",635,4,669.01,4,5,5,"4,5,5"
19098,"2024-08-28",635,3,253.11,4,5,3,"4,5,3"
1807,"2024-08-28",635,2,176.28,4,3,3,"4,3,3"
17555,"2024-08-28",635,2,88.29,4,3,2,"4,3,2"
9523,"2024-08-28",635,3,1075.26,4,5,5,"4,5,5"
3112,"2024-08-28",635,2,289.96,4,4,4,"4,4,4"
13728,"2024-08-28",635,1,44.22,4,1,1,"4,1,1"
4619,"2024-08-28",635,2,481.16,4,4,5,"4,4,5"
17634,"2024-08-28",635,2,441.44,4,4,5,"4,4,5"
7028,"2024-08-28",635,4,306.85,4,5,4,"4,5,4"
5702,"2024-08-28",635,3,386.42,4,4,4,"4,4,4"
916,"2024-08-28",635,3,204.96,4,4,3,"4,4,3"
8305,"2024-08-28",635,2,259.31,4,3,4,"4,3,4"
16281,"2024-08-28",635,2,231.45,4,3,3,"4,3,3"
18207,"2024-08-28",635,2,19.76,4,2,1,"4,2,1"
15384,"2024-08-28",635,2,280.88,4,3,4,"4,3,4"
18765,"2024-08-28",635,5,563.37,4,5,5,"4,5,5"
14623,"2024-08-28",635,2,388.47,4,4,4,"4,4,4"
18428,"2024-08-29",634,2,324.72,4,4,4,"4,4,4"
2347,"2024-08-29",634,3,345.12,4,5,4,"4,5,4"
1497,"2024-08-29",634,2,430.92,4,4,5,"4,4,5"
19623,"2024-08-29",634,1,110.22,4,2,2,"4,2,2"
15056,"2024-08-29",634,2,421.64,4,4,4,"4,4,4"
19244,"2024-08-29",634,2,335.59,4,4,4,"4,4,4"
11560,"2024-08-29",634,1,84.34,4,2,2,"4,2,2"
1757,"2024-08-29",634,3,147.19,4,4,2,"4,4,2"
10728,"2024-08-29",634,3,737.76,4,4,5,"4,4,5"
13377,"2024-08-29",634,2,365.46,4,4,4,"4,4,4"
18797,"2024-08-29",634,2,99.30,4,3,2,"4,3,2"
14934,"2024-08-30",633,2,360.94,4,4,4,"4,4,4"
8972,"2024-08-30",633,2,767.53,4,4,5,"4,4,5"
9737,"2024-08-30",633,2,172.17,4,3,3,"4,3,3"
3052,"2024-08-30",633,2,258.38,4,3,4,"4,3,4"
14036,"2024-08-30",633,1,333.56,4,1,4,"4,1,4"
9839,"2024-08-30",633,3,569.57,4,4,5,"4,4,5"
14082,"2024-08-30",633,2,378.25,4,4,4,"4,4,4"
6605,"2024-08-30",633,1,342.63,4,1,4,"4,1,4"
2207,"2024-08-30",633,4,693.70,4,5,5,"4,5,5"
2492,"2024-08-30",633,2,782.35,4,4,5,"4,4,5"
13100,"2024-08-30",633,2,113.74,4,3,2,"4,3,2"
5441,"2024-08-30",633,2,262.97,4,3,4,"4,3,4"
17121,"2024-08-30",633,2,248.75,4,3,3,"4,3,3"
11702,"2024-08-31",632,3,273.31,4,4,4,"4,4,4"
8290,"2024-08-31",632,2,279.09,4,3,4,"4,3,4"
8940,"2024-08-31",632,3,592.21,4,4,5,"4,4,5"
15762,"2024-08-31",632,2,315.76,4,4,4,"4,4,4"
17291,"2024-08-31",632,1,153.23,4,1,3,"4,1,3"
1877,"2024-08-31",632,1,16.72,4,2,1,"4,2,1"
11846,"2024-08-31",632,3,479.23,4,5,5,"4,5,5"
9270,"2024-08-31",632,3,498.71,4,5,5,"4,5,5"
11524,"2024-08-31",632,2,153.25,4,3,3,"4,3,3"
14069,"2024-08-31",632,1,56.09,4,1,1,"4,1,1"
16548,"2024-08-31",632,2,269.83,4,3,4,"4,3,4"
652,"2024-08-31",632,2,200.09,4,3,3,"4,3,3"
12239,"2024-08-31",632,5,321.61,4,5,4,"4,5,4"
2001,"2024-08-31",632,4,632.82,4,5,5,"4,5,5"
9181,"2024-08-31",632,3,729.17,4,4,5,"4,4,5"
16348,"2024-08-31",632,2,265.98,4,3,4,"4,3,4"
14843,"2024-08-31",632,1,29.08,4,2,1,"4,2,1"
1500,"2024-08-31",632,2,307.00,4,4,4,"4,4,4"
9205,"2024-08-31",632,4,643.57,4,5,5,"4,5,5"
4445,"2024-09-01",631,1,71.64,4,1,1,"4,1,1"
3940,"2024-09-01",631,2,161.20,4,3,3,"4,3,3"
6606,"2024-09-01",631,3,296.46,4,4,4,"4,4,4"
4447,"2024-09-01",631,2,933.29,4,4,5,"4,4,5"
8498,"2024-09-01",631,5,555.59,4,5,5,"4,5,5"
16698,"2024-09-01",631,3,313.47,4,5,4,"4,5,4"
17801,"2024-09-01",631,3,209.30,4,4,3,"4,4,3"
7267,"2024-09-01",631,2,229.04,4,3,3,"4,3,3"
13294,"2024-09-01",631,4,367.30,4,5,4,"4,5,4"
1262,"2024-09-01",631,3,430.77,4,5,5,"4,5,5"
10168,"2024-09-01",631,3,228.13,4,5,3,"4,5,3"
3428,"2024-09-01",631,6,387.93,4,5,4,"4,5,4"
720,"2024-09-01",631,1,39.62,4,2,1,"4,2,1"
13147,"2024-09-02",630,2,264.63,4,3,4,"4,3,4"
14691,"2024-09-02",630,1,27.27,4,2,1,"4,2,1"
15579,"2024-09-02",630,3,164.56,4,4,3,"4,4,3"
10080,"2024-09-02",630,2,366.33,4,4,4,"4,4,4"
8860,"2024-09-02",630,4,429.80,4,5,4,"4,5,4"
2310,"2024-09-02",630,2,231.17,4,3,3,"4,3,3"
14312,"2024-09-02",630,2,58.70,4,3,1,"4,3,1"
5162,"2024-09-02",630,3,336.13,4,5,4,"4,5,4"
1977,"2024-09-02",630,3,393.41,4,4,4,"4,4,4"
4214,"2024-09-02",630,2,107.29,4,3,2,"4,3,2"
9458,"2024-09-03",629,2,233.69,4,3,3,"4,3,3"
11468,"2024-09-03",629,1,115.29,4,2,2,"4,2,2"
14622,"2024-09-03",629,3,153.25,4,4,3,"4,4,3"
16554,"2024-09-03",629,6,536.17,4,5,5,"4,5,5"
14884,"2024-09-03",629,4,616.73,4,5,5,"4,5,5"
389,"2024-09-03",629,3,257.78,4,4,4,"4,4,4"
12222,"2024-09-03",629,3,392.54,4,4,4,"4,4,4"
11397,"2024-09-03",629,2,110.32,4,3,2,"4,3,2"
5684,"2024-09-04",628,3,185.81,4,4,3,"4,4,3"
15332,"2024-09-04",628,3,227.06,4,5,3,"4,5,3"
10231,"2024-09-04",628,2,234.47,4,3,3,"4,3,3"
7441,"2024-09-04",628,1,13.71,4,1,1,"4,1,1"
4931,"2024-09-04",628,2,265.28,4,3,4,"4,3,4"
1484,"2024-09-04",628,3,527.69,4,5,5,"4,5,5"
5220,"2024-09-04",628,3,1223.80,4,4,5,"4,4,5"
19614,"2024-09-04",628,2,317.94,4,4,4,"4,4,4"
18955,"2024-09-04",628,3,391.86,4,4,4,"4,4,4"
15586,"2024-09-04",628,3,543.94,4,4,5,"4,4,5"
16200,"2024-09-04",628,1,9.03,4,1,1,"4,1,1"
8063,"2024-09-04",628,1,20.29,4,2,1,"4,2,1"
6184,"2024-09-05",627,2,59.97,4,3,1,"4,3,1"
3161,"2024-09-05",627,2,55.82,4,2,1,"4,2,1"
8838,"2024-09-05",627,1,58.25,4,1,1,"4,1,1"
9492,"2024-09-05",627,5,788.13,4,5,5,"4,5,5"
13230,"2024-09-06",626,2,800.49,4,4,5,"4,4,5"
1415,"2024-09-06",626,1,24.37,4,2,1,"4,2,1"
19482,"2024-09-06",626,1,71.53,4,1,1,"4,1,1"
660,"2024-09-06",626,3,270.98,4,4,4,"4,4,4"
15160,"2024-09-06",626,4,567.09,4,5,5,"4,5,5"
15587,"2024-09-06",626,1,102.08,4,2,2,"4,2,2"
16963,"2024-09-06",626,3,535.83,4,5,5,"4,5,5"
12050,"2024-09-06",626,2,119.36,4,3,2,"4,3,2"
16563,"2024-09-06",626,2,674.93,4,4,5,"4,4,5"
18569,"2024-09-06",626,3,338.00,4,5,4,"4,5,4"
7536,"2024-09-06",626,2,1360.86,4,4,5,"4,4,5"
14320,"2024-09-06",626,4,132.10,4,5,2,"4,5,2"
3253,"2024-09-07",625,1,111.90,4,2,2,"4,2,2"
7522,"2024-09-07",625,2,110.89,4,3,2,"4,3,2"
2869,"2024-09-07",625,2,641.40,4,4,5,"4,4,5"
18361,"2024-09-07",625,4,635.21,4,5,5,"4,5,5"
17573,"2024-09-07",625,1,112.30,4,2,2,"4,2,2"
16375,"2024-09-07",625,3,88.77,4,4,2,"4,4,2"
4295,"2024-09-07",625,2,308.44,4,4,4,"4,4,4"
10804,"2024-09-07",625,3,1222.44,4,4,5,"4,4,5"
2384,"2024-09-07",625,3,484.54,4,5,5,"4,5,5"
10665,"2024-09-07",625,3,560.29,4,4,5,"4,4,5"
8857,"2024-09-07",625,3,1849.59,4,5,5,"4,5,5"
11868,"2024-09-07",625,5,455.41,4,5,5,"4,5,5"
5626,"2024-09-07",625,3,138.10,4,4,2,"4,4,2"
12243,"2024-09-07",625,3,329.52,4,5,4,"4,5,4"
18255,"2024-09-07",625,3,268.81,4,4,4,"4,4,4"
19159,"2024-09-07",625,2,477.72,4,4,5,"4,4,5"
16216,"2024-09-07",625,1,86.54,4,2,2,"4,2,2"
820,"2024-09-07",625,3,475.42,4,5,5,"4,5,5"
7026,"2024-09-08",624,1,61.95,4,1,1,"4,1,1"
18071,"2024-09-08",624,2,386.91,4,4,4,"4,4,4"
4539,"2024-09-08",624,1,40.78,4,1,1,"4,1,1"
8999,"2024-09-08",624,1,159.02,4,1,3,"4,1,3"
8202,"2024-09-08",624,2,152.50,4,3,3,"4,3,3"
1177,"2024-09-08",624,3,598.77,4,4,5,"4,4,5"
16283,"2024-09-08",624,2,200.73,4,3,3,"4,3,3"
11571,"2024-09-08",624,3,158.57,4,5,3,"4,5,3"
4452,"2024-09-08",624,3,622.97,4,5,5,"4,5,5"
14295,"2024-09-08",624,2,178.55,4,3,3,"4,3,3"
17484,"2024-09-08",624,5,571.74,4,5,5,"4,5,5"
14781,"2024-09-08",624,1,156.54,4,1,3,"4,1,3"
19486,"2024-09-08",624,1,48.07,4,1,1,"4,1,1"
1934,"2024-09-09",623,2,265.29,4,3,4,"4,3,4"
9547,"2024-09-09",623,1,77.58,4,2,2,"4,2,2"
10568,"2024-09-09",623,3,240.90,4,5,3,"4,5,3"
15346,"2024-09-09",623,2,78.90,4,3,2,"4,3,2"
18928,"2024-09-09",623,3,460.79,4,5,5,"4,5,5"
15474,"2024-09-09",623,2,110.21,4,3,2,"4,3,2"
18823,"2024-09-09",623,2,723.85,4,4,5,"4,4,5"
3179,"2024-09-10",622,3,1003.64,4,4,5,"4,4,5"
15475,"2024-09-10",622,6,1221.25,4,5,5,"4,5,5"
1357,"2024-09-10",622,1,219.70,4,1,3,"4,1,3"
2276,"2024-09-10",622,3,366.82,4,5,4,"4,5,4"
15353,"2024-09-10",622,2,168.79,4,3,3,"4,3,3"
18820,"2024-09-10",622,1,240.07,4,1,3,"4,1,3"
1548,"2024-09-10",622,3,596.92,4,4,5,"4,4,5"
15307,"2024-09-10",622,2,155.59,4,3,3,"4,3,3"
9849,"2024-09-10",622,1,17.11,4,2,1,"4,2,1"
7831,"2024-09-11",621,1,32.54,4,2,1,"4,2,1"
11074,"2024-09-11",621,1,58.99,4,1,1,"4,1,1"
1010,"2024-09-11",621,2,648.45,4,4,5,"4,4,5"
13914,"2024-09-11",621,4,462.69,4,5,5,"4,5,5"
3427,"2024-09-11",621,3,361.36,4,4,4,"4,4,4"
12045,"2024-09-11",621,3,304.76,4,4,4,"4,4,4"
2696,"2024-09-11",621,2,166.34,4,3,3,"4,3,3"
15603,"2024-09-11",621,2,253.85,4,3,3,"4,3,3"
13781,"2024-09-11",621,2,125.04,4,3,2,"4,3,2"
10802,"2024-09-11",621,5,633.98,4,5,5,"4,5,5"
3095,"2024-09-11",621,2,179.02,4,3,3,"4,3,3"
5591,"2024-09-11",621,1,72.25,4,1,1,"4,1,1"
17345,"2024-09-11",621,2,136.38,4,3,2,"4,3,2"
3098,"2024-09-11",621,4,823.88,4,5,5,"4,5,5"
309,"2024-09-12",620,1,12.97,4,1,1,"4,1,1"
4264,"2024-09-12",620,1,45.69,4,1,1,"4,1,1"
19168,"2024-09-12",620,4,395.10,4,5,4,"4,5,4"
2034,"2024-09-12",620,1,32.73,4,2,1,"4,2,1"
1460,"2024-09-12",620,4,860.25,4,5,5,"4,5,5"
8746,"2024-09-12",620,4,494.09,4,5,5,"4,5,5"
281,"2024-09-12",620,2,47.91,4,2,1,"4,2,1"
19047,"2024-09-12",620,2,215.95,4,3,3,"4,3,3"
7985,"2024-09-12",620,2,56.38,4,3,1,"4,3,1"
767,"2024-09-12",620,2,194.06,4,3,3,"4,3,3"
198,"2024-09-12",620,1,877.96,4,2,5,"4,2,5"
2803,"2024-09-12",620,1,149.16,4,1,2,"4,1,2"
12714,"2024-09-12",620,1,147.72,4,1,2,"4,1,2"
17276,"2024-09-12",620,5,490.71,4,5,5,"4,5,5"
8698,"2024-09-13",619,1,140.34,4,2,2,"4,2,2"
305,"2024-09-13",619,4,348.22,4,5,4,"4,5,4"
1996,"2024-09-13",619,3,268.20,4,4,4,"4,4,4"
10812,"2024-09-13",619,1,133.83,4,2,2,"4,2,2"
9539,"2024-09-13",619,4,616.96,4,5,5,"4,5,5"
9495,"2024-09-13",619,2,207.74,4,3,3,"4,3,3"
12843,"2024-09-13",619,2,572.69,4,4,5,"4,4,5"
2690,"2024-09-13",619,1,7.07,4,1,1,"4,1,1"
13722,"2024-09-13",619,4,1010.38,4,5,5,"4,5,5"
3299,"2024-09-13",619,3,305.23,4,4,4,"4,4,4"
12176,"2024-09-13",619,1,50.87,4,1,1,"4,1,1"
3698,"2024-09-13",619,2,90.54,4,3,2,"4,3,2"
315,"2024-09-13",619,4,347.73,4,5,4,"4,5,4"
14438,"2024-09-13",619,3,594.71,4,4,5,"4,4,5"
3258,"2024-09-14",618,3,256.68,4,5,3,"4,5,3"
8497,"2024-09-14",618,2,523.50,4,4,5,"4,4,5"
6827,"2024-09-14",618,2,458.71,4,4,5,"4,4,5"
8219,"2024-09-14",618,2,101.99,4,3,2,"4,3,2"
573,"2024-09-14",618,2,757.79,4,4,5,"4,4,5"
5647,"2024-09-14",618,5,680.33,4,5,5,"4,5,5"
7166,"2024-09-14",618,1,114.18,4,2,2,"4,2,2"
6935,"2024-09-14",618,4,233.72,4,5,3,"4,5,3"
14650,"2024-09-14",618,3,313.61,4,5,4,"4,5,4"
360,"2024-09-14",618,1,57.01,4,1,1,"4,1,1"
8905,"2024-09-14",618,2,157.58,4,3,3,"4,3,3"
10127,"2024-09-15",617,2,50.77,4,2,1,"4,2,1"
3850,"2024-09-15",617,3,433.48,4,5,5,"4,5,5"
1665,"2024-09-15",617,2,425.45,4,4,4,"4,4,4"
14005,"2024-09-15",617,2,385.42,4,4,4,"4,4,4"
15432,"2024-09-15",617,1,74.98,4,2,2,"4,2,2"
4549,"2024-09-15",617,6,926.72,4,5,5,"4,5,5"
5500,"2024-09-15",617,1,67.97,4,1,1,"4,1,1"
9765,"2024-09-15",617,3,120.24,4,5,2,"4,5,2"
824,"2024-09-15",617,2,341.67,4,4,4,"4,4,4"
19683,"2024-09-15",617,3,576.71,4,4,5,"4,4,5"
15084,"2024-09-15",617,2,368.04,4,4,4,"4,4,4"
15589,"2024-09-16",616,2,46.57,4,2,1,"4,2,1"
10739,"2024-09-16",616,3,374.88,4,5,4,"4,5,4"
4948,"2024-09-16",616,1,104.60,4,2,2,"4,2,2"
4635,"2024-09-16",616,4,368.99,4,5,4,"4,5,4"
1625,"2024-09-16",616,1,1501.17,4,1,5,"4,1,5"
2557,"2024-09-16",616,4,735.11,4,5,5,"4,5,5"
19677,"2024-09-16",616,1,40.68,4,1,1,"4,1,1"
15957,"2024-09-16",616,1,64.09,4,1,1,"4,1,1"
6074,"2024-09-17",615,3,447.87,4,5,5,"4,5,5"
4622,"2024-09-17",615,2,271.16,4,3,4,"4,3,4"
13644,"2024-09-17",615,3,508.00,4,5,5,"4,5,5"
2741,"2024-09-17",615,1,19.02,4,2,1,"4,2,1"
19049,"2024-09-17",615,3,672.29,4,4,5,"4,4,5"
19141,"2024-09-17",615,2,127.42,4,3,2,"4,3,2"
17389,"2024-09-17",615,1,47.66,4,1,1,"4,1,1"
18491,"2024-09-17",615,1,159.07,4,1,3,"4,1,3"
15483,"2024-09-17",615,1,193.86,4,1,3,"4,1,3"
12469,"2024-09-17",615,2,264.50,4,3,4,"4,3,4"
17336,"2024-09-17",615,3,277.31,4,4,4,"4,4,4"
8294,"2024-09-17",615,2,189.95,4,3,3,"4,3,3"
14254,"2024-09-18",614,1,188.28,4,1,3,"4,1,3"
1073,"2024-09-18",614,1,230.49,4,1,3,"4,1,3"
13062,"2024-09-18",614,3,155.29,4,5,3,"4,5,3"
19680,"2024-09-18",614,5,453.63,4,5,5,"4,5,5"
10953,"2024-09-18",614,3,341.81,4,4,4,"4,4,4"
18296,"2024-09-18",614,2,63.25,4,3,1,"4,3,1"
6843,"2024-09-18",614,3,588.54,4,4,5,"4,4,5"
17323,"2024-09-18",614,3,591.44,4,4,5,"4,4,5"
12040,"2024-09-18",614,3,435.59,4,5,5,"4,5,5"
14537,"2024-09-18",614,1,103.79,4,2,2,"4,2,2"
13232,"2024-09-18",614,3,383.06,4,4,4,"4,4,4"
2895,"2024-09-18",614,5,255.81,4,5,3,"4,5,3"
8626,"2024-09-19",613,2,755.06,4,4,5,"4,4,5"
10378,"2024-09-19",613,2,676.15,4,4,5,"4,4,5"
10788,"2024-09-19",613,2,635.23,4,4,5,"4,4,5"
6919,"2024-09-19",613,4,462.94,4,5,5,"4,5,5"
4834,"2024-09-19",613,1,38.63,4,2,1,"4,2,1"
13447,"2024-09-19",613,1,191.15,4,1,3,"4,1,3"
14683,"2024-09-19",613,1,39.14,4,2,1,"4,2,1"
3502,"2024-09-19",613,2,299.43,4,4,4,"4,4,4"
18022,"2024-09-19",613,6,733.12,4,5,5,"4,5,5"
7847,"2024-09-19",613,2,260.61,4,3,4,"4,3,4"
1087,"2024-09-19",613,2,588.06,4,4,5,"4,4,5"
8615,"2024-09-20",612,4,332.54,4,5,4,"4,5,4"
4821,"2024-09-20",612,1,34.62,4,2,1,"4,2,1"
7695,"2024-09-20",612,1,121.72,4,2,2,"4,2,2"
17539,"2024-09-20",612,3,368.58,4,5,4,"4,5,4"
2246,"2024-09-20",612,2,333.22,4,4,4,"4,4,4"
15337,"2024-09-20",612,1,73.75,4,1,1,"4,1,1"
7370,"2024-09-20",612,2,312.97,4,4,4,"4,4,4"
10360,"2024-09-20",612,2,100.24,4,3,2,"4,3,2"
11551,"2024-09-20",612,1,210.05,4,1,3,"4,1,3"
17869,"2024-09-20",612,3,448.03,4,5,5,"4,5,5"
14746,"2024-09-20",612,1,97.93,4,2,2,"4,2,2"
4860,"2024-09-20",612,1,10.38,4,1,1,"4,1,1"
4710,"2024-09-20",612,1,136.09,4,2,2,"4,2,2"
1234,"2024-09-20",612,2,245.05,4,3,3,"4,3,3"
19981,"2024-09-21",611,4,172.20,4,5,3,"4,5,3"
4013,"2024-09-21",611,2,186.36,4,3,3,"4,3,3"
3383,"2024-09-21",611,5,630.11,4,5,5,"4,5,5"
14715,"2024-09-21",611,4,563.24,4,5,5,"4,5,5"
8053,"2024-09-21",611,2,34.24,4,2,1,"4,2,1"
7198,"2024-09-21",611,1,74.90,4,2,2,"4,2,2"
13371,"2024-09-21",611,3,516.13,4,5,5,"4,5,5"
9047,"2024-09-21",611,1,283.54,4,1,4,"4,1,4"
16753,"2024-09-21",611,2,52.67,4,2,1,"4,2,1"
6732,"2024-09-21",611,1,39.86,4,1,1,"4,1,1"
2840,"2024-09-21",611,2,72.12,4,3,1,"4,3,1"
3419,"2024-09-22",610,2,597.41,4,4,5,"4,4,5"
12730,"2024-09-22",610,2,171.64,4,3,3,"4,3,3"
18403,"2024-09-22",610,1,53.09,4,1,1,"4,1,1"
254,"2024-09-22",610,5,510.58,4,5,5,"4,5,5"
5962,"2024-09-22",610,2,45.82,4,2,1,"4,2,1"
16480,"2024-09-22",610,2,379.19,4,4,4,"4,4,4"
17485,"2024-09-22",610,3,508.79,4,5,5,"4,5,5"
11356,"2024-09-22",610,2,52.86,4,2,1,"4,2,1"
13771,"2024-09-22",610,4,401.46,4,5,4,"4,5,4"
6739,"2024-09-22",610,1,54.28,4,1,1,"4,1,1"
7154,"2024-09-22",610,1,52.45,4,1,1,"4,1,1"
14176,"2024-09-22",610,2,88.17,4,3,2,"4,3,2"
2798,"2024-09-23",609,2,366.39,4,4,4,"4,4,4"
10651,"2024-09-23",609,1,193.31,4,1,3,"4,1,3"
16147,"2024-09-23",609,2,106.74,4,3,2,"4,3,2"
12491,"2024-09-23",609,4,852.90,4,5,5,"4,5,5"
3067,"2024-09-23",609,3,340.03,4,5,4,"4,5,4"
3498,"2024-09-23",609,2,195.89,4,3,3,"4,3,3"
14874,"2024-09-23",609,3,835.11,4,5,5,"4,5,5"
5265,"2024-09-23",609,2,79.40,4,3,2,"4,3,2"
14429,"2024-09-24",608,1,8.79,4,1,1,"4,1,1"
8492,"2024-09-24",608,2,365.22,4,4,4,"4,4,4"
3519,"2024-09-24",608,1,6.93,4,2,1,"4,2,1"
8466,"2024-09-24",608,2,457.76,4,4,5,"4,4,5"
1205,"2024-09-24",608,1,64.72,4,1,1,"4,1,1"
17994,"2024-09-24",608,2,162.21,4,3,3,"4,3,3"
10823,"2024-09-24",608,4,210.33,4,5,3,"4,5,3"
1633,"2024-09-24",608,3,1022.89,4,4,5,"4,4,5"
2486,"2024-09-24",608,2,93.78,4,3,2,"4,3,2"
2808,"2024-09-24",608,2,183.05,4,3,3,"4,3,3"
12006,"2024-09-24",608,3,253.38,4,5,3,"4,5,3"
12353,"2024-09-24",608,3,429.32,4,4,4,"4,4,4"
15997,"2024-09-24",608,1,189.19,4,1,3,"4,1,3"
997,"2024-09-24",608,2,325.78,4,4,4,"4,4,4"
19563,"2024-09-25",607,1,71.58,4,1,1,"4,1,1"
14508,"2024-09-25",607,1,58.50,4,1,1,"4,1,1"
18724,"2024-09-25",607,2,87.05,4,3,2,"4,3,2"
4886,"2024-09-25",607,1,113.81,4,2,2,"4,2,2"
16139,"2024-09-25",607,2,653.15,4,4,5,"4,4,5"
9184,"2024-09-25",607,1,49.37,4,1,1,"4,1,1"
19940,"2024-09-25",607,2,104.70,4,3,2,"4,3,2"
398,"2024-09-25",607,3,602.46,4,4,5,"4,4,5"
15576,"2024-09-26",606,4,487.86,4,5,5,"4,5,5"
16383,"2024-09-26",606,3,99.13,4,5,2,"4,5,2"
13333,"2024-09-26",606,2,158.40,4,3,3,"4,3,3"
2054,"2024-09-26",606,4,302.35,4,5,4,"4,5,4"
397,"2024-09-26",606,2,73.53,4,3,1,"4,3,1"
1212,"2024-09-26",606,1,42.22,4,1,1,"4,1,1"
12673,"2024-09-26",606,2,189.37,4,3,3,"4,3,3"
5903,"2024-09-26",606,1,242.24,4,1,3,"4,1,3"
18947,"2024-09-26",606,2,480.43,4,4,5,"4,4,5"
2622,"2024-09-26",606,2,484.79,4,4,5,"4,4,5"
12383,"2024-09-26",606,1,11.26,4,1,1,"4,1,1"
6051,"2024-09-26",606,4,1092.85,4,5,5,"4,5,5"
10230,"2024-09-27",605,3,95.49,4,4,2,"4,4,2"
14256,"2024-09-27",605,2,71.59,4,3,1,"4,3,1"
6908,"2024-09-27",605,2,166.86,4,3,3,"4,3,3"
19005,"2024-09-27",605,2,163.09,4,3,3,"4,3,3"
4417,"2024-09-27",605,2,120.03,4,3,2,"4,3,2"
18249,"2024-09-27",605,3,236.62,4,5,3,"4,5,3"
4681,"2024-09-27",605,3,237.30,4,5,3,"4,5,3"
4141,"2024-09-27",605,3,805.21,4,5,5,"4,5,5"
7861,"2024-09-27",605,4,552.99,4,5,5,"4,5,5"
2997,"2024-09-27",605,5,638.74,4,5,5,"4,5,5"
19006,"2024-09-27",605,3,396.00,4,4,4,"4,4,4"
7674,"2024-09-27",605,1,241.26,4,1,3,"4,1,3"
18073,"2024-09-27",605,3,420.93,4,4,4,"4,4,4"
9552,"2024-09-27",605,4,179.08,4,5,3,"4,5,3"
14556,"2024-09-27",605,2,181.51,4,3,3,"4,3,3"
8895,"2024-09-27",605,2,169.55,4,3,3,"4,3,3"
12091,"2024-09-28",604,2,52.54,4,2,1,"4,2,1"
17948,"2024-09-28",604,3,932.68,4,4,5,"4,4,5"
11893,"2024-09-28",604,3,90.42,4,5,2,"4,5,2"
9560,"2024-09-28",604,2,353.15,4,4,4,"4,4,4"
17030,"2024-09-28",604,2,112.38,4,3,2,"4,3,2"
6231,"2024-09-28",604,3,439.85,4,5,5,"4,5,5"
18002,"2024-09-29",603,3,325.67,4,4,4,"4,4,4"
992,"2024-09-29",603,2,421.26,4,4,4,"4,4,4"
2925,"2024-09-29",603,2,519.01,4,4,5,"4,4,5"
15771,"2024-09-29",603,2,212.70,4,3,3,"4,3,3"
4641,"2024-09-29",603,5,632.16,4,5,5,"4,5,5"
14659,"2024-09-29",603,3,740.76,4,4,5,"4,4,5"
4669,"2024-09-29",603,1,287.39,4,1,4,"4,1,4"
13791,"2024-09-29",603,2,58.34,4,3,1,"4,3,1"
19515,"2024-09-29",603,2,115.06,4,3,2,"4,3,2"
15144,"2024-09-30",602,3,167.44,4,4,3,"4,4,3"
13272,"2024-09-30",602,1,187.07,4,1,3,"4,1,3"
5419,"2024-09-30",602,3,357.59,4,4,4,"4,4,4"
19184,"2024-09-30",602,2,425.68,4,4,4,"4,4,4"
6803,"2024-09-30",602,2,1104.66,4,4,5,"4,4,5"
6652,"2024-09-30",602,3,470.56,4,5,5,"4,5,5"
8823,"2024-09-30",602,2,72.16,4,3,1,"4,3,1"
13803,"2024-09-30",602,5,283.98,4,5,4,"4,5,4"
11901,"2024-09-30",602,4,142.65,4,5,2,"4,5,2"
10145,"2024-09-30",602,2,520.79,4,4,5,"4,4,5"
19427,"2024-10-01",601,6,968.18,4,5,5,"4,5,5"
10750,"2024-10-01",601,3,284.18,4,4,4,"4,4,4"
7742,"2024-10-01",601,2,153.06,4,3,3,"4,3,3"
18100,"2024-10-01",601,1,241.92,4,1,3,"4,1,3"
15433,"2024-10-01",601,1,248.94,4,1,3,"4,1,3"
11935,"2024-10-01",601,6,407.46,4,5,4,"4,5,4"
3889,"2024-10-01",601,1,175.56,4,1,3,"4,1,3"
7754,"2024-10-01",601,2,225.59,4,3,3,"4,3,3"
14166,"2024-10-01",601,2,360.37,4,4,4,"4,4,4"
2003,"2024-10-01",601,2,36.08,4,2,1,"4,2,1"
18938,"2024-10-01",601,2,706.57,4,4,5,"4,4,5"
9405,"2024-10-01",601,4,488.52,4,5,5,"4,5,5"
17434,"2024-10-01",601,2,455.98,4,4,5,"4,4,5"
7954,"2024-10-01",601,1,630.25,4,2,5,"4,2,5"
3107,"2024-10-01",601,2,311.98,4,4,4,"4,4,4"
15844,"2024-10-02",600,4,293.61,4,5,4,"4,5,4"
8763,"2024-10-02",600,1,549.23,4,2,5,"4,2,5"
17802,"2024-10-02",600,2,470.60,4,4,5,"4,4,5"
19983,"2024-10-02",600,1,143.06,4,2,2,"4,2,2"
18924,"2024-10-02",600,1,17.48,4,2,1,"4,2,1"
16562,"2024-10-02",600,2,449.51,4,4,5,"4,4,5"
5928,"2024-10-02",600,2,296.10,4,4,4,"4,4,4"
1945,"2024-10-02",600,3,263.87,4,4,4,"4,4,4"
14030,"2024-10-02",600,1,4.54,4,2,1,"4,2,1"
6274,"2024-10-02",600,2,174.43,4,3,3,"4,3,3"
19625,"2024-10-02",600,4,697.76,4,5,5,"4,5,5"
2161,"2024-10-03",599,2,58.75,4,3,1,"4,3,1"
17394,"2024-10-03",599,1,11.72,4,1,1,"4,1,1"
6984,"2024-10-03",599,3,491.89,4,5,5,"4,5,5"
19778,"2024-10-03",599,1,174.66,4,1,3,"4,1,3"
18921,"2024-10-03",599,3,172.22,4,5,3,"4,5,3"
6521,"2024-10-03",599,2,174.07,4,3,3,"4,3,3"
4833,"2024-10-03",599,2,199.78,4,3,3,"4,3,3"
15108,"2024-10-03",599,5,1409.51,4,5,5,"4,5,5"
3697,"2024-10-03",599,4,402.73,4,5,4,"4,5,4"
8773,"2024-10-03",599,2,174.27,4,3,3,"4,3,3"
5765,"2024-10-03",599,1,37.23,4,2,1,"4,2,1"
8852,"2024-10-03",599,3,171.37,4,4,3,"4,4,3"
17834,"2024-10-03",599,3,252.44,4,5,3,"4,5,3"
16675,"2024-10-03",599,4,486.89,4,5,5,"4,5,5"
17339,"2024-10-03",599,3,121.21,4,5,2,"4,5,2"
1997,"2024-10-03",599,5,1170.41,4,5,5,"4,5,5"
15571,"2024-10-04",598,4,793.73,4,5,5,"4,5,5"
15166,"2024-10-04",598,2,65.27,4,3,1,"4,3,1"
10473,"2024-10-04",598,3,909.26,4,5,5,"4,5,5"
12060,"2024-10-04",598,2,347.60,4,4,4,"4,4,4"
14174,"2024-10-04",598,2,95.12,4,3,2,"4,3,2"
14293,"2024-10-04",598,4,579.14,4,5,5,"4,5,5"
7644,"2024-10-04",598,3,632.16,4,5,5,"4,5,5"
13472,"2024-10-04",598,2,189.91,4,3,3,"4,3,3"
15590,"2024-10-04",598,3,353.76,4,4,4,"4,4,4"
2744,"2024-10-04",598,1,77.26,4,2,2,"4,2,2"
18419,"2024-10-05",597,1,164.32,4,1,3,"4,1,3"
19857,"2024-10-05",597,1,122.74,4,2,2,"4,2,2"
18376,"2024-10-05",597,1,28.67,4,2,1,"4,2,1"
11017,"2024-10-05",597,1,109.33,4,2,2,"4,2,2"
19037,"2024-10-05",597,1,323.61,4,1,4,"4,1,4"
15988,"2024-10-05",597,3,581.71,4,4,5,"4,4,5"
16520,"2024-10-05",597,2,262.30,4,3,4,"4,3,4"
7778,"2024-10-05",597,1,61.74,4,1,1,"4,1,1"
6382,"2024-10-05",597,5,595.30,4,5,5,"4,5,5"
2511,"2024-10-05",597,4,151.14,4,5,2,"4,5,2"
6818,"2024-10-05",597,3,464.96,4,5,5,"4,5,5"
12171,"2024-10-05",597,3,886.53,4,5,5,"4,5,5"
10851,"2024-10-05",597,2,201.62,4,3,3,"4,3,3"
17421,"2024-10-05",597,3,236.79,4,5,3,"4,5,3"
14279,"2024-10-05",597,4,1045.20,4,5,5,"4,5,5"
14998,"2024-10-05",597,2,167.39,4,3,3,"4,3,3"
2056,"2024-10-05",597,1,40.42,4,1,1,"4,1,1"
7979,"2024-10-05",597,3,212.98,4,4,3,"4,4,3"
11197,"2024-10-05",597,2,154.55,4,3,3,"4,3,3"
832,"2024-10-05",597,2,280.37,4,3,4,"4,3,4"
17981,"2024-10-06",596,1,43.82,4,1,1,"4,1,1"
17665,"2024-10-06",596,4,337.37,4,5,4,"4,5,4"
12323,"2024-10-06",596,2,115.93,4,3,2,"4,3,2"
19291,"2024-10-06",596,2,83.12,4,3,2,"4,3,2"
9701,"2024-10-06",596,2,457.84,4,4,5,"4,4,5"
15077,"2024-10-06",596,2,56.21,4,2,1,"4,2,1"
9150,"2024-10-06",596,1,20.68,4,2,1,"4,2,1"
5966,"2024-10-06",596,1,312.20,4,1,4,"4,1,4"
12298,"2024-10-06",596,3,393.02,4,4,4,"4,4,4"
5630,"2024-10-06",596,3,661.70,4,5,5,"4,5,5"
15838,"2024-10-06",596,2,75.73,4,3,2,"4,3,2"
12910,"2024-10-06",596,3,127.26,4,5,2,"4,5,2"
9281,"2024-10-06",596,3,382.09,4,5,4,"4,5,4"
1821,"2024-10-07",595,1,179.40,4,1,3,"4,1,3"
4166,"2024-10-07",595,3,265.32,4,4,4,"4,4,4"
19463,"2024-10-07",595,1,65.88,4,1,1,"4,1,1"
19887,"2024-10-07",595,1,207.00,4,1,3,"4,1,3"
12677,"2024-10-07",595,2,414.15,4,4,4,"4,4,4"
19624,"2024-10-07",595,1,141.27,4,2,2,"4,2,2"
2649,"2024-10-07",595,3,315.53,4,5,4,"4,5,4"
3595,"2024-10-07",595,2,278.74,4,3,4,"4,3,4"
9482,"2024-10-08",594,3,198.56,4,4,3,"4,4,3"
9842,"2024-10-08",594,2,1575.95,4,4,5,"4,4,5"
9606,"2024-10-08",594,1,139.48,4,2,2,"4,2,2"
4213,"2024-10-08",594,4,1241.61,4,5,5,"4,5,5"
10419,"2024-10-08",594,1,41.26,4,1,1,"4,1,1"
15849,"2024-10-08",594,4,1041.41,4,5,5,"4,5,5"
5999,"2024-10-08",594,1,32.07,4,2,1,"4,2,1"
790,"2024-10-08",594,4,321.15,4,5,4,"4,5,4"
19001,"2024-10-08",594,1,169.11,4,1,3,"4,1,3"
850,"2024-10-08",594,1,66.56,4,1,1,"4,1,1"
13888,"2024-10-08",594,1,131.00,4,2,2,"4,2,2"
18953,"2024-10-08",594,2,128.84,4,3,2,"4,3,2"
4884,"2024-10-08",594,3,184.46,4,4,3,"4,4,3"
8616,"2024-10-08",594,5,587.37,4,5,5,"4,5,5"
8806,"2024-10-08",594,2,56.24,4,2,1,"4,2,1"
8637,"2024-10-08",594,3,633.34,4,5,5,"4,5,5"
12766,"2024-10-09",593,3,427.74,4,4,4,"4,4,4"
17412,"2024-10-09",593,2,159.10,4,3,3,"4,3,3"
9816,"2024-10-09",593,4,391.67,4,5,4,"4,5,4"
10504,"2024-10-09",593,3,603.89,4,4,5,"4,4,5"
6687,"2024-10-09",593,1,802.42,4,2,5,"4,2,5"
3504,"2024-10-09",593,1,162.86,4,1,3,"4,1,3"
932,"2024-10-09",593,1,77.10,4,2,2,"4,2,2"
19433,"2024-10-09",593,3,339.41,4,5,4,"4,5,4"
129,"2024-10-09",593,2,359.80,4,4,4,"4,4,4"
15954,"2024-10-09",593,1,179.24,4,1,3,"4,1,3"
4137,"2024-10-09",593,2,395.59,4,4,4,"4,4,4"
19185,"2024-10-09",593,5,444.67,4,5,5,"4,5,5"
9899,"2024-10-09",593,3,364.16,4,5,4,"4,5,4"
14862,"2024-10-09",593,2,108.24,4,3,2,"4,3,2"
11508,"2024-10-09",593,3,780.48,4,4,5,"4,4,5"
8434,"2024-10-10",592,2,310.19,4,4,4,"4,4,4"
18254,"2024-10-10",592,4,167.53,4,5,3,"4,5,3"
17688,"2024-10-10",592,1,87.51,4,2,2,"4,2,2"
12874,"2024-10-10",592,1,618.93,4,2,5,"4,2,5"
14420,"2024-10-10",592,1,39.44,4,2,1,"4,2,1"
6613,"2024-10-10",592,2,212.20,4,3,3,"4,3,3"
17243,"2024-10-10",592,3,1128.73,4,5,5,"4,5,5"
18789,"2024-10-10",592,4,623.65,4,5,5,"4,5,5"
6029,"2024-10-11",591,2,66.84,4,3,1,"4,3,1"
16628,"2024-10-11",591,1,43.79,4,1,1,"4,1,1"
3294,"2024-10-11",591,3,324.17,4,4,4,"4,4,4"
4609,"2024-10-11",591,2,97.30,4,3,2,"4,3,2"
469,"2024-10-11",591,2,448.52,4,4,5,"4,4,5"
14064,"2024-10-11",591,2,190.83,4,3,3,"4,3,3"
16021,"2024-10-11",591,1,135.48,4,2,2,"4,2,2"
8858,"2024-10-11",591,2,201.44,4,3,3,"4,3,3"
13865,"2024-10-11",591,3,530.90,4,5,5,"4,5,5"
16845,"2024-10-11",591,2,931.79,4,4,5,"4,4,5"
4791,"2024-10-11",591,3,1142.50,4,5,5,"4,5,5"
11918,"2024-10-12",590,1,77.26,4,2,2,"4,2,2"
18494,"2024-10-12",590,5,601.83,4,5,5,"4,5,5"
6665,"2024-10-12",590,1,85.51,4,2,2,"4,2,2"
18066,"2024-10-12",590,3,268.55,4,4,4,"4,4,4"
18150,"2024-10-12",590,2,520.21,4,4,5,"4,4,5"
1364,"2024-10-12",590,1,488.34,4,2,5,"4,2,5"
7840,"2024-10-12",590,3,116.11,4,5,2,"4,5,2"
17615,"2024-10-12",590,4,898.31,4,5,5,"4,5,5"
16601,"2024-10-12",590,1,78.04,4,2,2,"4,2,2"
9607,"2024-10-12",590,2,418.45,4,4,4,"4,4,4"
12338,"2024-10-12",590,2,339.13,4,4,4,"4,4,4"
13373,"2024-10-12",590,1,30.12,4,2,1,"4,2,1"
10845,"2024-10-13",589,8,1140.10,4,5,5,"4,5,5"
19804,"2024-10-13",589,2,28.89,4,2,1,"4,2,1"
11185,"2024-10-13",589,5,829.36,4,5,5,"4,5,5"
2481,"2024-10-13",589,3,808.01,4,5,5,"4,5,5"
11919,"2024-10-13",589,4,472.41,4,5,5,"4,5,5"
2539,"2024-10-13",589,2,225.11,4,3,3,"4,3,3"
12907,"2024-10-13",589,5,256.45,4,5,3,"4,5,3"
13575,"2024-10-13",589,3,346.25,4,5,4,"4,5,4"
18373,"2024-10-13",589,1,35.36,4,2,1,"4,2,1"
16797,"2024-10-13",589,6,1541.08,4,5,5,"4,5,5"
9217,"2024-10-14",588,3,78.23,4,5,2,"4,5,2"
14204,"2024-10-14",588,2,73.39,4,3,1,"4,3,1"
3871,"2024-10-14",588,2,766.48,4,4,5,"4,4,5"
2903,"2024-10-14",588,2,762.99,4,4,5,"4,4,5"
2029,"2024-10-14",588,2,478.40,4,4,5,"4,4,5"
6178,"2024-10-14",588,1,89.09,4,2,2,"4,2,2"
7523,"2024-10-14",588,5,399.69,4,5,4,"4,5,4"
19294,"2024-10-14",588,2,32.91,4,2,1,"4,2,1"
956,"2024-10-14",588,2,229.58,4,3,3,"4,3,3"
18129,"2024-10-14",588,6,792.13,4,5,5,"4,5,5"
16779,"2024-10-14",588,2,124.97,4,3,2,"4,3,2"
2680,"2024-10-14",588,1,148.69,4,1,2,"4,1,2"
17893,"2024-10-14",588,2,123.17,4,3,2,"4,3,2"
7208,"2024-10-14",588,3,362.45,4,5,4,"4,5,4"
4360,"2024-10-14",588,2,265.88,4,3,4,"4,3,4"
11277,"2024-10-15",587,3,221.24,4,5,3,"4,5,3"
11271,"2024-10-15",587,2,185.60,4,3,3,"4,3,3"
16909,"2024-10-15",587,2,651.69,4,4,5,"4,4,5"
15202,"2024-10-15",587,3,382.43,4,5,4,"4,5,4"
1227,"2024-10-15",587,3,509.28,4,5,5,"4,5,5"
9428,"2024-10-15",587,3,361.43,4,4,4,"4,4,4"
7826,"2024-10-15",587,2,225.63,4,3,3,"4,3,3"
1837,"2024-10-15",587,2,105.85,4,3,2,"4,3,2"
16955,"2024-10-15",587,1,54.29,4,1,1,"4,1,1"
5742,"2024-10-15",587,1,17.19,4,2,1,"4,2,1"
3956,"2024-10-15",587,2,429.37,4,4,4,"4,4,4"
16632,"2024-10-15",587,2,656.59,4,4,5,"4,4,5"
9651,"2024-10-15",587,3,315.03,4,5,4,"4,5,4"
2640,"2024-10-15",587,2,210.92,4,3,3,"4,3,3"
19903,"2024-10-15",587,2,331.08,4,4,4,"4,4,4"
4578,"2024-10-16",586,1,144.39,4,1,2,"4,1,2"
1150,"2024-10-16",586,2,278.77,4,3,4,"4,3,4"
15993,"2024-10-16",586,3,743.91,4,4,5,"4,4,5"
11216,"2024-10-16",586,1,190.67,4,1,3,"4,1,3"
13205,"2024-10-16",586,3,358.82,4,4,4,"4,4,4"
2197,"2024-10-16",586,1,366.01,4,1,4,"4,1,4"
2331,"2024-10-16",586,2,128.67,4,3,2,"4,3,2"
3210,"2024-10-16",586,4,365.14,4,5,4,"4,5,4"
18,"2024-10-16",586,4,805.64,4,5,5,"4,5,5"
9201,"2024-10-16",586,4,445.58,4,5,5,"4,5,5"
9071,"2024-10-16",586,1,72.37,4,1,1,"4,1,1"
12657,"2024-10-16",586,2,110.52,4,3,2,"4,3,2"
13306,"2024-10-17",585,3,449.64,4,5,5,"4,5,5"
2934,"2024-10-17",585,4,727.68,4,5,5,"4,5,5"
10786,"2024-10-17",585,1,91.24,4,2,2,"4,2,2"
8513,"2024-10-17",585,3,241.52,4,5,3,"4,5,3"
16410,"2024-10-17",585,1,180.32,4,1,3,"4,1,3"
3058,"2024-10-17",585,3,97.62,4,5,2,"4,5,2"
4106,"2024-10-17",585,2,171.15,4,3,3,"4,3,3"
10737,"2024-10-17",585,2,147.24,4,3,2,"4,3,2"
18370,"2024-10-17",585,1,22.22,4,2,1,"4,2,1"
2778,"2024-10-17",585,1,5.64,4,2,1,"4,2,1"
14794,"2024-10-17",585,1,75.19,4,2,2,"4,2,2"
16032,"2024-10-17",585,1,33.01,4,2,1,"4,2,1"
11760,"2024-10-17",585,2,167.28,4,3,3,"4,3,3"
13873,"2024-10-17",585,3,517.15,4,5,5,"4,5,5"
1178,"2024-10-17",585,3,323.24,4,4,4,"4,4,4"
3444,"2024-10-17",585,2,396.09,4,4,4,"4,4,4"
9795,"2024-10-17",585,2,468.93,4,4,5,"4,4,5"
11240,"2024-10-17",585,3,594.63,4,4,5,"4,4,5"
10574,"2024-10-17",585,4,170.48,4,5,3,"4,5,3"
10994,"2024-10-17",585,3,222.63,4,5,3,"4,5,3"
3320,"2024-10-17",585,3,824.65,4,5,5,"4,5,5"
2858,"2024-10-17",585,1,110.84,4,2,2,"4,2,2"
18542,"2024-10-18",584,2,171.89,4,3,3,"4,3,3"
6426,"2024-10-18",584,2,152.54,4,3,3,"4,3,3"
696,"2024-10-18",584,1,181.92,4,1,3,"4,1,3"
3909,"2024-10-18",584,2,283.43,4,3,4,"4,3,4"
1426,"2024-10-18",584,2,775.96,4,4,5,"4,4,5"
2040,"2024-10-18",584,5,859.13,4,5,5,"4,5,5"
11366,"2024-10-18",584,1,113.13,4,2,2,"4,2,2"
5401,"2024-10-18",584,5,499.94,4,5,5,"4,5,5"
2352,"2024-10-18",584,1,37.72,4,2,1,"4,2,1"
18029,"2024-10-18",584,4,202.16,4,5,3,"4,5,3"
2795,"2024-10-18",584,3,158.99,4,5,3,"4,5,3"
13031,"2024-10-18",584,3,373.68,4,5,4,"4,5,4"
3690,"2024-10-19",583,3,623.13,4,5,5,"4,5,5"
14559,"2024-10-19",583,3,636.61,4,5,5,"4,5,5"
16337,"2024-10-19",583,1,151.01,4,1,2,"4,1,2"
17450,"2024-10-19",583,2,447.16,4,4,5,"4,4,5"
2178,"2024-10-19",583,2,258.68,4,3,4,"4,3,4"
3038,"2024-10-19",583,5,307.17,4,5,4,"4,5,4"
9031,"2024-10-19",583,4,208.44,4,5,3,"4,5,3"
13960,"2024-10-20",582,2,228.90,4,3,3,"4,3,3"
6428,"2024-10-20",582,4,558.26,4,5,5,"4,5,5"
12267,"2024-10-20",582,1,125.72,4,2,2,"4,2,2"
193,"2024-10-20",582,2,180.55,4,3,3,"4,3,3"
13963,"2024-10-20",582,1,103.90,4,2,2,"4,2,2"
933,"2024-10-20",582,4,552.80,4,5,5,"4,5,5"
13410,"2024-10-20",582,2,89.22,4,3,2,"4,3,2"
13863,"2024-10-20",582,1,181.90,4,1,3,"4,1,3"
19742,"2024-10-20",582,2,439.35,4,4,5,"4,4,5"
9980,"2024-10-20",582,1,53.94,4,1,1,"4,1,1"
10030,"2024-10-21",581,2,353.78,4,4,4,"4,4,4"
13050,"2024-10-21",581,3,930.92,4,5,5,"4,5,5"
16166,"2024-10-21",581,1,60.43,4,1,1,"4,1,1"
18242,"2024-10-21",581,2,297.70,4,4,4,"4,4,4"
10055,"2024-10-21",581,2,223.53,4,3,3,"4,3,3"
10262,"2024-10-21",581,4,307.12,4,5,4,"4,5,4"
12508,"2024-10-21",581,6,1258.10,4,5,5,"4,5,5"
5624,"2024-10-21",581,2,176.83,4,3,3,"4,3,3"
5014,"2024-10-21",581,2,458.47,4,4,5,"4,4,5"
10362,"2024-10-21",581,4,360.50,4,5,4,"4,5,4"
5047,"2024-10-21",581,3,135.02,4,5,2,"4,5,2"
3303,"2024-10-22",580,3,409.53,4,4,4,"4,4,4"
10129,"2024-10-22",580,1,149.99,4,1,2,"4,1,2"
15317,"2024-10-23",579,3,277.70,4,4,4,"4,4,4"
18526,"2024-10-23",579,2,59.86,4,3,1,"4,3,1"
12066,"2024-10-23",579,1,122.11,4,2,2,"4,2,2"
2269,"2024-10-23",579,3,474.03,4,5,5,"4,5,5"
19002,"2024-10-23",579,2,129.85,4,3,2,"4,3,2"
11223,"2024-10-24",578,1,46.78,4,1,1,"4,1,1"
154,"2024-10-24",578,3,145.83,4,4,2,"4,4,2"
19446,"2024-10-24",578,3,192.42,4,4,3,"4,4,3"
19714,"2024-10-24",578,2,368.66,4,4,4,"4,4,4"
4419,"2024-10-24",578,2,125.82,4,3,2,"4,3,2"
18696,"2024-10-24",578,6,1470.09,4,5,5,"4,5,5"
14408,"2024-10-24",578,4,273.54,4,5,4,"4,5,4"
3614,"2024-10-24",578,2,120.59,4,3,2,"4,3,2"
4599,"2024-10-24",578,1,168.27,4,1,3,"4,1,3"
19998,"2024-10-24",578,4,568.55,4,5,5,"4,5,5"
11149,"2024-10-24",578,1,255.05,4,1,3,"4,1,3"
16335,"2024-10-24",578,5,761.90,4,5,5,"4,5,5"
18492,"2024-10-24",578,2,231.16,4,3,3,"4,3,3"
17514,"2024-10-24",578,1,151.04,4,1,2,"4,1,2"
908,"2024-10-24",578,2,530.27,4,4,5,"4,4,5"
10684,"2024-10-25",577,2,166.36,4,3,3,"4,3,3"
17254,"2024-10-25",577,5,1237.21,4,5,5,"4,5,5"
4171,"2024-10-25",577,3,100.42,4,4,2,"4,4,2"
13723,"2024-10-25",577,1,44.02,4,1,1,"4,1,1"
1865,"2024-10-25",577,4,935.06,4,5,5,"4,5,5"
4733,"2024-10-25",577,1,113.32,4,2,2,"4,2,2"
9673,"2024-10-25",577,6,1434.15,4,5,5,"4,5,5"
18089,"2024-10-25",577,2,150.02,4,3,2,"4,3,2"
11574,"2024-10-25",577,3,506.72,4,5,5,"4,5,5"
19835,"2024-10-26",576,1,24.91,4,2,1,"4,2,1"
17858,"2024-10-26",576,2,106.73,4,3,2,"4,3,2"
5058,"2024-10-26",576,2,45.24,4,2,1,"4,2,1"
17353,"2024-10-26",576,2,255.98,4,3,3,"4,3,3"
5644,"2024-10-26",576,2,379.69,4,4,4,"4,4,4"
8421,"2024-10-26",576,3,339.55,4,5,4,"4,5,4"
18619,"2024-10-26",576,3,263.69,4,4,4,"4,4,4"
5705,"2024-10-26",576,1,64.91,4,1,1,"4,1,1"
14737,"2024-10-26",576,3,272.99,4,4,4,"4,4,4"
276,"2024-10-27",575,3,217.25,4,5,3,"4,5,3"
6875,"2024-10-27",575,1,5.21,4,2,1,"4,2,1"
19148,"2024-10-27",575,2,282.50,4,3,4,"4,3,4"
16687,"2024-10-27",575,3,178.38,4,5,3,"4,5,3"
14118,"2024-10-27",575,2,193.47,4,3,3,"4,3,3"
11391,"2024-10-27",575,4,379.37,4,5,4,"4,5,4"
19223,"2024-10-27",575,4,537.51,4,5,5,"4,5,5"
10974,"2024-10-28",574,2,213.76,4,3,3,"4,3,3"
16565,"2024-10-28",574,4,1976.53,4,5,5,"4,5,5"
6851,"2024-10-28",574,3,1352.56,4,5,5,"4,5,5"
18247,"2024-10-28",574,2,181.10,4,3,3,"4,3,3"
225,"2024-10-28",574,2,84.63,4,3,2,"4,3,2"
10403,"2024-10-28",574,4,525.65,4,5,5,"4,5,5"
15016,"2024-10-28",574,3,450.10,4,5,5,"4,5,5"
4538,"2024-10-28",574,1,138.63,4,2,2,"4,2,2"
3658,"2024-10-28",574,2,81.41,4,3,2,"4,3,2"
748,"2024-10-28",574,1,165.93,4,1,3,"4,1,3"
554,"2024-10-28",574,1,508.23,4,2,5,"4,2,5"
14168,"2024-10-28",574,4,1113.12,4,5,5,"4,5,5"
10727,"2024-10-28",574,4,716.97,4,5,5,"4,5,5"
14063,"2024-10-28",574,3,529.72,4,5,5,"4,5,5"
10638,"2024-10-28",574,2,140.91,4,3,2,"4,3,2"
4058,"2024-10-28",574,2,207.68,4,3,3,"4,3,3"
11512,"2024-10-28",574,5,316.26,4,5,4,"4,5,4"
2467,"2024-10-29",573,4,592.00,4,5,5,"4,5,5"
175,"2024-10-29",573,5,441.37,4,5,5,"4,5,5"
10874,"2024-10-29",573,5,670.57,4,5,5,"4,5,5"
12173,"2024-10-29",573,3,192.03,4,4,3,"4,4,3"
8688,"2024-10-29",573,4,347.96,4,5,4,"4,5,4"
6928,"2024-10-29",573,1,36.52,4,2,1,"4,2,1"
14237,"2024-10-29",573,1,83.52,4,2,2,"4,2,2"
1602,"2024-10-29",573,3,805.69,4,5,5,"4,5,5"
14636,"2024-10-29",573,2,82.65,4,3,2,"4,3,2"
7694,"2024-10-29",573,2,116.92,4,3,2,"4,3,2"
16511,"2024-10-29",573,3,508.14,4,5,5,"4,5,5"
15925,"2024-10-30",572,1,130.80,4,2,2,"4,2,2"
16162,"2024-10-30",572,2,320.77,4,4,4,"4,4,4"
1524,"2024-10-30",572,1,100.04,4,2,2,"4,2,2"
11018,"2024-10-30",572,3,276.88,4,4,4,"4,4,4"
753,"2024-10-30",572,2,423.17,4,4,4,"4,4,4"
17063,"2024-10-30",572,2,170.84,4,3,3,"4,3,3"
14596,"2024-10-30",572,2,207.97,4,3,3,"4,3,3"
18818,"2024-10-30",572,5,894.84,4,5,5,"4,5,5"
12552,"2024-10-30",572,1,30.71,4,2,1,"4,2,1"
7553,"2024-10-30",572,1,60.44,4,1,1,"4,1,1"
9177,"2024-10-30",572,2,342.23,4,4,4,"4,4,4"
6022,"2024-10-30",572,2,200.57,4,3,3,"4,3,3"
10095,"2024-10-30",572,4,190.47,4,5,3,"4,5,3"
5594,"2024-10-30",572,1,294.14,4,1,4,"4,1,4"
11585,"2024-10-31",571,2,257.63,4,3,4,"4,3,4"
12150,"2024-10-31",571,3,351.24,4,4,4,"4,4,4"
8564,"2024-10-31",571,1,18.10,4,2,1,"4,2,1"
6717,"2024-10-31",571,1,19.94,4,2,1,"4,2,1"
16958,"2024-10-31",571,4,589.36,4,5,5,"4,5,5"
13370,"2024-10-31",571,3,376.57,4,5,4,"4,5,4"
18691,"2024-10-31",571,3,397.67,4,4,4,"4,4,4"
7430,"2024-10-31",571,2,169.15,4,3,3,"4,3,3"
17464,"2024-10-31",571,3,196.92,4,4,3,"4,4,3"
8005,"2024-10-31",571,1,36.10,4,2,1,"4,2,1"
942,"2024-10-31",571,2,218.85,4,3,3,"4,3,3"
16618,"2024-10-31",571,3,466.43,4,5,5,"4,5,5"
9829,"2024-10-31",571,1,131.89,4,2,2,"4,2,2"
8512,"2024-10-31",571,3,131.07,4,5,2,"4,5,2"
18734,"2024-10-31",571,1,12.73,4,1,1,"4,1,1"
11190,"2024-10-31",571,3,246.48,4,5,3,"4,5,3"
14011,"2024-10-31",571,2,403.07,4,4,4,"4,4,4"
11832,"2024-11-01",570,1,371.42,4,1,4,"4,1,4"
19875,"2024-11-01",570,1,18.39,4,2,1,"4,2,1"
524,"2024-11-01",570,3,479.61,4,5,5,"4,5,5"
19673,"2024-11-01",570,2,179.21,4,3,3,"4,3,3"
9090,"2024-11-01",570,1,112.97,4,2,2,"4,2,2"
11221,"2024-11-01",570,2,177.86,4,3,3,"4,3,3"
8801,"2024-11-01",570,3,309.94,4,5,4,"4,5,4"
2455,"2024-11-01",570,1,91.01,4,2,2,"4,2,2"
15556,"2024-11-01",570,2,143.40,4,3,2,"4,3,2"
8154,"2024-11-01",570,3,809.74,4,5,5,"4,5,5"
585,"2024-11-01",570,3,103.98,4,4,2,"4,4,2"
515,"2024-11-01",570,3,747.64,4,4,5,"4,4,5"
16371,"2024-11-01",570,3,197.00,4,4,3,"4,4,3"
18426,"2024-11-01",570,2,1833.68,4,4,5,"4,4,5"
4216,"2024-11-01",570,2,210.20,4,3,3,"4,3,3"
18344,"2024-11-01",570,2,41.67,4,2,1,"4,2,1"
18811,"2024-11-02",569,3,210.17,4,4,3,"4,4,3"
3802,"2024-11-02",569,4,559.87,4,5,5,"4,5,5"
3888,"2024-11-02",569,1,186.84,4,1,3,"4,1,3"
15723,"2024-11-02",569,1,226.32,4,1,3,"4,1,3"
14378,"2024-11-02",569,3,160.28,4,5,3,"4,5,3"
18951,"2024-11-02",569,2,387.08,4,4,4,"4,4,4"
5806,"2024-11-02",569,3,359.60,4,4,4,"4,4,4"
5415,"2024-11-02",569,2,370.65,4,4,4,"4,4,4"
10603,"2024-11-02",569,3,220.95,4,5,3,"4,5,3"
14076,"2024-11-02",569,3,680.54,4,4,5,"4,4,5"
17073,"2024-11-02",569,1,358.66,4,1,4,"4,1,4"
14519,"2024-11-02",569,1,23.56,4,2,1,"4,2,1"
17657,"2024-11-02",569,2,81.27,4,3,2,"4,3,2"
5022,"2024-11-02",569,1,297.88,4,1,4,"4,1,4"
7606,"2024-11-03",568,3,879.67,4,5,5,"4,5,5"
8047,"2024-11-03",568,1,41.97,4,1,1,"4,1,1"
3476,"2024-11-03",568,5,563.56,4,5,5,"4,5,5"
13465,"2024-11-03",568,4,795.02,4,5,5,"4,5,5"
4311,"2024-11-03",568,1,27.05,4,2,1,"4,2,1"
11392,"2024-11-03",568,2,280.99,4,3,4,"4,3,4"
2989,"2024-11-03",568,3,254.59,4,5,3,"4,5,3"
2496,"2024-11-03",568,3,184.22,4,4,3,"4,4,3"
15524,"2024-11-03",568,1,16.16,4,2,1,"4,2,1"
5303,"2024-11-03",568,2,80.37,4,3,2,"4,3,2"
1467,"2024-11-04",567,4,542.46,4,5,5,"4,5,5"
17861,"2024-11-04",567,3,283.99,4,4,4,"4,4,4"
17132,"2024-11-04",567,2,55.65,4,2,1,"4,2,1"
17707,"2024-11-04",567,2,93.84,4,3,2,"4,3,2"
9375,"2024-11-04",567,4,390.88,4,5,4,"4,5,4"
11997,"2024-11-05",566,3,374.68,4,5,4,"4,5,4"
14803,"2024-11-05",566,2,287.31,4,4,4,"4,4,4"
10339,"2024-11-05",566,2,233.34,4,3,3,"4,3,3"
10021,"2024-11-05",566,2,167.55,4,3,3,"4,3,3"
16534,"2024-11-05",566,3,176.54,4,4,3,"4,4,3"
2221,"2024-11-05",566,2,249.19,4,3,3,"4,3,3"
962,"2024-11-05",566,2,77.87,4,3,2,"4,3,2"
11931,"2024-11-05",566,1,174.98,4,1,3,"4,1,3"
218,"2024-11-05",566,2,307.51,4,4,4,"4,4,4"
2077,"2024-11-05",566,3,348.31,4,5,4,"4,5,4"
19591,"2024-11-05",566,2,568.31,4,4,5,"4,4,5"
11958,"2024-11-05",566,3,234.75,4,5,3,"4,5,3"
15316,"2024-11-05",566,2,954.14,4,4,5,"4,4,5"
4369,"2024-11-05",566,2,183.66,4,3,3,"4,3,3"
4191,"2024-11-06",565,9,1179.38,4,5,5,"4,5,5"
10225,"2024-11-06",565,2,399.74,4,4,4,"4,4,4"
7331,"2024-11-06",565,1,212.70,4,1,3,"4,1,3"
10995,"2024-11-06",565,2,447.58,4,4,5,"4,4,5"
14618,"2024-11-06",565,3,287.52,4,4,4,"4,4,4"
4690,"2024-11-06",565,1,48.54,4,1,1,"4,1,1"
7088,"2024-11-06",565,3,216.94,4,5,3,"4,5,3"
18615,"2024-11-06",565,4,241.23,4,5,3,"4,5,3"
11577,"2024-11-06",565,4,123.10,4,5,2,"4,5,2"
12492,"2024-11-06",565,2,204.12,4,3,3,"4,3,3"
8663,"2024-11-06",565,3,375.85,4,5,4,"4,5,4"
18803,"2024-11-07",564,2,362.97,4,4,4,"4,4,4"
918,"2024-11-07",564,1,26.62,4,2,1,"4,2,1"
12764,"2024-11-07",564,2,99.66,4,3,2,"4,3,2"
8659,"2024-11-07",564,2,263.16,4,3,4,"4,3,4"
16422,"2024-11-07",564,1,69.77,4,1,1,"4,1,1"
14520,"2024-11-07",564,2,125.17,4,3,2,"4,3,2"
8502,"2024-11-07",564,1,103.48,4,2,2,"4,2,2"
19422,"2024-11-07",564,1,30.27,4,2,1,"4,2,1"
5604,"2024-11-07",564,3,313.99,4,5,4,"4,5,4"
15995,"2024-11-07",564,3,498.95,4,5,5,"4,5,5"
17414,"2024-11-07",564,3,294.83,4,4,4,"4,4,4"
7312,"2024-11-07",564,1,548.53,4,2,5,"4,2,5"
18878,"2024-11-07",564,1,24.77,4,2,1,"4,2,1"
11555,"2024-11-08",563,5,467.69,4,5,5,"4,5,5"
14617,"2024-11-08",563,2,273.49,4,3,4,"4,3,4"
12906,"2024-11-08",563,3,130.89,4,5,2,"4,5,2"
3415,"2024-11-08",563,2,857.08,4,4,5,"4,4,5"
10393,"2024-11-08",563,1,88.54,4,2,2,"4,2,2"
2998,"2024-11-08",563,2,103.30,4,3,2,"4,3,2"
13559,"2024-11-08",563,3,103.12,4,4,2,"4,4,2"
4303,"2024-11-08",563,2,66.19,4,3,1,"4,3,1"
17604,"2024-11-08",563,2,387.71,4,4,4,"4,4,4"
8566,"2024-11-08",563,1,104.07,4,2,2,"4,2,2"
18622,"2024-11-08",563,3,108.61,4,4,2,"4,4,2"
4892,"2024-11-08",563,2,287.72,4,4,4,"4,4,4"
12245,"2024-11-08",563,2,231.34,4,3,3,"4,3,3"
2193,"2024-11-08",563,2,346.42,4,4,4,"4,4,4"
2069,"2024-11-08",563,2,162.82,4,3,3,"4,3,3"
4363,"2024-11-08",563,1,69.47,4,1,1,"4,1,1"
11315,"2024-11-08",563,2,112.19,4,3,2,"4,3,2"
541,"2024-11-08",563,1,47.24,4,1,1,"4,1,1"
1656,"2024-11-08",563,2,322.06,4,4,4,"4,4,4"
16715,"2024-11-08",563,3,89.09,4,4,2,"4,4,2"
1499,"2024-11-09",562,1,53.96,4,1,1,"4,1,1"
1627,"2024-11-09",562,1,56.46,4,1,1,"4,1,1"
19733,"2024-11-09",562,2,178.63,4,3,3,"4,3,3"
11660,"2024-11-09",562,1,3.50,4,2,1,"4,2,1"
10469,"2024-11-09",562,2,347.24,4,4,4,"4,4,4"
19237,"2024-11-09",562,3,399.28,4,4,4,"4,4,4"
8308,"2024-11-09",562,1,38.98,4,2,1,"4,2,1"
14997,"2024-11-09",562,3,273.18,4,4,4,"4,4,4"
13046,"2024-11-09",562,5,553.61,4,5,5,"4,5,5"
8532,"2024-11-09",562,2,46.15,4,2,1,"4,2,1"
7928,"2024-11-10",561,2,345.60,4,4,4,"4,4,4"
15776,"2024-11-10",561,2,581.20,4,4,5,"4,4,5"
859,"2024-11-10",561,6,295.67,4,5,4,"4,5,4"
496,"2024-11-10",561,3,384.93,4,4,4,"4,4,4"
13540,"2024-11-10",561,1,164.20,4,1,3,"4,1,3"
1384,"2024-11-10",561,6,701.71,4,5,5,"4,5,5"
16393,"2024-11-10",561,4,391.88,4,5,4,"4,5,4"
4457,"2024-11-10",561,3,124.43,4,5,2,"4,5,2"
19242,"2024-11-10",561,2,157.08,4,3,3,"4,3,3"
14639,"2024-11-10",561,3,75.06,4,5,2,"4,5,2"
7392,"2024-11-10",561,3,348.92,4,5,4,"4,5,4"
13161,"2024-11-11",560,3,471.00,4,5,5,"4,5,5"
16046,"2024-11-11",560,2,602.48,4,4,5,"4,4,5"
19225,"2024-11-11",560,2,103.95,4,3,2,"4,3,2"
5278,"2024-11-11",560,1,18.50,4,2,1,"4,2,1"
6206,"2024-11-11",560,3,433.60,4,5,5,"4,5,5"
13354,"2024-11-11",560,4,262.09,4,5,4,"4,5,4"
6213,"2024-11-11",560,1,259.09,4,1,4,"4,1,4"
8114,"2024-11-11",560,4,929.86,4,5,5,"4,5,5"
19986,"2024-11-11",560,3,242.65,4,5,3,"4,5,3"
5192,"2024-11-11",560,1,180.71,4,1,3,"4,1,3"
6055,"2024-11-11",560,1,27.66,4,2,1,"4,2,1"
18574,"2024-11-11",560,3,155.37,4,5,3,"4,5,3"
13546,"2024-11-11",560,2,301.81,4,4,4,"4,4,4"
17140,"2024-11-11",560,1,352.25,4,1,4,"4,1,4"
3364,"2024-11-12",559,1,157.38,4,1,3,"4,1,3"
14104,"2024-11-12",559,2,87.17,4,3,2,"4,3,2"
2058,"2024-11-12",559,1,228.25,4,1,3,"4,1,3"
12356,"2024-11-12",559,2,222.92,4,3,3,"4,3,3"
14573,"2024-11-12",559,4,363.01,4,5,4,"4,5,4"
14417,"2024-11-12",559,2,160.63,4,3,3,"4,3,3"
2418,"2024-11-12",559,2,130.92,4,3,2,"4,3,2"
15986,"2024-11-12",559,2,269.15,4,3,4,"4,3,4"
14043,"2024-11-12",559,4,880.01,4,5,5,"4,5,5"
3291,"2024-11-12",559,3,397.27,4,4,4,"4,4,4"
17055,"2024-11-12",559,5,871.93,4,5,5,"4,5,5"
4683,"2024-11-12",559,2,85.14,4,3,2,"4,3,2"
8585,"2024-11-12",559,2,138.20,4,3,2,"4,3,2"
17090,"2024-11-13",558,3,118.83,4,5,2,"4,5,2"
4162,"2024-11-13",558,6,1143.34,4,5,5,"4,5,5"
5901,"2024-11-13",558,2,827.87,4,4,5,"4,4,5"
2881,"2024-11-13",558,4,196.01,4,5,3,"4,5,3"
16758,"2024-11-13",558,2,259.17,4,3,4,"4,3,4"
264,"2024-11-13",558,4,322.40,4,5,4,"4,5,4"
16872,"2024-11-13",558,2,100.13,4,3,2,"4,3,2"
1907,"2024-11-13",558,1,132.06,4,2,2,"4,2,2"
9004,"2024-11-13",558,3,75.28,4,5,2,"4,5,2"
2107,"2024-11-13",558,2,95.18,4,3,2,"4,3,2"
5905,"2024-11-13",558,2,288.48,4,4,4,"4,4,4"
15987,"2024-11-13",558,3,507.04,4,5,5,"4,5,5"
11429,"2024-11-13",558,2,372.58,4,4,4,"4,4,4"
13862,"2024-11-14",557,2,50.63,4,2,1,"4,2,1"
17383,"2024-11-14",557,3,242.54,4,5,3,"4,5,3"
18573,"2024-11-14",557,3,833.36,4,5,5,"4,5,5"
3967,"2024-11-14",557,2,206.80,4,3,3,"4,3,3"
10065,"2024-11-14",557,4,161.58,4,5,3,"4,5,3"
19999,"2024-11-14",557,2,57.36,4,3,1,"4,3,1"
15382,"2024-11-14",557,2,53.57,4,2,1,"4,2,1"
10449,"2024-11-14",557,4,441.60,4,5,5,"4,5,5"
17591,"2024-11-14",557,2,174.73,4,3,3,"4,3,3"
19987,"2024-11-14",557,2,304.08,4,4,4,"4,4,4"
7671,"2024-11-14",557,3,479.75,4,5,5,"4,5,5"
11890,"2024-11-14",557,2,274.38,4,3,4,"4,3,4"
15424,"2024-11-14",557,1,6.98,4,2,1,"4,2,1"
10678,"2024-11-14",557,2,115.33,4,3,2,"4,3,2"
4031,"2024-11-14",557,1,132.74,4,2,2,"4,2,2"
3070,"2024-11-15",556,3,666.28,4,5,5,"4,5,5"
13104,"2024-11-15",556,1,87.52,4,2,2,"4,2,2"
7086,"2024-11-15",556,5,724.45,4,5,5,"4,5,5"
6334,"2024-11-15",556,3,366.21,4,5,4,"4,5,4"
15286,"2024-11-15",556,2,291.93,4,4,4,"4,4,4"
9787,"2024-11-15",556,3,429.40,4,4,4,"4,4,4"
240,"2024-11-15",556,2,49.32,4,2,1,"4,2,1"
5711,"2024-11-15",556,1,45.17,4,1,1,"4,1,1"
17139,"2024-11-15",556,1,108.60,4,2,2,"4,2,2"
2271,"2024-11-15",556,1,38.57,4,2,1,"4,2,1"
395,"2024-11-15",556,5,1273.15,4,5,5,"4,5,5"
362,"2024-11-15",556,4,696.85,4,5,5,"4,5,5"
13766,"2024-11-15",556,2,323.79,4,4,4,"4,4,4"
19761,"2024-11-15",556,1,55.02,4,1,1,"4,1,1"
10889,"2024-11-16",555,4,401.04,4,5,4,"4,5,4"
7891,"2024-11-16",555,1,123.80,4,2,2,"4,2,2"
5104,"2024-11-16",555,2,585.73,4,4,5,"4,4,5"
3795,"2024-11-16",555,1,133.95,4,2,2,"4,2,2"
1892,"2024-11-16",555,3,296.11,4,4,4,"4,4,4"
846,"2024-11-16",555,3,304.38,4,4,4,"4,4,4"
2815,"2024-11-16",555,2,367.63,4,4,4,"4,4,4"
8352,"2024-11-17",554,1,8.79,4,1,1,"4,1,1"
17716,"2024-11-17",554,1,85.71,4,2,2,"4,2,2"
18457,"2024-11-17",554,3,254.15,4,5,3,"4,5,3"
13913,"2024-11-17",554,1,302.72,4,1,4,"4,1,4"
1645,"2024-11-17",554,2,244.04,4,3,3,"4,3,3"
405,"2024-11-17",554,1,75.36,4,2,2,"4,2,2"
4487,"2024-11-17",554,2,72.30,4,3,1,"4,3,1"
11944,"2024-11-17",554,3,218.08,4,5,3,"4,5,3"
2602,"2024-11-17",554,2,336.37,4,4,4,"4,4,4"
3579,"2024-11-18",553,1,290.55,4,1,4,"4,1,4"
4565,"2024-11-18",553,3,173.31,4,5,3,"4,5,3"
2346,"2024-11-18",553,3,501.68,4,5,5,"4,5,5"
4105,"2024-11-18",553,1,62.10,4,1,1,"4,1,1"
15046,"2024-11-18",553,3,381.71,4,5,4,"4,5,4"
15416,"2024-11-18",553,3,372.63,4,5,4,"4,5,4"
19076,"2024-11-18",553,3,386.93,4,4,4,"4,4,4"
14221,"2024-11-18",553,2,728.68,4,4,5,"4,4,5"
670,"2024-11-18",553,2,85.86,4,3,2,"4,3,2"
969,"2024-11-18",553,4,422.34,4,5,4,"4,5,4"
19913,"2024-11-18",553,2,320.65,4,4,4,"4,4,4"
14143,"2024-11-18",553,1,7.79,4,1,1,"4,1,1"
8808,"2024-11-18",553,2,180.57,4,3,3,"4,3,3"
16882,"2024-11-18",553,1,554.64,4,2,5,"4,2,5"
1393,"2024-11-18",553,1,15.13,4,1,1,"4,1,1"
6772,"2024-11-18",553,1,28.47,4,2,1,"4,2,1"
811,"2024-11-18",553,3,227.04,4,5,3,"4,5,3"
2643,"2024-11-19",552,2,150.53,4,3,2,"4,3,2"
10498,"2024-11-19",552,1,145.18,4,1,2,"4,1,2"
2543,"2024-11-19",552,4,257.21,4,5,4,"4,5,4"
18861,"2024-11-19",552,4,175.63,4,5,3,"4,5,3"
18418,"2024-11-19",552,2,276.15,4,3,4,"4,3,4"
5808,"2024-11-19",552,1,9.25,4,1,1,"4,1,1"
9531,"2024-11-19",552,2,105.79,4,3,2,"4,3,2"
1070,"2024-11-19",552,1,244.55,4,1,3,"4,1,3"
17572,"2024-11-19",552,3,841.49,4,5,5,"4,5,5"
5563,"2024-11-19",552,3,288.09,4,4,4,"4,4,4"
1585,"2024-11-19",552,6,383.48,4,5,4,"4,5,4"
4722,"2024-11-20",551,4,402.09,4,5,4,"4,5,4"
1333,"2024-11-20",551,1,106.10,4,2,2,"4,2,2"
3274,"2024-11-20",551,2,71.97,4,3,1,"4,3,1"
14822,"2024-11-20",551,2,124.70,4,3,2,"4,3,2"
9395,"2024-11-20",551,2,236.33,4,3,3,"4,3,3"
244,"2024-11-20",551,1,45.56,4,1,1,"4,1,1"
6708,"2024-11-20",551,3,640.50,4,4,5,"4,4,5"
12232,"2024-11-20",551,5,510.41,4,5,5,"4,5,5"
915,"2024-11-20",551,4,688.52,4,5,5,"4,5,5"
14354,"2024-11-20",551,3,729.58,4,4,5,"4,4,5"
12659,"2024-11-20",551,4,254.61,4,5,3,"4,5,3"
8015,"2024-11-20",551,2,178.14,4,3,3,"4,3,3"
3017,"2024-11-20",551,2,186.54,4,3,3,"4,3,3"
9229,"2024-11-20",551,1,116.31,4,2,2,"4,2,2"
10870,"2024-11-21",550,3,148.32,4,4,2,"4,4,2"
8274,"2024-11-21",550,2,116.22,4,3,2,"4,3,2"
5133,"2024-11-21",550,6,842.42,4,5,5,"4,5,5"
3954,"2024-11-21",550,1,116.69,4,2,2,"4,2,2"
15582,"2024-11-21",550,2,271.09,4,3,4,"4,3,4"
9168,"2024-11-21",550,1,6.70,4,2,1,"4,2,1"
6899,"2024-11-21",550,2,265.30,4,3,4,"4,3,4"
5485,"2024-11-22",549,2,331.80,4,4,4,"4,4,4"
17705,"2024-11-22",549,5,781.33,4,5,5,"4,5,5"
15512,"2024-11-22",549,2,342.99,4,4,4,"4,4,4"
8536,"2024-11-22",549,3,139.04,4,4,2,"4,4,2"
8083,"2024-11-22",549,2,349.86,4,4,4,"4,4,4"
6573,"2024-11-22",549,3,298.78,4,4,4,"4,4,4"
17319,"2024-11-22",549,3,122.83,4,5,2,"4,5,2"
14093,"2024-11-22",549,2,209.54,4,3,3,"4,3,3"
8495,"2024-11-22",549,1,99.35,4,2,2,"4,2,2"
17141,"2024-11-22",549,5,861.60,4,5,5,"4,5,5"
3103,"2024-11-22",549,1,154.28,4,1,3,"4,1,3"
6281,"2024-11-22",549,2,255.49,4,3,3,"4,3,3"
14157,"2024-11-22",549,2,171.46,4,3,3,"4,3,3"
18644,"2024-11-22",549,4,205.14,4,5,3,"4,5,3"
18378,"2024-11-22",549,1,73.24,4,1,1,"4,1,1"
7947,"2024-11-22",549,2,128.24,4,3,2,"4,3,2"
19021,"2024-11-22",549,4,522.15,4,5,5,"4,5,5"
9175,"2024-11-22",549,3,289.42,4,4,4,"4,4,4"
18799,"2024-11-22",549,4,626.63,4,5,5,"4,5,5"
15465,"2024-11-22",549,2,57.83,4,3,1,"4,3,1"
15850,"2024-11-22",549,1,47.12,4,1,1,"4,1,1"
10581,"2024-11-22",549,4,417.24,4,5,4,"4,5,4"
3265,"2024-11-23",548,4,272.50,4,5,4,"4,5,4"
10957,"2024-11-23",548,3,674.36,4,4,5,"4,4,5"
2992,"2024-11-23",548,3,820.04,4,5,5,"4,5,5"
17443,"2024-11-23",548,2,170.92,4,3,3,"4,3,3"
11620,"2024-11-23",548,2,335.52,4,4,4,"4,4,4"
18719,"2024-11-23",548,1,50.15,4,1,1,"4,1,1"
257,"2024-11-23",548,4,274.03,4,5,4,"4,5,4"
6564,"2024-11-23",548,2,230.03,4,3,3,"4,3,3"
19785,"2024-11-23",548,6,925.47,4,5,5,"4,5,5"
6677,"2024-11-23",548,2,260.47,4,3,4,"4,3,4"
11782,"2024-11-23",548,1,18.54,4,2,1,"4,2,1"
16682,"2024-11-23",548,2,320.00,4,4,4,"4,4,4"
15014,"2024-11-23",548,1,9.79,4,1,1,"4,1,1"
13091,"2024-11-24",547,1,378.50,4,1,4,"4,1,4"
12233,"2024-11-24",547,1,183.24,4,1,3,"4,1,3"
12286,"2024-11-24",547,1,31.94,4,2,1,"4,2,1"
793,"2024-11-24",547,2,854.28,4,4,5,"4,4,5"
14031,"2024-11-24",547,2,510.32,4,4,5,"4,4,5"
9290,"2024-11-24",547,2,135.36,4,3,2,"4,3,2"
18658,"2024-11-24",547,1,244.80,4,1,3,"4,1,3"
2264,"2024-11-24",547,1,39.13,4,2,1,"4,2,1"
17558,"2024-11-24",547,3,203.45,4,4,3,"4,4,3"
6443,"2024-11-24",547,4,129.56,4,5,2,"4,5,2"
12378,"2024-11-24",547,4,461.61,4,5,5,"4,5,5"
1210,"2024-11-24",547,2,584.77,4,4,5,"4,4,5"
1109,"2024-11-25",546,3,593.14,4,4,5,"4,4,5"
5076,"2024-11-25",546,4,488.41,4,5,5,"4,5,5"
5733,"2024-11-25",546,3,305.33,4,4,4,"4,4,4"
15646,"2024-11-25",546,3,207.24,4,4,3,"4,4,3"
19518,"2024-11-25",546,1,29.12,4,2,1,"4,2,1"
16483,"2024-11-25",546,1,113.45,4,2,2,"4,2,2"
435,"2024-11-25",546,1,52.87,4,1,1,"4,1,1"
8695,"2024-11-25",546,1,140.10,4,2,2,"4,2,2"
12329,"2024-11-25",546,2,466.56,4,4,5,"4,4,5"
16398,"2024-11-25",546,5,811.37,4,5,5,"4,5,5"
17112,"2024-11-25",546,2,122.73,4,3,2,"4,3,2"
5886,"2024-11-25",546,2,162.31,4,3,3,"4,3,3"
12875,"2024-11-25",546,2,117.83,4,3,2,"4,3,2"
15273,"2024-11-25",546,3,498.97,4,5,5,"4,5,5"
10089,"2024-11-25",546,2,264.60,4,3,4,"4,3,4"
15213,"2024-11-25",546,5,404.05,4,5,4,"4,5,4"
7011,"2024-11-25",546,3,1017.82,4,4,5,"4,4,5"
10254,"2024-11-25",546,3,449.27,4,5,5,"4,5,5"
11217,"2024-11-26",545,2,93.73,4,3,2,"4,3,2"
16269,"2024-11-26",545,3,364.33,4,5,4,"4,5,4"
14881,"2024-11-26",545,1,138.20,4,2,2,"4,2,2"
16532,"2024-11-26",545,2,329.01,4,4,4,"4,4,4"
5918,"2024-11-26",545,1,208.40,4,1,3,"4,1,3"
2289,"2024-11-26",545,1,40.86,4,1,1,"4,1,1"
3736,"2024-11-26",545,3,309.91,4,5,4,"4,5,4"
9507,"2024-11-26",545,3,518.42,4,5,5,"4,5,5"
1767,"2024-11-26",545,1,7.90,4,1,1,"4,1,1"
6317,"2024-11-26",545,2,38.36,4,2,1,"4,2,1"
13708,"2024-11-26",545,3,257.19,4,5,4,"4,5,4"
16854,"2024-11-26",545,2,246.31,4,3,3,"4,3,3"
15563,"2024-11-26",545,3,231.24,4,5,3,"4,5,3"
9276,"2024-11-26",545,2,272.06,4,3,4,"4,3,4"
15352,"2024-11-26",545,1,92.16,4,2,2,"4,2,2"
9259,"2024-11-27",544,3,228.99,4,5,3,"4,5,3"
2819,"2024-11-27",544,4,914.51,4,5,5,"4,5,5"
11828,"2024-11-27",544,2,201.08,4,3,3,"4,3,3"
18400,"2024-11-27",544,1,41.70,4,1,1,"4,1,1"
6463,"2024-11-27",544,2,522.46,4,4,5,"4,4,5"
6,"2024-11-27",544,4,387.40,4,5,4,"4,5,4"
9962,"2024-11-27",544,1,143.48,4,2,2,"4,2,2"
9884,"2024-11-27",544,4,650.02,4,5,5,"4,5,5"
6920,"2024-11-27",544,3,122.16,4,5,2,"4,5,2"
9824,"2024-11-27",544,3,630.78,4,5,5,"4,5,5"
16433,"2024-11-28",543,3,196.86,4,4,3,"4,4,3"
10542,"2024-11-28",543,2,98.95,4,3,2,"4,3,2"
4315,"2024-11-28",543,1,621.33,4,2,5,"4,2,5"
6617,"2024-11-28",543,4,382.61,4,5,4,"4,5,4"
11903,"2024-11-28",543,1,286.24,4,1,4,"4,1,4"
16035,"2024-11-28",543,3,98.47,4,5,2,"4,5,2"
14991,"2024-11-28",543,3,397.70,4,4,4,"4,4,4"
9085,"2024-11-28",543,1,113.82,4,2,2,"4,2,2"
4197,"2024-11-28",543,1,105.81,4,2,2,"4,2,2"
17841,"2024-11-28",543,3,457.47,4,5,5,"4,5,5"
12450,"2024-11-28",543,3,490.38,4,5,5,"4,5,5"
18864,"2024-11-28",543,3,824.70,4,5,5,"4,5,5"
13614,"2024-11-29",542,2,354.06,4,4,4,"4,4,4"
5599,"2024-11-29",542,1,128.69,4,2,2,"4,2,2"
14180,"2024-11-29",542,2,278.57,4,3,4,"4,3,4"
13625,"2024-11-29",542,2,68.82,4,3,1,"4,3,1"
1604,"2024-11-29",542,2,296.28,4,4,4,"4,4,4"
5167,"2024-11-29",542,3,220.68,4,5,3,"4,5,3"
4494,"2024-11-29",542,4,410.94,4,5,4,"4,5,4"
9311,"2024-11-29",542,2,300.28,4,4,4,"4,4,4"
13908,"2024-11-29",542,3,743.04,4,4,5,"4,4,5"
12021,"2024-11-29",542,1,107.46,4,2,2,"4,2,2"
185,"2024-11-30",541,3,575.53,4,4,5,"4,4,5"
834,"2024-11-30",541,3,357.97,4,4,4,"4,4,4"
18230,"2024-11-30",541,2,181.72,4,3,3,"4,3,3"
312,"2024-11-30",541,2,77.04,4,3,2,"4,3,2"
16152,"2024-11-30",541,1,587.75,4,2,5,"4,2,5"
8082,"2024-11-30",541,4,530.20,4,5,5,"4,5,5"
9841,"2024-11-30",541,2,381.46,4,4,4,"4,4,4"
15461,"2024-11-30",541,2,312.15,4,4,4,"4,4,4"
8160,"2024-11-30",541,3,212.42,4,4,3,"4,4,3"
19929,"2024-11-30",541,5,1395.10,4,5,5,"4,5,5"
1593,"2024-11-30",541,1,169.66,4,1,3,"4,1,3"
13146,"2024-11-30",541,4,151.86,4,5,3,"4,5,3"
8629,"2024-12-01",540,3,690.40,4,5,5,"4,5,5"
8837,"2024-12-01",540,1,24.63,4,2,1,"4,2,1"
7237,"2024-12-01",540,2,563.97,4,4,5,"4,4,5"
7727,"2024-12-01",540,3,138.56,4,4,2,"4,4,2"
18662,"2024-12-01",540,3,328.13,4,4,4,"4,4,4"
17635,"2024-12-01",540,2,41.07,4,2,1,"4,2,1"
8196,"2024-12-01",540,4,460.80,4,5,5,"4,5,5"
18453,"2024-12-01",540,4,494.91,4,5,5,"4,5,5"
4238,"2024-12-01",540,1,10.04,4,1,1,"4,1,1"
7379,"2024-12-01",540,1,114.63,4,2,2,"4,2,2"
8399,"2024-12-01",540,4,848.01,4,5,5,"4,5,5"
13470,"2024-12-01",540,2,397.26,4,4,4,"4,4,4"
5565,"2024-12-01",540,2,450.84,4,4,5,"4,4,5"
17219,"2024-12-01",540,2,73.38,4,3,1,"4,3,1"
7068,"2024-12-01",540,2,563.13,4,4,5,"4,4,5"
2727,"2024-12-01",540,2,167.54,4,3,3,"4,3,3"
2572,"2024-12-01",540,3,398.90,4,4,4,"4,4,4"
19678,"2024-12-02",539,3,549.07,4,4,5,"4,4,5"
12696,"2024-12-02",539,2,141.73,4,3,2,"4,3,2"
8172,"2024-12-02",539,2,581.08,4,4,5,"4,4,5"
7000,"2024-12-02",539,4,275.77,4,5,4,"4,5,4"
14749,"2024-12-02",539,2,196.38,4,3,3,"4,3,3"
17404,"2024-12-02",539,2,164.26,4,3,3,"4,3,3"
9731,"2024-12-02",539,2,211.18,4,3,3,"4,3,3"
9535,"2024-12-02",539,3,628.42,4,5,5,"4,5,5"
14783,"2024-12-02",539,3,824.33,4,5,5,"4,5,5"
9029,"2024-12-02",539,2,252.11,4,3,3,"4,3,3"
18572,"2024-12-02",539,1,237.95,4,1,3,"4,1,3"
5927,"2024-12-02",539,2,762.31,4,4,5,"4,4,5"
2167,"2024-12-02",539,3,304.91,4,4,4,"4,4,4"
10643,"2024-12-03",538,1,202.52,4,1,3,"4,1,3"
2723,"2024-12-03",538,3,506.80,4,5,5,"4,5,5"
16880,"2024-12-03",538,3,738.11,4,4,5,"4,4,5"
4866,"2024-12-03",538,5,665.41,4,5,5,"4,5,5"
18711,"2024-12-03",538,2,241.99,4,3,3,"4,3,3"
11566,"2024-12-03",538,2,150.20,4,3,2,"4,3,2"
15079,"2024-12-03",538,2,284.43,4,3,4,"4,3,4"
5246,"2024-12-03",538,2,135.11,4,3,2,"4,3,2"
5763,"2024-12-03",538,3,137.17,4,5,2,"4,5,2"
14003,"2024-12-03",538,4,244.41,4,5,3,"4,5,3"
13112,"2024-12-03",538,1,213.94,4,1,3,"4,1,3"
16898,"2024-12-03",538,2,103.14,4,3,2,"4,3,2"
18160,"2024-12-03",538,1,85.99,4,2,2,"4,2,2"
9555,"2024-12-03",538,1,277.86,4,1,4,"4,1,4"
7825,"2024-12-03",538,4,812.38,4,5,5,"4,5,5"
17767,"2024-12-03",538,2,154.47,4,3,3,"4,3,3"
11464,"2024-12-04",537,2,356.31,4,4,4,"4,4,4"
4974,"2024-12-04",537,3,311.65,4,5,4,"4,5,4"
14698,"2024-12-04",537,3,914.54,4,5,5,"4,5,5"
6145,"2024-12-04",537,2,343.07,4,4,4,"4,4,4"
5182,"2024-12-04",537,2,155.84,4,3,3,"4,3,3"
772,"2024-12-04",537,4,343.99,4,5,4,"4,5,4"
13968,"2024-12-04",537,5,1047.67,4,5,5,"4,5,5"
10052,"2024-12-04",537,2,587.81,4,4,5,"4,4,5"
5556,"2024-12-04",537,2,121.63,4,3,2,"4,3,2"
16817,"2024-12-04",537,2,81.42,4,3,2,"4,3,2"
18874,"2024-12-04",537,1,189.77,4,1,3,"4,1,3"
6172,"2024-12-05",536,2,202.14,4,3,3,"4,3,3"
8222,"2024-12-05",536,2,91.60,4,3,2,"4,3,2"
1174,"2024-12-05",536,2,211.13,4,3,3,"4,3,3"
5443,"2024-12-05",536,3,285.98,4,4,4,"4,4,4"
14637,"2024-12-05",536,2,191.66,4,3,3,"4,3,3"
6194,"2024-12-05",536,1,146.88,4,1,2,"4,1,2"
316,"2024-12-05",536,3,855.77,4,5,5,"4,5,5"
19575,"2024-12-05",536,2,246.61,4,3,3,"4,3,3"
14785,"2024-12-05",536,4,299.51,4,5,4,"4,5,4"
861,"2024-12-05",536,1,362.74,4,1,4,"4,1,4"
18557,"2024-12-05",536,1,113.27,4,2,2,"4,2,2"
19454,"2024-12-05",536,1,63.87,4,1,1,"4,1,1"
12744,"2024-12-05",536,2,116.74,4,3,2,"4,3,2"
3269,"2024-12-05",536,1,213.43,4,1,3,"4,1,3"
18271,"2024-12-06",535,2,113.56,4,3,2,"4,3,2"
9540,"2024-12-06",535,1,110.59,4,2,2,"4,2,2"
402,"2024-12-06",535,3,1015.68,4,4,5,"4,4,5"
2038,"2024-12-07",534,2,221.93,4,3,3,"4,3,3"
19048,"2024-12-07",534,2,63.05,4,3,1,"4,3,1"
5561,"2024-12-07",534,3,385.36,4,4,4,"4,4,4"
17921,"2024-12-07",534,2,130.63,4,3,2,"4,3,2"
7989,"2024-12-07",534,1,140.35,4,2,2,"4,2,2"
2312,"2024-12-07",534,3,270.24,4,4,4,"4,4,4"
17968,"2024-12-07",534,1,55.57,4,1,1,"4,1,1"
8279,"2024-12-07",534,5,425.64,4,5,4,"4,5,4"
10681,"2024-12-07",534,5,453.29,4,5,5,"4,5,5"
74,"2024-12-07",534,5,429.62,4,5,4,"4,5,4"
18288,"2024-12-07",534,3,636.74,4,5,5,"4,5,5"
8216,"2024-12-07",534,2,863.05,4,4,5,"4,4,5"
14848,"2024-12-08",533,1,123.53,4,2,2,"4,2,2"
2704,"2024-12-08",533,1,104.60,4,2,2,"4,2,2"
17832,"2024-12-08",533,4,800.51,4,5,5,"4,5,5"
8215,"2024-12-08",533,1,148.54,4,1,2,"4,1,2"
15097,"2024-12-08",533,1,133.69,4,2,2,"4,2,2"
3613,"2024-12-08",533,2,276.31,4,3,4,"4,3,4"
6209,"2024-12-08",533,3,461.61,4,5,5,"4,5,5"
14756,"2024-12-08",533,3,689.04,4,5,5,"4,5,5"
1251,"2024-12-08",533,3,194.81,4,4,3,"4,4,3"
715,"2024-12-08",533,1,97.43,4,2,2,"4,2,2"
18702,"2024-12-08",533,2,91.72,4,3,2,"4,3,2"
6731,"2024-12-08",533,1,41.99,4,1,1,"4,1,1"
5708,"2024-12-08",533,1,24.77,4,2,1,"4,2,1"
13679,"2024-12-08",533,2,739.65,4,4,5,"4,4,5"
5054,"2024-12-08",533,2,174.17,4,3,3,"4,3,3"
7422,"2024-12-09",532,1,161.69,4,1,3,"4,1,3"
14761,"2024-12-09",532,2,161.63,4,3,3,"4,3,3"
8749,"2024-12-09",532,2,60.99,4,3,1,"4,3,1"
144,"2024-12-09",532,2,160.97,4,3,3,"4,3,3"
13403,"2024-12-09",532,3,158.22,4,5,3,"4,5,3"
19569,"2024-12-09",532,1,8.45,4,1,1,"4,1,1"
6733,"2024-12-09",532,2,871.67,4,4,5,"4,4,5"
19462,"2024-12-09",532,1,316.72,4,1,4,"4,1,4"
9009,"2024-12-09",532,3,376.36,4,5,4,"4,5,4"
5735,"2024-12-09",532,2,394.92,4,4,4,"4,4,4"
13768,"2024-12-09",532,1,5.63,4,2,1,"4,2,1"
18522,"2024-12-09",532,2,138.59,4,3,2,"4,3,2"
5757,"2024-12-09",532,4,174.80,4,5,3,"4,5,3"
2811,"2024-12-10",531,1,417.33,4,2,4,"4,2,4"
19715,"2024-12-10",531,3,353.80,4,4,4,"4,4,4"
9305,"2024-12-10",531,2,240.74,4,3,3,"4,3,3"
10771,"2024-12-10",531,1,237.17,4,1,3,"4,1,3"
16853,"2024-12-10",531,2,125.50,4,3,2,"4,3,2"
3164,"2024-12-10",531,6,227.63,4,5,3,"4,5,3"
1911,"2024-12-10",531,2,37.19,4,2,1,"4,2,1"
359,"2024-12-10",531,3,260.20,4,4,4,"4,4,4"
4310,"2024-12-10",531,1,38.33,4,2,1,"4,2,1"
102,"2024-12-10",531,4,404.15,4,5,4,"4,5,4"
15212,"2024-12-10",531,1,5.76,4,2,1,"4,2,1"
14107,"2024-12-10",531,3,768.35,4,4,5,"4,4,5"
7662,"2024-12-11",530,5,562.50,4,5,5,"4,5,5"
2255,"2024-12-11",530,2,537.60,4,4,5,"4,4,5"
11527,"2024-12-11",530,2,87.38,4,3,2,"4,3,2"
14332,"2024-12-11",530,2,211.45,4,3,3,"4,3,3"
4318,"2024-12-11",530,4,332.75,4,5,4,"4,5,4"
3377,"2024-12-11",530,3,132.86,4,5,2,"4,5,2"
10175,"2024-12-11",530,1,21.51,4,2,1,"4,2,1"
14034,"2024-12-11",530,1,125.78,4,2,2,"4,2,2"
13961,"2024-12-11",530,2,113.20,4,3,2,"4,3,2"
19195,"2024-12-11",530,2,502.23,4,4,5,"4,4,5"
5173,"2024-12-11",530,4,483.40,4,5,5,"4,5,5"
17924,"2024-12-11",530,3,179.54,4,5,3,"4,5,3"
18141,"2024-12-11",530,1,53.62,4,1,1,"4,1,1"
16168,"2024-12-11",530,3,339.85,4,5,4,"4,5,4"
2596,"2024-12-12",529,4,519.30,4,5,5,"4,5,5"
3683,"2024-12-12",529,3,72.52,4,4,1,"4,4,1"
3798,"2024-12-12",529,2,380.26,4,4,4,"4,4,4"
1789,"2024-12-12",529,3,367.90,4,5,4,"4,5,4"
14255,"2024-12-12",529,2,62.84,4,3,1,"4,3,1"
3609,"2024-12-12",529,5,874.14,4,5,5,"4,5,5"
9336,"2024-12-12",529,1,350.47,4,1,4,"4,1,4"
13738,"2024-12-12",529,5,929.24,4,5,5,"4,5,5"
16418,"2024-12-12",529,1,7.41,4,1,1,"4,1,1"
14719,"2024-12-12",529,2,61.58,4,3,1,"4,3,1"
16448,"2024-12-12",529,3,778.72,4,4,5,"4,4,5"
3907,"2024-12-12",529,2,89.93,4,3,2,"4,3,2"
18769,"2024-12-12",529,4,534.83,4,5,5,"4,5,5"
1660,"2024-12-13",528,2,568.85,4,4,5,"4,4,5"
4551,"2024-12-13",528,1,85.51,4,2,2,"4,2,2"
10413,"2024-12-13",528,3,168.74,4,5,3,"4,5,3"
19781,"2024-12-13",528,2,367.61,4,4,4,"4,4,4"
16063,"2024-12-13",528,1,115.35,4,2,2,"4,2,2"
5079,"2024-12-13",528,1,71.07,4,1,1,"4,1,1"
16329,"2024-12-13",528,3,383.02,4,5,4,"4,5,4"
17598,"2024-12-13",528,3,134.64,4,5,2,"4,5,2"
2609,"2024-12-13",528,1,1266.59,4,1,5,"4,1,5"
14760,"2024-12-13",528,3,164.94,4,4,3,"4,4,3"
7017,"2024-12-13",528,1,42.54,4,1,1,"4,1,1"
3882,"2024-12-13",528,4,565.86,4,5,5,"4,5,5"
7752,"2024-12-13",528,2,135.11,4,3,2,"4,3,2"
11503,"2024-12-13",528,2,127.45,4,3,2,"4,3,2"
7003,"2024-12-13",528,6,967.68,4,5,5,"4,5,5"
3840,"2024-12-14",527,4,1117.23,4,5,5,"4,5,5"
16901,"2024-12-14",527,2,257.12,4,3,4,"4,3,4"
19646,"2024-12-14",527,3,646.24,4,4,5,"4,4,5"
18316,"2024-12-14",527,3,168.24,4,4,3,"4,4,3"
13435,"2024-12-14",527,2,447.14,4,4,5,"4,4,5"
4520,"2024-12-14",527,2,146.79,4,3,2,"4,3,2"
12234,"2024-12-15",526,2,354.33,4,4,4,"4,4,4"
5067,"2024-12-15",526,3,553.56,4,4,5,"4,4,5"
17020,"2024-12-15",526,3,377.97,4,5,4,"4,5,4"
5279,"2024-12-15",526,3,696.59,4,5,5,"4,5,5"
485,"2024-12-15",526,4,323.10,4,5,4,"4,5,4"
13418,"2024-12-15",526,4,142.99,4,5,2,"4,5,2"
18111,"2024-12-15",526,3,104.19,4,4,2,"4,4,2"
812,"2024-12-15",526,1,52.06,4,1,1,"4,1,1"
10474,"2024-12-15",526,1,37.90,4,2,1,"4,2,1"
10310,"2024-12-15",526,1,73.21,4,1,1,"4,1,1"
6240,"2024-12-15",526,4,403.84,4,5,4,"4,5,4"
11086,"2024-12-16",525,1,76.82,4,2,2,"4,2,2"
8933,"2024-12-16",525,1,31.59,4,2,1,"4,2,1"
8169,"2024-12-16",525,1,28.93,4,2,1,"4,2,1"
16967,"2024-12-16",525,4,862.83,4,5,5,"4,5,5"
4326,"2024-12-16",525,5,264.88,4,5,4,"4,5,4"
17026,"2024-12-16",525,3,762.34,4,4,5,"4,4,5"
9298,"2024-12-16",525,2,58.83,4,3,1,"4,3,1"
4113,"2024-12-16",525,2,93.22,4,3,2,"4,3,2"
16065,"2024-12-16",525,1,98.59,4,2,2,"4,2,2"
6893,"2024-12-16",525,3,245.81,4,5,3,"4,5,3"
10083,"2024-12-16",525,2,87.24,4,3,2,"4,3,2"
18520,"2024-12-17",524,1,46.88,4,1,1,"4,1,1"
6725,"2024-12-17",524,1,95.90,4,2,2,"4,2,2"
6026,"2024-12-17",524,1,147.52,4,1,2,"4,1,2"
15781,"2024-12-17",524,4,311.50,4,5,4,"4,5,4"
2708,"2024-12-17",524,3,127.22,4,5,2,"4,5,2"
11529,"2024-12-17",524,5,681.07,4,5,5,"4,5,5"
7130,"2024-12-17",524,4,635.06,4,5,5,"4,5,5"
3885,"2024-12-17",524,1,240.98,4,1,3,"4,1,3"
5177,"2024-12-17",524,3,186.35,4,4,3,"4,4,3"
5505,"2024-12-17",524,3,787.51,4,4,5,"4,4,5"
19081,"2024-12-17",524,4,299.33,4,5,4,"4,5,4"
6980,"2024-12-17",524,1,191.12,4,1,3,"4,1,3"
10637,"2024-12-18",523,2,159.99,4,3,3,"4,3,3"
13019,"2024-12-18",523,1,191.15,4,1,3,"4,1,3"
9063,"2024-12-18",523,2,219.58,4,3,3,"4,3,3"
13462,"2024-12-18",523,3,337.32,4,4,4,"4,4,4"
2295,"2024-12-18",523,1,75.67,4,2,2,"4,2,2"
5588,"2024-12-18",523,2,392.98,4,4,4,"4,4,4"
19602,"2024-12-18",523,5,381.24,4,5,4,"4,5,4"
6104,"2024-12-18",523,3,346.99,4,5,4,"4,5,4"
10996,"2024-12-18",523,3,245.60,4,5,3,"4,5,3"
19534,"2024-12-18",523,3,691.09,4,5,5,"4,5,5"
2430,"2024-12-18",523,2,352.08,4,4,4,"4,4,4"
3454,"2024-12-18",523,1,79.84,4,2,2,"4,2,2"
11090,"2024-12-18",523,1,48.51,4,1,1,"4,1,1"
11813,"2024-12-18",523,1,74.58,4,2,2,"4,2,2"
16206,"2024-12-18",523,2,245.32,4,3,3,"4,3,3"
9814,"2024-12-19",522,1,149.62,4,1,2,"4,1,2"
11416,"2024-12-19",522,2,254.61,4,3,3,"4,3,3"
10619,"2024-12-19",522,2,202.38,4,3,3,"4,3,3"
17589,"2024-12-19",522,2,291.75,4,4,4,"4,4,4"
8843,"2024-12-19",522,5,519.70,4,5,5,"4,5,5"
2299,"2024-12-19",522,2,246.33,4,3,3,"4,3,3"
4956,"2024-12-19",522,1,97.37,4,2,2,"4,2,2"
10829,"2024-12-19",522,6,978.07,4,5,5,"4,5,5"
10054,"2024-12-19",522,2,211.51,4,3,3,"4,3,3"
17594,"2024-12-19",522,1,85.11,4,2,2,"4,2,2"
10278,"2024-12-19",522,4,508.92,4,5,5,"4,5,5"
16142,"2024-12-20",521,4,328.21,4,5,4,"4,5,4"
3740,"2024-12-20",521,3,413.00,4,4,4,"4,4,4"
10400,"2024-12-20",521,2,127.78,4,3,2,"4,3,2"
6540,"2024-12-20",521,2,256.51,4,3,3,"4,3,3"
18546,"2024-12-20",521,1,60.38,4,1,1,"4,1,1"
6488,"2024-12-20",521,1,83.26,4,2,2,"4,2,2"
15585,"2024-12-20",521,4,664.81,4,5,5,"4,5,5"
14545,"2024-12-20",521,2,136.51,4,3,2,"4,3,2"
18730,"2024-12-20",521,4,406.52,4,5,4,"4,5,4"
2126,"2024-12-20",521,2,41.51,4,2,1,"4,2,1"
2180,"2024-12-20",521,3,638.61,4,4,5,"4,4,5"
11734,"2024-12-20",521,5,642.24,4,5,5,"4,5,5"
13964,"2024-12-20",521,4,468.76,4,5,5,"4,5,5"
17052,"2024-12-20",521,6,778.38,4,5,5,"4,5,5"
7953,"2024-12-20",521,2,23.09,4,2,1,"4,2,1"
11569,"2024-12-21",520,4,546.38,4,5,5,"4,5,5"
13134,"2024-12-21",520,1,115.93,4,2,2,"4,2,2"
8431,"2024-12-21",520,6,1374.14,4,5,5,"4,5,5"
10118,"2024-12-21",520,4,282.26,4,5,4,"4,5,4"
4464,"2024-12-21",520,2,175.21,4,3,3,"4,3,3"
5473,"2024-12-21",520,3,185.56,4,4,3,"4,4,3"
5310,"2024-12-21",520,1,167.13,4,1,3,"4,1,3"
4515,"2024-12-21",520,3,924.69,4,5,5,"4,5,5"
3221,"2024-12-21",520,1,212.63,4,1,3,"4,1,3"
14015,"2024-12-21",520,1,170.96,4,1,3,"4,1,3"
4163,"2024-12-21",520,2,293.09,4,4,4,"4,4,4"
9022,"2024-12-21",520,2,59.36,4,3,1,"4,3,1"
19803,"2024-12-21",520,2,48.31,4,2,1,"4,2,1"
4127,"2024-12-21",520,4,237.78,4,5,3,"4,5,3"
10162,"2024-12-22",519,3,538.37,4,5,5,"4,5,5"
6667,"2024-12-22",519,1,37.45,4,2,1,"4,2,1"
11294,"2024-12-22",519,1,77.27,4,2,2,"4,2,2"
6749,"2024-12-22",519,1,56.82,4,1,1,"4,1,1"
12156,"2024-12-22",519,3,157.42,4,5,3,"4,5,3"
6153,"2024-12-22",519,1,79.63,4,2,2,"4,2,2"
12662,"2024-12-22",519,3,142.26,4,4,2,"4,4,2"
6973,"2024-12-22",519,2,420.15,4,4,4,"4,4,4"
4414,"2024-12-22",519,3,1506.91,4,4,5,"4,4,5"
6682,"2024-12-22",519,5,304.73,4,5,4,"4,5,4"
1682,"2024-12-22",519,5,675.35,4,5,5,"4,5,5"
15845,"2024-12-22",519,3,657.00,4,4,5,"4,4,5"
16639,"2024-12-22",519,2,59.24,4,3,1,"4,3,1"
8758,"2024-12-22",519,2,46.75,4,2,1,"4,2,1"
12921,"2024-12-22",519,2,110.96,4,3,2,"4,3,2"
1069,"2024-12-22",519,1,166.33,4,1,3,"4,1,3"
10197,"2024-12-23",518,7,533.78,4,5,5,"4,5,5"
10266,"2024-12-23",518,2,1994.32,4,4,5,"4,4,5"
18325,"2024-12-23",518,2,824.68,4,4,5,"4,4,5"
9191,"2024-12-23",518,3,210.33,4,4,3,"4,4,3"
11287,"2024-12-23",518,3,482.86,4,5,5,"4,5,5"
19200,"2024-12-23",518,1,36.68,4,2,1,"4,2,1"
3689,"2024-12-23",518,1,75.95,4,2,2,"4,2,2"
2454,"2024-12-23",518,3,291.61,4,4,4,"4,4,4"
5960,"2024-12-23",518,3,514.74,4,5,5,"4,5,5"
12105,"2024-12-24",517,2,510.65,4,4,5,"4,4,5"
13740,"2024-12-24",517,3,189.81,4,4,3,"4,4,3"
6036,"2024-12-24",517,2,272.88,4,3,4,"4,3,4"
19735,"2024-12-24",517,1,136.85,4,2,2,"4,2,2"
19360,"2024-12-24",517,2,142.14,4,3,2,"4,3,2"
17626,"2024-12-24",517,2,147.21,4,3,2,"4,3,2"
13077,"2024-12-24",517,1,161.17,4,1,3,"4,1,3"
2844,"2024-12-24",517,2,669.67,4,4,5,"4,4,5"
11126,"2024-12-24",517,5,737.03,4,5,5,"4,5,5"
14640,"2024-12-24",517,3,463.76,4,5,5,"4,5,5"
4584,"2024-12-24",517,2,1691.16,4,4,5,"4,4,5"
3244,"2024-12-24",517,3,679.65,4,4,5,"4,4,5"
7096,"2024-12-25",516,1,19.37,4,2,1,"4,2,1"
13353,"2024-12-25",516,1,141.13,4,2,2,"4,2,2"
15919,"2024-12-25",516,2,201.91,4,3,3,"4,3,3"
5023,"2024-12-25",516,3,220.10,4,5,3,"4,5,3"
4196,"2024-12-25",516,1,27.47,4,2,1,"4,2,1"
863,"2024-12-25",516,4,363.23,4,5,4,"4,5,4"
1835,"2024-12-25",516,3,450.56,4,5,5,"4,5,5"
4205,"2024-12-25",516,2,569.04,4,4,5,"4,4,5"
16081,"2024-12-25",516,2,387.53,4,4,4,"4,4,4"
14253,"2024-12-25",516,2,610.80,4,4,5,"4,4,5"
7593,"2024-12-25",516,5,309.67,4,5,4,"4,5,4"
7286,"2024-12-26",515,3,170.04,4,5,3,"4,5,3"
5834,"2024-12-26",515,1,48.51,4,1,1,"4,1,1"
1969,"2024-12-26",515,1,7.68,4,1,1,"4,1,1"
19759,"2024-12-26",515,3,568.15,4,4,5,"4,4,5"
3894,"2024-12-26",515,1,110.84,4,2,2,"4,2,2"
17599,"2024-12-26",515,2,127.85,4,3,2,"4,3,2"
8886,"2024-12-26",515,3,265.97,4,4,4,"4,4,4"
13315,"2024-12-26",515,1,154.62,4,1,3,"4,1,3"
4649,"2024-12-26",515,1,7.04,4,2,1,"4,2,1"
6645,"2024-12-26",515,2,79.62,4,3,2,"4,3,2"
12462,"2024-12-26",515,2,272.88,4,3,4,"4,3,4"
15071,"2024-12-26",515,2,82.91,4,3,2,"4,3,2"
1457,"2024-12-26",515,2,275.13,4,3,4,"4,3,4"
14675,"2024-12-26",515,3,354.52,4,4,4,"4,4,4"
16217,"2024-12-26",515,2,88.04,4,3,2,"4,3,2"
10049,"2024-12-26",515,3,342.26,4,4,4,"4,4,4"
8867,"2024-12-26",515,1,77.72,4,2,2,"4,2,2"
16384,"2024-12-26",515,3,322.45,4,4,4,"4,4,4"
7771,"2024-12-26",515,1,223.66,4,1,3,"4,1,3"
3542,"2024-12-27",514,1,73.92,4,2,2,"4,2,2"
3011,"2024-12-27",514,4,200.51,4,5,3,"4,5,3"
16325,"2024-12-27",514,2,445.87,4,4,5,"4,4,5"
6113,"2024-12-27",514,1,91.52,4,2,2,"4,2,2"
10711,"2024-12-27",514,2,412.80,4,4,4,"4,4,4"
6030,"2024-12-27",514,2,136.47,4,3,2,"4,3,2"
15033,"2024-12-27",514,2,35.35,4,2,1,"4,2,1"
3295,"2024-12-27",514,1,50.00,4,1,1,"4,1,1"
14571,"2024-12-27",514,1,49.21,4,1,1,"4,1,1"
15180,"2024-12-27",514,1,590.97,4,2,5,"4,2,5"
12912,"2024-12-27",514,3,1347.97,4,5,5,"4,5,5"
6989,"2024-12-27",514,3,391.35,4,4,4,"4,4,4"
8245,"2024-12-27",514,2,85.65,4,3,2,"4,3,2"
19630,"2024-12-27",514,3,332.60,4,4,4,"4,4,4"
4663,"2024-12-27",514,2,295.65,4,4,4,"4,4,4"
17410,"2024-12-27",514,4,472.56,4,5,5,"4,5,5"
4357,"2024-12-28",513,1,262.57,4,1,4,"4,1,4"
7966,"2024-12-28",513,1,230.17,4,1,3,"4,1,3"
6852,"2024-12-28",513,3,1154.92,4,5,5,"4,5,5"
6160,"2024-12-28",513,3,285.48,4,4,4,"4,4,4"
7599,"2024-12-28",513,3,181.26,4,5,3,"4,5,3"
7057,"2024-12-28",513,2,226.88,4,3,3,"4,3,3"
3092,"2024-12-28",513,2,167.18,4,3,3,"4,3,3"
17416,"2024-12-28",513,3,82.33,4,4,2,"4,4,2"
642,"2024-12-28",513,1,27.12,4,2,1,"4,2,1"
10911,"2024-12-28",513,1,75.91,4,2,2,"4,2,2"
6492,"2024-12-28",513,1,15.71,4,2,1,"4,2,1"
18796,"2024-12-28",513,1,56.82,4,1,1,"4,1,1"
4053,"2024-12-28",513,3,376.49,4,5,4,"4,5,4"
5600,"2024-12-28",513,2,200.70,4,3,3,"4,3,3"
1102,"2024-12-29",512,3,1256.24,4,4,5,"4,4,5"
11314,"2024-12-29",512,2,141.34,4,3,2,"4,3,2"
8334,"2024-12-29",512,3,312.64,4,5,4,"4,5,4"
12573,"2024-12-29",512,1,39.30,4,2,1,"4,2,1"
8795,"2024-12-29",512,3,155.45,4,5,3,"4,5,3"
10057,"2024-12-29",512,2,324.22,4,4,4,"4,4,4"
7505,"2024-12-29",512,2,609.85,4,4,5,"4,4,5"
6566,"2024-12-29",512,2,192.08,4,3,3,"4,3,3"
3518,"2024-12-29",512,2,241.07,4,3,3,"4,3,3"
12381,"2024-12-29",512,4,269.17,4,5,4,"4,5,4"
14612,"2024-12-29",512,2,50.98,4,2,1,"4,2,1"
13175,"2024-12-29",512,4,419.14,4,5,4,"4,5,4"
16135,"2024-12-29",512,2,200.72,4,3,3,"4,3,3"
13467,"2024-12-29",512,3,278.13,4,4,4,"4,4,4"
19770,"2024-12-30",511,5,266.43,4,5,4,"4,5,4"
10043,"2024-12-30",511,3,1192.54,4,4,5,"4,4,5"
7875,"2024-12-30",511,2,218.20,4,3,3,"4,3,3"
17074,"2024-12-30",511,2,537.23,4,4,5,"4,4,5"
1833,"2024-12-30",511,4,642.64,4,5,5,"4,5,5"
7635,"2024-12-30",511,2,468.40,4,4,5,"4,4,5"
4648,"2024-12-30",511,3,364.85,4,5,4,"4,5,4"
3687,"2024-12-30",511,1,18.03,4,2,1,"4,2,1"
17789,"2024-12-30",511,3,365.52,4,5,4,"4,5,4"
9702,"2024-12-30",511,2,131.15,4,3,2,"4,3,2"
10329,"2024-12-30",511,3,292.33,4,4,4,"4,4,4"
303,"2024-12-30",511,2,250.29,4,3,3,"4,3,3"
14127,"2024-12-31",510,2,241.93,4,3,3,"4,3,3"
12678,"2024-12-31",510,1,415.67,4,2,4,"4,2,4"
19495,"2024-12-31",510,3,329.65,4,5,4,"4,5,4"
6279,"2024-12-31",510,2,237.45,4,3,3,"4,3,3"
10753,"2024-12-31",510,3,250.51,4,5,3,"4,5,3"
12332,"2024-12-31",510,1,274.13,4,1,4,"4,1,4"
13760,"2024-12-31",510,2,158.57,4,3,3,"4,3,3"
16689,"2024-12-31",510,2,516.90,4,4,5,"4,4,5"
14436,"2024-12-31",510,3,288.65,4,4,4,"4,4,4"
13004,"2024-12-31",510,5,377.76,4,5,4,"4,5,4"
17556,"2024-12-31",510,4,273.29,4,5,4,"4,5,4"
2428,"2025-01-01",509,4,836.00,4,5,5,"4,5,5"
7798,"2025-01-01",509,2,354.40,4,4,4,"4,4,4"
14837,"2025-01-01",509,3,478.36,4,5,5,"4,5,5"
4872,"2025-01-01",509,1,21.90,4,2,1,"4,2,1"
13790,"2025-01-01",509,4,406.00,4,5,4,"4,5,4"
11042,"2025-01-01",509,2,232.90,4,3,3,"4,3,3"
13292,"2025-01-01",509,6,592.75,4,5,5,"4,5,5"
19151,"2025-01-01",509,4,830.53,4,5,5,"4,5,5"
19599,"2025-01-01",509,3,270.28,4,4,4,"4,4,4"
2198,"2025-01-01",509,3,381.98,4,5,4,"4,5,4"
12277,"2025-01-02",508,4,215.98,4,5,3,"4,5,3"
1891,"2025-01-02",508,2,753.70,4,4,5,"4,4,5"
2,"2025-01-02",508,2,68.52,4,3,1,"4,3,1"
7834,"2025-01-02",508,4,935.15,4,5,5,"4,5,5"
1459,"2025-01-02",508,4,1306.35,4,5,5,"4,5,5"
6211,"2025-01-02",508,3,322.81,4,4,4,"4,4,4"
7925,"2025-01-02",508,3,187.92,4,4,3,"4,4,3"
11460,"2025-01-02",508,1,118.66,4,2,2,"4,2,2"
1662,"2025-01-02",508,1,45.85,4,1,1,"4,1,1"
4688,"2025-01-02",508,1,108.85,4,2,2,"4,2,2"
2403,"2025-01-03",507,2,298.27,4,4,4,"4,4,4"
14265,"2025-01-03",507,3,356.51,4,4,4,"4,4,4"
8351,"2025-01-03",507,3,425.92,4,4,4,"4,4,4"
12810,"2025-01-03",507,1,211.34,4,1,3,"4,1,3"
352,"2025-01-03",507,3,290.25,4,4,4,"4,4,4"
4653,"2025-01-03",507,2,308.77,4,4,4,"4,4,4"
17225,"2025-01-03",507,3,262.57,4,4,4,"4,4,4"
2629,"2025-01-03",507,6,814.43,4,5,5,"4,5,5"
11667,"2025-01-03",507,1,30.73,4,2,1,"4,2,1"
17249,"2025-01-03",507,2,273.41,4,3,4,"4,3,4"
11606,"2025-01-03",507,2,965.48,4,4,5,"4,4,5"
14900,"2025-01-04",506,4,246.27,4,5,3,"4,5,3"
16785,"2025-01-04",506,2,657.26,4,4,5,"4,4,5"
19980,"2025-01-04",506,3,383.43,4,4,4,"4,4,4"
1259,"2025-01-04",506,2,143.85,4,3,2,"4,3,2"
17919,"2025-01-04",506,2,37.85,4,2,1,"4,2,1"
5968,"2025-01-04",506,3,505.70,4,5,5,"4,5,5"
16222,"2025-01-04",506,2,683.36,4,4,5,"4,4,5"
16088,"2025-01-04",506,3,397.05,4,4,4,"4,4,4"
514,"2025-01-04",506,2,182.92,4,3,3,"4,3,3"
17565,"2025-01-05",505,2,559.71,4,4,5,"4,4,5"
15544,"2025-01-05",505,2,383.12,4,4,4,"4,4,4"
457,"2025-01-05",505,4,348.70,4,5,4,"4,5,4"
12147,"2025-01-05",505,4,527.63,4,5,5,"4,5,5"
2733,"2025-01-05",505,2,203.35,4,3,3,"4,3,3"
18508,"2025-01-05",505,1,93.13,4,2,2,"4,2,2"
1209,"2025-01-05",505,3,315.37,4,5,4,"4,5,4"
12625,"2025-01-05",505,1,195.53,4,1,3,"4,1,3"
15294,"2025-01-05",505,3,677.82,4,4,5,"4,4,5"
16004,"2025-01-05",505,2,197.27,4,3,3,"4,3,3"
13171,"2025-01-05",505,2,424.23,4,4,4,"4,4,4"
2469,"2025-01-05",505,1,6.01,4,2,1,"4,2,1"
4788,"2025-01-05",505,1,501.65,4,2,5,"4,2,5"
14791,"2025-01-05",505,2,91.77,4,3,2,"4,3,2"
15903,"2025-01-05",505,2,381.25,4,4,4,"4,4,4"
1019,"2025-01-06",504,4,446.33,4,5,5,"4,5,5"
16728,"2025-01-06",504,3,271.76,4,4,4,"4,4,4"
3308,"2025-01-06",504,2,54.71,4,2,1,"4,2,1"
2036,"2025-01-06",504,1,126.83,4,2,2,"4,2,2"
1140,"2025-01-06",504,3,775.10,4,4,5,"4,4,5"
17263,"2025-01-06",504,2,336.68,4,4,4,"4,4,4"
8923,"2025-01-06",504,4,253.41,4,5,3,"4,5,3"
3824,"2025-01-06",504,2,278.30,4,3,4,"4,3,4"
5627,"2025-01-06",504,1,21.75,4,2,1,"4,2,1"
12025,"2025-01-07",503,4,512.02,4,5,5,"4,5,5"
10725,"2025-01-07",503,2,1197.02,4,4,5,"4,4,5"
14793,"2025-01-07",503,1,127.26,4,2,2,"4,2,2"
1972,"2025-01-07",503,1,135.19,4,2,2,"4,2,2"
7176,"2025-01-07",503,3,131.60,4,5,2,"4,5,2"
1305,"2025-01-07",503,5,436.58,4,5,5,"4,5,5"
2290,"2025-01-07",503,2,108.51,4,3,2,"4,3,2"
19085,"2025-01-07",503,2,423.37,4,4,4,"4,4,4"
19334,"2025-01-07",503,2,198.16,4,3,3,"4,3,3"
2976,"2025-01-07",503,1,8.47,4,1,1,"4,1,1"
13659,"2025-01-07",503,2,165.06,4,3,3,"4,3,3"
18882,"2025-01-07",503,3,593.42,4,4,5,"4,4,5"
19862,"2025-01-07",503,3,224.54,4,5,3,"4,5,3"
16023,"2025-01-07",503,4,292.29,4,5,4,"4,5,4"
17371,"2025-01-08",502,2,235.20,4,3,3,"4,3,3"
9247,"2025-01-08",502,1,275.94,4,1,4,"4,1,4"
9095,"2025-01-08",502,2,130.92,4,3,2,"4,3,2"
19822,"2025-01-08",502,2,282.85,4,3,4,"4,3,4"
17300,"2025-01-08",502,3,213.21,4,4,3,"4,4,3"
10931,"2025-01-08",502,2,36.07,4,2,1,"4,2,1"
11909,"2025-01-08",502,3,220.40,4,5,3,"4,5,3"
19607,"2025-01-08",502,3,137.68,4,5,2,"4,5,2"
7548,"2025-01-08",502,2,86.30,4,3,2,"4,3,2"
14962,"2025-01-08",502,2,828.20,4,4,5,"4,4,5"
4242,"2025-01-08",502,3,234.05,4,5,3,"4,5,3"
6678,"2025-01-08",502,5,962.44,4,5,5,"4,5,5"
19927,"2025-01-08",502,3,470.40,4,5,5,"4,5,5"
17197,"2025-01-08",502,1,37.54,4,2,1,"4,2,1"
6530,"2025-01-09",501,2,231.86,4,3,3,"4,3,3"
17879,"2025-01-09",501,2,368.67,4,4,4,"4,4,4"
7843,"2025-01-09",501,3,106.63,4,4,2,"4,4,2"
288,"2025-01-09",501,3,409.72,4,4,4,"4,4,4"
11132,"2025-01-09",501,3,413.61,4,4,4,"4,4,4"
11198,"2025-01-09",501,2,156.77,4,3,3,"4,3,3"
13736,"2025-01-09",501,2,121.29,4,3,2,"4,3,2"
10770,"2025-01-09",501,2,715.19,4,4,5,"4,4,5"
16198,"2025-01-09",501,2,279.05,4,3,4,"4,3,4"
6882,"2025-01-09",501,1,250.19,4,1,3,"4,1,3"
2376,"2025-01-09",501,2,311.00,4,4,4,"4,4,4"
17992,"2025-01-09",501,2,701.98,4,4,5,"4,4,5"
4868,"2025-01-09",501,1,367.40,4,1,4,"4,1,4"
18326,"2025-01-09",501,3,249.58,4,5,3,"4,5,3"
6217,"2025-01-09",501,3,548.64,4,4,5,"4,4,5"
255,"2025-01-10",500,3,183.28,4,5,3,"4,5,3"
1668,"2025-01-10",500,3,341.47,4,4,4,"4,4,4"
6658,"2025-01-10",500,2,253.18,4,3,3,"4,3,3"
12562,"2025-01-10",500,4,410.37,4,5,4,"4,5,4"
14495,"2025-01-10",500,1,1924.76,4,2,5,"4,2,5"
2753,"2025-01-10",500,3,251.17,4,5,3,"4,5,3"
10519,"2025-01-10",500,2,223.26,4,3,3,"4,3,3"
1919,"2025-01-10",500,3,526.91,4,5,5,"4,5,5"
5333,"2025-01-10",500,1,928.65,4,1,5,"4,1,5"
14834,"2025-01-10",500,2,173.85,4,3,3,"4,3,3"
18604,"2025-01-10",500,1,27.35,4,2,1,"4,2,1"
19615,"2025-01-10",500,3,328.02,4,4,4,"4,4,4"
13871,"2025-01-10",500,2,457.48,4,4,5,"4,4,5"
5423,"2025-01-11",499,2,412.67,4,4,4,"4,4,4"
5912,"2025-01-11",499,4,474.86,4,5,5,"4,5,5"
8319,"2025-01-11",499,2,105.66,4,3,2,"4,3,2"
6075,"2025-01-11",499,3,663.31,4,5,5,"4,5,5"
6174,"2025-01-11",499,3,278.28,4,4,4,"4,4,4"
13162,"2025-01-11",499,5,453.46,4,5,5,"4,5,5"
9897,"2025-01-11",499,2,305.31,4,4,4,"4,4,4"
8953,"2025-01-11",499,3,819.77,4,5,5,"4,5,5"
1642,"2025-01-11",499,2,148.50,4,3,2,"4,3,2"
12927,"2025-01-11",499,1,301.14,4,1,4,"4,1,4"
1583,"2025-01-11",499,1,10.55,4,1,1,"4,1,1"
13638,"2025-01-11",499,4,617.29,4,5,5,"4,5,5"
5768,"2025-01-11",499,5,939.06,4,5,5,"4,5,5"
11054,"2025-01-11",499,5,407.32,4,5,4,"4,5,4"
10720,"2025-01-11",499,3,93.66,4,5,2,"4,5,2"
14345,"2025-01-11",499,3,172.97,4,5,3,"4,5,3"
12904,"2025-01-11",499,4,698.31,4,5,5,"4,5,5"
11193,"2025-01-11",499,1,11.02,4,1,1,"4,1,1"
8581,"2025-01-12",498,1,28.12,4,2,1,"4,2,1"
15598,"2025-01-12",498,1,188.73,4,1,3,"4,1,3"
17575,"2025-01-12",498,3,126.95,4,5,2,"4,5,2"
4278,"2025-01-12",498,3,266.84,4,4,4,"4,4,4"
7001,"2025-01-12",498,3,589.88,4,4,5,"4,4,5"
1009,"2025-01-12",498,1,30.96,4,2,1,"4,2,1"
15968,"2025-01-12",498,1,143.56,4,2,2,"4,2,2"
18794,"2025-01-12",498,2,749.30,4,4,5,"4,4,5"
19208,"2025-01-12",498,1,187.52,4,1,3,"4,1,3"
17849,"2025-01-12",498,1,28.44,4,2,1,"4,2,1"
7015,"2025-01-12",498,2,261.87,4,3,4,"4,3,4"
7909,"2025-01-13",497,1,50.04,4,1,1,"4,1,1"
5377,"2025-01-13",497,3,501.19,4,5,5,"4,5,5"
14097,"2025-01-13",497,2,123.96,4,3,2,"4,3,2"
11255,"2025-01-13",497,2,318.19,4,4,4,"4,4,4"
11444,"2025-01-13",497,4,422.09,4,5,4,"4,5,4"
3041,"2025-01-13",497,3,449.99,4,5,5,"4,5,5"
18482,"2025-01-13",497,5,217.60,4,5,3,"4,5,3"
14315,"2025-01-13",497,6,799.60,4,5,5,"4,5,5"
16233,"2025-01-13",497,1,233.31,4,1,3,"4,1,3"
2762,"2025-01-13",497,1,30.48,4,2,1,"4,2,1"
13103,"2025-01-13",497,2,107.09,4,3,2,"4,3,2"
7859,"2025-01-13",497,2,183.60,4,3,3,"4,3,3"
6314,"2025-01-13",497,1,13.10,4,1,1,"4,1,1"
11131,"2025-01-14",496,3,191.78,4,4,3,"4,4,3"
8347,"2025-01-14",496,2,645.46,4,4,5,"4,4,5"
9774,"2025-01-14",496,2,445.76,4,4,5,"4,4,5"
5043,"2025-01-14",496,2,237.78,4,3,3,"4,3,3"
1486,"2025-01-14",496,2,655.20,4,4,5,"4,4,5"
13752,"2025-01-14",496,1,50.15,4,1,1,"4,1,1"
15666,"2025-01-14",496,2,357.17,4,4,4,"4,4,4"
15550,"2025-01-14",496,2,199.06,4,3,3,"4,3,3"
16453,"2025-01-14",496,3,310.76,4,5,4,"4,5,4"
2212,"2025-01-14",496,3,264.58,4,4,4,"4,4,4"
14829,"2025-01-14",496,1,50.76,4,1,1,"4,1,1"
1060,"2025-01-14",496,2,220.28,4,3,3,"4,3,3"
15374,"2025-01-15",495,4,327.75,4,5,4,"4,5,4"
17108,"2025-01-15",495,4,242.07,4,5,3,"4,5,3"
9380,"2025-01-15",495,3,186.35,4,4,3,"4,4,3"
17492,"2025-01-15",495,3,834.33,4,5,5,"4,5,5"
7404,"2025-01-15",495,1,30.82,4,2,1,"4,2,1"
3441,"2025-01-15",495,4,561.93,4,5,5,"4,5,5"
6246,"2025-01-15",495,2,271.39,4,3,4,"4,3,4"
4092,"2025-01-15",495,1,16.86,4,2,1,"4,2,1"
12801,"2025-01-15",495,3,427.56,4,4,4,"4,4,4"
18852,"2025-01-15",495,4,597.02,4,5,5,"4,5,5"
19183,"2025-01-15",495,1,80.61,4,2,2,"4,2,2"
15821,"2025-01-15",495,3,181.64,4,5,3,"4,5,3"
15857,"2025-01-15",495,2,58.26,4,3,1,"4,3,1"
2671,"2025-01-15",495,3,796.89,4,5,5,"4,5,5"
7663,"2025-01-15",495,2,184.49,4,3,3,"4,3,3"
14397,"2025-01-15",495,3,137.17,4,5,2,"4,5,2"
10515,"2025-01-16",494,3,104.53,4,4,2,"4,4,2"
3042,"2025-01-16",494,2,511.59,4,4,5,"4,4,5"
19248,"2025-01-16",494,1,388.79,4,1,4,"4,1,4"
17507,"2025-01-16",494,1,116.13,4,2,2,"4,2,2"
12691,"2025-01-16",494,2,105.22,4,3,2,"4,3,2"
19952,"2025-01-16",494,4,446.86,4,5,5,"4,5,5"
3735,"2025-01-16",494,4,337.48,4,5,4,"4,5,4"
4825,"2025-01-16",494,3,127.63,4,5,2,"4,5,2"
8374,"2025-01-16",494,6,1373.84,4,5,5,"4,5,5"
9412,"2025-01-16",494,5,484.67,4,5,5,"4,5,5"
17040,"2025-01-16",494,3,532.85,4,5,5,"4,5,5"
18468,"2025-01-17",493,4,141.61,4,5,2,"4,5,2"
17351,"2025-01-17",493,3,214.02,4,5,3,"4,5,3"
6280,"2025-01-17",493,4,263.53,4,5,4,"4,5,4"
18998,"2025-01-17",493,1,103.42,4,2,2,"4,2,2"
15973,"2025-01-17",493,4,179.53,4,5,3,"4,5,3"
16151,"2025-01-17",493,2,211.68,4,3,3,"4,3,3"
455,"2025-01-17",493,6,1105.20,4,5,5,"4,5,5"
19424,"2025-01-17",493,1,148.49,4,1,2,"4,1,2"
12300,"2025-01-17",493,5,355.20,4,5,4,"4,5,4"
6374,"2025-01-17",493,2,228.28,4,3,3,"4,3,3"
18958,"2025-01-17",493,3,715.03,4,5,5,"4,5,5"
19675,"2025-01-17",493,2,28.21,4,2,1,"4,2,1"
11100,"2025-01-17",493,2,421.65,4,4,4,"4,4,4"
13181,"2025-01-17",493,3,161.53,4,5,3,"4,5,3"
15381,"2025-01-17",493,3,137.45,4,5,2,"4,5,2"
4199,"2025-01-18",492,3,234.34,4,5,3,"4,5,3"
13560,"2025-01-18",492,5,277.82,4,5,4,"4,5,4"
11648,"2025-01-18",492,3,285.15,4,4,4,"4,4,4"
5180,"2025-01-18",492,2,154.89,4,3,3,"4,3,3"
1445,"2025-01-18",492,2,124.71,4,3,2,"4,3,2"
18398,"2025-01-18",492,1,7.51,4,1,1,"4,1,1"
18737,"2025-01-18",492,2,300.13,4,4,4,"4,4,4"
7865,"2025-01-18",492,2,521.35,4,4,5,"4,4,5"
829,"2025-01-18",492,2,581.74,4,4,5,"4,4,5"
2308,"2025-01-18",492,3,296.41,4,4,4,"4,4,4"
1608,"2025-01-18",492,1,796.83,4,2,5,"4,2,5"
3763,"2025-01-18",492,4,868.57,4,5,5,"4,5,5"
3007,"2025-01-19",491,1,39.88,4,1,1,"4,1,1"
684,"2025-01-19",491,3,225.71,4,5,3,"4,5,3"
13579,"2025-01-19",491,2,73.73,4,3,1,"4,3,1"
11254,"2025-01-19",491,6,935.00,4,5,5,"4,5,5"
19984,"2025-01-19",491,1,274.19,4,1,4,"4,1,4"
9206,"2025-01-19",491,3,490.89,4,5,5,"4,5,5"
4678,"2025-01-19",491,2,42.38,4,2,1,"4,2,1"
269,"2025-01-19",491,2,114.08,4,3,2,"4,3,2"
16606,"2025-01-19",491,2,554.74,4,4,5,"4,4,5"
938,"2025-01-19",491,2,278.32,4,3,4,"4,3,4"
14225,"2025-01-19",491,1,339.16,4,1,4,"4,1,4"
8791,"2025-01-20",490,3,898.58,4,5,5,"4,5,5"
6509,"2025-01-20",490,5,768.85,4,5,5,"4,5,5"
5092,"2025-01-20",490,2,286.46,4,4,4,"4,4,4"
2494,"2025-01-20",490,1,432.24,4,2,5,"4,2,5"
13474,"2025-01-20",490,2,391.76,4,4,4,"4,4,4"
14388,"2025-01-20",490,2,262.46,4,3,4,"4,3,4"
18850,"2025-01-20",490,2,712.02,4,4,5,"4,4,5"
9691,"2025-01-20",490,2,121.96,4,3,2,"4,3,2"
13438,"2025-01-20",490,1,55.05,4,1,1,"4,1,1"
2104,"2025-01-20",490,1,52.75,4,1,1,"4,1,1"
17536,"2025-01-21",489,4,675.12,4,5,5,"4,5,5"
14702,"2025-01-21",489,3,598.50,4,4,5,"4,4,5"
19423,"2025-01-21",489,3,294.45,4,4,4,"4,4,4"
6655,"2025-01-21",489,1,65.96,4,1,1,"4,1,1"
1113,"2025-01-21",489,3,365.06,4,5,4,"4,5,4"
8570,"2025-01-21",489,1,216.13,4,1,3,"4,1,3"
17753,"2025-01-21",489,2,351.25,4,4,4,"4,4,4"
12669,"2025-01-21",489,3,637.21,4,5,5,"4,5,5"
6499,"2025-01-21",489,3,278.88,4,4,4,"4,4,4"
11525,"2025-01-21",489,3,167.82,4,5,3,"4,5,3"
14123,"2025-01-21",489,3,312.80,4,5,4,"4,5,4"
4954,"2025-01-21",489,1,42.86,4,1,1,"4,1,1"
16724,"2025-01-21",489,3,523.18,4,5,5,"4,5,5"
13153,"2025-01-21",489,1,30.44,4,2,1,"4,2,1"
5438,"2025-01-21",489,3,374.07,4,5,4,"4,5,4"
6242,"2025-01-21",489,4,1635.43,4,5,5,"4,5,5"
19206,"2025-01-22",488,2,147.71,4,3,2,"4,3,2"
11885,"2025-01-22",488,3,537.83,4,5,5,"4,5,5"
424,"2025-01-22",488,1,17.34,4,2,1,"4,2,1"
1029,"2025-01-22",488,1,85.05,4,2,2,"4,2,2"
11219,"2025-01-22",488,1,46.08,4,1,1,"4,1,1"
12141,"2025-01-22",488,1,191.61,4,1,3,"4,1,3"
3465,"2025-01-22",488,2,137.94,4,3,2,"4,3,2"
3416,"2025-01-22",488,2,203.33,4,3,3,"4,3,3"
14937,"2025-01-22",488,1,313.77,4,1,4,"4,1,4"
9563,"2025-01-23",487,2,62.15,4,3,1,"4,3,1"
4810,"2025-01-23",487,4,382.01,4,5,4,"4,5,4"
16720,"2025-01-23",487,6,436.80,4,5,5,"4,5,5"
3037,"2025-01-23",487,3,340.69,4,5,4,"4,5,4"
3276,"2025-01-23",487,3,362.48,4,5,4,"4,5,4"
6489,"2025-01-23",487,3,524.00,4,5,5,"4,5,5"
19706,"2025-01-23",487,2,71.66,4,3,1,"4,3,1"
16812,"2025-01-23",487,1,73.70,4,1,1,"4,1,1"
2328,"2025-01-23",487,3,163.36,4,5,3,"4,5,3"
19582,"2025-01-23",487,2,274.33,4,3,4,"4,3,4"
9113,"2025-01-23",487,2,634.76,4,4,5,"4,4,5"
7973,"2025-01-23",487,5,542.26,4,5,5,"4,5,5"
19270,"2025-01-23",487,2,234.08,4,3,3,"4,3,3"
13089,"2025-01-23",487,1,78.14,4,2,2,"4,2,2"
11265,"2025-01-23",487,2,845.49,4,4,5,"4,4,5"
4720,"2025-01-23",487,2,85.69,4,3,2,"4,3,2"
14012,"2025-01-23",487,1,30.97,4,2,1,"4,2,1"
16881,"2025-01-24",486,1,96.79,4,2,2,"4,2,2"
19882,"2025-01-24",486,3,828.84,4,5,5,"4,5,5"
18195,"2025-01-24",486,2,674.47,4,4,5,"4,4,5"
5245,"2025-01-24",486,2,38.93,4,2,1,"4,2,1"
14806,"2025-01-24",486,2,134.75,4,3,2,"4,3,2"
3106,"2025-01-24",486,2,87.84,4,3,2,"4,3,2"
11908,"2025-01-24",486,2,101.73,4,3,2,"4,3,2"
13126,"2025-01-24",486,4,661.26,4,5,5,"4,5,5"
2152,"2025-01-24",486,4,512.51,4,5,5,"4,5,5"
1923,"2025-01-24",486,2,350.95,4,4,4,"4,4,4"
14039,"2025-01-24",486,3,482.25,4,5,5,"4,5,5"
3180,"2025-01-24",486,1,87.31,4,2,2,"4,2,2"
8027,"2025-01-25",485,3,216.71,4,5,3,"4,5,3"
4818,"2025-01-25",485,2,272.61,4,3,4,"4,3,4"
10743,"2025-01-25",485,2,597.57,4,4,5,"4,4,5"
19110,"2025-01-25",485,2,90.84,4,3,2,"4,3,2"
19060,"2025-01-25",485,1,135.34,4,2,2,"4,2,2"
4019,"2025-01-25",485,3,435.02,4,5,5,"4,5,5"
4636,"2025-01-25",485,4,635.72,4,5,5,"4,5,5"
11249,"2025-01-25",485,2,342.18,4,4,4,"4,4,4"
9083,"2025-01-25",485,2,146.01,4,3,2,"4,3,2"
2409,"2025-01-26",484,3,457.23,4,5,5,"4,5,5"
12416,"2025-01-26",484,2,51.01,4,2,1,"4,2,1"
13887,"2025-01-26",484,3,326.89,4,4,4,"4,4,4"
16412,"2025-01-26",484,3,228.67,4,5,3,"4,5,3"
9722,"2025-01-26",484,3,229.38,4,5,3,"4,5,3"
7777,"2025-01-26",484,5,346.34,4,5,4,"4,5,4"
187,"2025-01-26",484,4,203.45,4,5,3,"4,5,3"
19982,"2025-01-26",484,2,1018.08,4,4,5,"4,4,5"
6108,"2025-01-26",484,3,58.11,4,5,1,"4,5,1"
12266,"2025-01-26",484,3,159.71,4,5,3,"4,5,3"
10656,"2025-01-27",483,4,351.04,4,5,4,"4,5,4"
12641,"2025-01-27",483,2,139.31,4,3,2,"4,3,2"
19702,"2025-01-27",483,2,90.24,4,3,2,"4,3,2"
10774,"2025-01-27",483,4,608.40,4,5,5,"4,5,5"
18995,"2025-01-27",483,2,623.45,4,4,5,"4,4,5"
14748,"2025-01-27",483,4,280.57,4,5,4,"4,5,4"
16714,"2025-01-27",483,1,39.27,4,2,1,"4,2,1"
17001,"2025-01-27",483,4,273.37,4,5,4,"4,5,4"
11025,"2025-01-27",483,2,102.49,4,3,2,"4,3,2"
14437,"2025-01-27",483,3,528.75,4,5,5,"4,5,5"
17104,"2025-01-27",483,2,245.85,4,3,3,"4,3,3"
4192,"2025-01-27",483,3,425.95,4,4,4,"4,4,4"
9642,"2025-01-27",483,2,732.91,4,4,5,"4,4,5"
19730,"2025-01-27",483,1,176.85,4,1,3,"4,1,3"
123,"2025-01-27",483,2,160.86,4,3,3,"4,3,3"
18474,"2025-01-28",482,2,94.07,4,3,2,"4,3,2"
7273,"2025-01-28",482,1,122.71,4,2,2,"4,2,2"
3282,"2025-01-28",482,2,377.70,4,4,4,"4,4,4"
19024,"2025-01-28",482,1,32.51,4,2,1,"4,2,1"
4806,"2025-01-28",482,1,41.67,4,1,1,"4,1,1"
8635,"2025-01-28",482,1,82.03,4,2,2,"4,2,2"
8106,"2025-01-28",482,5,387.19,4,5,4,"4,5,4"
3132,"2025-01-28",482,2,237.58,4,3,3,"4,3,3"
13830,"2025-01-28",482,2,537.48,4,4,5,"4,4,5"
2068,"2025-01-28",482,1,304.92,4,1,4,"4,1,4"
9190,"2025-01-28",482,3,264.89,4,4,4,"4,4,4"
14625,"2025-01-28",482,2,386.13,4,4,4,"4,4,4"
14847,"2025-01-28",482,3,877.72,4,5,5,"4,5,5"
10320,"2025-01-28",482,1,119.14,4,2,2,"4,2,2"
3440,"2025-01-29",481,3,588.41,4,4,5,"4,4,5"
19282,"2025-01-29",481,2,287.85,4,4,4,"4,4,4"
18984,"2025-01-29",481,3,100.03,4,4,2,"4,4,2"
3931,"2025-01-29",481,3,160.39,4,5,3,"4,5,3"
12442,"2025-01-29",481,3,191.90,4,4,3,"4,4,3"
4824,"2025-01-29",481,4,444.04,4,5,5,"4,5,5"
12275,"2025-01-29",481,2,197.82,4,3,3,"4,3,3"
7572,"2025-01-29",481,1,150.76,4,1,2,"4,1,2"
4632,"2025-01-29",481,3,483.62,4,5,5,"4,5,5"
8345,"2025-01-29",481,5,620.56,4,5,5,"4,5,5"
18578,"2025-01-29",481,1,31.48,4,2,1,"4,2,1"
9463,"2025-01-29",481,2,72.62,4,3,1,"4,3,1"
13585,"2025-01-29",481,3,297.36,4,4,4,"4,4,4"
546,"2025-01-30",480,1,42.58,4,1,1,"4,1,1"
13504,"2025-01-30",480,2,862.89,4,4,5,"4,4,5"
6623,"2025-01-30",480,1,28.16,4,2,1,"4,2,1"
16378,"2025-01-30",480,1,157.95,4,1,3,"4,1,3"
19295,"2025-01-30",480,2,159.67,4,3,3,"4,3,3"
10605,"2025-01-30",480,3,327.74,4,4,4,"4,4,4"
5,"2025-01-30",480,3,271.29,4,4,4,"4,4,4"
12493,"2025-01-30",480,3,401.73,4,4,4,"4,4,4"
18815,"2025-01-30",480,5,631.46,4,5,5,"4,5,5"
6932,"2025-01-30",480,5,789.87,4,5,5,"4,5,5"
18039,"2025-01-30",480,1,282.77,4,1,4,"4,1,4"
8048,"2025-01-30",480,2,511.55,4,4,5,"4,4,5"
10580,"2025-01-30",480,2,115.59,4,3,2,"4,3,2"
13325,"2025-01-30",480,3,265.95,4,4,4,"4,4,4"
13917,"2025-01-31",479,1,85.72,4,2,2,"4,2,2"
14599,"2025-01-31",479,2,207.18,4,3,3,"4,3,3"
2681,"2025-01-31",479,3,293.85,4,4,4,"4,4,4"
12565,"2025-01-31",479,5,1040.48,4,5,5,"4,5,5"
18180,"2025-01-31",479,5,894.00,4,5,5,"4,5,5"
2699,"2025-01-31",479,3,407.00,4,4,4,"4,4,4"
7483,"2025-01-31",479,3,531.63,4,5,5,"4,5,5"
15649,"2025-01-31",479,2,223.92,4,3,3,"4,3,3"
14907,"2025-01-31",479,4,382.86,4,5,4,"4,5,4"
19355,"2025-01-31",479,2,602.27,4,4,5,"4,4,5"
1045,"2025-01-31",479,1,402.20,4,1,4,"4,1,4"
15271,"2025-01-31",479,2,135.66,4,3,2,"4,3,2"
1894,"2025-01-31",479,2,142.01,4,3,2,"4,3,2"
13799,"2025-02-01",478,2,117.65,4,3,2,"4,3,2"
5521,"2025-02-01",478,3,218.75,4,5,3,"4,5,3"
16848,"2025-02-01",478,3,196.03,4,4,3,"4,4,3"
705,"2025-02-01",478,1,15.18,4,2,1,"4,2,1"
1895,"2025-02-01",478,5,495.45,4,5,5,"4,5,5"
3876,"2025-02-01",478,2,472.46,4,4,5,"4,4,5"
6333,"2025-02-01",478,3,489.95,4,5,5,"4,5,5"
17241,"2025-02-01",478,3,142.19,4,4,2,"4,4,2"
10215,"2025-02-01",478,3,320.70,4,5,4,"4,5,4"
5994,"2025-02-01",478,2,228.04,4,3,3,"4,3,3"
682,"2025-02-01",478,1,109.01,4,2,2,"4,2,2"
11064,"2025-02-01",478,4,367.23,4,5,4,"4,5,4"
2807,"2025-02-01",478,4,858.33,4,5,5,"4,5,5"
5934,"2025-02-02",477,3,173.58,4,4,3,"4,4,3"
9514,"2025-02-02",477,3,161.32,4,5,3,"4,5,3"
17004,"2025-02-02",477,4,650.03,4,5,5,"4,5,5"
17727,"2025-02-02",477,3,590.25,4,4,5,"4,4,5"
2288,"2025-02-02",477,1,9.27,4,1,1,"4,1,1"
16846,"2025-02-02",477,2,346.51,4,4,4,"4,4,4"
9497,"2025-02-02",477,2,280.04,4,3,4,"4,3,4"
6442,"2025-02-02",477,1,21.08,4,2,1,"4,2,1"
7543,"2025-02-02",477,1,171.74,4,1,3,"4,1,3"
12250,"2025-02-02",477,1,181.58,4,1,3,"4,1,3"
9694,"2025-02-02",477,2,164.91,4,3,3,"4,3,3"
972,"2025-02-03",476,2,160.43,4,3,3,"4,3,3"
10941,"2025-02-03",476,3,259.91,4,4,4,"4,4,4"
7939,"2025-02-03",476,3,641.26,4,4,5,"4,4,5"
1859,"2025-02-03",476,1,229.70,4,1,3,"4,1,3"
2705,"2025-02-03",476,2,621.62,4,4,5,"4,4,5"
3358,"2025-02-03",476,3,246.80,4,5,3,"4,5,3"
412,"2025-02-03",476,1,201.76,4,1,3,"4,1,3"
15322,"2025-02-03",476,3,320.77,4,5,4,"4,5,4"
17839,"2025-02-03",476,2,259.02,4,3,4,"4,3,4"
14759,"2025-02-03",476,1,31.08,4,2,1,"4,2,1"
4413,"2025-02-03",476,3,975.65,4,4,5,"4,4,5"
12715,"2025-02-03",476,4,338.66,4,5,4,"4,5,4"
12663,"2025-02-04",475,3,84.91,4,4,2,"4,4,2"
10803,"2025-02-04",475,2,407.91,4,4,4,"4,4,4"
5731,"2025-02-04",475,3,635.02,4,5,5,"4,5,5"
13015,"2025-02-04",475,2,174.77,4,3,3,"4,3,3"
10773,"2025-02-04",475,4,362.88,4,5,4,"4,5,4"
14932,"2025-02-04",475,2,52.33,4,2,1,"4,2,1"
216,"2025-02-05",474,2,461.91,4,4,5,"4,4,5"
16149,"2025-02-05",474,3,122.97,4,5,2,"4,5,2"
18759,"2025-02-05",474,1,170.38,4,1,3,"4,1,3"
906,"2025-02-05",474,5,724.43,4,5,5,"4,5,5"
15898,"2025-02-05",474,3,738.85,4,4,5,"4,4,5"
8375,"2025-02-05",474,2,251.78,4,3,3,"4,3,3"
18005,"2025-02-05",474,3,250.97,4,5,3,"4,5,3"
6876,"2025-02-05",474,3,381.01,4,5,4,"4,5,4"
19416,"2025-02-05",474,2,409.73,4,4,4,"4,4,4"
14963,"2025-02-05",474,2,190.35,4,3,3,"4,3,3"
1666,"2025-02-05",474,1,73.46,4,1,1,"4,1,1"
18731,"2025-02-05",474,3,302.42,4,4,4,"4,4,4"
7315,"2025-02-05",474,3,225.11,4,5,3,"4,5,3"
4270,"2025-02-05",474,2,573.06,4,4,5,"4,4,5"
16320,"2025-02-06",473,2,244.78,4,3,3,"4,3,3"
11922,"2025-02-06",473,3,360.48,4,4,4,"4,4,4"
16388,"2025-02-06",473,1,662.61,4,2,5,"4,2,5"
14078,"2025-02-06",473,2,291.97,4,4,4,"4,4,4"
2045,"2025-02-06",473,2,110.72,4,3,2,"4,3,2"
14575,"2025-02-06",473,2,392.73,4,4,4,"4,4,4"
19649,"2025-02-06",473,3,265.28,4,4,4,"4,4,4"
5322,"2025-02-06",473,6,707.20,4,5,5,"4,5,5"
3912,"2025-02-06",473,4,654.08,4,5,5,"4,5,5"
18355,"2025-02-06",473,3,708.15,4,5,5,"4,5,5"
10359,"2025-02-06",473,3,709.59,4,5,5,"4,5,5"
18001,"2025-02-06",473,1,85.89,4,2,2,"4,2,2"
15560,"2025-02-06",473,1,55.68,4,1,1,"4,1,1"
11584,"2025-02-06",473,3,547.36,4,4,5,"4,4,5"
16988,"2025-02-07",472,1,36.13,4,2,1,"4,2,1"
4888,"2025-02-07",472,4,437.56,4,5,5,"4,5,5"
19897,"2025-02-07",472,2,170.49,4,3,3,"4,3,3"
6778,"2025-02-07",472,1,116.48,4,2,2,"4,2,2"
12511,"2025-02-07",472,7,823.86,4,5,5,"4,5,5"
13026,"2025-02-07",472,4,214.56,4,5,3,"4,5,3"
19477,"2025-02-07",472,1,142.60,4,2,2,"4,2,2"
9501,"2025-02-07",472,1,276.36,4,1,4,"4,1,4"
18051,"2025-02-08",471,4,477.81,4,5,5,"4,5,5"
4468,"2025-02-08",471,2,120.38,4,3,2,"4,3,2"
18456,"2025-02-08",471,2,94.33,4,3,2,"4,3,2"
12854,"2025-02-08",471,3,948.82,4,4,5,"4,4,5"
95,"2025-02-08",471,2,500.47,4,4,5,"4,4,5"
6083,"2025-02-08",471,3,299.77,4,4,4,"4,4,4"
11027,"2025-02-08",471,2,206.94,4,3,3,"4,3,3"
2794,"2025-02-08",471,3,179.02,4,5,3,"4,5,3"
19605,"2025-02-08",471,4,448.53,4,5,5,"4,5,5"
9442,"2025-02-08",471,2,425.46,4,4,4,"4,4,4"
19407,"2025-02-08",471,2,205.34,4,3,3,"4,3,3"
1848,"2025-02-08",471,2,358.84,4,4,4,"4,4,4"
48,"2025-02-08",471,2,441.99,4,4,5,"4,4,5"
8448,"2025-02-08",471,3,417.66,4,4,4,"4,4,4"
3578,"2025-02-08",471,3,681.91,4,5,5,"4,5,5"
10249,"2025-02-08",471,2,348.99,4,4,4,"4,4,4"
804,"2025-02-09",470,2,142.70,4,3,2,"4,3,2"
11180,"2025-02-09",470,2,262.90,4,3,4,"4,3,4"
11924,"2025-02-09",470,3,284.87,4,4,4,"4,4,4"
8392,"2025-02-09",470,2,203.74,4,3,3,"4,3,3"
11971,"2025-02-09",470,3,240.88,4,5,3,"4,5,3"
4272,"2025-02-09",470,1,58.31,4,1,1,"4,1,1"
6730,"2025-02-09",470,2,168.11,4,3,3,"4,3,3"
19378,"2025-02-09",470,3,209.21,4,4,3,"4,4,3"
13011,"2025-02-10",469,1,36.70,4,2,1,"4,2,1"
17279,"2025-02-10",469,1,271.95,4,1,4,"4,1,4"
8039,"2025-02-10",469,2,152.31,4,3,3,"4,3,3"
14948,"2025-02-10",469,1,131.66,4,2,2,"4,2,2"
5745,"2025-02-10",469,3,328.77,4,4,4,"4,4,4"
8580,"2025-02-10",469,2,412.68,4,4,4,"4,4,4"
16377,"2025-02-10",469,4,727.27,4,5,5,"4,5,5"
7219,"2025-02-10",469,2,156.16,4,3,3,"4,3,3"
11707,"2025-02-10",469,3,356.10,4,4,4,"4,4,4"
9669,"2025-02-10",469,2,134.85,4,3,2,"4,3,2"
1794,"2025-02-10",469,2,159.38,4,3,3,"4,3,3"
8059,"2025-02-10",469,3,492.21,4,5,5,"4,5,5"
8408,"2025-02-11",468,2,119.79,4,3,2,"4,3,2"
17027,"2025-02-11",468,2,219.05,4,3,3,"4,3,3"
12432,"2025-02-11",468,2,221.21,4,3,3,"4,3,3"
12535,"2025-02-11",468,1,19.81,4,2,1,"4,2,1"
7526,"2025-02-11",468,2,792.38,4,4,5,"4,4,5"
2009,"2025-02-11",468,3,298.01,4,4,4,"4,4,4"
14672,"2025-02-11",468,3,1316.47,4,5,5,"4,5,5"
5444,"2025-02-11",468,1,293.61,4,1,4,"4,1,4"
10604,"2025-02-11",468,1,345.50,4,1,4,"4,1,4"
8310,"2025-02-12",467,2,172.82,4,3,3,"4,3,3"
7790,"2025-02-12",467,2,463.74,4,4,5,"4,4,5"
4246,"2025-02-12",467,2,347.83,4,4,4,"4,4,4"
12186,"2025-02-12",467,3,368.60,4,5,4,"4,5,4"
8471,"2025-02-12",467,3,605.62,4,4,5,"4,4,5"
11490,"2025-02-12",467,2,313.41,4,4,4,"4,4,4"
4557,"2025-02-12",467,3,182.03,4,5,3,"4,5,3"
7302,"2025-02-12",467,4,238.63,4,5,3,"4,5,3"
8722,"2025-02-12",467,1,294.31,4,1,4,"4,1,4"
13169,"2025-02-12",467,4,115.96,4,5,2,"4,5,2"
17059,"2025-02-12",467,4,419.71,4,5,4,"4,5,4"
18888,"2025-02-12",467,3,127.13,4,5,2,"4,5,2"
19329,"2025-02-12",467,1,257.93,4,1,4,"4,1,4"
12270,"2025-02-13",466,3,201.47,4,4,3,"4,4,3"
239,"2025-02-13",466,2,787.76,4,4,5,"4,4,5"
9379,"2025-02-13",466,2,156.02,4,3,3,"4,3,3"
7214,"2025-02-13",466,2,218.84,4,3,3,"4,3,3"
12718,"2025-02-13",466,3,183.84,4,4,3,"4,4,3"
12419,"2025-02-13",466,4,741.52,4,5,5,"4,5,5"
5959,"2025-02-13",466,3,408.56,4,4,4,"4,4,4"
13332,"2025-02-13",466,2,179.64,4,3,3,"4,3,3"
14207,"2025-02-13",466,2,72.64,4,3,1,"4,3,1"
2698,"2025-02-13",466,3,191.49,4,4,3,"4,4,3"
15561,"2025-02-13",466,4,258.87,4,5,4,"4,5,4"
18217,"2025-02-13",466,2,241.41,4,3,3,"4,3,3"
15846,"2025-02-13",466,4,397.20,4,5,4,"4,5,4"
12576,"2025-02-13",466,4,1732.86,4,5,5,"4,5,5"
9749,"2025-02-14",465,3,710.45,4,5,5,"4,5,5"
9240,"2025-02-14",465,1,180.32,4,1,3,"4,1,3"
12769,"2025-02-14",465,3,232.06,4,5,3,"4,5,3"
16430,"2025-02-14",465,3,299.23,4,4,4,"4,4,4"
130,"2025-02-14",465,2,122.73,4,3,2,"4,3,2"
1386,"2025-02-14",465,4,411.44,4,5,4,"4,5,4"
19545,"2025-02-14",465,1,10.67,4,1,1,"4,1,1"
17771,"2025-02-14",465,2,34.18,4,2,1,"4,2,1"
13764,"2025-02-14",465,4,462.66,4,5,5,"4,5,5"
12867,"2025-02-14",465,4,190.97,4,5,3,"4,5,3"
5777,"2025-02-14",465,3,168.63,4,5,3,"4,5,3"
13047,"2025-02-14",465,3,1268.65,4,5,5,"4,5,5"
15246,"2025-02-14",465,1,14.56,4,1,1,"4,1,1"
14131,"2025-02-14",465,5,1062.36,4,5,5,"4,5,5"
7366,"2025-02-15",464,2,285.40,4,4,4,"4,4,4"
7474,"2025-02-15",464,3,1074.29,4,5,5,"4,5,5"
18899,"2025-02-15",464,2,139.16,4,3,2,"4,3,2"
13661,"2025-02-15",464,1,186.38,4,1,3,"4,1,3"
11364,"2025-02-15",464,3,264.02,4,4,4,"4,4,4"
8519,"2025-02-15",464,3,633.79,4,5,5,"4,5,5"
15043,"2025-02-15",464,2,215.79,4,3,3,"4,3,3"
1021,"2025-02-15",464,3,449.98,4,5,5,"4,5,5"
16993,"2025-02-15",464,3,484.23,4,5,5,"4,5,5"
17348,"2025-02-15",464,3,268.09,4,4,4,"4,4,4"
30,"2025-02-15",464,2,369.64,4,4,4,"4,4,4"
16949,"2025-02-15",464,4,909.25,4,5,5,"4,5,5"
10668,"2025-02-15",464,1,204.27,4,1,3,"4,1,3"
1903,"2025-02-16",463,4,516.75,4,5,5,"4,5,5"
18600,"2025-02-16",463,5,649.55,4,5,5,"4,5,5"
723,"2025-02-16",463,4,539.70,4,5,5,"4,5,5"
13393,"2025-02-16",463,3,403.62,4,4,4,"4,4,4"
5374,"2025-02-16",463,2,823.67,4,4,5,"4,4,5"
4070,"2025-02-16",463,2,195.09,4,3,3,"4,3,3"
3371,"2025-02-16",463,4,423.45,4,5,4,"4,5,4"
12796,"2025-02-16",463,3,286.16,4,4,4,"4,4,4"
9925,"2025-02-16",463,1,37.12,4,2,1,"4,2,1"
14972,"2025-02-16",463,2,113.77,4,3,2,"4,3,2"
2933,"2025-02-16",463,1,47.63,4,1,1,"4,1,1"
10938,"2025-02-16",463,1,33.03,4,2,1,"4,2,1"
7905,"2025-02-16",463,3,351.73,4,4,4,"4,4,4"
5609,"2025-02-17",462,3,136.86,4,5,2,"4,5,2"
265,"2025-02-17",462,4,910.64,4,5,5,"4,5,5"
8893,"2025-02-17",462,2,151.47,4,3,2,"4,3,2"
8784,"2025-02-17",462,2,296.54,4,4,4,"4,4,4"
6477,"2025-02-17",462,2,78.03,4,3,2,"4,3,2"
5294,"2025-02-17",462,4,716.16,4,5,5,"4,5,5"
7664,"2025-02-17",462,2,258.13,4,3,4,"4,3,4"
15595,"2025-02-17",462,3,212.28,4,4,3,"4,4,3"
1454,"2025-02-18",461,4,775.73,4,5,5,"4,5,5"
16184,"2025-02-18",461,2,862.92,4,4,5,"4,4,5"
11502,"2025-02-18",461,5,900.25,4,5,5,"4,5,5"
17375,"2025-02-18",461,2,761.89,4,4,5,"4,4,5"
3018,"2025-02-18",461,2,346.37,4,4,4,"4,4,4"
587,"2025-02-18",461,3,651.41,4,4,5,"4,4,5"
14072,"2025-02-18",461,2,116.33,4,3,2,"4,3,2"
842,"2025-02-18",461,3,337.66,4,5,4,"4,5,4"
14111,"2025-02-18",461,2,320.41,4,4,4,"4,4,4"
11184,"2025-02-18",461,3,221.26,4,5,3,"4,5,3"
4933,"2025-02-18",461,5,856.77,4,5,5,"4,5,5"
7693,"2025-02-18",461,1,36.69,4,2,1,"4,2,1"
19783,"2025-02-18",461,3,1384.92,4,5,5,"4,5,5"
2495,"2025-02-18",461,3,213.14,4,4,3,"4,4,3"
18091,"2025-02-18",461,2,358.64,4,4,4,"4,4,4"
15659,"2025-02-18",461,3,502.87,4,5,5,"4,5,5"
16336,"2025-02-18",461,2,234.33,4,3,3,"4,3,3"
11139,"2025-02-18",461,2,317.81,4,4,4,"4,4,4"
14490,"2025-02-18",461,3,192.34,4,4,3,"4,4,3"
3930,"2025-02-18",461,4,778.30,4,5,5,"4,5,5"
8474,"2025-02-19",460,3,225.17,4,5,3,"4,5,3"
5857,"2025-02-19",460,3,129.23,4,5,2,"4,5,2"
10576,"2025-02-19",460,1,19.95,4,2,1,"4,2,1"
18343,"2025-02-19",460,7,526.51,4,5,5,"4,5,5"
14609,"2025-02-19",460,2,435.79,4,4,5,"4,4,5"
3232,"2025-02-19",460,3,297.70,4,4,4,"4,4,4"
12639,"2025-02-19",460,3,235.07,4,5,3,"4,5,3"
17169,"2025-02-19",460,2,78.51,4,3,2,"4,3,2"
15858,"2025-02-19",460,3,1852.26,4,5,5,"4,5,5"
6282,"2025-02-19",460,3,534.49,4,5,5,"4,5,5"
3548,"2025-02-19",460,2,181.26,4,3,3,"4,3,3"
18125,"2025-02-19",460,4,578.69,4,5,5,"4,5,5"
18036,"2025-02-19",460,2,200.33,4,3,3,"4,3,3"
19343,"2025-02-20",459,2,382.57,4,4,4,"4,4,4"
11493,"2025-02-20",459,4,1081.83,4,5,5,"4,5,5"
17817,"2025-02-20",459,1,423.54,4,2,4,"4,2,4"
1243,"2025-02-20",459,2,456.20,4,4,5,"4,4,5"
19419,"2025-02-20",459,2,606.43,4,4,5,"4,4,5"
11539,"2025-02-20",459,2,160.14,4,3,3,"4,3,3"
17288,"2025-02-20",459,2,42.27,4,2,1,"4,2,1"
17882,"2025-02-20",459,2,147.18,4,3,2,"4,3,2"
19254,"2025-02-20",459,2,122.39,4,3,2,"4,3,2"
9502,"2025-02-20",459,5,186.04,4,5,3,"4,5,3"
18933,"2025-02-20",459,5,803.58,4,5,5,"4,5,5"
4682,"2025-02-20",459,2,637.36,4,4,5,"4,4,5"
19233,"2025-02-21",458,3,82.24,4,5,2,"4,5,2"
7532,"2025-02-21",458,2,122.70,4,3,2,"4,3,2"
14416,"2025-02-21",458,2,144.76,4,3,2,"4,3,2"
15099,"2025-02-21",458,3,396.12,4,4,4,"4,4,4"
7467,"2025-02-21",458,1,95.77,4,2,2,"4,2,2"
19549,"2025-02-21",458,1,231.04,4,1,3,"4,1,3"
3414,"2025-02-21",458,2,122.23,4,3,2,"4,3,2"
12054,"2025-02-21",458,2,488.36,4,4,5,"4,4,5"
11873,"2025-02-21",458,2,483.68,4,4,5,"4,4,5"
19122,"2025-02-21",458,2,395.90,4,4,4,"4,4,4"
19133,"2025-02-21",458,2,198.94,4,3,3,"4,3,3"
15509,"2025-02-21",458,2,404.58,4,4,4,"4,4,4"
6139,"2025-02-21",458,2,94.83,4,3,2,"4,3,2"
17207,"2025-02-22",457,3,470.65,4,5,5,"4,5,5"
14709,"2025-02-22",457,1,114.80,4,2,2,"4,2,2"
963,"2025-02-22",457,1,49.91,4,1,1,"4,1,1"
13626,"2025-02-22",457,2,200.57,4,3,3,"4,3,3"
15540,"2025-02-22",457,2,210.73,4,3,3,"4,3,3"
18837,"2025-02-22",457,3,203.31,4,4,3,"4,4,3"
16239,"2025-02-22",457,4,756.38,4,5,5,"4,5,5"
16735,"2025-02-22",457,3,227.69,4,5,3,"4,5,3"
15637,"2025-02-22",457,2,84.71,4,3,2,"4,3,2"
5689,"2025-02-22",457,1,124.55,4,2,2,"4,2,2"
5230,"2025-02-22",457,3,679.74,4,4,5,"4,4,5"
373,"2025-02-22",457,1,104.84,4,2,2,"4,2,2"
8506,"2025-02-22",457,3,515.17,4,5,5,"4,5,5"
2006,"2025-02-22",457,2,33.69,4,2,1,"4,2,1"
14891,"2025-02-22",457,4,339.61,4,5,4,"4,5,4"
11283,"2025-02-22",457,3,2385.33,4,5,5,"4,5,5"
1105,"2025-02-22",457,5,507.31,4,5,5,"4,5,5"
7360,"2025-02-22",457,1,71.31,4,1,1,"4,1,1"
1963,"2025-02-22",457,1,246.53,4,1,3,"4,1,3"
5996,"2025-02-22",457,2,94.33,4,3,2,"4,3,2"
13283,"2025-02-22",457,2,690.77,4,4,5,"4,4,5"
10662,"2025-02-23",456,4,375.44,4,5,4,"4,5,4"
3552,"2025-02-23",456,2,209.79,4,3,3,"4,3,3"
2488,"2025-02-23",456,2,90.21,4,3,2,"4,3,2"
4454,"2025-02-23",456,4,360.64,4,5,4,"4,5,4"
8406,"2025-02-23",456,2,250.61,4,3,3,"4,3,3"
19539,"2025-02-23",456,2,109.41,4,3,2,"4,3,2"
8931,"2025-02-23",456,1,87.84,4,2,2,"4,2,2"
11282,"2025-02-23",456,2,69.69,4,3,1,"4,3,1"
10274,"2025-02-23",456,2,280.43,4,3,4,"4,3,4"
13488,"2025-02-23",456,1,28.12,4,2,1,"4,2,1"
15815,"2025-02-23",456,3,204.88,4,4,3,"4,4,3"
11564,"2025-02-23",456,3,254.67,4,5,3,"4,5,3"
1766,"2025-02-23",456,3,189.96,4,4,3,"4,4,3"
4424,"2025-02-23",456,5,290.78,4,5,4,"4,5,4"
18172,"2025-02-23",456,1,108.06,4,2,2,"4,2,2"
9198,"2025-02-24",455,3,197.23,4,4,3,"4,4,3"
7119,"2025-02-24",455,2,54.64,4,2,1,"4,2,1"
1381,"2025-02-24",455,4,500.63,4,5,5,"4,5,5"
14692,"2025-02-24",455,2,205.93,4,3,3,"4,3,3"
6185,"2025-02-24",455,3,352.58,4,4,4,"4,4,4"
1408,"2025-02-24",455,3,778.77,4,4,5,"4,4,5"
10062,"2025-02-24",455,1,176.38,4,1,3,"4,1,3"
16111,"2025-02-24",455,2,368.79,4,4,4,"4,4,4"
5720,"2025-02-24",455,2,386.68,4,4,4,"4,4,4"
10883,"2025-02-24",455,2,94.50,4,3,2,"4,3,2"
11926,"2025-02-24",455,2,95.35,4,3,2,"4,3,2"
8686,"2025-02-24",455,1,85.16,4,2,2,"4,2,2"
6909,"2025-02-25",454,3,205.46,4,4,3,"4,4,3"
2676,"2025-02-25",454,2,98.22,4,3,2,"4,3,2"
16173,"2025-02-25",454,2,437.62,4,4,5,"4,4,5"
12935,"2025-02-25",454,2,245.15,4,3,3,"4,3,3"
828,"2025-02-25",454,1,139.04,4,2,2,"4,2,2"
9808,"2025-02-25",454,3,425.30,4,4,4,"4,4,4"
14906,"2025-02-25",454,2,267.15,4,3,4,"4,3,4"
18528,"2025-02-25",454,3,328.29,4,4,4,"4,4,4"
12923,"2025-02-25",454,3,308.82,4,5,4,"4,5,4"
5425,"2025-02-25",454,1,101.81,4,2,2,"4,2,2"
5972,"2025-02-25",454,1,135.34,4,2,2,"4,2,2"
1075,"2025-02-25",454,1,3.82,4,2,1,"4,2,1"
9200,"2025-02-25",454,1,83.80,4,2,2,"4,2,2"
19654,"2025-02-26",453,2,380.37,4,4,4,"4,4,4"
2189,"2025-02-26",453,2,382.79,4,4,4,"4,4,4"
10334,"2025-02-26",453,2,399.73,4,4,4,"4,4,4"
6090,"2025-02-26",453,4,575.01,4,5,5,"4,5,5"
19902,"2025-02-26",453,1,187.74,4,1,3,"4,1,3"
7538,"2025-02-26",453,4,361.35,4,5,4,"4,5,4"
1168,"2025-02-26",453,2,963.79,4,4,5,"4,4,5"
8250,"2025-02-26",453,1,54.27,4,1,1,"4,1,1"
19056,"2025-02-26",453,4,549.12,4,5,5,"4,5,5"
3460,"2025-02-26",453,2,59.41,4,3,1,"4,3,1"
3604,"2025-02-26",453,2,352.47,4,4,4,"4,4,4"
186,"2025-02-27",452,2,201.48,4,3,3,"4,3,3"
5040,"2025-02-27",452,2,178.95,4,3,3,"4,3,3"
5158,"2025-02-27",452,3,291.45,4,4,4,"4,4,4"
3665,"2025-02-27",452,3,217.89,4,5,3,"4,5,3"
5229,"2025-02-27",452,3,277.35,4,4,4,"4,4,4"
2678,"2025-02-27",452,1,79.84,4,2,2,"4,2,2"
14321,"2025-02-27",452,2,243.62,4,3,3,"4,3,3"
16547,"2025-02-27",452,3,317.17,4,5,4,"4,5,4"
14141,"2025-02-27",452,3,355.55,4,4,4,"4,4,4"
14663,"2025-02-27",452,3,498.13,4,5,5,"4,5,5"
10539,"2025-02-27",452,1,464.89,4,2,5,"4,2,5"
15477,"2025-02-27",452,4,429.49,4,5,4,"4,5,4"
9488,"2025-02-28",451,2,437.07,4,4,5,"4,4,5"
13131,"2025-02-28",451,4,234.85,4,5,3,"4,5,3"
689,"2025-02-28",451,1,205.72,4,1,3,"4,1,3"
9300,"2025-02-28",451,2,436.46,4,4,5,"4,4,5"
8873,"2025-02-28",451,2,216.45,4,3,3,"4,3,3"
8819,"2025-02-28",451,4,291.92,4,5,4,"4,5,4"
9373,"2025-02-28",451,1,7.91,4,1,1,"4,1,1"
9843,"2025-02-28",451,1,113.55,4,2,2,"4,2,2"
18776,"2025-02-28",451,2,115.10,4,3,2,"4,3,2"
11000,"2025-02-28",451,2,190.06,4,3,3,"4,3,3"
17048,"2025-02-28",451,3,126.41,4,5,2,"4,5,2"
9017,"2025-02-28",451,3,117.58,4,5,2,"4,5,2"
4026,"2025-02-28",451,2,136.48,4,3,2,"4,3,2"
8441,"2025-02-28",451,2,214.85,4,3,3,"4,3,3"
5403,"2025-02-28",451,2,409.75,4,4,4,"4,4,4"
9936,"2025-02-28",451,2,255.98,4,3,3,"4,3,3"
2226,"2025-02-28",451,6,940.94,4,5,5,"4,5,5"
17065,"2025-02-28",451,2,158.13,4,3,3,"4,3,3"
17732,"2025-03-01",450,2,267.48,4,3,4,"4,3,4"
7633,"2025-03-01",450,3,498.15,4,5,5,"4,5,5"
10387,"2025-03-01",450,1,8.15,4,1,1,"4,1,1"
12887,"2025-03-01",450,3,307.99,4,5,4,"4,5,4"
18875,"2025-03-01",450,1,193.24,4,1,3,"4,1,3"
14492,"2025-03-01",450,1,232.67,4,1,3,"4,1,3"
5391,"2025-03-01",450,2,792.72,4,4,5,"4,4,5"
19332,"2025-03-01",450,2,301.14,4,4,4,"4,4,4"
8805,"2025-03-01",450,1,212.90,4,1,3,"4,1,3"
10556,"2025-03-01",450,2,39.74,4,2,1,"4,2,1"
2784,"2025-03-01",450,3,319.55,4,5,4,"4,5,4"
17875,"2025-03-02",449,1,130.26,4,2,2,"4,2,2"
4215,"2025-03-02",449,2,105.20,4,3,2,"4,3,2"
7667,"2025-03-02",449,2,198.49,4,3,3,"4,3,3"
1406,"2025-03-02",449,5,1488.66,4,5,5,"4,5,5"
9696,"2025-03-02",449,3,221.47,4,5,3,"4,5,3"
3872,"2025-03-02",449,1,187.56,4,1,3,"4,1,3"
1630,"2025-03-02",449,4,373.77,4,5,4,"4,5,4"
15205,"2025-03-02",449,1,397.10,4,1,4,"4,1,4"
12592,"2025-03-02",449,3,232.30,4,5,3,"4,5,3"
17640,"2025-03-02",449,2,266.45,4,3,4,"4,3,4"
19359,"2025-03-02",449,3,164.05,4,4,3,"4,4,3"
8751,"2025-03-02",449,3,632.66,4,5,5,"4,5,5"
10376,"2025-03-02",449,1,74.16,4,2,2,"4,2,2"
19579,"2025-03-02",449,5,485.50,4,5,5,"4,5,5"
2018,"2025-03-02",449,2,793.08,4,4,5,"4,4,5"
11481,"2025-03-02",449,4,504.67,4,5,5,"4,5,5"
16624,"2025-03-02",449,6,660.76,4,5,5,"4,5,5"
5902,"2025-03-03",448,4,489.70,4,5,5,"4,5,5"
10270,"2025-03-03",448,3,792.17,4,5,5,"4,5,5"
5848,"2025-03-03",448,3,277.38,4,4,4,"4,4,4"
10634,"2025-03-03",448,3,276.50,4,4,4,"4,4,4"
15335,"2025-03-03",448,3,773.37,4,4,5,"4,4,5"
8863,"2025-03-03",448,3,334.49,4,4,4,"4,4,4"
6743,"2025-03-03",448,4,502.51,4,5,5,"4,5,5"
10488,"2025-03-03",448,1,109.28,4,2,2,"4,2,2"
8253,"2025-03-03",448,2,253.98,4,3,3,"4,3,3"
10561,"2025-03-03",448,4,235.81,4,5,3,"4,5,3"
5218,"2025-03-04",447,1,229.34,4,1,3,"4,1,3"
3182,"2025-03-04",447,1,219.71,4,1,3,"4,1,3"
1937,"2025-03-04",447,3,901.08,4,5,5,"4,5,5"
12914,"2025-03-04",447,3,216.35,4,5,3,"4,5,3"
16911,"2025-03-04",447,2,209.47,4,3,3,"4,3,3"
11624,"2025-03-04",447,4,438.80,4,5,5,"4,5,5"
3711,"2025-03-04",447,2,166.19,4,3,3,"4,3,3"
1107,"2025-03-04",447,1,65.67,4,1,1,"4,1,1"
19431,"2025-03-04",447,1,26.21,4,2,1,"4,2,1"
18049,"2025-03-04",447,4,351.32,4,5,4,"4,5,4"
5651,"2025-03-04",447,3,268.49,4,4,4,"4,4,4"
11852,"2025-03-04",447,3,223.34,4,5,3,"4,5,3"
1417,"2025-03-04",447,2,50.30,4,2,1,"4,2,1"
7481,"2025-03-04",447,1,190.31,4,1,3,"4,1,3"
7655,"2025-03-04",447,1,104.41,4,2,2,"4,2,2"
3486,"2025-03-05",446,2,61.83,4,3,1,"4,3,1"
19767,"2025-03-05",446,4,402.80,4,5,4,"4,5,4"
16272,"2025-03-05",446,5,417.39,4,5,4,"4,5,4"
8079,"2025-03-05",446,4,713.19,4,5,5,"4,5,5"
2130,"2025-03-05",446,5,415.80,4,5,4,"4,5,4"
3075,"2025-03-05",446,3,990.54,4,4,5,"4,4,5"
17544,"2025-03-05",446,2,466.37,4,4,5,"4,4,5"
2116,"2025-03-05",446,2,457.01,4,4,5,"4,4,5"
8681,"2025-03-05",446,4,210.59,4,5,3,"4,5,3"
9632,"2025-03-05",446,4,728.54,4,5,5,"4,5,5"
10450,"2025-03-05",446,1,121.14,4,2,2,"4,2,2"
3086,"2025-03-05",446,1,94.80,4,2,2,"4,2,2"
5059,"2025-03-05",446,1,403.42,4,1,4,"4,1,4"
19278,"2025-03-06",445,3,399.43,4,4,4,"4,4,4"
12937,"2025-03-06",445,2,305.07,4,4,4,"4,4,4"
7179,"2025-03-06",445,2,89.58,4,3,2,"4,3,2"
14367,"2025-03-06",445,1,105.32,4,2,2,"4,2,2"
4063,"2025-03-06",445,3,556.94,4,4,5,"4,4,5"
9284,"2025-03-06",445,5,903.47,4,5,5,"4,5,5"
5662,"2025-03-06",445,3,524.95,4,5,5,"4,5,5"
7783,"2025-03-06",445,3,666.83,4,5,5,"4,5,5"
4901,"2025-03-06",445,2,462.63,4,4,5,"4,4,5"
3177,"2025-03-06",445,4,1065.97,4,5,5,"4,5,5"
19727,"2025-03-06",445,2,147.84,4,3,2,"4,3,2"
15012,"2025-03-06",445,2,198.76,4,3,3,"4,3,3"
13086,"2025-03-06",445,5,414.71,4,5,4,"4,5,4"
14833,"2025-03-06",445,5,457.89,4,5,5,"4,5,5"
15902,"2025-03-07",444,1,10.25,4,1,1,"4,1,1"
3568,"2025-03-07",444,3,331.67,4,5,4,"4,5,4"
9433,"2025-03-07",444,2,149.54,4,3,2,"4,3,2"
17976,"2025-03-07",444,3,241.34,4,5,3,"4,5,3"
7342,"2025-03-07",444,1,584.40,4,2,5,"4,2,5"
6580,"2025-03-07",444,2,490.72,4,4,5,"4,4,5"
8501,"2025-03-07",444,1,20.14,4,2,1,"4,2,1"
7418,"2025-03-07",444,1,49.34,4,1,1,"4,1,1"
1423,"2025-03-07",444,3,119.91,4,5,2,"4,5,2"
16648,"2025-03-07",444,4,509.71,4,5,5,"4,5,5"
14231,"2025-03-07",444,2,482.64,4,4,5,"4,4,5"
19093,"2025-03-08",443,3,331.15,4,5,4,"4,5,4"
3910,"2025-03-08",443,2,84.67,4,3,2,"4,3,2"
12817,"2025-03-08",443,2,292.92,4,4,4,"4,4,4"
2510,"2025-03-08",443,2,892.99,4,4,5,"4,4,5"
5680,"2025-03-08",443,2,50.26,4,2,1,"4,2,1"
12065,"2025-03-08",443,2,243.26,4,3,3,"4,3,3"
10053,"2025-03-08",443,2,295.87,4,4,4,"4,4,4"
8380,"2025-03-08",443,2,23.90,4,2,1,"4,2,1"
13051,"2025-03-08",443,3,359.05,4,4,4,"4,4,4"
11537,"2025-03-08",443,4,335.68,4,5,4,"4,5,4"
18936,"2025-03-08",443,3,449.81,4,5,5,"4,5,5"
16538,"2025-03-08",443,2,346.83,4,4,4,"4,4,4"
17077,"2025-03-09",442,4,403.34,4,5,4,"4,5,4"
6013,"2025-03-09",442,2,1028.03,4,4,5,"4,4,5"
7274,"2025-03-09",442,2,107.23,4,3,2,"4,3,2"
2754,"2025-03-09",442,2,386.58,4,4,4,"4,4,4"
19108,"2025-03-09",442,2,165.41,4,3,3,"4,3,3"
18433,"2025-03-09",442,2,437.47,4,4,5,"4,4,5"
9522,"2025-03-09",442,1,66.31,4,1,1,"4,1,1"
8929,"2025-03-09",442,2,43.73,4,2,1,"4,2,1"
12742,"2025-03-09",442,2,210.59,4,3,3,"4,3,3"
6707,"2025-03-09",442,4,245.05,4,5,3,"4,5,3"
5816,"2025-03-09",442,2,52.50,4,2,1,"4,2,1"
3554,"2025-03-09",442,3,142.50,4,4,2,"4,4,2"
16311,"2025-03-09",442,1,159.10,4,1,3,"4,1,3"
8201,"2025-03-09",442,3,148.95,4,4,2,"4,4,2"
3601,"2025-03-09",442,1,9.39,4,1,1,"4,1,1"
8379,"2025-03-09",442,4,647.26,4,5,5,"4,5,5"
19571,"2025-03-10",441,1,49.13,4,1,1,"4,1,1"
1623,"2025-03-10",441,2,277.47,4,3,4,"4,3,4"
3411,"2025-03-10",441,5,1175.10,4,5,5,"4,5,5"
8284,"2025-03-10",441,4,378.37,4,5,4,"4,5,4"
16074,"2025-03-10",441,3,474.89,4,5,5,"4,5,5"
15446,"2025-03-10",441,6,833.60,4,5,5,"4,5,5"
19178,"2025-03-10",441,3,258.50,4,4,4,"4,4,4"
8670,"2025-03-10",441,2,473.58,4,4,5,"4,4,5"
7914,"2025-03-10",441,6,676.08,4,5,5,"4,5,5"
8917,"2025-03-10",441,2,30.63,4,2,1,"4,2,1"
16921,"2025-03-10",441,2,351.62,4,4,4,"4,4,4"
3996,"2025-03-10",441,3,318.06,4,5,4,"4,5,4"
2520,"2025-03-10",441,3,312.30,4,5,4,"4,5,4"
11163,"2025-03-10",441,2,253.67,4,3,3,"4,3,3"
16952,"2025-03-10",441,3,178.59,4,5,3,"4,5,3"
12305,"2025-03-10",441,2,270.51,4,3,4,"4,3,4"
4637,"2025-03-10",441,3,353.69,4,4,4,"4,4,4"
1005,"2025-03-11",440,3,374.00,4,5,4,"4,5,4"
8271,"2025-03-11",440,2,91.25,4,3,2,"4,3,2"
4838,"2025-03-11",440,3,201.88,4,4,3,"4,4,3"
19512,"2025-03-11",440,4,633.50,4,5,5,"4,5,5"
11285,"2025-03-11",440,2,361.07,4,4,4,"4,4,4"
1042,"2025-03-11",440,3,257.19,4,4,4,"4,4,4"
16406,"2025-03-11",440,1,118.63,4,2,2,"4,2,2"
1538,"2025-03-11",440,1,13.46,4,1,1,"4,1,1"
14960,"2025-03-11",440,6,855.10,4,5,5,"4,5,5"
19250,"2025-03-11",440,1,55.59,4,1,1,"4,1,1"
17563,"2025-03-11",440,3,234.69,4,5,3,"4,5,3"
101,"2025-03-11",440,4,601.57,4,5,5,"4,5,5"
4770,"2025-03-11",440,2,555.49,4,4,5,"4,4,5"
6905,"2025-03-11",440,1,132.51,4,2,2,"4,2,2"
9776,"2025-03-11",440,3,282.61,4,4,4,"4,4,4"
17167,"2025-03-11",440,2,113.97,4,3,2,"4,3,2"
10511,"2025-03-12",439,1,144.95,4,1,2,"4,1,2"
13905,"2025-03-12",439,1,45.47,4,1,1,"4,1,1"
18853,"2025-03-12",439,3,516.64,4,5,5,"4,5,5"
5723,"2025-03-12",439,2,197.08,4,3,3,"4,3,3"
2333,"2025-03-12",439,4,247.75,4,5,3,"4,5,3"
2908,"2025-03-12",439,4,432.21,4,5,5,"4,5,5"
13612,"2025-03-12",439,2,148.63,4,3,2,"4,3,2"
2139,"2025-03-12",439,2,182.01,4,3,3,"4,3,3"
18596,"2025-03-12",439,1,147.77,4,1,2,"4,1,2"
14044,"2025-03-12",439,3,140.80,4,4,2,"4,4,2"
7987,"2025-03-12",439,2,33.38,4,2,1,"4,2,1"
17758,"2025-03-12",439,3,148.27,4,4,2,"4,4,2"
3955,"2025-03-12",439,3,703.57,4,5,5,"4,5,5"
6637,"2025-03-12",439,3,154.86,4,4,3,"4,4,3"
7735,"2025-03-13",438,1,123.83,4,2,2,"4,2,2"
3750,"2025-03-13",438,6,344.23,4,5,4,"4,5,4"
4559,"2025-03-13",438,1,25.79,4,2,1,"4,2,1"
8256,"2025-03-13",438,2,142.00,4,3,2,"4,3,2"
5187,"2025-03-13",438,1,31.42,4,2,1,"4,2,1"
16977,"2025-03-13",438,4,640.84,4,5,5,"4,5,5"
3821,"2025-03-13",438,3,443.13,4,5,5,"4,5,5"
12990,"2025-03-13",438,1,61.81,4,1,1,"4,1,1"
8225,"2025-03-13",438,2,294.78,4,4,4,"4,4,4"
18293,"2025-03-13",438,2,433.50,4,4,5,"4,4,5"
10980,"2025-03-13",438,2,189.30,4,3,3,"4,3,3"
1738,"2025-03-13",438,4,474.99,4,5,5,"4,5,5"
10606,"2025-03-13",438,5,939.48,4,5,5,"4,5,5"
4621,"2025-03-13",438,2,315.28,4,4,4,"4,4,4"
17250,"2025-03-14",437,2,407.36,4,4,4,"4,4,4"
12121,"2025-03-14",437,1,28.46,4,2,1,"4,2,1"
17667,"2025-03-14",437,2,47.24,4,2,1,"4,2,1"
11790,"2025-03-14",437,2,76.56,4,3,2,"4,3,2"
15142,"2025-03-14",437,4,740.87,4,5,5,"4,5,5"
553,"2025-03-14",437,1,137.54,4,2,2,"4,2,2"
5132,"2025-03-14",437,3,1099.67,4,4,5,"4,4,5"
5029,"2025-03-14",437,3,633.90,4,5,5,"4,5,5"
2370,"2025-03-14",437,2,485.62,4,4,5,"4,4,5"
11172,"2025-03-14",437,4,2112.93,4,5,5,"4,5,5"
16126,"2025-03-14",437,4,1004.70,4,5,5,"4,5,5"
12475,"2025-03-15",436,4,516.11,4,5,5,"4,5,5"
19470,"2025-03-15",436,1,18.52,4,2,1,"4,2,1"
1761,"2025-03-15",436,3,149.88,4,4,2,"4,4,2"
16464,"2025-03-15",436,4,849.97,4,5,5,"4,5,5"
11642,"2025-03-15",436,1,220.54,4,1,3,"4,1,3"
8534,"2025-03-15",436,3,109.05,4,4,2,"4,4,2"
12308,"2025-03-15",436,2,209.54,4,3,3,"4,3,3"
2468,"2025-03-15",436,2,518.23,4,4,5,"4,4,5"
9863,"2025-03-15",436,2,316.79,4,4,4,"4,4,4"
18681,"2025-03-15",436,2,148.85,4,3,2,"4,3,2"
10475,"2025-03-15",436,4,648.70,4,5,5,"4,5,5"
2471,"2025-03-15",436,3,274.37,4,4,4,"4,4,4"
557,"2025-03-15",436,3,501.10,4,5,5,"4,5,5"
1469,"2025-03-15",436,3,944.37,4,4,5,"4,4,5"
2787,"2025-03-16",435,3,335.47,4,5,4,"4,5,4"
12488,"2025-03-16",435,2,71.41,4,3,1,"4,3,1"
9953,"2025-03-16",435,3,207.54,4,4,3,"4,4,3"
17329,"2025-03-16",435,2,271.86,4,3,4,"4,3,4"
5830,"2025-03-16",435,2,301.31,4,4,4,"4,4,4"
8372,"2025-03-16",435,3,319.06,4,5,4,"4,5,4"
3046,"2025-03-16",435,2,662.49,4,4,5,"4,4,5"
17400,"2025-03-16",435,2,201.86,4,3,3,"4,3,3"
18945,"2025-03-16",435,3,267.34,4,4,4,"4,4,4"
18250,"2025-03-16",435,2,269.63,4,3,4,"4,3,4"
11080,"2025-03-16",435,3,514.07,4,5,5,"4,5,5"
4640,"2025-03-16",435,4,627.30,4,5,5,"4,5,5"
3084,"2025-03-16",435,2,205.21,4,3,3,"4,3,3"
8269,"2025-03-16",435,2,516.19,4,4,5,"4,4,5"
5602,"2025-03-16",435,3,142.90,4,4,2,"4,4,2"
18714,"2025-03-16",435,2,331.02,4,4,4,"4,4,4"
5692,"2025-03-17",434,4,364.99,4,5,4,"4,5,4"
7600,"2025-03-17",434,1,4.15,4,2,1,"4,2,1"
19481,"2025-03-17",434,2,190.51,4,3,3,"4,3,3"
7776,"2025-03-17",434,4,930.04,4,5,5,"4,5,5"
1211,"2025-03-17",434,3,186.07,4,4,3,"4,4,3"
6110,"2025-03-17",434,3,452.56,4,5,5,"4,5,5"
597,"2025-03-17",434,1,516.40,4,2,5,"4,2,5"
903,"2025-03-17",434,2,65.44,4,3,1,"4,3,1"
15385,"2025-03-17",434,2,136.05,4,3,2,"4,3,2"
3779,"2025-03-17",434,4,872.87,4,5,5,"4,5,5"
6755,"2025-03-18",433,3,353.52,4,4,4,"4,4,4"
10857,"2025-03-18",433,2,188.73,4,3,3,"4,3,3"
3862,"2025-03-18",433,2,197.94,4,3,3,"4,3,3"
10350,"2025-03-18",433,3,578.92,4,4,5,"4,4,5"
3903,"2025-03-18",433,4,239.64,4,5,3,"4,5,3"
833,"2025-03-18",433,2,45.97,4,2,1,"4,2,1"
14630,"2025-03-18",433,5,278.77,4,5,4,"4,5,4"
4328,"2025-03-18",433,4,1006.18,4,5,5,"4,5,5"
5770,"2025-03-18",433,1,85.03,4,2,2,"4,2,2"
15977,"2025-03-18",433,4,954.67,4,5,5,"4,5,5"
14879,"2025-03-18",433,3,258.31,4,4,4,"4,4,4"
6551,"2025-03-18",433,1,174.05,4,1,3,"4,1,3"
13530,"2025-03-18",433,1,140.74,4,2,2,"4,2,2"
12675,"2025-03-19",432,1,361.33,4,1,4,"4,1,4"
5787,"2025-03-19",432,2,208.88,4,3,3,"4,3,3"
18357,"2025-03-19",432,5,611.86,4,5,5,"4,5,5"
5876,"2025-03-19",432,1,67.67,4,1,1,"4,1,1"
10733,"2025-03-19",432,1,76.60,4,2,2,"4,2,2"
7127,"2025-03-19",432,1,24.28,4,2,1,"4,2,1"
236,"2025-03-19",432,3,677.15,4,4,5,"4,4,5"
15980,"2025-03-19",432,1,358.80,4,1,4,"4,1,4"
7972,"2025-03-19",432,1,178.81,4,1,3,"4,1,3"
4100,"2025-03-19",432,3,845.76,4,5,5,"4,5,5"
118,"2025-03-19",432,3,266.13,4,4,4,"4,4,4"
11181,"2025-03-19",432,2,321.65,4,4,4,"4,4,4"
12832,"2025-03-19",432,4,1623.27,4,5,5,"4,5,5"
16275,"2025-03-19",432,3,127.39,4,5,2,"4,5,2"
7139,"2025-03-19",432,5,417.60,4,5,4,"4,5,4"
9002,"2025-03-20",431,4,857.86,4,5,5,"4,5,5"
18735,"2025-03-20",431,3,737.06,4,4,5,"4,4,5"
12090,"2025-03-20",431,3,997.41,4,4,5,"4,4,5"
841,"2025-03-20",431,3,689.16,4,5,5,"4,5,5"
11690,"2025-03-20",431,2,393.85,4,4,4,"4,4,4"
12747,"2025-03-20",431,1,58.83,4,1,1,"4,1,1"
5286,"2025-03-20",431,2,236.99,4,3,3,"4,3,3"
8486,"2025-03-20",431,1,20.68,4,2,1,"4,2,1"
18391,"2025-03-20",431,1,94.67,4,2,2,"4,2,2"
11641,"2025-03-20",431,3,258.95,4,4,4,"4,4,4"
10978,"2025-03-20",431,3,156.78,4,5,3,"4,5,3"
3827,"2025-03-20",431,1,10.62,4,1,1,"4,1,1"
5420,"2025-03-20",431,4,333.48,4,5,4,"4,5,4"
5478,"2025-03-20",431,2,111.25,4,3,2,"4,3,2"
13074,"2025-03-20",431,1,39.08,4,2,1,"4,2,1"
13433,"2025-03-20",431,1,581.11,4,2,5,"4,2,5"
17253,"2025-03-20",431,2,429.53,4,4,4,"4,4,4"
13703,"2025-03-21",430,1,266.10,4,1,4,"4,1,4"
16604,"2025-03-21",430,3,558.40,4,4,5,"4,4,5"
17017,"2025-03-21",430,1,12.37,4,1,1,"4,1,1"
14433,"2025-03-21",430,2,296.87,4,4,4,"4,4,4"
9782,"2025-03-21",430,4,479.67,4,5,5,"4,5,5"
12692,"2025-03-21",430,3,625.15,4,5,5,"4,5,5"
2923,"2025-03-21",430,4,1372.89,4,5,5,"4,5,5"
15194,"2025-03-21",430,4,343.25,4,5,4,"4,5,4"
15889,"2025-03-21",430,3,275.12,4,4,4,"4,4,4"
14081,"2025-03-22",429,1,186.25,4,1,3,"4,1,3"
25,"2025-03-22",429,2,318.95,4,4,4,"4,4,4"
3600,"2025-03-22",429,4,891.25,4,5,5,"4,5,5"
10669,"2025-03-22",429,2,249.20,4,3,3,"4,3,3"
1257,"2025-03-22",429,3,630.32,4,5,5,"4,5,5"
12306,"2025-03-22",429,3,628.21,4,5,5,"4,5,5"
3354,"2025-03-22",429,1,98.10,4,2,2,"4,2,2"
17590,"2025-03-22",429,3,189.46,4,4,3,"4,4,3"
3225,"2025-03-22",429,2,69.80,4,3,1,"4,3,1"
14114,"2025-03-22",429,1,282.91,4,1,4,"4,1,4"
2597,"2025-03-22",429,1,215.70,4,1,3,"4,1,3"
14021,"2025-03-22",429,2,274.15,4,3,4,"4,3,4"
4495,"2025-03-22",429,2,53.16,4,2,1,"4,2,1"
19645,"2025-03-22",429,3,422.97,4,4,4,"4,4,4"
1582,"2025-03-22",429,3,217.65,4,5,3,"4,5,3"
641,"2025-03-22",429,1,52.89,4,1,1,"4,1,1"
3287,"2025-03-23",428,1,199.44,4,1,3,"4,1,3"
9293,"2025-03-23",428,2,179.07,4,3,3,"4,3,3"
7334,"2025-03-23",428,2,119.53,5,3,2,"5,3,2"
302,"2025-03-23",428,1,435.02,5,2,5,"5,2,5"
18156,"2025-03-23",428,3,807.93,5,5,5,"5,5,5"
16940,"2025-03-23",428,6,1070.17,5,5,5,"5,5,5"
13302,"2025-03-23",428,6,733.68,5,5,5,"5,5,5"
4410,"2025-03-23",428,2,178.69,5,3,3,"5,3,3"
13589,"2025-03-23",428,5,389.11,5,5,4,"5,5,4"
13335,"2025-03-24",427,2,92.87,5,3,2,"5,3,2"
11870,"2025-03-24",427,3,438.45,5,5,5,"5,5,5"
15940,"2025-03-24",427,7,973.64,5,5,5,"5,5,5"
3079,"2025-03-24",427,3,515.81,5,5,5,"5,5,5"
16037,"2025-03-24",427,1,48.76,5,1,1,"5,1,1"
19070,"2025-03-24",427,1,28.73,5,2,1,"5,2,1"
15664,"2025-03-24",427,4,360.18,5,5,4,"5,5,4"
1716,"2025-03-24",427,2,348.25,5,4,4,"5,4,4"
5550,"2025-03-24",427,1,311.72,5,1,4,"5,1,4"
298,"2025-03-24",427,2,86.07,5,3,2,"5,3,2"
6101,"2025-03-24",427,3,514.30,5,5,5,"5,5,5"
12108,"2025-03-24",427,1,20.06,5,2,1,"5,2,1"
12163,"2025-03-24",427,2,263.14,5,3,4,"5,3,4"
18568,"2025-03-24",427,2,277.02,5,3,4,"5,3,4"
10094,"2025-03-24",427,2,160.65,5,3,3,"5,3,3"
1214,"2025-03-24",427,3,441.15,5,5,5,"5,5,5"
3984,"2025-03-24",427,3,107.38,5,4,2,"5,4,2"
12502,"2025-03-25",426,2,2111.21,5,4,5,"5,4,5"
17379,"2025-03-25",426,4,495.41,5,5,5,"5,5,5"
4178,"2025-03-25",426,3,212.26,5,4,3,"5,4,3"
12844,"2025-03-25",426,4,650.88,5,5,5,"5,5,5"
17298,"2025-03-25",426,3,353.93,5,4,4,"5,4,4"
8467,"2025-03-25",426,1,241.34,5,1,3,"5,1,3"
9472,"2025-03-25",426,1,40.82,5,1,1,"5,1,1"
16737,"2025-03-25",426,2,325.07,5,4,4,"5,4,4"
17711,"2025-03-25",426,1,264.26,5,1,4,"5,1,4"
18670,"2025-03-25",426,1,47.14,5,1,1,"5,1,1"
2223,"2025-03-25",426,2,2100.43,5,4,5,"5,4,5"
3386,"2025-03-26",425,3,197.95,5,4,3,"5,4,3"
5576,"2025-03-26",425,1,219.44,5,1,3,"5,1,3"
3525,"2025-03-26",425,5,956.85,5,5,5,"5,5,5"
3826,"2025-03-26",425,1,20.17,5,2,1,"5,2,1"
6367,"2025-03-26",425,2,95.46,5,3,2,"5,3,2"
19790,"2025-03-26",425,1,259.55,5,1,4,"5,1,4"
6425,"2025-03-26",425,6,1537.96,5,5,5,"5,5,5"
1914,"2025-03-26",425,5,434.75,5,5,5,"5,5,5"
15685,"2025-03-26",425,1,83.73,5,2,2,"5,2,2"
1632,"2025-03-26",425,3,584.46,5,4,5,"5,4,5"
10685,"2025-03-26",425,3,305.33,5,4,4,"5,4,4"
15478,"2025-03-26",425,2,295.29,5,4,4,"5,4,4"
19221,"2025-03-26",425,1,85.09,5,2,2,"5,2,2"
78,"2025-03-27",424,2,362.26,5,4,4,"5,4,4"
12591,"2025-03-27",424,2,153.73,5,3,3,"5,3,3"
4613,"2025-03-27",424,2,217.43,5,3,3,"5,3,3"
9712,"2025-03-27",424,1,167.69,5,1,3,"5,1,3"
7150,"2025-03-27",424,2,237.50,5,3,3,"5,3,3"
6248,"2025-03-27",424,1,15.53,5,2,1,"5,2,1"
10680,"2025-03-27",424,2,280.64,5,3,4,"5,3,4"
3994,"2025-03-27",424,1,15.35,5,2,1,"5,2,1"
13842,"2025-03-27",424,2,869.08,5,4,5,"5,4,5"
878,"2025-03-27",424,2,445.92,5,4,5,"5,4,5"
9665,"2025-03-27",424,1,73.02,5,1,1,"5,1,1"
17533,"2025-03-27",424,2,136.54,5,3,2,"5,3,2"
7313,"2025-03-27",424,5,816.73,5,5,5,"5,5,5"
17406,"2025-03-27",424,3,329.75,5,5,4,"5,5,4"
6128,"2025-03-27",424,2,119.42,5,3,2,"5,3,2"
14140,"2025-03-27",424,4,643.76,5,5,5,"5,5,5"
13417,"2025-03-28",423,3,244.03,5,5,3,"5,5,3"
17283,"2025-03-28",423,3,731.38,5,4,5,"5,4,5"
9297,"2025-03-28",423,5,201.58,5,5,3,"5,5,3"
14249,"2025-03-28",423,3,130.15,5,5,2,"5,5,2"
12767,"2025-03-28",423,3,312.68,5,5,4,"5,5,4"
4403,"2025-03-28",423,5,874.53,5,5,5,"5,5,5"
8418,"2025-03-28",423,3,304.51,5,4,4,"5,4,4"
17853,"2025-03-28",423,1,168.65,5,1,3,"5,1,3"
7082,"2025-03-28",423,2,51.63,5,2,1,"5,2,1"
16018,"2025-03-28",423,3,280.59,5,4,4,"5,4,4"
15884,"2025-03-29",422,3,508.04,5,5,5,"5,5,5"
6962,"2025-03-29",422,2,91.32,5,3,2,"5,3,2"
13250,"2025-03-29",422,1,653.02,5,2,5,"5,2,5"
15192,"2025-03-29",422,2,114.42,5,3,2,"5,3,2"
11162,"2025-03-29",422,2,48.24,5,2,1,"5,2,1"
4742,"2025-03-29",422,3,238.93,5,5,3,"5,5,3"
18701,"2025-03-29",422,3,189.08,5,4,3,"5,4,3"
14090,"2025-03-29",422,3,755.56,5,4,5,"5,4,5"
12200,"2025-03-29",422,2,251.65,5,3,3,"5,3,3"
10783,"2025-03-29",422,2,257.06,5,3,4,"5,3,4"
6192,"2025-03-29",422,2,218.27,5,3,3,"5,3,3"
11596,"2025-03-29",422,3,244.72,5,5,3,"5,5,3"
11367,"2025-03-29",422,1,239.61,5,1,3,"5,1,3"
3002,"2025-03-30",421,2,165.73,5,3,3,"5,3,3"
14924,"2025-03-30",421,1,27.05,5,2,1,"5,2,1"
6219,"2025-03-30",421,2,210.27,5,3,3,"5,3,3"
7884,"2025-03-30",421,3,398.42,5,4,4,"5,4,4"
13813,"2025-03-30",421,1,24.89,5,2,1,"5,2,1"
17046,"2025-03-30",421,2,145.83,5,3,2,"5,3,2"
17701,"2025-03-30",421,3,249.28,5,5,3,"5,5,3"
16078,"2025-03-30",421,3,173.95,5,4,3,"5,4,3"
9910,"2025-03-30",421,2,161.80,5,3,3,"5,3,3"
17967,"2025-03-30",421,1,177.23,5,1,3,"5,1,3"
6311,"2025-03-30",421,5,675.15,5,5,5,"5,5,5"
6061,"2025-03-30",421,2,93.49,5,3,2,"5,3,2"
16475,"2025-03-30",421,2,132.66,5,3,2,"5,3,2"
16253,"2025-03-30",421,2,218.79,5,3,3,"5,3,3"
5389,"2025-03-30",421,3,390.76,5,4,4,"5,4,4"
16389,"2025-03-30",421,1,223.18,5,1,3,"5,1,3"
898,"2025-03-30",421,3,515.62,5,5,5,"5,5,5"
18044,"2025-03-30",421,2,63.65,5,3,1,"5,3,1"
11482,"2025-03-30",421,1,365.23,5,1,4,"5,1,4"
11165,"2025-03-30",421,2,197.88,5,3,3,"5,3,3"
5233,"2025-03-30",421,1,18.51,5,2,1,"5,2,1"
12022,"2025-03-31",420,2,309.56,5,4,4,"5,4,4"
10784,"2025-03-31",420,2,681.56,5,4,5,"5,4,5"
11480,"2025-03-31",420,2,173.85,5,3,3,"5,3,3"
228,"2025-03-31",420,2,180.84,5,3,3,"5,3,3"
16945,"2025-03-31",420,2,180.41,5,3,3,"5,3,3"
14635,"2025-03-31",420,3,140.67,5,4,2,"5,4,2"
1935,"2025-03-31",420,4,304.18,5,5,4,"5,5,4"
12109,"2025-03-31",420,4,764.79,5,5,5,"5,5,5"
15648,"2025-03-31",420,1,6.80,5,2,1,"5,2,1"
12825,"2025-03-31",420,4,438.56,5,5,5,"5,5,5"
18392,"2025-03-31",420,3,771.36,5,4,5,"5,4,5"
5520,"2025-03-31",420,4,60.66,5,5,1,"5,5,1"
1570,"2025-03-31",420,3,566.53,5,4,5,"5,4,5"
5237,"2025-03-31",420,2,40.03,5,2,1,"5,2,1"
17692,"2025-03-31",420,1,1293.76,5,1,5,"5,1,5"
15569,"2025-03-31",420,1,8.03,5,1,1,"5,1,1"
15242,"2025-04-01",419,1,125.53,5,2,2,"5,2,2"
15413,"2025-04-01",419,1,38.75,5,2,1,"5,2,1"
13021,"2025-04-01",419,1,84.24,5,2,2,"5,2,2"
3714,"2025-04-01",419,4,358.97,5,5,4,"5,5,4"
591,"2025-04-01",419,4,603.29,5,5,5,"5,5,5"
8173,"2025-04-01",419,3,295.13,5,4,4,"5,4,4"
6014,"2025-04-01",419,2,148.24,5,3,2,"5,3,2"
14227,"2025-04-01",419,3,1003.87,5,4,5,"5,4,5"
1670,"2025-04-01",419,1,19.65,5,2,1,"5,2,1"
12773,"2025-04-02",418,3,99.30,5,5,2,"5,5,2"
18239,"2025-04-02",418,1,35.10,5,2,1,"5,2,1"
13002,"2025-04-02",418,4,466.24,5,5,5,"5,5,5"
14406,"2025-04-02",418,1,89.22,5,2,2,"5,2,2"
7493,"2025-04-02",418,1,96.98,5,2,2,"5,2,2"
9429,"2025-04-02",418,1,240.62,5,1,3,"5,1,3"
422,"2025-04-02",418,1,122.43,5,2,2,"5,2,2"
9600,"2025-04-02",418,4,981.15,5,5,5,"5,5,5"
8252,"2025-04-02",418,4,745.43,5,5,5,"5,5,5"
11134,"2025-04-02",418,5,487.67,5,5,5,"5,5,5"
2457,"2025-04-02",418,4,141.54,5,5,2,"5,5,2"
14951,"2025-04-02",418,1,55.72,5,1,1,"5,1,1"
15393,"2025-04-02",418,2,52.38,5,2,1,"5,2,1"
9446,"2025-04-03",417,2,255.45,5,3,3,"5,3,3"
12169,"2025-04-03",417,1,24.45,5,2,1,"5,2,1"
17182,"2025-04-03",417,1,118.30,5,2,2,"5,2,2"
1667,"2025-04-03",417,2,282.87,5,3,4,"5,3,4"
13774,"2025-04-03",417,2,121.11,5,3,2,"5,3,2"
467,"2025-04-03",417,1,7.98,5,1,1,"5,1,1"
14577,"2025-04-03",417,1,110.79,5,2,2,"5,2,2"
6699,"2025-04-03",417,2,336.52,5,4,4,"5,4,4"
18780,"2025-04-03",417,2,246.82,5,3,3,"5,3,3"
14470,"2025-04-03",417,4,557.05,5,5,5,"5,5,5"
3642,"2025-04-03",417,3,172.51,5,5,3,"5,5,3"
250,"2025-04-03",417,3,247.66,5,5,3,"5,5,3"
656,"2025-04-04",416,2,178.98,5,3,3,"5,3,3"
10644,"2025-04-04",416,2,565.34,5,4,5,"5,4,5"
11330,"2025-04-04",416,3,280.97,5,4,4,"5,4,4"
7496,"2025-04-04",416,3,759.15,5,4,5,"5,4,5"
5459,"2025-04-04",416,2,245.12,5,3,3,"5,3,3"
1498,"2025-04-04",416,4,204.98,5,5,3,"5,5,3"
113,"2025-04-04",416,1,50.89,5,1,1,"5,1,1"
8993,"2025-04-04",416,1,128.62,5,2,2,"5,2,2"
14128,"2025-04-04",416,2,121.48,5,3,2,"5,3,2"
19415,"2025-04-04",416,4,918.19,5,5,5,"5,5,5"
9766,"2025-04-04",416,2,389.77,5,4,4,"5,4,4"
18768,"2025-04-04",416,2,324.02,5,4,4,"5,4,4"
6041,"2025-04-04",416,3,288.86,5,4,4,"5,4,4"
7304,"2025-04-04",416,2,228.88,5,3,3,"5,3,3"
19976,"2025-04-05",415,1,115.48,5,2,2,"5,2,2"
9287,"2025-04-05",415,5,983.61,5,5,5,"5,5,5"
16937,"2025-04-05",415,3,95.33,5,4,2,"5,4,2"
327,"2025-04-05",415,6,1008.15,5,5,5,"5,5,5"
4887,"2025-04-05",415,3,260.69,5,4,4,"5,4,4"
19161,"2025-04-05",415,1,5.25,5,2,1,"5,2,1"
5198,"2025-04-05",415,3,140.84,5,4,2,"5,4,2"
10628,"2025-04-06",414,2,613.94,5,4,5,"5,4,5"
2286,"2025-04-06",414,2,248.23,5,3,3,"5,3,3"
5211,"2025-04-06",414,1,275.86,5,1,4,"5,1,4"
14477,"2025-04-06",414,1,10.17,5,1,1,"5,1,1"
1496,"2025-04-06",414,3,174.36,5,4,3,"5,4,3"
6776,"2025-04-06",414,1,64.73,5,1,1,"5,1,1"
17943,"2025-04-06",414,3,491.46,5,5,5,"5,5,5"
4158,"2025-04-06",414,4,368.02,5,5,4,"5,5,4"
9048,"2025-04-06",414,1,11.62,5,1,1,"5,1,1"
19627,"2025-04-06",414,2,77.90,5,3,2,"5,3,2"
3194,"2025-04-06",414,1,64.88,5,1,1,"5,1,1"
14801,"2025-04-06",414,1,549.53,5,2,5,"5,2,5"
14379,"2025-04-07",413,4,343.32,5,5,4,"5,5,4"
9515,"2025-04-07",413,3,759.50,5,4,5,"5,4,5"
9902,"2025-04-07",413,1,126.45,5,2,2,"5,2,2"
19222,"2025-04-07",413,3,1038.38,5,5,5,"5,5,5"
2462,"2025-04-07",413,4,411.78,5,5,4,"5,5,4"
6045,"2025-04-07",413,2,505.95,5,4,5,"5,4,5"
7733,"2025-04-07",413,3,346.65,5,5,4,"5,5,4"
1481,"2025-04-07",413,5,540.50,5,5,5,"5,5,5"
18083,"2025-04-07",413,4,329.82,5,5,4,"5,5,4"
3574,"2025-04-07",413,4,182.91,5,5,3,"5,5,3"
15908,"2025-04-07",413,3,191.45,5,4,3,"5,4,3"
19030,"2025-04-07",413,4,356.90,5,5,4,"5,5,4"
12489,"2025-04-07",413,4,375.10,5,5,4,"5,5,4"
18350,"2025-04-07",413,3,124.32,5,5,2,"5,5,2"
3461,"2025-04-07",413,2,140.71,5,3,2,"5,3,2"
13809,"2025-04-08",412,4,559.10,5,5,5,"5,5,5"
14566,"2025-04-08",412,1,77.63,5,2,2,"5,2,2"
14260,"2025-04-08",412,1,182.10,5,1,3,"5,1,3"
18915,"2025-04-08",412,3,223.72,5,5,3,"5,5,3"
16420,"2025-04-08",412,2,716.56,5,4,5,"5,4,5"
1756,"2025-04-08",412,2,246.81,5,3,3,"5,3,3"
3981,"2025-04-08",412,2,81.78,5,3,2,"5,3,2"
10214,"2025-04-08",412,3,523.60,5,5,5,"5,5,5"
3309,"2025-04-08",412,2,389.32,5,4,4,"5,4,4"
8776,"2025-04-08",412,2,391.71,5,4,4,"5,4,4"
17658,"2025-04-08",412,1,44.73,5,1,1,"5,1,1"
6669,"2025-04-08",412,2,84.77,5,3,2,"5,3,2"
10906,"2025-04-08",412,1,117.64,5,2,2,"5,2,2"
18922,"2025-04-08",412,2,110.02,5,3,2,"5,3,2"
5365,"2025-04-08",412,2,109.96,5,3,2,"5,3,2"
988,"2025-04-08",412,3,907.33,5,5,5,"5,5,5"
9912,"2025-04-08",412,3,2178.43,5,4,5,"5,4,5"
13495,"2025-04-08",412,1,13.39,5,1,1,"5,1,1"
8969,"2025-04-08",412,1,16.58,5,2,1,"5,2,1"
18937,"2025-04-08",412,1,105.15,5,2,2,"5,2,2"
9710,"2025-04-08",412,2,296.76,5,4,4,"5,4,4"
10477,"2025-04-08",412,4,326.35,5,5,4,"5,5,4"
18386,"2025-04-08",412,2,174.51,5,3,3,"5,3,3"
3396,"2025-04-09",411,5,467.28,5,5,5,"5,5,5"
176,"2025-04-09",411,1,67.32,5,1,1,"5,1,1"
10258,"2025-04-09",411,4,103.48,5,5,2,"5,5,2"
5544,"2025-04-09",411,4,475.65,5,5,5,"5,5,5"
18369,"2025-04-09",411,2,80.89,5,3,2,"5,3,2"
1142,"2025-04-09",411,4,537.03,5,5,5,"5,5,5"
16472,"2025-04-09",411,4,285.46,5,5,4,"5,5,4"
1151,"2025-04-09",411,6,734.84,5,5,5,"5,5,5"
7584,"2025-04-09",411,4,420.06,5,5,4,"5,5,4"
11554,"2025-04-09",411,2,297.98,5,4,4,"5,4,4"
10228,"2025-04-10",410,3,659.45,5,5,5,"5,5,5"
9368,"2025-04-10",410,1,67.09,5,1,1,"5,1,1"
13397,"2025-04-10",410,2,359.29,5,4,4,"5,4,4"
9049,"2025-04-10",410,1,195.18,5,1,3,"5,1,3"
788,"2025-04-10",410,2,91.04,5,3,2,"5,3,2"
2205,"2025-04-10",410,3,361.46,5,5,4,"5,5,4"
11744,"2025-04-10",410,2,297.87,5,4,4,"5,4,4"
3814,"2025-04-11",409,4,468.15,5,5,5,"5,5,5"
11613,"2025-04-11",409,2,85.26,5,3,2,"5,3,2"
18738,"2025-04-11",409,1,104.75,5,2,2,"5,2,2"
3475,"2025-04-11",409,4,237.70,5,5,3,"5,5,3"
4202,"2025-04-11",409,2,341.50,5,4,4,"5,4,4"
10904,"2025-04-11",409,5,862.26,5,5,5,"5,5,5"
3365,"2025-04-11",409,3,91.23,5,4,2,"5,4,2"
3567,"2025-04-11",409,2,24.95,5,2,1,"5,2,1"
11730,"2025-04-11",409,2,102.19,5,3,2,"5,3,2"
1464,"2025-04-11",409,4,658.06,5,5,5,"5,5,5"
18990,"2025-04-11",409,1,267.57,5,1,4,"5,1,4"
4546,"2025-04-11",409,2,504.30,5,4,5,"5,4,5"
14351,"2025-04-11",409,2,63.84,5,3,1,"5,3,1"
10167,"2025-04-11",409,1,360.91,5,1,4,"5,1,4"
8194,"2025-04-12",408,3,173.81,5,4,3,"5,4,3"
12581,"2025-04-12",408,4,395.84,5,5,4,"5,5,4"
18582,"2025-04-12",408,3,454.14,5,5,5,"5,5,5"
5271,"2025-04-12",408,3,195.24,5,4,3,"5,4,3"
16245,"2025-04-12",408,4,388.20,5,5,4,"5,5,4"
17409,"2025-04-12",408,2,146.07,5,3,2,"5,3,2"
11236,"2025-04-12",408,4,1229.23,5,5,5,"5,5,5"
14660,"2025-04-12",408,3,714.23,5,5,5,"5,5,5"
2266,"2025-04-12",408,4,352.56,5,5,4,"5,5,4"
11864,"2025-04-12",408,4,1042.88,5,5,5,"5,5,5"
11051,"2025-04-12",408,3,342.10,5,4,4,"5,4,4"
17931,"2025-04-12",408,2,144.11,5,3,2,"5,3,2"
4101,"2025-04-12",408,4,637.17,5,5,5,"5,5,5"
9557,"2025-04-12",408,2,298.16,5,4,4,"5,4,4"
13845,"2025-04-12",408,3,139.15,5,4,2,"5,4,2"
18992,"2025-04-12",408,3,129.83,5,5,2,"5,5,2"
17137,"2025-04-12",408,2,146.46,5,3,2,"5,3,2"
344,"2025-04-13",407,3,361.03,5,4,4,"5,4,4"
6943,"2025-04-13",407,3,404.13,5,4,4,"5,4,4"
12649,"2025-04-13",407,2,158.19,5,3,3,"5,3,3"
16266,"2025-04-13",407,3,284.24,5,4,4,"5,4,4"
19323,"2025-04-13",407,2,249.36,5,3,3,"5,3,3"
18186,"2025-04-13",407,2,41.05,5,2,1,"5,2,1"
19521,"2025-04-13",407,1,86.41,5,2,2,"5,2,2"
4751,"2025-04-13",407,2,506.19,5,4,5,"5,4,5"
16700,"2025-04-13",407,2,500.42,5,4,5,"5,4,5"
18202,"2025-04-13",407,2,191.59,5,3,3,"5,3,3"
7869,"2025-04-13",407,2,261.12,5,3,4,"5,3,4"
6346,"2025-04-13",407,3,131.96,5,5,2,"5,5,2"
3916,"2025-04-13",407,3,469.77,5,5,5,"5,5,5"
8075,"2025-04-13",407,2,134.81,5,3,2,"5,3,2"
12414,"2025-04-13",407,3,381.88,5,5,4,"5,5,4"
16495,"2025-04-14",406,2,275.69,5,3,4,"5,3,4"
12458,"2025-04-14",406,1,164.94,5,1,3,"5,1,3"
7845,"2025-04-14",406,4,385.17,5,5,4,"5,5,4"
9753,"2025-04-14",406,3,238.48,5,5,3,"5,5,3"
9971,"2025-04-14",406,3,169.61,5,5,3,"5,5,3"
4845,"2025-04-14",406,1,12.09,5,1,1,"5,1,1"
11637,"2025-04-14",406,1,60.03,5,1,1,"5,1,1"
16743,"2025-04-14",406,1,294.05,5,1,4,"5,1,4"
2489,"2025-04-14",406,4,480.07,5,5,5,"5,5,5"
19298,"2025-04-14",406,3,586.86,5,4,5,"5,4,5"
8024,"2025-04-14",406,2,266.66,5,3,4,"5,3,4"
15471,"2025-04-14",406,1,236.20,5,1,3,"5,1,3"
13143,"2025-04-15",405,3,212.08,5,4,3,"5,4,3"
12210,"2025-04-15",405,2,1081.57,5,4,5,"5,4,5"
16165,"2025-04-15",405,4,460.89,5,5,5,"5,5,5"
11006,"2025-04-15",405,3,584.37,5,4,5,"5,4,5"
19532,"2025-04-15",405,3,316.68,5,5,4,"5,5,4"
17696,"2025-04-15",405,3,906.69,5,5,5,"5,5,5"
18539,"2025-04-15",405,5,1193.89,5,5,5,"5,5,5"
1577,"2025-04-15",405,1,57.85,5,1,1,"5,1,1"
8295,"2025-04-15",405,3,328.25,5,4,4,"5,4,4"
2218,"2025-04-15",405,3,112.42,5,4,2,"5,4,2"
3005,"2025-04-15",405,2,348.47,5,4,4,"5,4,4"
1225,"2025-04-15",405,3,82.31,5,5,2,"5,5,2"
237,"2025-04-16",404,4,693.97,5,5,5,"5,5,5"
17547,"2025-04-16",404,1,2680.64,5,2,5,"5,2,5"
9294,"2025-04-16",404,2,176.29,5,3,3,"5,3,3"
14512,"2025-04-16",404,2,137.38,5,3,2,"5,3,2"
3369,"2025-04-16",404,4,771.33,5,5,5,"5,5,5"
7682,"2025-04-16",404,2,879.82,5,4,5,"5,4,5"
6792,"2025-04-16",404,4,819.57,5,5,5,"5,5,5"
1810,"2025-04-16",404,5,515.01,5,5,5,"5,5,5"
1129,"2025-04-16",404,3,206.76,5,4,3,"5,4,3"
10365,"2025-04-16",404,4,1003.54,5,5,5,"5,5,5"
9521,"2025-04-16",404,2,220.22,5,3,3,"5,3,3"
12944,"2025-04-16",404,1,178.12,5,1,3,"5,1,3"
10243,"2025-04-16",404,1,77.21,5,2,2,"5,2,2"
1551,"2025-04-16",404,3,1133.55,5,5,5,"5,5,5"
15174,"2025-04-17",403,2,223.30,5,3,3,"5,3,3"
11910,"2025-04-17",403,1,285.82,5,1,4,"5,1,4"
6650,"2025-04-17",403,1,98.68,5,2,2,"5,2,2"
16107,"2025-04-17",403,3,424.79,5,4,4,"5,4,4"
13506,"2025-04-17",403,3,75.45,5,5,2,"5,5,2"
6742,"2025-04-17",403,2,448.45,5,4,5,"5,4,5"
13793,"2025-04-17",403,2,226.14,5,3,3,"5,3,3"
16040,"2025-04-17",403,2,277.99,5,3,4,"5,3,4"
8683,"2025-04-17",403,3,462.53,5,5,5,"5,5,5"
4650,"2025-04-17",403,3,597.24,5,4,5,"5,4,5"
16829,"2025-04-17",403,2,50.15,5,2,1,"5,2,1"
14500,"2025-04-17",403,2,156.47,5,3,3,"5,3,3"
643,"2025-04-17",403,4,248.51,5,5,3,"5,5,3"
19434,"2025-04-18",402,3,295.23,5,4,4,"5,4,4"
16075,"2025-04-18",402,2,176.91,5,3,3,"5,3,3"
17325,"2025-04-18",402,1,15.18,5,2,1,"5,2,1"
11061,"2025-04-18",402,2,244.95,5,3,3,"5,3,3"
12752,"2025-04-18",402,3,79.70,5,5,2,"5,5,2"
10862,"2025-04-18",402,1,140.77,5,2,2,"5,2,2"
14956,"2025-04-18",402,3,300.93,5,4,4,"5,4,4"
10192,"2025-04-18",402,1,63.56,5,1,1,"5,1,1"
6000,"2025-04-18",402,2,117.36,5,3,2,"5,3,2"
11175,"2025-04-18",402,1,32.18,5,2,1,"5,2,1"
10847,"2025-04-18",402,3,730.69,5,4,5,"5,4,5"
1232,"2025-04-18",402,1,103.55,5,2,2,"5,2,2"
11831,"2025-04-18",402,2,512.72,5,4,5,"5,4,5"
18335,"2025-04-18",402,4,1373.38,5,5,5,"5,5,5"
15797,"2025-04-18",402,1,210.04,5,1,3,"5,1,3"
314,"2025-04-18",402,3,852.49,5,5,5,"5,5,5"
10048,"2025-04-18",402,2,398.72,5,4,4,"5,4,4"
13124,"2025-04-18",402,2,1023.17,5,4,5,"5,4,5"
1803,"2025-04-18",402,2,308.85,5,4,4,"5,4,4"
19273,"2025-04-18",402,1,116.09,5,2,2,"5,2,2"
1334,"2025-04-19",401,1,222.84,5,1,3,"5,1,3"
13531,"2025-04-19",401,1,184.72,5,1,3,"5,1,3"
3013,"2025-04-19",401,5,605.84,5,5,5,"5,5,5"
15588,"2025-04-19",401,3,306.93,5,4,4,"5,4,4"
17316,"2025-04-19",401,2,113.17,5,3,2,"5,3,2"
11406,"2025-04-19",401,4,354.77,5,5,4,"5,5,4"
8835,"2025-04-19",401,1,317.46,5,1,4,"5,1,4"
2112,"2025-04-19",401,2,97.43,5,3,2,"5,3,2"
9723,"2025-04-19",401,3,965.34,5,4,5,"5,4,5"
5224,"2025-04-19",401,3,478.20,5,5,5,"5,5,5"
10101,"2025-04-19",401,2,116.96,5,3,2,"5,3,2"
6381,"2025-04-19",401,3,447.67,5,5,5,"5,5,5"
1731,"2025-04-19",401,2,205.69,5,3,3,"5,3,3"
3384,"2025-04-19",401,3,309.75,5,5,4,"5,5,4"
16250,"2025-04-19",401,4,262.44,5,5,4,"5,5,4"
1155,"2025-04-19",401,3,396.36,5,4,4,"5,4,4"
1624,"2025-04-20",400,1,47.42,5,1,1,"5,1,1"
1552,"2025-04-20",400,2,54.56,5,2,1,"5,2,1"
1242,"2025-04-20",400,5,454.42,5,5,5,"5,5,5"
9670,"2025-04-20",400,3,329.38,5,5,4,"5,5,4"
18824,"2025-04-20",400,1,5.92,5,2,1,"5,2,1"
19865,"2025-04-20",400,4,365.43,5,5,4,"5,5,4"
4376,"2025-04-20",400,3,332.03,5,5,4,"5,5,4"
3975,"2025-04-20",400,2,222.34,5,3,3,"5,3,3"
10909,"2025-04-20",400,1,376.51,5,1,4,"5,1,4"
12755,"2025-04-20",400,3,312.47,5,5,4,"5,5,4"
14688,"2025-04-20",400,3,114.31,5,4,2,"5,4,2"
15751,"2025-04-21",399,3,192.29,5,4,3,"5,4,3"
1335,"2025-04-21",399,2,160.97,5,3,3,"5,3,3"
13548,"2025-04-21",399,2,284.89,5,4,4,"5,4,4"
5128,"2025-04-21",399,3,102.31,5,4,2,"5,4,2"
826,"2025-04-21",399,2,192.89,5,3,3,"5,3,3"
2800,"2025-04-21",399,5,677.49,5,5,5,"5,5,5"
7806,"2025-04-21",399,3,394.73,5,4,4,"5,4,4"
15575,"2025-04-21",399,2,157.76,5,3,3,"5,3,3"
2225,"2025-04-21",399,3,183.41,5,5,3,"5,5,3"
6461,"2025-04-21",399,3,311.90,5,5,4,"5,5,4"
4373,"2025-04-21",399,2,188.67,5,3,3,"5,3,3"
2668,"2025-04-21",399,3,430.06,5,4,4,"5,4,4"
12561,"2025-04-21",399,4,332.20,5,5,4,"5,5,4"
7879,"2025-04-21",399,1,73.07,5,1,1,"5,1,1"
9933,"2025-04-21",399,3,302.90,5,4,4,"5,4,4"
4456,"2025-04-22",398,1,149.22,5,1,2,"5,1,2"
12490,"2025-04-22",398,1,66.22,5,1,1,"5,1,1"
11612,"2025-04-22",398,1,293.25,5,1,4,"5,1,4"
8101,"2025-04-22",398,3,289.11,5,4,4,"5,4,4"
14431,"2025-04-22",398,3,319.24,5,5,4,"5,5,4"
3400,"2025-04-22",398,2,33.28,5,2,1,"5,2,1"
10912,"2025-04-22",398,2,241.08,5,3,3,"5,3,3"
16174,"2025-04-22",398,4,840.89,5,5,5,"5,5,5"
6607,"2025-04-22",398,2,146.14,5,3,2,"5,3,2"
6079,"2025-04-22",398,3,197.23,5,4,3,"5,4,3"
19550,"2025-04-22",398,4,406.61,5,5,4,"5,5,4"
17258,"2025-04-22",398,2,186.74,5,3,3,"5,3,3"
9342,"2025-04-22",398,2,82.73,5,3,2,"5,3,2"
16303,"2025-04-22",398,2,190.36,5,3,3,"5,3,3"
6301,"2025-04-23",397,1,69.48,5,1,1,"5,1,1"
12574,"2025-04-23",397,2,463.82,5,4,5,"5,4,5"
4297,"2025-04-23",397,3,182.54,5,5,3,"5,5,3"
9474,"2025-04-23",397,1,101.79,5,2,2,"5,2,2"
19667,"2025-04-23",397,5,257.41,5,5,4,"5,5,4"
17015,"2025-04-23",397,3,316.26,5,5,4,"5,5,4"
19873,"2025-04-23",397,4,656.60,5,5,5,"5,5,5"
6413,"2025-04-23",397,2,670.69,5,4,5,"5,4,5"
1655,"2025-04-23",397,1,172.25,5,1,3,"5,1,3"
10399,"2025-04-23",397,2,500.51,5,4,5,"5,4,5"
14681,"2025-04-23",397,3,390.87,5,4,4,"5,4,4"
14121,"2025-04-23",397,1,6.06,5,2,1,"5,2,1"
8013,"2025-04-24",396,1,37.17,5,2,1,"5,2,1"
9207,"2025-04-24",396,2,177.43,5,3,3,"5,3,3"
8028,"2025-04-24",396,1,213.50,5,1,3,"5,1,3"
9456,"2025-04-24",396,3,160.56,5,5,3,"5,5,3"
15714,"2025-04-24",396,3,242.49,5,5,3,"5,5,3"
6053,"2025-04-24",396,3,440.50,5,5,5,"5,5,5"
12351,"2025-04-24",396,1,171.24,5,1,3,"5,1,3"
12684,"2025-04-24",396,2,210.74,5,3,3,"5,3,3"
4822,"2025-04-24",396,4,496.08,5,5,5,"5,5,5"
13919,"2025-04-24",396,4,453.30,5,5,5,"5,5,5"
40,"2025-04-24",396,5,1025.31,5,5,5,"5,5,5"
11111,"2025-04-24",396,2,377.16,5,4,4,"5,4,4"
14150,"2025-04-24",396,5,416.78,5,5,4,"5,5,4"
15172,"2025-04-25",395,1,225.14,5,1,3,"5,1,3"
1962,"2025-04-25",395,3,122.29,5,5,2,"5,5,2"
19626,"2025-04-25",395,2,142.74,5,3,2,"5,3,2"
1396,"2025-04-25",395,1,55.45,5,1,1,"5,1,1"
11987,"2025-04-25",395,4,213.51,5,5,3,"5,5,3"
1449,"2025-04-25",395,3,368.11,5,5,4,"5,5,4"
19368,"2025-04-25",395,3,270.33,5,4,4,"5,4,4"
11582,"2025-04-25",395,1,289.91,5,1,4,"5,1,4"
12618,"2025-04-25",395,2,318.13,5,4,4,"5,4,4"
10007,"2025-04-26",394,3,219.19,5,5,3,"5,5,3"
4052,"2025-04-26",394,4,465.89,5,5,5,"5,5,5"
7254,"2025-04-26",394,1,28.39,5,2,1,"5,2,1"
2203,"2025-04-26",394,3,308.40,5,5,4,"5,5,4"
11241,"2025-04-26",394,3,188.08,5,4,3,"5,4,3"
2422,"2025-04-26",394,2,136.85,5,3,2,"5,3,2"
8286,"2025-04-26",394,2,231.17,5,3,3,"5,3,3"
10186,"2025-04-26",394,4,289.58,5,5,4,"5,5,4"
5070,"2025-04-26",394,2,120.53,5,3,2,"5,3,2"
12265,"2025-04-26",394,1,32.38,5,2,1,"5,2,1"
12137,"2025-04-26",394,1,66.46,5,1,1,"5,1,1"
17472,"2025-04-26",394,2,484.73,5,4,5,"5,4,5"
11453,"2025-04-26",394,2,497.47,5,4,5,"5,4,5"
5572,"2025-04-26",394,1,847.03,5,2,5,"5,2,5"
11965,"2025-04-26",394,2,924.47,5,4,5,"5,4,5"
7337,"2025-04-26",394,3,148.10,5,4,2,"5,4,2"
6193,"2025-04-26",394,2,325.03,5,4,4,"5,4,4"
11895,"2025-04-27",393,5,838.85,5,5,5,"5,5,5"
19480,"2025-04-27",393,2,117.91,5,3,2,"5,3,2"
504,"2025-04-27",393,3,405.38,5,4,4,"5,4,4"
11023,"2025-04-27",393,5,445.83,5,5,5,"5,5,5"
19516,"2025-04-27",393,3,167.38,5,4,3,"5,4,3"
11207,"2025-04-27",393,1,70.30,5,1,1,"5,1,1"
4086,"2025-04-27",393,2,761.70,5,4,5,"5,4,5"
18382,"2025-04-27",393,5,958.05,5,5,5,"5,5,5"
17456,"2025-04-27",393,5,568.30,5,5,5,"5,5,5"
5250,"2025-04-27",393,3,486.77,5,5,5,"5,5,5"
15163,"2025-04-27",393,1,101.02,5,2,2,"5,2,2"
1044,"2025-04-27",393,1,26.21,5,2,1,"5,2,1"
5694,"2025-04-27",393,2,319.20,5,4,4,"5,4,4"
13534,"2025-04-27",393,1,169.77,5,1,3,"5,1,3"
4727,"2025-04-27",393,4,271.55,5,5,4,"5,5,4"
11138,"2025-04-27",393,2,259.68,5,3,4,"5,3,4"
2300,"2025-04-27",393,2,234.62,5,3,3,"5,3,3"
12629,"2025-04-28",392,4,237.66,5,5,3,"5,5,3"
14203,"2025-04-28",392,3,179.24,5,5,3,"5,5,3"
5155,"2025-04-28",392,2,66.62,5,3,1,"5,3,1"
12939,"2025-04-28",392,4,607.70,5,5,5,"5,5,5"
16069,"2025-04-28",392,4,800.42,5,5,5,"5,5,5"
10447,"2025-04-28",392,2,278.65,5,3,4,"5,3,4"
9471,"2025-04-28",392,4,845.70,5,5,5,"5,5,5"
4867,"2025-04-28",392,4,496.50,5,5,5,"5,5,5"
15707,"2025-04-28",392,3,220.79,5,5,3,"5,5,3"
5126,"2025-04-28",392,1,7.04,5,2,1,"5,2,1"
16288,"2025-04-28",392,1,241.56,5,1,3,"5,1,3"
7160,"2025-04-28",392,3,235.02,5,5,3,"5,5,3"
18597,"2025-04-28",392,3,197.82,5,4,3,"5,4,3"
7692,"2025-04-29",391,3,119.72,5,5,2,"5,5,2"
6577,"2025-04-29",391,3,251.48,5,5,3,"5,5,3"
1282,"2025-04-29",391,2,273.63,5,3,4,"5,3,4"
4814,"2025-04-29",391,4,213.63,5,5,3,"5,5,3"
18356,"2025-04-29",391,4,505.27,5,5,5,"5,5,5"
4898,"2025-04-29",391,3,145.21,5,4,2,"5,4,2"
12145,"2025-04-30",390,1,190.45,5,1,3,"5,1,3"
12482,"2025-04-30",390,1,112.54,5,2,2,"5,2,2"
11144,"2025-04-30",390,6,962.92,5,5,5,"5,5,5"
234,"2025-04-30",390,1,7.26,5,1,1,"5,1,1"
5063,"2025-04-30",390,1,446.23,5,2,5,"5,2,5"
9025,"2025-04-30",390,4,259.50,5,5,4,"5,5,4"
19170,"2025-04-30",390,1,139.25,5,2,2,"5,2,2"
11766,"2025-04-30",390,2,190.51,5,3,3,"5,3,3"
13846,"2025-04-30",390,2,203.33,5,3,3,"5,3,3"
1782,"2025-04-30",390,2,243.87,5,3,3,"5,3,3"
12666,"2025-04-30",390,4,571.08,5,5,5,"5,5,5"
9853,"2025-04-30",390,2,55.66,5,2,1,"5,2,1"
7750,"2025-04-30",390,2,212.59,5,3,3,"5,3,3"
5795,"2025-04-30",390,1,128.62,5,2,2,"5,2,2"
10661,"2025-04-30",390,2,105.71,5,3,2,"5,3,2"
3391,"2025-04-30",390,4,843.67,5,5,5,"5,5,5"
15245,"2025-04-30",390,3,1189.56,5,4,5,"5,4,5"
7811,"2025-04-30",390,2,292.98,5,4,4,"5,4,4"
14086,"2025-04-30",390,2,206.73,5,3,3,"5,3,3"
1412,"2025-04-30",390,2,175.83,5,3,3,"5,3,3"
17043,"2025-04-30",390,2,349.84,5,4,4,"5,4,4"
11635,"2025-05-01",389,4,307.57,5,5,4,"5,5,4"
13547,"2025-05-01",389,3,387.59,5,4,4,"5,4,4"
4694,"2025-05-01",389,2,122.23,5,3,2,"5,3,2"
15372,"2025-05-01",389,4,178.45,5,5,3,"5,5,3"
1063,"2025-05-01",389,1,47.24,5,1,1,"5,1,1"
17479,"2025-05-01",389,3,59.73,5,4,1,"5,4,1"
11120,"2025-05-01",389,2,72.22,5,3,1,"5,3,1"
10423,"2025-05-01",389,3,245.74,5,5,3,"5,5,3"
465,"2025-05-01",389,2,82.91,5,3,2,"5,3,2"
702,"2025-05-01",389,2,175.06,5,3,3,"5,3,3"
2577,"2025-05-01",389,2,158.64,5,3,3,"5,3,3"
15731,"2025-05-02",388,2,865.12,5,4,5,"5,4,5"
16946,"2025-05-02",388,2,952.35,5,4,5,"5,4,5"
4465,"2025-05-02",388,1,22.89,5,2,1,"5,2,1"
14032,"2025-05-02",388,1,325.59,5,1,4,"5,1,4"
13962,"2025-05-02",388,2,212.42,5,3,3,"5,3,3"
9595,"2025-05-02",388,1,212.45,5,1,3,"5,1,3"
6324,"2025-05-02",388,3,779.53,5,4,5,"5,4,5"
6519,"2025-05-02",388,3,620.28,5,4,5,"5,4,5"
11485,"2025-05-02",388,1,340.34,5,1,4,"5,1,4"
1598,"2025-05-02",388,2,89.39,5,3,2,"5,3,2"
11810,"2025-05-02",388,4,423.29,5,5,4,"5,5,4"
12530,"2025-05-02",388,4,357.77,5,5,4,"5,5,4"
16939,"2025-05-02",388,4,359.88,5,5,4,"5,5,4"
12152,"2025-05-02",388,1,70.45,5,1,1,"5,1,1"
5849,"2025-05-02",388,2,265.77,5,3,4,"5,3,4"
5097,"2025-05-03",387,5,350.26,5,5,4,"5,5,4"
12255,"2025-05-03",387,3,179.86,5,5,3,"5,5,3"
15065,"2025-05-03",387,1,13.83,5,1,1,"5,1,1"
3934,"2025-05-03",387,2,385.23,5,4,4,"5,4,4"
14058,"2025-05-03",387,1,28.96,5,2,1,"5,2,1"
4763,"2025-05-03",387,3,171.74,5,4,3,"5,4,3"
7387,"2025-05-03",387,5,654.92,5,5,5,"5,5,5"
8332,"2025-05-03",387,2,137.27,5,3,2,"5,3,2"
13880,"2025-05-03",387,2,605.29,5,4,5,"5,4,5"
12917,"2025-05-03",387,2,86.84,5,3,2,"5,3,2"
1725,"2025-05-03",387,3,434.74,5,5,5,"5,5,5"
15911,"2025-05-04",386,3,318.79,5,5,4,"5,5,4"
19263,"2025-05-04",386,1,214.50,5,1,3,"5,1,3"
964,"2025-05-04",386,4,393.53,5,5,4,"5,5,4"
8388,"2025-05-04",386,3,88.70,5,4,2,"5,4,2"
2405,"2025-05-04",386,2,270.67,5,3,4,"5,3,4"
5570,"2025-05-04",386,7,835.56,5,5,5,"5,5,5"
15836,"2025-05-04",386,4,296.05,5,5,4,"5,5,4"
13676,"2025-05-04",386,3,368.36,5,5,4,"5,5,4"
401,"2025-05-04",386,2,39.10,5,2,1,"5,2,1"
4793,"2025-05-04",386,1,544.54,5,2,5,"5,2,5"
16493,"2025-05-04",386,3,518.84,5,5,5,"5,5,5"
17191,"2025-05-04",386,2,228.26,5,3,3,"5,3,3"
595,"2025-05-05",385,5,371.78,5,5,4,"5,5,4"
7489,"2025-05-05",385,3,255.37,5,5,3,"5,5,3"
12216,"2025-05-05",385,1,17.26,5,2,1,"5,2,1"
1435,"2025-05-05",385,3,368.26,5,5,4,"5,5,4"
1753,"2025-05-05",385,2,118.29,5,3,2,"5,3,2"
11361,"2025-05-05",385,4,84.06,5,5,2,"5,5,2"
14188,"2025-05-05",385,4,410.09,5,5,4,"5,5,4"
439,"2025-05-06",384,4,207.10,5,5,3,"5,5,3"
12679,"2025-05-06",384,3,731.40,5,4,5,"5,4,5"
18297,"2025-05-06",384,3,151.29,5,4,2,"5,4,2"
12827,"2025-05-06",384,3,723.67,5,4,5,"5,4,5"
18413,"2025-05-06",384,2,138.38,5,3,2,"5,3,2"
5634,"2025-05-06",384,4,1054.57,5,5,5,"5,5,5"
13583,"2025-05-06",384,3,430.67,5,5,5,"5,5,5"
6396,"2025-05-06",384,3,638.81,5,4,5,"5,4,5"
19566,"2025-05-06",384,2,407.66,5,4,4,"5,4,4"
8803,"2025-05-06",384,3,401.53,5,4,4,"5,4,4"
19741,"2025-05-06",384,1,34.81,5,2,1,"5,2,1"
13275,"2025-05-06",384,1,221.49,5,1,3,"5,1,3"
2354,"2025-05-06",384,3,592.18,5,4,5,"5,4,5"
4200,"2025-05-06",384,2,338.11,5,4,4,"5,4,4"
9268,"2025-05-06",384,5,444.21,5,5,5,"5,5,5"
6862,"2025-05-07",383,1,173.44,5,1,3,"5,1,3"
14778,"2025-05-07",383,1,290.67,5,1,4,"5,1,4"
16516,"2025-05-07",383,2,157.23,5,3,3,"5,3,3"
6106,"2025-05-07",383,2,171.65,5,3,3,"5,3,3"
5605,"2025-05-07",383,4,464.48,5,5,5,"5,5,5"
1091,"2025-05-07",383,3,63.26,5,4,1,"5,4,1"
17163,"2025-05-07",383,1,22.08,5,2,1,"5,2,1"
12401,"2025-05-07",383,3,273.60,5,4,4,"5,4,4"
17509,"2025-05-07",383,4,302.32,5,5,4,"5,5,4"
19314,"2025-05-07",383,1,42.52,5,1,1,"5,1,1"
2775,"2025-05-07",383,3,142.65,5,4,2,"5,4,2"
12806,"2025-05-07",383,3,178.29,5,5,3,"5,5,3"
2916,"2025-05-07",383,3,505.06,5,5,5,"5,5,5"
9324,"2025-05-07",383,5,505.91,5,5,5,"5,5,5"
4959,"2025-05-07",383,4,1226.30,5,5,5,"5,5,5"
18889,"2025-05-08",382,3,263.10,5,4,4,"5,4,4"
10939,"2025-05-08",382,2,231.38,5,3,3,"5,3,3"
13322,"2025-05-08",382,2,281.22,5,3,4,"5,3,4"
2401,"2025-05-08",382,2,196.82,5,3,3,"5,3,3"
1247,"2025-05-08",382,4,495.86,5,5,5,"5,5,5"
17729,"2025-05-08",382,2,143.86,5,3,2,"5,3,2"
3456,"2025-05-08",382,3,436.03,5,5,5,"5,5,5"
9326,"2025-05-08",382,2,173.34,5,3,3,"5,3,3"
1240,"2025-05-08",382,2,127.86,5,3,2,"5,3,2"
19555,"2025-05-08",382,3,972.27,5,4,5,"5,4,5"
8355,"2025-05-08",382,4,2054.98,5,5,5,"5,5,5"
4533,"2025-05-08",382,3,400.55,5,4,4,"5,4,4"
11561,"2025-05-08",382,3,525.21,5,5,5,"5,5,5"
13974,"2025-05-09",381,3,403.05,5,4,4,"5,4,4"
16101,"2025-05-09",381,1,43.24,5,1,1,"5,1,1"
18334,"2025-05-09",381,3,806.99,5,5,5,"5,5,5"
17374,"2025-05-09",381,1,160.43,5,1,3,"5,1,3"
10148,"2025-05-09",381,4,282.78,5,5,4,"5,5,4"
4482,"2025-05-09",381,3,384.44,5,4,4,"5,4,4"
5411,"2025-05-09",381,2,192.29,5,3,3,"5,3,3"
6404,"2025-05-09",381,4,407.64,5,5,4,"5,5,4"
16009,"2025-05-09",381,1,287.90,5,1,4,"5,1,4"
5683,"2025-05-09",381,1,798.61,5,2,5,"5,2,5"
7100,"2025-05-09",381,1,60.68,5,1,1,"5,1,1"
3831,"2025-05-09",381,2,114.98,5,3,2,"5,3,2"
13811,"2025-05-09",381,4,735.46,5,5,5,"5,5,5"
8008,"2025-05-09",381,2,105.24,5,3,2,"5,3,2"
2483,"2025-05-09",381,2,67.17,5,3,1,"5,3,1"
4164,"2025-05-09",381,3,223.46,5,5,3,"5,5,3"
19393,"2025-05-09",381,1,9.26,5,1,1,"5,1,1"
5109,"2025-05-09",381,2,218.48,5,3,3,"5,3,3"
6427,"2025-05-10",380,2,533.26,5,4,5,"5,4,5"
13503,"2025-05-10",380,3,579.31,5,4,5,"5,4,5"
6176,"2025-05-10",380,4,583.37,5,5,5,"5,5,5"
3791,"2025-05-10",380,4,645.41,5,5,5,"5,5,5"
14787,"2025-05-10",380,2,58.64,5,3,1,"5,3,1"
14717,"2025-05-10",380,1,14.55,5,1,1,"5,1,1"
7781,"2025-05-10",380,1,91.74,5,2,2,"5,2,2"
1213,"2025-05-10",380,4,160.64,5,5,3,"5,5,3"
14041,"2025-05-10",380,3,341.37,5,5,4,"5,5,4"
11026,"2025-05-10",380,2,246.79,5,3,3,"5,3,3"
15783,"2025-05-10",380,3,246.11,5,5,3,"5,5,3"
13570,"2025-05-10",380,3,206.35,5,4,3,"5,4,3"
17441,"2025-05-10",380,2,88.88,5,3,2,"5,3,2"
17363,"2025-05-10",380,3,521.51,5,5,5,"5,5,5"
7828,"2025-05-10",380,2,141.59,5,3,2,"5,3,2"
609,"2025-05-11",379,3,527.07,5,5,5,"5,5,5"
7675,"2025-05-11",379,3,516.95,5,5,5,"5,5,5"
18110,"2025-05-11",379,2,236.61,5,3,3,"5,3,3"
7974,"2025-05-11",379,1,49.16,5,1,1,"5,1,1"
9452,"2025-05-11",379,1,87.82,5,2,2,"5,2,2"
18114,"2025-05-11",379,2,237.70,5,3,3,"5,3,3"
13319,"2025-05-11",379,3,464.71,5,5,5,"5,5,5"
7888,"2025-05-11",379,3,526.41,5,5,5,"5,5,5"
3338,"2025-05-11",379,2,144.39,5,3,2,"5,3,2"
928,"2025-05-11",379,3,78.83,5,5,2,"5,5,2"
9519,"2025-05-11",379,2,479.43,5,4,5,"5,4,5"
4143,"2025-05-11",379,6,401.97,5,5,4,"5,5,4"
2876,"2025-05-11",379,2,129.69,5,3,2,"5,3,2"
18763,"2025-05-11",379,2,164.29,5,3,3,"5,3,3"
134,"2025-05-11",379,1,243.78,5,1,3,"5,1,3"
19238,"2025-05-11",379,1,164.83,5,1,3,"5,1,3"
10325,"2025-05-11",379,4,305.70,5,5,4,"5,5,4"
11446,"2025-05-11",379,3,1190.22,5,4,5,"5,4,5"
7347,"2025-05-12",378,1,274.53,5,1,4,"5,1,4"
10898,"2025-05-12",378,3,557.29,5,4,5,"5,4,5"
9550,"2025-05-12",378,2,141.41,5,3,2,"5,3,2"
9546,"2025-05-12",378,1,81.13,5,2,2,"5,2,2"
14686,"2025-05-12",378,1,15.24,5,2,1,"5,2,1"
19866,"2025-05-12",378,3,322.40,5,4,4,"5,4,4"
19949,"2025-05-12",378,3,333.38,5,4,4,"5,4,4"
18846,"2025-05-12",378,2,234.46,5,3,3,"5,3,3"
18758,"2025-05-12",378,1,131.66,5,2,2,"5,2,2"
9151,"2025-05-12",378,4,302.62,5,5,4,"5,5,4"
17110,"2025-05-12",378,3,104.71,5,4,2,"5,4,2"
18135,"2025-05-12",378,1,326.99,5,1,4,"5,1,4"
16248,"2025-05-12",378,2,80.24,5,3,2,"5,3,2"
5739,"2025-05-12",378,2,303.75,5,4,4,"5,4,4"
19815,"2025-05-12",378,1,122.42,5,2,2,"5,2,2"
5654,"2025-05-13",377,2,680.70,5,4,5,"5,4,5"
1943,"2025-05-13",377,2,241.72,5,3,3,"5,3,3"
5094,"2025-05-13",377,2,153.62,5,3,3,"5,3,3"
12596,"2025-05-13",377,3,465.18,5,5,5,"5,5,5"
7508,"2025-05-13",377,3,374.38,5,5,4,"5,5,4"
10782,"2025-05-13",377,3,246.09,5,5,3,"5,5,3"
5305,"2025-05-13",377,2,1093.81,5,4,5,"5,4,5"
6433,"2025-05-13",377,4,435.81,5,5,5,"5,5,5"
17393,"2025-05-13",377,2,527.61,5,4,5,"5,4,5"
1961,"2025-05-13",377,1,41.23,5,1,1,"5,1,1"
4201,"2025-05-13",377,2,115.57,5,3,2,"5,3,2"
11920,"2025-05-13",377,4,1134.17,5,5,5,"5,5,5"
7930,"2025-05-14",376,2,414.15,5,4,4,"5,4,4"
15003,"2025-05-14",376,3,76.82,5,5,2,"5,5,2"
2931,"2025-05-14",376,3,310.16,5,5,4,"5,5,4"
14981,"2025-05-14",376,1,91.99,5,2,2,"5,2,2"
2722,"2025-05-14",376,2,361.59,5,4,4,"5,4,4"
15609,"2025-05-14",376,1,19.56,5,2,1,"5,2,1"
7077,"2025-05-14",376,1,501.68,5,2,5,"5,2,5"
13121,"2025-05-14",376,4,822.74,5,5,5,"5,5,5"
5851,"2025-05-14",376,3,180.32,5,5,3,"5,5,3"
11494,"2025-05-14",376,3,118.34,5,5,2,"5,5,2"
905,"2025-05-14",376,3,232.32,5,5,3,"5,5,3"
16042,"2025-05-14",376,1,34.74,5,2,1,"5,2,1"
7975,"2025-05-14",376,2,79.84,5,3,2,"5,3,2"
10356,"2025-05-14",376,2,325.76,5,4,4,"5,4,4"
10521,"2025-05-14",376,2,149.79,5,3,2,"5,3,2"
18960,"2025-05-14",376,5,678.93,5,5,5,"5,5,5"
7083,"2025-05-14",376,1,205.61,5,1,3,"5,1,3"
9868,"2025-05-14",376,1,176.52,5,1,3,"5,1,3"
8977,"2025-05-14",376,5,543.37,5,5,5,"5,5,5"
8597,"2025-05-15",375,1,140.77,5,2,2,"5,2,2"
578,"2025-05-15",375,2,552.56,5,4,5,"5,4,5"
16014,"2025-05-15",375,1,85.28,5,2,2,"5,2,2"
5071,"2025-05-15",375,2,32.98,5,2,1,"5,2,1"
2440,"2025-05-15",375,3,145.19,5,4,2,"5,4,2"
5450,"2025-05-15",375,6,1326.29,5,5,5,"5,5,5"
3262,"2025-05-15",375,5,233.89,5,5,3,"5,5,3"
4717,"2025-05-15",375,3,280.36,5,4,4,"5,4,4"
14419,"2025-05-15",375,2,263.66,5,3,4,"5,3,4"
1747,"2025-05-15",375,4,332.78,5,5,4,"5,5,4"
931,"2025-05-15",375,1,128.86,5,2,2,"5,2,2"
13610,"2025-05-15",375,3,639.39,5,4,5,"5,4,5"
4524,"2025-05-15",375,3,622.33,5,5,5,"5,5,5"
14023,"2025-05-15",375,2,292.53,5,4,4,"5,4,4"
4552,"2025-05-15",375,3,570.27,5,4,5,"5,4,5"
18443,"2025-05-16",374,3,231.82,5,5,3,"5,5,3"
2070,"2025-05-16",374,3,91.56,5,5,2,"5,5,2"
18653,"2025-05-16",374,1,36.00,5,2,1,"5,2,1"
7849,"2025-05-16",374,4,265.76,5,5,4,"5,5,4"
15744,"2025-05-16",374,4,376.41,5,5,4,"5,5,4"
4451,"2025-05-16",374,1,67.97,5,1,1,"5,1,1"
18598,"2025-05-16",374,2,72.06,5,3,1,"5,3,1"
1621,"2025-05-16",374,2,134.99,5,3,2,"5,3,2"
11005,"2025-05-16",374,2,399.34,5,4,4,"5,4,4"
16840,"2025-05-16",374,3,165.24,5,4,3,"5,4,3"
6221,"2025-05-17",373,2,90.87,5,3,2,"5,3,2"
16171,"2025-05-17",373,3,346.09,5,5,4,"5,5,4"
8119,"2025-05-17",373,3,221.98,5,5,3,"5,5,3"
19818,"2025-05-17",373,4,455.60,5,5,5,"5,5,5"
14383,"2025-05-17",373,3,874.26,5,5,5,"5,5,5"
5175,"2025-05-17",373,4,744.55,5,5,5,"5,5,5"
13825,"2025-05-17",373,3,377.41,5,5,4,"5,5,4"
16725,"2025-05-17",373,2,415.43,5,4,4,"5,4,4"
4254,"2025-05-17",373,2,129.84,5,3,2,"5,3,2"
7621,"2025-05-17",373,2,367.19,5,4,4,"5,4,4"
6364,"2025-05-17",373,2,301.31,5,4,4,"5,4,4"
4972,"2025-05-17",373,2,107.22,5,3,2,"5,3,2"
19750,"2025-05-17",373,4,145.75,5,5,2,"5,5,2"
4550,"2025-05-17",373,2,140.18,5,3,2,"5,3,2"
16678,"2025-05-18",372,2,219.71,5,3,3,"5,3,3"
19782,"2025-05-18",372,3,583.16,5,4,5,"5,4,5"
17888,"2025-05-18",372,1,302.51,5,1,4,"5,1,4"
4616,"2025-05-18",372,1,27.45,5,2,1,"5,2,1"
10004,"2025-05-18",372,2,73.76,5,3,2,"5,3,2"
626,"2025-05-18",372,3,188.42,5,4,3,"5,4,3"
19905,"2025-05-18",372,2,511.86,5,4,5,"5,4,5"
7723,"2025-05-18",372,1,71.17,5,1,1,"5,1,1"
10394,"2025-05-18",372,3,176.74,5,4,3,"5,4,3"
2081,"2025-05-18",372,5,835.68,5,5,5,"5,5,5"
17451,"2025-05-18",372,2,240.40,5,3,3,"5,3,3"
16417,"2025-05-18",372,2,165.78,5,3,3,"5,3,3"
15480,"2025-05-19",371,3,422.91,5,4,4,"5,4,4"
69,"2025-05-19",371,2,502.80,5,4,5,"5,4,5"
2782,"2025-05-19",371,2,292.80,5,4,4,"5,4,4"
8384,"2025-05-19",371,2,395.64,5,4,4,"5,4,4"
562,"2025-05-19",371,1,307.53,5,1,4,"5,1,4"
18396,"2025-05-19",371,4,538.61,5,5,5,"5,5,5"
19496,"2025-05-19",371,3,244.32,5,5,3,"5,5,3"
14768,"2025-05-19",371,1,40.15,5,1,1,"5,1,1"
7688,"2025-05-19",371,2,185.96,5,3,3,"5,3,3"
5235,"2025-05-19",371,3,475.69,5,5,5,"5,5,5"
320,"2025-05-20",370,5,426.47,5,5,4,"5,5,4"
15269,"2025-05-20",370,3,342.66,5,4,4,"5,4,4"
13810,"2025-05-20",370,3,215.41,5,5,3,"5,5,3"
141,"2025-05-20",370,5,573.52,5,5,5,"5,5,5"
7253,"2025-05-20",370,2,152.46,5,3,3,"5,3,3"
19746,"2025-05-20",370,1,83.67,5,2,2,"5,2,2"
955,"2025-05-20",370,1,291.19,5,1,4,"5,1,4"
17442,"2025-05-20",370,3,665.71,5,5,5,"5,5,5"
4927,"2025-05-20",370,3,210.61,5,4,3,"5,4,3"
12717,"2025-05-20",370,5,787.89,5,5,5,"5,5,5"
6454,"2025-05-20",370,2,54.52,5,2,1,"5,2,1"
6903,"2025-05-20",370,2,131.02,5,3,2,"5,3,2"
17301,"2025-05-20",370,1,217.76,5,1,3,"5,1,3"
1569,"2025-05-20",370,2,79.05,5,3,2,"5,3,2"
19373,"2025-05-20",370,3,240.66,5,5,3,"5,5,3"
17678,"2025-05-20",370,1,330.30,5,1,4,"5,1,4"
11653,"2025-05-20",370,4,587.24,5,5,5,"5,5,5"
19616,"2025-05-21",369,3,321.12,5,5,4,"5,5,4"
4774,"2025-05-21",369,4,252.39,5,5,3,"5,5,3"
9371,"2025-05-21",369,3,353.22,5,4,4,"5,4,4"
15808,"2025-05-21",369,3,126.18,5,5,2,"5,5,2"
5170,"2025-05-21",369,2,348.83,5,4,4,"5,4,4"
2670,"2025-05-21",369,2,220.06,5,3,3,"5,3,3"
17537,"2025-05-21",369,1,7.42,5,1,1,"5,1,1"
12420,"2025-05-21",369,1,16.45,5,2,1,"5,2,1"
5518,"2025-05-21",369,4,595.97,5,5,5,"5,5,5"
2057,"2025-05-21",369,4,340.65,5,5,4,"5,5,4"
8089,"2025-05-21",369,5,239.07,5,5,3,"5,5,3"
11670,"2025-05-21",369,1,40.27,5,1,1,"5,1,1"
14263,"2025-05-21",369,3,670.70,5,4,5,"5,4,5"
2208,"2025-05-21",369,5,553.90,5,5,5,"5,5,5"
160,"2025-05-21",369,3,133.99,5,5,2,"5,5,2"
18194,"2025-05-21",369,5,718.06,5,5,5,"5,5,5"
1123,"2025-05-21",369,2,237.22,5,3,3,"5,3,3"
11892,"2025-05-22",368,1,17.01,5,2,1,"5,2,1"
2810,"2025-05-22",368,2,166.85,5,3,3,"5,3,3"
7927,"2025-05-22",368,1,40.14,5,1,1,"5,1,1"
2968,"2025-05-22",368,4,293.24,5,5,4,"5,5,4"
3590,"2025-05-22",368,4,446.92,5,5,5,"5,5,5"
2142,"2025-05-22",368,6,764.44,5,5,5,"5,5,5"
2904,"2025-05-22",368,3,195.44,5,4,3,"5,4,3"
16598,"2025-05-22",368,3,777.09,5,4,5,"5,4,5"
2406,"2025-05-22",368,1,37.66,5,2,1,"5,2,1"
19363,"2025-05-23",367,3,538.33,5,5,5,"5,5,5"
2482,"2025-05-23",367,2,246.80,5,3,3,"5,3,3"
1013,"2025-05-23",367,3,250.26,5,5,3,"5,5,3"
8473,"2025-05-23",367,3,763.76,5,4,5,"5,4,5"
11662,"2025-05-23",367,2,500.94,5,4,5,"5,4,5"
7482,"2025-05-23",367,1,279.98,5,1,4,"5,1,4"
14922,"2025-05-23",367,4,286.76,5,5,4,"5,5,4"
2160,"2025-05-24",366,2,269.79,5,3,4,"5,3,4"
15460,"2025-05-24",366,4,391.26,5,5,4,"5,5,4"
7181,"2025-05-24",366,2,125.83,5,3,2,"5,3,2"
5833,"2025-05-24",366,2,141.23,5,3,2,"5,3,2"
15864,"2025-05-24",366,2,136.00,5,3,2,"5,3,2"
436,"2025-05-24",366,3,431.43,5,5,5,"5,5,5"
8982,"2025-05-24",366,3,180.13,5,5,3,"5,5,3"
20,"2025-05-24",366,4,499.73,5,5,5,"5,5,5"
3501,"2025-05-24",366,6,931.02,5,5,5,"5,5,5"
18178,"2025-05-24",366,3,527.66,5,5,5,"5,5,5"
4659,"2025-05-24",366,5,306.13,5,5,4,"5,5,4"
6455,"2025-05-24",366,5,769.23,5,5,5,"5,5,5"
7805,"2025-05-24",366,3,447.02,5,5,5,"5,5,5"
18555,"2025-05-24",366,3,605.02,5,4,5,"5,4,5"
18203,"2025-05-24",366,3,100.47,5,4,2,"5,4,2"
2523,"2025-05-24",366,2,267.58,5,3,4,"5,3,4"
11268,"2025-05-24",366,1,413.10,5,2,4,"5,2,4"
2361,"2025-05-24",366,2,398.44,5,4,4,"5,4,4"
1783,"2025-05-25",365,3,389.54,5,4,4,"5,4,4"
13032,"2025-05-25",365,4,494.79,5,5,5,"5,5,5"
17098,"2025-05-25",365,2,116.12,5,3,2,"5,3,2"
280,"2025-05-25",365,1,44.18,5,1,1,"5,1,1"
9990,"2025-05-25",365,3,374.18,5,5,4,"5,5,4"
19961,"2025-05-25",365,2,145.55,5,3,2,"5,3,2"
11022,"2025-05-25",365,1,201.38,5,1,3,"5,1,3"
12870,"2025-05-25",365,1,21.09,5,2,1,"5,2,1"
14807,"2025-05-25",365,1,28.23,5,2,1,"5,2,1"
3129,"2025-05-25",365,3,578.94,5,4,5,"5,4,5"
5291,"2025-05-25",365,1,11.57,5,1,1,"5,1,1"
19158,"2025-05-25",365,2,156.67,5,3,3,"5,3,3"
14805,"2025-05-25",365,2,496.82,5,4,5,"5,4,5"
13261,"2025-05-25",365,4,429.45,5,5,4,"5,5,4"
15492,"2025-05-25",365,4,639.09,5,5,5,"5,5,5"
4398,"2025-05-25",365,2,75.07,5,3,2,"5,3,2"
9736,"2025-05-26",364,1,73.28,5,1,1,"5,1,1"
6482,"2025-05-26",364,1,306.55,5,1,4,"5,1,4"
10497,"2025-05-26",364,1,27.14,5,2,1,"5,2,1"
2604,"2025-05-26",364,5,749.76,5,5,5,"5,5,5"
3918,"2025-05-26",364,2,300.01,5,4,4,"5,4,4"
1074,"2025-05-26",364,2,164.50,5,3,3,"5,3,3"
10599,"2025-05-26",364,3,475.73,5,5,5,"5,5,5"
7848,"2025-05-26",364,5,455.56,5,5,5,"5,5,5"
8263,"2025-05-26",364,2,351.44,5,4,4,"5,4,4"
11603,"2025-05-26",364,2,393.84,5,4,4,"5,4,4"
2781,"2025-05-26",364,3,384.40,5,4,4,"5,4,4"
4730,"2025-05-26",364,4,949.78,5,5,5,"5,5,5"
2176,"2025-05-26",364,2,274.39,5,3,4,"5,3,4"
12997,"2025-05-26",364,4,1672.49,5,5,5,"5,5,5"
18188,"2025-05-27",363,4,619.72,5,5,5,"5,5,5"
14530,"2025-05-27",363,2,681.36,5,4,5,"5,4,5"
785,"2025-05-27",363,3,461.38,5,5,5,"5,5,5"
15956,"2025-05-27",363,4,665.55,5,5,5,"5,5,5"
5460,"2025-05-27",363,3,504.79,5,5,5,"5,5,5"
10430,"2025-05-27",363,2,67.89,5,3,1,"5,3,1"
2128,"2025-05-27",363,2,90.95,5,3,2,"5,3,2"
13090,"2025-05-27",363,1,125.55,5,2,2,"5,2,2"
12965,"2025-05-27",363,3,312.48,5,5,4,"5,5,4"
5234,"2025-05-27",363,5,471.15,5,5,5,"5,5,5"
4643,"2025-05-27",363,1,192.98,5,1,3,"5,1,3"
9637,"2025-05-28",362,2,193.23,5,3,3,"5,3,3"
6330,"2025-05-28",362,3,561.70,5,4,5,"5,4,5"
17656,"2025-05-28",362,2,345.08,5,4,4,"5,4,4"
2906,"2025-05-28",362,4,429.80,5,5,4,"5,5,4"
2623,"2025-05-28",362,1,22.84,5,2,1,"5,2,1"
18987,"2025-05-28",362,3,151.21,5,4,2,"5,4,2"
19863,"2025-05-28",362,1,52.16,5,1,1,"5,1,1"
4932,"2025-05-28",362,3,237.24,5,5,3,"5,5,3"
4308,"2025-05-29",361,1,10.64,5,1,1,"5,1,1"
1704,"2025-05-29",361,1,48.86,5,1,1,"5,1,1"
5958,"2025-05-29",361,4,267.09,5,5,4,"5,5,4"
3569,"2025-05-29",361,2,128.04,5,3,2,"5,3,2"
6769,"2025-05-29",361,3,133.19,5,5,2,"5,5,2"
6839,"2025-05-29",361,4,328.43,5,5,4,"5,5,4"
4994,"2025-05-29",361,5,679.60,5,5,5,"5,5,5"
1696,"2025-05-29",361,3,283.36,5,4,4,"5,4,4"
9775,"2025-05-29",361,2,338.71,5,4,4,"5,4,4"
10372,"2025-05-29",361,6,845.92,5,5,5,"5,5,5"
6737,"2025-05-29",361,4,359.39,5,5,4,"5,5,4"
7921,"2025-05-29",361,1,176.15,5,1,3,"5,1,3"
16658,"2025-05-29",361,3,426.37,5,4,4,"5,4,4"
16270,"2025-05-29",361,1,119.89,5,2,2,"5,2,2"
7792,"2025-05-30",360,3,525.35,5,5,5,"5,5,5"
3069,"2025-05-30",360,1,63.55,5,1,1,"5,1,1"
4684,"2025-05-30",360,3,373.52,5,5,4,"5,5,4"
6437,"2025-05-30",360,5,796.33,5,5,5,"5,5,5"
10871,"2025-05-30",360,5,883.64,5,5,5,"5,5,5"
13700,"2025-05-30",360,3,317.99,5,5,4,"5,5,4"
6266,"2025-05-30",360,1,120.00,5,2,2,"5,2,2"
18318,"2025-05-30",360,2,251.04,5,3,3,"5,3,3"
4194,"2025-05-30",360,2,289.67,5,4,4,"5,4,4"
10156,"2025-05-30",360,5,474.12,5,5,5,"5,5,5"
12510,"2025-05-31",359,1,82.39,5,2,2,"5,2,2"
3326,"2025-05-31",359,4,685.47,5,5,5,"5,5,5"
11923,"2025-05-31",359,4,461.33,5,5,5,"5,5,5"
8979,"2025-05-31",359,3,958.63,5,4,5,"5,4,5"
10796,"2025-05-31",359,2,313.96,5,4,4,"5,4,4"
19216,"2025-05-31",359,1,92.94,5,2,2,"5,2,2"
6369,"2025-05-31",359,3,176.10,5,4,3,"5,4,3"
5263,"2025-05-31",359,3,316.48,5,5,4,"5,5,4"
15402,"2025-05-31",359,2,439.68,5,4,5,"5,4,5"
757,"2025-05-31",359,2,670.10,5,4,5,"5,4,5"
958,"2025-05-31",359,2,239.55,5,3,3,"5,3,3"
694,"2025-05-31",359,1,590.75,5,2,5,"5,2,5"
536,"2025-05-31",359,3,432.58,5,5,5,"5,5,5"
15173,"2025-06-01",358,3,206.45,5,4,3,"5,4,3"
4074,"2025-06-01",358,2,174.54,5,3,3,"5,3,3"
19899,"2025-06-01",358,1,49.57,5,1,1,"5,1,1"
14485,"2025-06-01",358,4,167.77,5,5,3,"5,5,3"
18680,"2025-06-01",358,2,207.96,5,3,3,"5,3,3"
18677,"2025-06-01",358,3,314.64,5,5,4,"5,5,4"
3854,"2025-06-01",358,2,390.07,5,4,4,"5,4,4"
11071,"2025-06-01",358,4,361.97,5,5,4,"5,5,4"
5551,"2025-06-01",358,1,37.23,5,2,1,"5,2,1"
13497,"2025-06-02",357,2,479.23,5,4,5,"5,4,5"
9724,"2025-06-02",357,3,295.60,5,4,4,"5,4,4"
4476,"2025-06-02",357,1,100.00,5,2,2,"5,2,2"
12181,"2025-06-02",357,4,310.22,5,5,4,"5,5,4"
10956,"2025-06-02",357,2,97.26,5,3,2,"5,3,2"
1812,"2025-06-02",357,1,10.50,5,1,1,"5,1,1"
10593,"2025-06-02",357,4,385.34,5,5,4,"5,5,4"
8289,"2025-06-02",357,2,140.33,5,3,2,"5,3,2"
16631,"2025-06-02",357,3,61.48,5,4,1,"5,4,1"
13619,"2025-06-02",357,2,108.71,5,3,2,"5,3,2"
431,"2025-06-02",357,2,271.08,5,3,4,"5,3,4"
322,"2025-06-03",356,4,330.42,5,5,4,"5,5,4"
9264,"2025-06-03",356,3,494.53,5,5,5,"5,5,5"
5794,"2025-06-03",356,1,442.90,5,2,5,"5,2,5"
3510,"2025-06-03",356,3,505.79,5,5,5,"5,5,5"
10582,"2025-06-03",356,3,244.35,5,5,3,"5,5,3"
16914,"2025-06-03",356,2,367.15,5,4,4,"5,4,4"
18773,"2025-06-03",356,2,168.10,5,3,3,"5,3,3"
18552,"2025-06-03",356,3,90.34,5,5,2,"5,5,2"
16709,"2025-06-03",356,3,273.65,5,4,4,"5,4,4"
2399,"2025-06-03",356,2,302.51,5,4,4,"5,4,4"
14855,"2025-06-03",356,2,40.53,5,2,1,"5,2,1"
8545,"2025-06-03",356,4,1020.94,5,5,5,"5,5,5"
14603,"2025-06-04",355,1,77.30,5,2,2,"5,2,2"
14911,"2025-06-04",355,4,976.24,5,5,5,"5,5,5"
3769,"2025-06-04",355,4,1832.66,5,5,5,"5,5,5"
11290,"2025-06-04",355,3,292.72,5,4,4,"5,4,4"
16241,"2025-06-04",355,6,1545.94,5,5,5,"5,5,5"
1675,"2025-06-04",355,2,466.61,5,4,5,"5,4,5"
3678,"2025-06-04",355,5,1340.17,5,5,5,"5,5,5"
17792,"2025-06-04",355,3,105.54,5,4,2,"5,4,2"
8859,"2025-06-04",355,2,101.26,5,3,2,"5,3,2"
19830,"2025-06-04",355,2,113.22,5,3,2,"5,3,2"
3908,"2025-06-04",355,1,32.24,5,2,1,"5,2,1"
6269,"2025-06-04",355,1,290.01,5,1,4,"5,1,4"
11953,"2025-06-04",355,1,330.78,5,1,4,"5,1,4"
13265,"2025-06-04",355,1,10.97,5,1,1,"5,1,1"
10472,"2025-06-04",355,1,65.70,5,1,1,"5,1,1"
8946,"2025-06-04",355,3,308.20,5,5,4,"5,5,4"
7719,"2025-06-05",354,3,206.77,5,4,3,"5,4,3"
9785,"2025-06-05",354,3,249.45,5,5,3,"5,5,3"
4320,"2025-06-05",354,4,670.85,5,5,5,"5,5,5"
10679,"2025-06-05",354,1,180.58,5,1,3,"5,1,3"
15035,"2025-06-05",354,1,7.16,5,1,1,"5,1,1"
12820,"2025-06-05",354,4,311.95,5,5,4,"5,5,4"
16553,"2025-06-05",354,3,813.20,5,5,5,"5,5,5"
11796,"2025-06-05",354,2,863.54,5,4,5,"5,4,5"
16875,"2025-06-05",354,4,288.63,5,5,4,"5,5,4"
4740,"2025-06-05",354,3,576.11,5,4,5,"5,4,5"
19309,"2025-06-05",354,1,9.99,5,1,1,"5,1,1"
10461,"2025-06-05",354,1,37.51,5,2,1,"5,2,1"
2897,"2025-06-05",354,2,333.34,5,4,4,"5,4,4"
18786,"2025-06-05",354,2,429.34,5,4,4,"5,4,4"
15608,"2025-06-05",354,2,197.63,5,3,3,"5,3,3"
18206,"2025-06-05",354,1,40.61,5,1,1,"5,1,1"
18515,"2025-06-05",354,4,1019.74,5,5,5,"5,5,5"
15076,"2025-06-06",353,3,21.03,5,5,1,"5,5,1"
1913,"2025-06-06",353,2,160.61,5,3,3,"5,3,3"
12879,"2025-06-06",353,2,124.18,5,3,2,"5,3,2"
10131,"2025-06-06",353,1,55.73,5,1,1,"5,1,1"
6241,"2025-06-06",353,3,408.78,5,4,4,"5,4,4"
5909,"2025-06-06",353,3,121.40,5,5,2,"5,5,2"
18566,"2025-06-06",353,3,121.02,5,5,2,"5,5,2"
19041,"2025-06-06",353,3,167.03,5,4,3,"5,4,3"
12035,"2025-06-06",353,2,92.82,5,3,2,"5,3,2"
5978,"2025-06-06",353,4,242.71,5,5,3,"5,5,3"
3733,"2025-06-06",353,4,775.96,5,5,5,"5,5,5"
12993,"2025-06-06",353,5,1372.65,5,5,5,"5,5,5"
14415,"2025-06-06",353,1,64.56,5,1,1,"5,1,1"
1001,"2025-06-06",353,1,28.03,5,2,1,"5,2,1"
8186,"2025-06-06",353,2,122.17,5,3,2,"5,3,2"
17779,"2025-06-06",353,1,26.40,5,2,1,"5,2,1"
12299,"2025-06-06",353,2,629.63,5,4,5,"5,4,5"
19744,"2025-06-06",353,5,535.25,5,5,5,"5,5,5"
2141,"2025-06-06",353,2,506.38,5,4,5,"5,4,5"
3140,"2025-06-06",353,2,647.51,5,4,5,"5,4,5"
10401,"2025-06-06",353,3,548.13,5,4,5,"5,4,5"
19175,"2025-06-06",353,2,227.17,5,3,3,"5,3,3"
1814,"2025-06-06",353,3,339.97,5,5,4,"5,5,4"
12850,"2025-06-07",352,1,58.31,5,1,1,"5,1,1"
12685,"2025-06-07",352,4,697.47,5,5,5,"5,5,5"
5641,"2025-06-07",352,2,361.51,5,4,4,"5,4,4"
16128,"2025-06-07",352,1,35.00,5,2,1,"5,2,1"
7120,"2025-06-07",352,4,426.79,5,5,4,"5,5,4"
14405,"2025-06-07",352,1,142.41,5,2,2,"5,2,2"
5571,"2025-06-07",352,4,317.88,5,5,4,"5,5,4"
1880,"2025-06-07",352,3,452.85,5,5,5,"5,5,5"
2344,"2025-06-07",352,2,518.05,5,4,5,"5,4,5"
18256,"2025-06-07",352,3,295.40,5,4,4,"5,4,4"
10960,"2025-06-07",352,2,97.47,5,3,2,"5,3,2"
11540,"2025-06-07",352,2,178.83,5,3,3,"5,3,3"
11310,"2025-06-07",352,3,86.15,5,4,2,"5,4,2"
6579,"2025-06-08",351,3,449.76,5,5,5,"5,5,5"
4563,"2025-06-08",351,4,785.26,5,5,5,"5,5,5"
6814,"2025-06-08",351,7,1573.80,5,5,5,"5,5,5"
17772,"2025-06-08",351,1,71.77,5,1,1,"5,1,1"
8851,"2025-06-08",351,1,41.99,5,1,1,"5,1,1"
9077,"2025-06-08",351,5,542.99,5,5,5,"5,5,5"
12219,"2025-06-08",351,2,465.95,5,4,5,"5,4,5"
3718,"2025-06-08",351,2,332.21,5,4,4,"5,4,4"
3505,"2025-06-08",351,2,117.34,5,3,2,"5,3,2"
16545,"2025-06-08",351,2,105.11,5,3,2,"5,3,2"
11370,"2025-06-08",351,2,156.73,5,3,3,"5,3,3"
17819,"2025-06-08",351,2,127.12,5,3,2,"5,3,2"
11082,"2025-06-08",351,2,183.69,5,3,3,"5,3,3"
7877,"2025-06-08",351,1,133.19,5,2,2,"5,2,2"
10751,"2025-06-08",351,3,1118.04,5,5,5,"5,5,5"
15137,"2025-06-08",351,4,526.21,5,5,5,"5,5,5"
12982,"2025-06-08",351,5,368.09,5,5,4,"5,5,4"
18116,"2025-06-08",351,2,179.65,5,3,3,"5,3,3"
13039,"2025-06-09",350,5,630.13,5,5,5,"5,5,5"
1734,"2025-06-09",350,2,270.76,5,3,4,"5,3,4"
14648,"2025-06-09",350,2,140.71,5,3,2,"5,3,2"
11331,"2025-06-09",350,2,88.61,5,3,2,"5,3,2"
15635,"2025-06-09",350,1,142.24,5,2,2,"5,2,2"
7375,"2025-06-09",350,2,580.11,5,4,5,"5,4,5"
10683,"2025-06-09",350,2,137.67,5,3,2,"5,3,2"
19568,"2025-06-09",350,4,1395.72,5,5,5,"5,5,5"
9719,"2025-06-10",349,4,605.50,5,5,5,"5,5,5"
17347,"2025-06-10",349,3,1102.20,5,4,5,"5,4,5"
8793,"2025-06-10",349,2,121.25,5,3,2,"5,3,2"
18063,"2025-06-10",349,3,335.64,5,5,4,"5,5,4"
3555,"2025-06-10",349,4,308.04,5,5,4,"5,5,4"
19092,"2025-06-10",349,2,485.77,5,4,5,"5,4,5"
11389,"2025-06-10",349,3,361.76,5,5,4,"5,5,4"
18919,"2025-06-10",349,5,1110.71,5,5,5,"5,5,5"
12645,"2025-06-10",349,2,662.31,5,4,5,"5,4,5"
11883,"2025-06-10",349,3,375.45,5,5,4,"5,5,4"
7433,"2025-06-10",349,1,362.86,5,1,4,"5,1,4"
6356,"2025-06-10",349,2,557.30,5,4,5,"5,4,5"
7506,"2025-06-10",349,3,354.20,5,4,4,"5,4,4"
10567,"2025-06-10",349,2,272.96,5,3,4,"5,3,4"
17042,"2025-06-11",348,6,1329.62,5,5,5,"5,5,5"
15915,"2025-06-11",348,1,179.40,5,1,3,"5,1,3"
703,"2025-06-11",348,4,427.01,5,5,4,"5,5,4"
12070,"2025-06-11",348,3,72.96,5,5,1,"5,5,1"
17588,"2025-06-11",348,4,814.51,5,5,5,"5,5,5"
9354,"2025-06-11",348,1,13.90,5,1,1,"5,1,1"
12955,"2025-06-11",348,2,91.88,5,3,2,"5,3,2"
5137,"2025-06-11",348,4,239.53,5,5,3,"5,5,3"
17781,"2025-06-11",348,2,189.58,5,3,3,"5,3,3"
14555,"2025-06-11",348,2,311.20,5,4,4,"5,4,4"
1297,"2025-06-11",348,1,61.33,5,1,1,"5,1,1"
5050,"2025-06-11",348,3,431.84,5,5,5,"5,5,5"
9450,"2025-06-11",348,2,823.89,5,4,5,"5,4,5"
9711,"2025-06-11",348,3,188.73,5,4,3,"5,4,3"
9033,"2025-06-11",348,1,215.31,5,1,3,"5,1,3"
17866,"2025-06-12",347,3,409.71,5,4,4,"5,4,4"
7645,"2025-06-12",347,2,606.64,5,4,5,"5,4,5"
2011,"2025-06-12",347,2,650.23,5,4,5,"5,4,5"
13998,"2025-06-12",347,3,321.96,5,4,4,"5,4,4"
629,"2025-06-12",347,2,271.02,5,3,4,"5,3,4"
5095,"2025-06-12",347,2,67.77,5,3,1,"5,3,1"
18472,"2025-06-12",347,1,28.23,5,2,1,"5,2,1"
15373,"2025-06-12",347,1,129.74,5,2,2,"5,2,2"
13643,"2025-06-12",347,1,43.04,5,1,1,"5,1,1"
9060,"2025-06-12",347,1,394.97,5,1,4,"5,1,4"
2121,"2025-06-12",347,6,818.48,5,5,5,"5,5,5"
13027,"2025-06-12",347,4,244.77,5,5,3,"5,5,3"
8108,"2025-06-12",347,2,503.27,5,4,5,"5,4,5"
11104,"2025-06-12",347,1,405.28,5,1,4,"5,1,4"
9556,"2025-06-12",347,4,370.10,5,5,4,"5,5,4"
19807,"2025-06-12",347,3,280.60,5,4,4,"5,4,4"
11003,"2025-06-13",346,4,587.20,5,5,5,"5,5,5"
8254,"2025-06-13",346,2,362.36,5,4,4,"5,4,4"
18729,"2025-06-13",346,2,489.72,5,4,5,"5,4,5"
14348,"2025-06-13",346,4,609.76,5,5,5,"5,5,5"
14027,"2025-06-13",346,1,51.23,5,1,1,"5,1,1"
19387,"2025-06-13",346,2,245.08,5,3,3,"5,3,3"
13853,"2025-06-13",346,3,297.94,5,4,4,"5,4,4"
10107,"2025-06-13",346,1,36.96,5,2,1,"5,2,1"
1397,"2025-06-13",346,2,161.96,5,3,3,"5,3,3"
5179,"2025-06-13",346,2,258.45,5,3,4,"5,3,4"
19622,"2025-06-13",346,2,97.25,5,3,2,"5,3,2"
16653,"2025-06-14",345,2,187.14,5,3,3,"5,3,3"
109,"2025-06-14",345,1,1290.44,5,1,5,"5,1,5"
6635,"2025-06-14",345,2,263.63,5,3,4,"5,3,4"
12789,"2025-06-14",345,4,206.84,5,5,3,"5,5,3"
18393,"2025-06-14",345,5,571.56,5,5,5,"5,5,5"
8204,"2025-06-14",345,2,254.27,5,3,3,"5,3,3"
19116,"2025-06-14",345,1,34.29,5,2,1,"5,2,1"
11952,"2025-06-14",345,2,198.13,5,3,3,"5,3,3"
14047,"2025-06-14",345,3,586.09,5,4,5,"5,4,5"
459,"2025-06-14",345,5,340.08,5,5,4,"5,5,4"
15741,"2025-06-14",345,2,436.33,5,4,5,"5,4,5"
4890,"2025-06-14",345,4,646.28,5,5,5,"5,5,5"
9196,"2025-06-14",345,3,364.08,5,5,4,"5,5,4"
15259,"2025-06-14",345,3,700.84,5,5,5,"5,5,5"
18870,"2025-06-14",345,4,388.81,5,5,4,"5,5,4"
7039,"2025-06-15",344,2,237.78,5,3,3,"5,3,3"
5174,"2025-06-15",344,4,136.84,5,5,2,"5,5,2"
1826,"2025-06-15",344,1,21.77,5,2,1,"5,2,1"
5248,"2025-06-15",344,2,173.98,5,3,3,"5,3,3"
17776,"2025-06-15",344,2,200.54,5,3,3,"5,3,3"
375,"2025-06-15",344,2,205.59,5,3,3,"5,3,3"
15516,"2025-06-15",344,3,165.30,5,4,3,"5,4,3"
18801,"2025-06-15",344,4,496.28,5,5,5,"5,5,5"
1098,"2025-06-15",344,2,239.82,5,3,3,"5,3,3"
15642,"2025-06-15",344,4,263.58,5,5,4,"5,5,4"
1172,"2025-06-15",344,3,274.83,5,4,4,"5,4,4"
18817,"2025-06-16",343,2,304.16,5,4,4,"5,4,4"
1186,"2025-06-16",343,2,521.36,5,4,5,"5,4,5"
3715,"2025-06-16",343,1,24.76,5,2,1,"5,2,1"
1512,"2025-06-16",343,2,169.71,5,3,3,"5,3,3"
15112,"2025-06-16",343,3,182.10,5,5,3,"5,5,3"
4449,"2025-06-16",343,2,327.63,5,4,4,"5,4,4"
4386,"2025-06-16",343,3,625.09,5,5,5,"5,5,5"
3783,"2025-06-16",343,5,1285.48,5,5,5,"5,5,5"
4735,"2025-06-16",343,3,782.83,5,4,5,"5,4,5"
13320,"2025-06-16",343,2,294.99,5,4,4,"5,4,4"
11286,"2025-06-16",343,2,133.59,5,3,2,"5,3,2"
555,"2025-06-16",343,3,253.93,5,5,3,"5,5,3"
18967,"2025-06-16",343,3,107.60,5,4,2,"5,4,2"
6283,"2025-06-16",343,2,129.12,5,3,2,"5,3,2"
18167,"2025-06-16",343,1,58.36,5,1,1,"5,1,1"
2868,"2025-06-16",343,4,219.34,5,5,3,"5,5,3"
4189,"2025-06-16",343,4,131.41,5,5,2,"5,5,2"
7454,"2025-06-17",342,3,239.20,5,5,3,"5,5,3"
11029,"2025-06-17",342,3,326.72,5,4,4,"5,4,4"
12423,"2025-06-17",342,2,230.14,5,3,3,"5,3,3"
714,"2025-06-17",342,3,480.02,5,5,5,"5,5,5"
18170,"2025-06-17",342,1,58.69,5,1,1,"5,1,1"
11600,"2025-06-17",342,3,310.94,5,5,4,"5,5,4"
17605,"2025-06-17",342,1,39.76,5,1,1,"5,1,1"
16092,"2025-06-17",342,3,695.83,5,5,5,"5,5,5"
2137,"2025-06-17",342,3,390.50,5,4,4,"5,4,4"
16866,"2025-06-17",342,3,305.23,5,4,4,"5,4,4"
3329,"2025-06-17",342,3,611.69,5,4,5,"5,4,5"
9069,"2025-06-17",342,2,67.10,5,3,1,"5,3,1"
9569,"2025-06-17",342,1,128.52,5,2,2,"5,2,2"
12135,"2025-06-17",342,5,344.81,5,5,4,"5,5,4"
1246,"2025-06-17",342,1,38.35,5,2,1,"5,2,1"
12989,"2025-06-17",342,2,440.41,5,4,5,"5,4,5"
15042,"2025-06-17",342,1,28.92,5,2,1,"5,2,1"
12358,"2025-06-18",341,5,657.63,5,5,5,"5,5,5"
17703,"2025-06-18",341,4,447.15,5,5,5,"5,5,5"
1115,"2025-06-18",341,2,27.41,5,2,1,"5,2,1"
16402,"2025-06-18",341,1,40.78,5,1,1,"5,1,1"
2977,"2025-06-18",341,1,79.01,5,2,2,"5,2,2"
8689,"2025-06-18",341,8,1161.21,5,5,5,"5,5,5"
1936,"2025-06-18",341,4,603.22,5,5,5,"5,5,5"
19452,"2025-06-18",341,1,70.18,5,1,1,"5,1,1"
9323,"2025-06-18",341,2,110.69,5,3,2,"5,3,2"
9105,"2025-06-18",341,2,26.79,5,2,1,"5,2,1"
4857,"2025-06-18",341,2,40.74,5,2,1,"5,2,1"
13341,"2025-06-18",341,1,28.32,5,2,1,"5,2,1"
10853,"2025-06-18",341,3,787.87,5,4,5,"5,4,5"
18901,"2025-06-18",341,2,407.80,5,4,4,"5,4,4"
19033,"2025-06-19",340,2,108.59,5,3,2,"5,3,2"
16129,"2025-06-19",340,1,399.42,5,1,4,"5,1,4"
8850,"2025-06-19",340,2,348.11,5,4,4,"5,4,4"
12325,"2025-06-19",340,3,464.75,5,5,5,"5,5,5"
35,"2025-06-19",340,3,253.84,5,5,3,"5,5,3"
11128,"2025-06-19",340,2,238.24,5,3,3,"5,3,3"
14360,"2025-06-19",340,1,264.00,5,1,4,"5,1,4"
17071,"2025-06-19",340,3,460.85,5,5,5,"5,5,5"
11878,"2025-06-19",340,1,132.91,5,2,2,"5,2,2"
11339,"2025-06-19",340,3,202.75,5,4,3,"5,4,3"
15938,"2025-06-19",340,3,402.75,5,4,4,"5,4,4"
14616,"2025-06-19",340,7,1046.24,5,5,5,"5,5,5"
7961,"2025-06-19",340,2,163.36,5,3,3,"5,3,3"
1479,"2025-06-19",340,1,207.78,5,1,3,"5,1,3"
5196,"2025-06-19",340,2,80.22,5,3,2,"5,3,2"
15504,"2025-06-19",340,2,115.64,5,3,2,"5,3,2"
14821,"2025-06-20",339,1,101.07,5,2,2,"5,2,2"
14826,"2025-06-20",339,4,465.48,5,5,5,"5,5,5"
13699,"2025-06-20",339,1,97.91,5,2,2,"5,2,2"
15926,"2025-06-20",339,2,128.90,5,3,2,"5,3,2"
18511,"2025-06-20",339,5,253.05,5,5,3,"5,5,3"
12422,"2025-06-20",339,3,83.72,5,4,2,"5,4,2"
4963,"2025-06-20",339,6,481.67,5,5,5,"5,5,5"
3186,"2025-06-20",339,2,252.56,5,3,3,"5,3,3"
12407,"2025-06-20",339,2,716.62,5,4,5,"5,4,5"
12851,"2025-06-20",339,1,129.38,5,2,2,"5,2,2"
4676,"2025-06-20",339,3,412.45,5,4,4,"5,4,4"
17373,"2025-06-20",339,2,615.56,5,4,5,"5,4,5"
10232,"2025-06-20",339,2,67.40,5,3,1,"5,3,1"
13084,"2025-06-20",339,2,245.69,5,3,3,"5,3,3"
9486,"2025-06-20",339,3,482.16,5,5,5,"5,5,5"
6880,"2025-06-21",338,1,75.74,5,2,2,"5,2,2"
19780,"2025-06-21",338,1,10.21,5,1,1,"5,1,1"
6940,"2025-06-21",338,2,223.02,5,3,3,"5,3,3"
17418,"2025-06-21",338,2,315.08,5,4,4,"5,4,4"
15338,"2025-06-21",338,3,234.31,5,5,3,"5,5,3"
8706,"2025-06-21",338,2,401.50,5,4,4,"5,4,4"
204,"2025-06-21",338,1,123.35,5,2,2,"5,2,2"
11759,"2025-06-21",338,2,218.93,5,3,3,"5,3,3"
16376,"2025-06-21",338,4,99.27,5,5,2,"5,5,2"
10240,"2025-06-21",338,5,551.87,5,5,5,"5,5,5"
881,"2025-06-21",338,2,183.49,5,3,3,"5,3,3"
14037,"2025-06-22",337,3,576.06,5,4,5,"5,4,5"
14424,"2025-06-22",337,3,453.69,5,5,5,"5,5,5"
1264,"2025-06-22",337,1,50.01,5,1,1,"5,1,1"
10990,"2025-06-22",337,1,165.66,5,1,3,"5,1,3"
12307,"2025-06-22",337,2,191.45,5,3,3,"5,3,3"
1542,"2025-06-22",337,1,7.39,5,1,1,"5,1,1"
16246,"2025-06-22",337,4,960.71,5,5,5,"5,5,5"
4661,"2025-06-22",337,1,74.14,5,2,2,"5,2,2"
14668,"2025-06-22",337,3,282.56,5,4,4,"5,4,4"
4370,"2025-06-22",337,2,230.79,5,3,3,"5,3,3"
14732,"2025-06-22",337,4,804.49,5,5,5,"5,5,5"
5091,"2025-06-22",337,3,1427.36,5,5,5,"5,5,5"
17240,"2025-06-22",337,3,326.45,5,4,4,"5,4,4"
10342,"2025-06-22",337,3,1925.25,5,4,5,"5,4,5"
17462,"2025-06-23",336,2,406.63,5,4,4,"5,4,4"
17180,"2025-06-23",336,2,265.04,5,3,4,"5,3,4"
7531,"2025-06-23",336,2,116.52,5,3,2,"5,3,2"
10124,"2025-06-23",336,3,294.23,5,4,4,"5,4,4"
11405,"2025-06-23",336,2,95.45,5,3,2,"5,3,2"
763,"2025-06-23",336,2,268.32,5,3,4,"5,3,4"
13078,"2025-06-23",336,2,96.30,5,3,2,"5,3,2"
6392,"2025-06-23",336,1,525.97,5,2,5,"5,2,5"
19708,"2025-06-23",336,3,485.24,5,5,5,"5,5,5"
14380,"2025-06-23",336,2,307.69,5,4,4,"5,4,4"
7638,"2025-06-24",335,1,84.11,5,2,2,"5,2,2"
19690,"2025-06-24",335,5,869.32,5,5,5,"5,5,5"
7330,"2025-06-24",335,2,357.77,5,4,4,"5,4,4"
11936,"2025-06-24",335,2,266.91,5,3,4,"5,3,4"
4186,"2025-06-24",335,2,289.89,5,4,4,"5,4,4"
11850,"2025-06-24",335,2,274.15,5,3,4,"5,3,4"
649,"2025-06-24",335,1,12.97,5,1,1,"5,1,1"
4908,"2025-06-24",335,3,140.68,5,4,2,"5,4,2"
17815,"2025-06-24",335,2,181.16,5,3,3,"5,3,3"
16716,"2025-06-24",335,3,487.45,5,5,5,"5,5,5"
630,"2025-06-24",335,1,3.32,5,1,1,"5,1,1"
1720,"2025-06-25",334,4,374.61,5,5,4,"5,5,4"
18245,"2025-06-25",334,3,441.47,5,5,5,"5,5,5"
17748,"2025-06-25",334,2,480.47,5,4,5,"5,4,5"
18435,"2025-06-25",334,3,193.80,5,4,3,"5,4,3"
8789,"2025-06-25",334,4,285.82,5,5,4,"5,5,4"
4748,"2025-06-25",334,2,140.52,5,3,2,"5,3,2"
10830,"2025-06-25",334,1,167.82,5,1,3,"5,1,3"
1,"2025-06-25",334,2,115.39,5,3,2,"5,3,2"
6817,"2025-06-25",334,3,382.78,5,5,4,"5,5,4"
19341,"2025-06-25",334,5,836.66,5,5,5,"5,5,5"
2677,"2025-06-25",334,5,379.99,5,5,4,"5,5,4"
2936,"2025-06-25",334,1,336.36,5,1,4,"5,1,4"
12751,"2025-06-25",334,1,136.30,5,2,2,"5,2,2"
10173,"2025-06-25",334,5,479.03,5,5,5,"5,5,5"
11738,"2025-06-26",333,5,491.33,5,5,5,"5,5,5"
17435,"2025-06-26",333,5,675.66,5,5,5,"5,5,5"
9006,"2025-06-26",333,5,1276.83,5,5,5,"5,5,5"
9340,"2025-06-26",333,7,769.11,5,5,5,"5,5,5"
2335,"2025-06-26",333,3,196.15,5,4,3,"5,4,3"
12412,"2025-06-26",333,3,157.84,5,5,3,"5,5,3"
13056,"2025-06-26",333,1,10.63,5,1,1,"5,1,1"
14094,"2025-06-26",333,3,314.64,5,5,4,"5,5,4"
12968,"2025-06-26",333,2,160.30,5,3,3,"5,3,3"
16127,"2025-06-26",333,2,576.58,5,4,5,"5,4,5"
6445,"2025-06-26",333,3,828.56,5,5,5,"5,5,5"
1052,"2025-06-26",333,3,424.62,5,4,4,"5,4,4"
2749,"2025-06-27",332,5,853.13,5,5,5,"5,5,5"
9470,"2025-06-27",332,6,590.60,5,5,5,"5,5,5"
19916,"2025-06-27",332,2,380.81,5,4,4,"5,4,4"
3870,"2025-06-27",332,3,300.03,5,4,4,"5,4,4"
15129,"2025-06-27",332,2,270.64,5,3,4,"5,3,4"
13412,"2025-06-27",332,2,408.89,5,4,4,"5,4,4"
5435,"2025-06-27",332,5,426.48,5,5,4,"5,5,4"
2284,"2025-06-27",332,2,787.66,5,4,5,"5,4,5"
11905,"2025-06-27",332,1,88.74,5,2,2,"5,2,2"
13036,"2025-06-27",332,3,580.91,5,4,5,"5,4,5"
4118,"2025-06-27",332,2,179.96,5,3,3,"5,3,3"
3611,"2025-06-27",332,3,355.47,5,4,4,"5,4,4"
11499,"2025-06-27",332,2,82.71,5,3,2,"5,3,2"
16978,"2025-06-28",331,2,336.19,5,4,4,"5,4,4"
4364,"2025-06-28",331,4,423.63,5,5,4,"5,5,4"
3499,"2025-06-28",331,3,320.11,5,5,4,"5,5,4"
16594,"2025-06-28",331,2,206.88,5,3,3,"5,3,3"
18483,"2025-06-28",331,3,189.78,5,4,3,"5,4,3"
334,"2025-06-28",331,5,805.12,5,5,5,"5,5,5"
5213,"2025-06-28",331,4,478.46,5,5,5,"5,5,5"
12536,"2025-06-28",331,1,156.07,5,1,3,"5,1,3"
7970,"2025-06-28",331,3,300.25,5,4,4,"5,4,4"
12948,"2025-06-28",331,2,408.50,5,4,4,"5,4,4"
17289,"2025-06-28",331,3,1142.55,5,5,5,"5,5,5"
12637,"2025-06-28",331,5,439.30,5,5,5,"5,5,5"
14124,"2025-06-28",331,1,588.20,5,2,5,"5,2,5"
10238,"2025-06-28",331,2,156.03,5,3,3,"5,3,3"
8766,"2025-06-28",331,3,182.12,5,5,3,"5,5,3"
1968,"2025-06-29",330,3,427.36,5,4,4,"5,4,4"
6641,"2025-06-29",330,4,334.14,5,5,4,"5,5,4"
8700,"2025-06-29",330,1,8.55,5,1,1,"5,1,1"
1692,"2025-06-29",330,3,144.54,5,4,2,"5,4,2"
12380,"2025-06-29",330,4,395.92,5,5,4,"5,5,4"
16772,"2025-06-29",330,3,906.11,5,5,5,"5,5,5"
12053,"2025-06-29",330,2,315.62,5,4,4,"5,4,4"
13958,"2025-06-29",330,2,214.13,5,3,3,"5,3,3"
5385,"2025-06-29",330,3,136.15,5,5,2,"5,5,2"
6581,"2025-06-29",330,1,145.00,5,1,2,"5,1,2"
9406,"2025-06-29",330,1,161.75,5,1,3,"5,1,3"
1141,"2025-06-29",330,3,111.90,5,4,2,"5,4,2"
11281,"2025-06-29",330,2,347.91,5,4,4,"5,4,4"
11797,"2025-06-30",329,1,214.40,5,1,3,"5,1,3"
5463,"2025-06-30",329,2,213.05,5,3,3,"5,3,3"
6037,"2025-06-30",329,2,145.42,5,3,2,"5,3,2"
5171,"2025-06-30",329,1,281.60,5,1,4,"5,1,4"
10790,"2025-06-30",329,1,75.43,5,2,2,"5,2,2"
17242,"2025-06-30",329,3,857.98,5,5,5,"5,5,5"
1862,"2025-06-30",329,2,108.72,5,3,2,"5,3,2"
2416,"2025-06-30",329,3,401.69,5,4,4,"5,4,4"
18360,"2025-06-30",329,1,150.32,5,1,2,"5,1,2"
12116,"2025-06-30",329,2,563.27,5,4,5,"5,4,5"
16461,"2025-06-30",329,3,133.17,5,5,2,"5,5,2"
16888,"2025-06-30",329,3,303.86,5,4,4,"5,4,4"
12100,"2025-07-01",328,3,427.08,5,4,4,"5,4,4"
6934,"2025-07-01",328,2,106.64,5,3,2,"5,3,2"
17535,"2025-07-01",328,3,726.04,5,4,5,"5,4,5"
10005,"2025-07-01",328,3,196.64,5,4,3,"5,4,3"
3778,"2025-07-01",328,2,94.81,5,3,2,"5,3,2"
6017,"2025-07-01",328,5,797.61,5,5,5,"5,5,5"
19847,"2025-07-01",328,3,301.91,5,4,4,"5,4,4"
15638,"2025-07-01",328,3,452.28,5,5,5,"5,5,5"
10714,"2025-07-01",328,2,42.32,5,2,1,"5,2,1"
7547,"2025-07-01",328,2,144.93,5,3,2,"5,3,2"
12808,"2025-07-01",328,2,270.51,5,3,4,"5,3,4"
2149,"2025-07-01",328,3,589.13,5,4,5,"5,4,5"
19731,"2025-07-01",328,3,495.81,5,5,5,"5,5,5"
4790,"2025-07-01",328,4,564.33,5,5,5,"5,5,5"
4032,"2025-07-01",328,3,847.83,5,5,5,"5,5,5"
7269,"2025-07-02",327,2,77.80,5,3,2,"5,3,2"
11050,"2025-07-02",327,2,273.20,5,3,4,"5,3,4"
11535,"2025-07-02",327,2,464.53,5,4,5,"5,4,5"
8019,"2025-07-02",327,1,106.18,5,2,2,"5,2,2"
3962,"2025-07-02",327,3,336.02,5,5,4,"5,5,4"
15518,"2025-07-02",327,3,364.64,5,5,4,"5,5,4"
19601,"2025-07-02",327,2,68.87,5,3,1,"5,3,1"
2700,"2025-07-02",327,3,198.60,5,4,3,"5,4,3"
10184,"2025-07-02",327,1,126.68,5,2,2,"5,2,2"
2697,"2025-07-02",327,2,38.33,5,2,1,"5,2,1"
3605,"2025-07-02",327,3,275.19,5,4,4,"5,4,4"
6235,"2025-07-02",327,3,298.25,5,4,4,"5,4,4"
2509,"2025-07-02",327,1,106.31,5,2,2,"5,2,2"
16132,"2025-07-03",326,3,415.37,5,4,4,"5,4,4"
18358,"2025-07-03",326,4,423.97,5,5,4,"5,5,4"
11687,"2025-07-03",326,4,422.22,5,5,4,"5,5,4"
12236,"2025-07-03",326,1,195.70,5,1,3,"5,1,3"
2184,"2025-07-03",326,3,408.45,5,4,4,"5,4,4"
16663,"2025-07-03",326,3,611.66,5,4,5,"5,4,5"
19063,"2025-07-03",326,3,193.15,5,4,3,"5,4,3"
9639,"2025-07-03",326,1,51.43,5,1,1,"5,1,1"
18205,"2025-07-03",326,3,232.82,5,5,3,"5,5,3"
19245,"2025-07-03",326,1,152.59,5,1,3,"5,1,3"
11747,"2025-07-03",326,7,849.98,5,5,5,"5,5,5"
2460,"2025-07-03",326,5,264.95,5,5,4,"5,5,4"
12350,"2025-07-03",326,1,76.13,5,2,2,"5,2,2"
4184,"2025-07-03",326,3,565.18,5,4,5,"5,4,5"
9590,"2025-07-04",325,3,328.20,5,4,4,"5,4,4"
4964,"2025-07-04",325,3,158.28,5,5,3,"5,5,3"
5147,"2025-07-04",325,1,27.52,5,2,1,"5,2,1"
7471,"2025-07-04",325,3,357.80,5,4,4,"5,4,4"
7226,"2025-07-04",325,3,87.32,5,4,2,"5,4,2"
18665,"2025-07-04",325,3,328.15,5,4,4,"5,4,4"
4800,"2025-07-04",325,5,850.49,5,5,5,"5,5,5"
15900,"2025-07-04",325,3,143.29,5,4,2,"5,4,2"
15423,"2025-07-04",325,4,492.49,5,5,5,"5,5,5"
14859,"2025-07-04",325,1,39.35,5,2,1,"5,2,1"
12627,"2025-07-04",325,2,126.16,5,3,2,"5,3,2"
7480,"2025-07-04",325,1,34.38,5,2,1,"5,2,1"
5012,"2025-07-04",325,3,189.02,5,4,3,"5,4,3"
18592,"2025-07-04",325,4,187.42,5,5,3,"5,5,3"
9657,"2025-07-04",325,5,472.99,5,5,5,"5,5,5"
1733,"2025-07-05",324,3,242.74,5,5,3,"5,5,3"
11159,"2025-07-05",324,2,225.67,5,3,3,"5,3,3"
6966,"2025-07-05",324,2,205.99,5,3,3,"5,3,3"
9889,"2025-07-05",324,1,214.85,5,1,3,"5,1,3"
8514,"2025-07-05",324,4,694.53,5,5,5,"5,5,5"
11179,"2025-07-05",324,3,232.64,5,5,3,"5,5,3"
205,"2025-07-05",324,3,266.91,5,4,4,"5,4,4"
11556,"2025-07-05",324,1,316.63,5,1,4,"5,1,4"
6553,"2025-07-05",324,2,497.97,5,4,5,"5,4,5"
17305,"2025-07-06",323,2,359.76,5,4,4,"5,4,4"
17127,"2025-07-06",323,3,590.38,5,4,5,"5,4,5"
16587,"2025-07-06",323,2,98.44,5,3,2,"5,3,2"
11678,"2025-07-06",323,2,666.71,5,4,5,"5,4,5"
5611,"2025-07-06",323,2,80.57,5,3,2,"5,3,2"
17045,"2025-07-06",323,2,430.71,5,4,5,"5,4,5"
17768,"2025-07-06",323,3,362.32,5,5,4,"5,5,4"
12241,"2025-07-06",323,2,107.81,5,3,2,"5,3,2"
13683,"2025-07-06",323,3,631.84,5,5,5,"5,5,5"
13179,"2025-07-06",323,2,250.18,5,3,3,"5,3,3"
9636,"2025-07-06",323,1,205.45,5,1,3,"5,1,3"
11173,"2025-07-06",323,3,388.69,5,4,4,"5,4,4"
2162,"2025-07-06",323,1,66.04,5,1,1,"5,1,1"
9874,"2025-07-06",323,3,164.05,5,4,3,"5,4,3"
16232,"2025-07-06",323,6,1980.98,5,5,5,"5,5,5"
12159,"2025-07-06",323,1,57.27,5,1,1,"5,1,1"
4060,"2025-07-06",323,1,4.15,5,2,1,"5,2,1"
12061,"2025-07-06",323,2,55.75,5,2,1,"5,2,1"
9726,"2025-07-07",322,1,35.64,5,2,1,"5,2,1"
5587,"2025-07-07",322,3,308.41,5,5,4,"5,5,4"
8209,"2025-07-07",322,1,16.24,5,2,1,"5,2,1"
3652,"2025-07-07",322,3,372.55,5,5,4,"5,5,4"
13326,"2025-07-07",322,1,5.63,5,2,1,"5,2,1"
16221,"2025-07-07",322,3,347.17,5,5,4,"5,5,4"
13502,"2025-07-07",322,4,644.23,5,5,5,"5,5,5"
3293,"2025-07-07",322,3,447.67,5,5,5,"5,5,5"
15536,"2025-07-07",322,5,313.26,5,5,4,"5,5,4"
18035,"2025-07-08",321,4,496.14,5,5,5,"5,5,5"
13266,"2025-07-08",321,3,179.90,5,5,3,"5,5,3"
420,"2025-07-08",321,3,414.11,5,4,4,"5,4,4"
6355,"2025-07-08",321,3,341.26,5,5,4,"5,5,4"
13611,"2025-07-08",321,1,335.74,5,1,4,"5,1,4"
17148,"2025-07-08",321,3,394.56,5,4,4,"5,4,4"
11811,"2025-07-08",321,1,188.42,5,1,3,"5,1,3"
9304,"2025-07-08",321,1,53.67,5,1,1,"5,1,1"
3531,"2025-07-08",321,1,77.82,5,2,2,"5,2,2"
6815,"2025-07-08",321,2,279.88,5,3,4,"5,3,4"
6156,"2025-07-08",321,1,106.49,5,2,2,"5,2,2"
17865,"2025-07-09",320,2,327.48,5,4,4,"5,4,4"
1679,"2025-07-09",320,4,498.30,5,5,5,"5,5,5"
429,"2025-07-09",320,1,28.59,5,2,1,"5,2,1"
9559,"2025-07-09",320,3,63.02,5,4,1,"5,4,1"
15244,"2025-07-09",320,2,335.02,5,4,4,"5,4,4"
13115,"2025-07-09",320,4,294.89,5,5,4,"5,5,4"
3533,"2025-07-09",320,1,57.52,5,1,1,"5,1,1"
9815,"2025-07-09",320,4,132.20,5,5,2,"5,5,2"
3745,"2025-07-09",320,3,329.21,5,5,4,"5,5,4"
7341,"2025-07-09",320,1,50.83,5,1,1,"5,1,1"
18931,"2025-07-09",320,1,43.43,5,1,1,"5,1,1"
11661,"2025-07-09",320,1,247.57,5,1,3,"5,1,3"
18424,"2025-07-09",320,4,646.28,5,5,5,"5,5,5"
10179,"2025-07-09",320,1,58.26,5,1,1,"5,1,1"
8750,"2025-07-09",320,4,368.40,5,5,4,"5,5,4"
6418,"2025-07-09",320,2,331.59,5,4,4,"5,4,4"
15032,"2025-07-09",320,1,36.72,5,2,1,"5,2,1"
9827,"2025-07-09",320,4,651.87,5,5,5,"5,5,5"
6243,"2025-07-10",319,1,12.08,5,1,1,"5,1,1"
9852,"2025-07-10",319,4,450.70,5,5,5,"5,5,5"
3209,"2025-07-10",319,1,51.81,5,1,1,"5,1,1"
2737,"2025-07-10",319,2,186.21,5,3,3,"5,3,3"
6901,"2025-07-10",319,6,1190.40,5,5,5,"5,5,5"
13509,"2025-07-10",319,1,162.63,5,1,3,"5,1,3"
950,"2025-07-10",319,1,19.63,5,2,1,"5,2,1"
13568,"2025-07-10",319,4,468.94,5,5,5,"5,5,5"
9627,"2025-07-10",319,3,382.89,5,5,4,"5,5,4"
16083,"2025-07-10",319,3,413.88,5,4,4,"5,4,4"
15747,"2025-07-10",319,3,225.67,5,5,3,"5,5,3"
15140,"2025-07-10",319,1,29.12,5,2,1,"5,2,1"
5015,"2025-07-10",319,3,555.19,5,4,5,"5,4,5"
8668,"2025-07-10",319,2,212.19,5,3,3,"5,3,3"
17397,"2025-07-10",319,1,5.37,5,2,1,"5,2,1"
11102,"2025-07-10",319,3,89.25,5,5,2,"5,5,2"
9394,"2025-07-11",318,2,182.13,5,3,3,"5,3,3"
8849,"2025-07-11",318,1,203.78,5,1,3,"5,1,3"
13911,"2025-07-11",318,3,299.23,5,4,4,"5,4,4"
18675,"2025-07-11",318,3,126.59,5,5,2,"5,5,2"
18258,"2025-07-11",318,3,89.86,5,5,2,"5,5,2"
3977,"2025-07-11",318,4,300.34,5,5,4,"5,5,4"
5447,"2025-07-11",318,4,563.36,5,5,5,"5,5,5"
4284,"2025-07-11",318,2,56.20,5,2,1,"5,2,1"
4698,"2025-07-11",318,3,214.04,5,5,3,"5,5,3"
6589,"2025-07-11",318,2,131.66,5,3,2,"5,3,2"
16155,"2025-07-11",318,1,10.25,5,1,1,"5,1,1"
7610,"2025-07-11",318,2,145.56,5,3,2,"5,3,2"
11646,"2025-07-11",318,1,95.19,5,2,2,"5,2,2"
4023,"2025-07-11",318,2,116.64,5,3,2,"5,3,2"
13856,"2025-07-11",318,2,122.74,5,3,2,"5,3,2"
11200,"2025-07-11",318,1,28.05,5,2,1,"5,2,1"
11363,"2025-07-11",318,2,91.69,5,3,2,"5,3,2"
18042,"2025-07-11",318,3,55.81,5,5,1,"5,5,1"
13821,"2025-07-11",318,4,588.59,5,5,5,"5,5,5"
19661,"2025-07-11",318,2,299.04,5,4,4,"5,4,4"
13414,"2025-07-11",318,3,136.11,5,5,2,"5,5,2"
18999,"2025-07-11",318,3,517.47,5,5,5,"5,5,5"
17491,"2025-07-12",317,2,164.09,5,3,3,"5,3,3"
15690,"2025-07-12",317,1,361.70,5,1,4,"5,1,4"
19928,"2025-07-12",317,4,468.19,5,5,5,"5,5,5"
5188,"2025-07-12",317,3,424.38,5,4,4,"5,4,4"
19743,"2025-07-12",317,4,1097.15,5,5,5,"5,5,5"
5313,"2025-07-12",317,3,451.29,5,5,5,"5,5,5"
10532,"2025-07-12",317,4,407.52,5,5,4,"5,5,4"
11758,"2025-07-12",317,2,504.06,5,4,5,"5,4,5"
3218,"2025-07-12",317,3,146.84,5,4,2,"5,4,2"
6892,"2025-07-12",317,4,1004.43,5,5,5,"5,5,5"
12269,"2025-07-12",317,4,168.95,5,5,3,"5,5,3"
403,"2025-07-12",317,2,122.44,5,3,2,"5,3,2"
13323,"2025-07-12",317,3,214.46,5,5,3,"5,5,3"
2150,"2025-07-12",317,6,549.24,5,5,5,"5,5,5"
4969,"2025-07-12",317,3,119.16,5,5,2,"5,5,2"
14712,"2025-07-13",316,2,276.60,5,3,4,"5,3,4"
5729,"2025-07-13",316,1,90.69,5,2,2,"5,2,2"
13234,"2025-07-13",316,1,129.12,5,2,2,"5,2,2"
7264,"2025-07-13",316,2,777.13,5,4,5,"5,4,5"
3471,"2025-07-13",316,1,167.70,5,1,3,"5,1,3"
11669,"2025-07-13",316,3,273.25,5,4,4,"5,4,4"
10203,"2025-07-13",316,3,292.27,5,4,4,"5,4,4"
16043,"2025-07-13",316,1,222.78,5,1,3,"5,1,3"
13475,"2025-07-13",316,4,186.49,5,5,3,"5,5,3"
15922,"2025-07-13",316,3,349.98,5,5,4,"5,5,4"
3260,"2025-07-14",315,3,414.17,5,4,4,"5,4,4"
13751,"2025-07-14",315,7,870.11,5,5,5,"5,5,5"
449,"2025-07-14",315,1,11.92,5,1,1,"5,1,1"
17715,"2025-07-14",315,2,151.74,5,3,3,"5,3,3"
14084,"2025-07-14",315,2,293.20,5,4,4,"5,4,4"
7149,"2025-07-14",315,6,772.99,5,5,5,"5,5,5"
634,"2025-07-14",315,2,1300.17,5,4,5,"5,4,5"
14665,"2025-07-14",315,4,999.53,5,5,5,"5,5,5"
1966,"2025-07-14",315,3,485.10,5,5,5,"5,5,5"
6857,"2025-07-14",315,2,299.88,5,4,4,"5,4,4"
184,"2025-07-14",315,1,247.08,5,1,3,"5,1,3"
8960,"2025-07-14",315,5,902.71,5,5,5,"5,5,5"
16415,"2025-07-14",315,1,56.86,5,1,1,"5,1,1"
18981,"2025-07-15",314,4,133.89,5,5,2,"5,5,2"
17553,"2025-07-15",314,4,226.37,5,5,3,"5,5,3"
3691,"2025-07-15",314,2,135.97,5,3,2,"5,3,2"
8218,"2025-07-15",314,3,116.76,5,5,2,"5,5,2"
1643,"2025-07-15",314,2,71.69,5,3,1,"5,3,1"
15487,"2025-07-15",314,1,56.50,5,1,1,"5,1,1"
5917,"2025-07-15",314,2,190.62,5,3,3,"5,3,3"
7390,"2025-07-15",314,2,437.10,5,4,5,"5,4,5"
2075,"2025-07-15",314,2,122.11,5,3,2,"5,3,2"
7368,"2025-07-15",314,1,41.49,5,1,1,"5,1,1"
11110,"2025-07-15",314,1,25.94,5,2,1,"5,2,1"
5621,"2025-07-15",314,1,64.05,5,1,1,"5,1,1"
10575,"2025-07-15",314,4,653.49,5,5,5,"5,5,5"
7591,"2025-07-16",313,7,1046.89,5,5,5,"5,5,5"
2291,"2025-07-16",313,3,1084.04,5,5,5,"5,5,5"
5829,"2025-07-16",313,1,26.38,5,2,1,"5,2,1"
14578,"2025-07-16",313,2,426.67,5,4,4,"5,4,4"
17713,"2025-07-16",313,2,64.45,5,3,1,"5,3,1"
17034,"2025-07-16",313,1,146.89,5,1,2,"5,1,2"
34,"2025-07-16",313,6,464.48,5,5,5,"5,5,5"
917,"2025-07-16",313,2,411.36,5,4,4,"5,4,4"
387,"2025-07-16",313,2,223.79,5,3,3,"5,3,3"
18996,"2025-07-16",313,2,34.57,5,2,1,"5,2,1"
12556,"2025-07-16",313,2,62.48,5,3,1,"5,3,1"
6985,"2025-07-17",312,2,253.19,5,3,3,"5,3,3"
18201,"2025-07-17",312,5,520.99,5,5,5,"5,5,5"
5397,"2025-07-17",312,3,126.61,5,5,2,"5,5,2"
760,"2025-07-17",312,2,248.53,5,3,3,"5,3,3"
8899,"2025-07-17",312,2,128.19,5,3,2,"5,3,2"
2334,"2025-07-17",312,1,207.26,5,1,3,"5,1,3"
9321,"2025-07-17",312,2,152.12,5,3,3,"5,3,3"
3645,"2025-07-17",312,2,289.74,5,4,4,"5,4,4"
4119,"2025-07-17",312,3,320.87,5,5,4,"5,5,4"
11709,"2025-07-17",312,1,45.31,5,1,1,"5,1,1"
637,"2025-07-17",312,2,601.77,5,4,5,"5,4,5"
4699,"2025-07-18",311,3,241.21,5,5,3,"5,5,3"
13837,"2025-07-18",311,2,366.49,5,4,4,"5,4,4"
11183,"2025-07-18",311,2,277.53,5,3,4,"5,3,4"
761,"2025-07-18",311,3,276.69,5,4,4,"5,4,4"
4764,"2025-07-18",311,2,170.53,5,3,3,"5,3,3"
6883,"2025-07-18",311,3,65.97,5,5,1,"5,5,1"
7557,"2025-07-18",311,3,447.32,5,5,5,"5,5,5"
17181,"2025-07-18",311,3,493.68,5,5,5,"5,5,5"
14376,"2025-07-18",311,4,830.75,5,5,5,"5,5,5"
9664,"2025-07-18",311,3,325.40,5,4,4,"5,4,4"
6181,"2025-07-18",311,4,678.46,5,5,5,"5,5,5"
11915,"2025-07-18",311,5,547.60,5,5,5,"5,5,5"
18847,"2025-07-18",311,1,242.75,5,1,3,"5,1,3"
3205,"2025-07-18",311,3,477.42,5,5,5,"5,5,5"
9337,"2025-07-18",311,5,677.40,5,5,5,"5,5,5"
14024,"2025-07-18",311,3,410.83,5,4,4,"5,4,4"
5809,"2025-07-18",311,3,266.70,5,4,4,"5,4,4"
8148,"2025-07-18",311,3,652.03,5,5,5,"5,5,5"
2748,"2025-07-18",311,2,73.69,5,3,1,"5,3,1"
8259,"2025-07-19",310,2,93.10,5,3,2,"5,3,2"
9484,"2025-07-19",310,1,54.43,5,1,1,"5,1,1"
14278,"2025-07-19",310,3,76.89,5,5,2,"5,5,2"
18450,"2025-07-19",310,1,67.74,5,1,1,"5,1,1"
12837,"2025-07-19",310,1,12.55,5,1,1,"5,1,1"
8025,"2025-07-19",310,2,149.42,5,3,2,"5,3,2"
1684,"2025-07-19",310,1,255.82,5,1,3,"5,1,3"
7625,"2025-07-19",310,5,947.14,5,5,5,"5,5,5"
19813,"2025-07-19",310,4,594.53,5,5,5,"5,5,5"
13988,"2025-07-20",309,3,531.30,5,5,5,"5,5,5"
2851,"2025-07-20",309,2,330.62,5,4,4,"5,4,4"
18197,"2025-07-20",309,2,259.91,5,3,4,"5,3,4"
10544,"2025-07-20",309,3,333.69,5,4,4,"5,4,4"
8604,"2025-07-20",309,4,252.75,5,5,3,"5,5,3"
3307,"2025-07-20",309,2,157.94,5,3,3,"5,3,3"
14192,"2025-07-20",309,3,328.40,5,4,4,"5,4,4"
13718,"2025-07-20",309,3,375.28,5,5,4,"5,5,4"
5788,"2025-07-20",309,2,104.86,5,3,2,"5,3,2"
17809,"2025-07-20",309,5,581.88,5,5,5,"5,5,5"
7764,"2025-07-20",309,3,380.29,5,5,4,"5,5,4"
11693,"2025-07-20",309,1,58.39,5,1,1,"5,1,1"
10800,"2025-07-20",309,2,98.15,5,3,2,"5,3,2"
8060,"2025-07-20",309,2,90.08,5,3,2,"5,3,2"
5125,"2025-07-20",309,2,255.17,5,3,3,"5,3,3"
18133,"2025-07-21",308,4,224.41,5,5,3,"5,5,3"
6457,"2025-07-21",308,2,139.04,5,3,2,"5,3,2"
9074,"2025-07-21",308,1,537.15,5,2,5,"5,2,5"
19469,"2025-07-21",308,3,316.64,5,5,4,"5,5,4"
14478,"2025-07-21",308,6,445.18,5,5,5,"5,5,5"
9895,"2025-07-21",308,4,386.11,5,5,4,"5,5,4"
18989,"2025-07-21",308,1,109.71,5,2,2,"5,2,2"
19527,"2025-07-21",308,4,406.79,5,5,4,"5,5,4"
12737,"2025-07-21",308,3,238.97,5,5,3,"5,5,3"
12262,"2025-07-21",308,1,77.26,5,2,2,"5,2,2"
15759,"2025-07-21",308,3,452.85,5,5,5,"5,5,5"
6023,"2025-07-21",308,2,242.21,5,3,3,"5,3,3"
9164,"2025-07-21",308,3,417.18,5,4,4,"5,4,4"
171,"2025-07-21",308,3,115.21,5,4,2,"5,4,2"
19888,"2025-07-21",308,1,29.22,5,2,1,"5,2,1"
18301,"2025-07-21",308,2,283.84,5,3,4,"5,3,4"
8155,"2025-07-21",308,5,459.33,5,5,5,"5,5,5"
4044,"2025-07-21",308,2,348.92,5,4,4,"5,4,4"
10273,"2025-07-21",308,1,434.44,5,2,5,"5,2,5"
13657,"2025-07-21",308,2,306.22,5,4,4,"5,4,4"
9532,"2025-07-22",307,1,14.60,5,1,1,"5,1,1"
4629,"2025-07-22",307,5,561.21,5,5,5,"5,5,5"
10534,"2025-07-22",307,2,212.61,5,3,3,"5,3,3"
13463,"2025-07-22",307,3,172.56,5,5,3,"5,5,3"
14664,"2025-07-22",307,2,337.61,5,4,4,"5,4,4"
5429,"2025-07-22",307,3,1090.60,5,5,5,"5,5,5"
10545,"2025-07-22",307,4,191.53,5,5,3,"5,5,3"
11848,"2025-07-22",307,3,490.94,5,5,5,"5,5,5"
8527,"2025-07-22",307,1,22.16,5,2,1,"5,2,1"
5160,"2025-07-22",307,3,579.99,5,4,5,"5,4,5"
4739,"2025-07-22",307,2,87.75,5,3,2,"5,3,2"
19793,"2025-07-22",307,2,297.06,5,4,4,"5,4,4"
9603,"2025-07-22",307,4,223.88,5,5,3,"5,5,3"
7788,"2025-07-22",307,1,67.95,5,1,1,"5,1,1"
16706,"2025-07-22",307,5,517.45,5,5,5,"5,5,5"
15100,"2025-07-22",307,3,267.60,5,4,4,"5,4,4"
7835,"2025-07-23",306,2,444.49,5,4,5,"5,4,5"
4028,"2025-07-23",306,1,30.27,5,2,1,"5,2,1"
4573,"2025-07-23",306,3,380.54,5,5,4,"5,5,4"
18463,"2025-07-23",306,1,13.13,5,1,1,"5,1,1"
3792,"2025-07-23",306,2,104.21,5,3,2,"5,3,2"
7247,"2025-07-23",306,3,257.19,5,4,4,"5,4,4"
18265,"2025-07-23",306,1,643.65,5,2,5,"5,2,5"
10815,"2025-07-23",306,2,200.59,5,3,3,"5,3,3"
1618,"2025-07-23",306,3,285.66,5,4,4,"5,4,4"
8684,"2025-07-23",306,5,909.34,5,5,5,"5,5,5"
13569,"2025-07-23",306,1,18.87,5,2,1,"5,2,1"
9972,"2025-07-24",305,2,318.64,5,4,4,"5,4,4"
13486,"2025-07-24",305,2,116.47,5,3,2,"5,3,2"
2626,"2025-07-24",305,2,310.56,5,4,4,"5,4,4"
17904,"2025-07-24",305,3,614.34,5,4,5,"5,4,5"
14371,"2025-07-24",305,2,429.27,5,4,4,"5,4,4"
14190,"2025-07-24",305,1,148.54,5,1,2,"5,1,2"
19065,"2025-07-24",305,2,94.32,5,3,2,"5,3,2"
10414,"2025-07-24",305,4,609.28,5,5,5,"5,5,5"
12577,"2025-07-24",305,4,468.49,5,5,5,"5,5,5"
6977,"2025-07-25",304,3,641.37,5,4,5,"5,4,5"
2466,"2025-07-25",304,4,87.81,5,5,2,"5,5,2"
15806,"2025-07-25",304,3,353.38,5,4,4,"5,4,4"
18844,"2025-07-25",304,3,339.81,5,5,4,"5,5,4"
4792,"2025-07-25",304,1,201.78,5,1,3,"5,1,3"
1607,"2025-07-25",304,1,279.07,5,1,4,"5,1,4"
18050,"2025-07-25",304,2,295.71,5,4,4,"5,4,4"
8383,"2025-07-25",304,3,168.46,5,4,3,"5,4,3"
4081,"2025-07-25",304,2,349.53,5,4,4,"5,4,4"
18664,"2025-07-25",304,3,1061.46,5,4,5,"5,4,5"
3677,"2025-07-25",304,4,574.17,5,5,5,"5,5,5"
15905,"2025-07-25",304,1,9.97,5,1,1,"5,1,1"
10421,"2025-07-25",304,1,316.24,5,1,4,"5,1,4"
5933,"2025-07-25",304,2,86.87,5,3,2,"5,3,2"
8085,"2025-07-26",303,1,219.54,5,1,3,"5,1,3"
5077,"2025-07-26",303,3,219.53,5,5,3,"5,5,3"
5532,"2025-07-26",303,2,243.52,5,3,3,"5,3,3"
5489,"2025-07-26",303,2,160.17,5,3,3,"5,3,3"
2449,"2025-07-26",303,2,281.88,5,3,4,"5,3,4"
19583,"2025-07-26",303,1,56.01,5,1,1,"5,1,1"
10756,"2025-07-26",303,2,164.67,5,3,3,"5,3,3"
16782,"2025-07-26",303,4,727.84,5,5,5,"5,5,5"
13607,"2025-07-26",303,1,10.57,5,1,1,"5,1,1"
9823,"2025-07-26",303,2,80.48,5,3,2,"5,3,2"
16242,"2025-07-26",303,1,326.50,5,1,4,"5,1,4"
12392,"2025-07-26",303,5,1341.24,5,5,5,"5,5,5"
13629,"2025-07-26",303,3,278.66,5,4,4,"5,4,4"
7335,"2025-07-26",303,4,832.28,5,5,5,"5,5,5"
10525,"2025-07-26",303,2,177.30,5,3,3,"5,3,3"
8825,"2025-07-27",302,2,217.11,5,3,3,"5,3,3"
2247,"2025-07-27",302,3,393.05,5,4,4,"5,4,4"
15262,"2025-07-27",302,3,439.64,5,5,5,"5,5,5"
14322,"2025-07-27",302,2,256.32,5,3,3,"5,3,3"
13237,"2025-07-27",302,4,697.77,5,5,5,"5,5,5"
10164,"2025-07-27",302,1,115.72,5,2,2,"5,2,2"
5405,"2025-07-27",302,3,308.42,5,5,4,"5,5,4"
7394,"2025-07-28",301,2,105.82,5,3,2,"5,3,2"
13005,"2025-07-28",301,2,180.66,5,3,3,"5,3,3"
6258,"2025-07-28",301,1,42.94,5,1,1,"5,1,1"
16922,"2025-07-28",301,1,121.66,5,2,2,"5,2,2"
9570,"2025-07-28",301,1,15.32,5,2,1,"5,2,1"
9115,"2025-07-28",301,4,424.97,5,5,4,"5,5,4"
15464,"2025-07-28",301,2,52.93,5,2,1,"5,2,1"
1933,"2025-07-28",301,4,317.29,5,5,4,"5,5,4"
17282,"2025-07-28",301,2,167.63,5,3,3,"5,3,3"
7105,"2025-07-28",301,4,257.00,5,5,3,"5,5,3"
2970,"2025-07-28",301,3,480.37,5,5,5,"5,5,5"
3204,"2025-07-28",301,4,582.75,5,5,5,"5,5,5"
1343,"2025-07-28",301,2,259.66,5,3,4,"5,3,4"
4248,"2025-07-28",301,2,718.88,5,4,5,"5,4,5"
14773,"2025-07-29",300,1,147.81,5,1,2,"5,1,2"
8511,"2025-07-29",300,3,521.98,5,5,5,"5,5,5"
7956,"2025-07-29",300,3,634.14,5,5,5,"5,5,5"
7159,"2025-07-29",300,4,182.78,5,5,3,"5,5,3"
9804,"2025-07-29",300,2,314.73,5,4,4,"5,4,4"
14262,"2025-07-29",300,4,204.40,5,5,3,"5,5,3"
16897,"2025-07-29",300,4,477.75,5,5,5,"5,5,5"
7327,"2025-07-29",300,2,144.97,5,3,2,"5,3,2"
12221,"2025-07-29",300,1,35.49,5,2,1,"5,2,1"
15339,"2025-07-29",300,1,28.55,5,2,1,"5,2,1"
8687,"2025-07-29",300,6,1443.43,5,5,5,"5,5,5"
18072,"2025-07-29",300,4,472.94,5,5,5,"5,5,5"
8457,"2025-07-29",300,2,279.61,5,3,4,"5,3,4"
17733,"2025-07-29",300,2,486.42,5,4,5,"5,4,5"
500,"2025-07-29",300,3,364.54,5,5,4,"5,5,4"
3952,"2025-07-29",300,1,4.20,5,2,1,"5,2,1"
18144,"2025-07-29",300,3,596.17,5,4,5,"5,4,5"
5545,"2025-07-29",300,5,474.53,5,5,5,"5,5,5"
454,"2025-07-29",300,2,206.05,5,3,3,"5,3,3"
19445,"2025-07-29",300,4,440.86,5,5,5,"5,5,5"
1324,"2025-07-30",299,3,272.55,5,4,4,"5,4,4"
12179,"2025-07-30",299,2,252.37,5,3,3,"5,3,3"
163,"2025-07-30",299,2,379.42,5,4,4,"5,4,4"
13356,"2025-07-30",299,2,812.97,5,4,5,"5,4,5"
15662,"2025-07-30",299,3,143.63,5,4,2,"5,4,2"
12785,"2025-07-30",299,3,168.67,5,5,3,"5,5,3"
518,"2025-07-30",299,5,227.76,5,5,3,"5,5,3"
1298,"2025-07-30",299,6,563.07,5,5,5,"5,5,5"
6278,"2025-07-30",299,3,418.88,5,4,4,"5,4,4"
12661,"2025-07-30",299,3,194.43,5,4,3,"5,4,3"
14562,"2025-07-30",299,5,450.21,5,5,5,"5,5,5"
11906,"2025-07-30",299,2,46.45,5,2,1,"5,2,1"
5554,"2025-07-30",299,3,414.92,5,4,4,"5,4,4"
16460,"2025-07-30",299,3,402.57,5,4,4,"5,4,4"
5035,"2025-07-30",299,3,249.26,5,5,3,"5,5,3"
16499,"2025-07-30",299,4,420.60,5,5,4,"5,5,4"
5990,"2025-07-30",299,2,239.82,5,3,3,"5,3,3"
6865,"2025-07-30",299,8,787.44,5,5,5,"5,5,5"
19832,"2025-07-30",299,5,540.00,5,5,5,"5,5,5"
17793,"2025-07-30",299,2,644.06,5,4,5,"5,4,5"
13218,"2025-07-31",298,5,1009.32,5,5,5,"5,5,5"
9679,"2025-07-31",298,2,70.04,5,3,1,"5,3,1"
9573,"2025-07-31",298,6,2115.69,5,5,5,"5,5,5"
246,"2025-07-31",298,1,228.32,5,1,3,"5,1,3"
2945,"2025-07-31",298,6,468.99,5,5,5,"5,5,5"
6296,"2025-07-31",298,2,362.46,5,4,4,"5,4,4"
11445,"2025-07-31",298,1,19.35,5,2,1,"5,2,1"
821,"2025-07-31",298,1,51.72,5,1,1,"5,1,1"
9806,"2025-07-31",298,3,210.19,5,4,3,"5,4,3"
7332,"2025-07-31",298,4,175.57,5,5,3,"5,5,3"
18136,"2025-07-31",298,4,619.15,5,5,5,"5,5,5"
5967,"2025-07-31",298,2,336.23,5,4,4,"5,4,4"
13901,"2025-07-31",298,3,318.77,5,5,4,"5,5,4"
17843,"2025-07-31",298,1,37.10,5,2,1,"5,2,1"
13633,"2025-07-31",298,1,27.72,5,2,1,"5,2,1"
19806,"2025-08-01",297,2,288.25,5,4,4,"5,4,4"
4532,"2025-08-01",297,2,126.34,5,3,2,"5,3,2"
4077,"2025-08-01",297,3,1329.48,5,5,5,"5,5,5"
2675,"2025-08-01",297,1,118.14,5,2,2,"5,2,2"
18745,"2025-08-01",297,1,137.94,5,2,2,"5,2,2"
4999,"2025-08-01",297,1,321.96,5,1,4,"5,1,4"
9426,"2025-08-01",297,2,53.98,5,2,1,"5,2,1"
11767,"2025-08-01",297,2,233.57,5,3,3,"5,3,3"
1838,"2025-08-01",297,2,119.24,5,3,2,"5,3,2"
10915,"2025-08-01",297,2,95.61,5,3,2,"5,3,2"
8180,"2025-08-01",297,2,84.86,5,3,2,"5,3,2"
16613,"2025-08-02",296,2,333.47,5,4,4,"5,4,4"
12120,"2025-08-02",296,3,519.53,5,5,5,"5,5,5"
10821,"2025-08-02",296,2,147.36,5,3,2,"5,3,2"
13141,"2025-08-02",296,2,246.91,5,3,3,"5,3,3"
15106,"2025-08-02",296,4,854.54,5,5,5,"5,5,5"
4996,"2025-08-02",296,1,161.20,5,1,3,"5,1,3"
17953,"2025-08-02",296,2,223.28,5,3,3,"5,3,3"
19449,"2025-08-02",296,2,83.01,5,3,2,"5,3,2"
3298,"2025-08-02",296,1,172.65,5,1,3,"5,1,3"
19586,"2025-08-02",296,4,512.83,5,5,5,"5,5,5"
19652,"2025-08-02",296,2,174.81,5,3,3,"5,3,3"
14200,"2025-08-02",296,3,249.00,5,5,3,"5,5,3"
8525,"2025-08-02",296,1,68.58,5,1,1,"5,1,1"
15543,"2025-08-02",296,3,198.13,5,4,3,"5,4,3"
17083,"2025-08-02",296,6,966.02,5,5,5,"5,5,5"
2929,"2025-08-02",296,3,322.95,5,4,4,"5,4,4"
178,"2025-08-02",296,1,56.09,5,1,1,"5,1,1"
15430,"2025-08-02",296,1,59.96,5,1,1,"5,1,1"
15746,"2025-08-02",296,2,296.66,5,4,4,"5,4,4"
5298,"2025-08-02",296,2,87.35,5,3,2,"5,3,2"
15021,"2025-08-02",296,1,82.58,5,2,2,"5,2,2"
17334,"2025-08-02",296,3,259.23,5,4,4,"5,4,4"
13588,"2025-08-02",296,2,623.06,5,4,5,"5,4,5"
15018,"2025-08-02",296,4,557.30,5,5,5,"5,5,5"
5590,"2025-08-02",296,4,310.63,5,5,4,"5,5,4"
17338,"2025-08-03",295,2,361.51,5,4,4,"5,4,4"
10155,"2025-08-03",295,2,151.33,5,3,2,"5,3,2"
10409,"2025-08-03",295,4,745.33,5,5,5,"5,5,5"
7755,"2025-08-03",295,1,53.84,5,1,1,"5,1,1"
10397,"2025-08-03",295,3,300.61,5,4,4,"5,4,4"
7813,"2025-08-03",295,2,421.36,5,4,4,"5,4,4"
11424,"2025-08-03",295,2,115.64,5,3,2,"5,3,2"
2822,"2025-08-03",295,2,100.54,5,3,2,"5,3,2"
16526,"2025-08-03",295,3,96.47,5,4,2,"5,4,2"
17653,"2025-08-03",295,5,457.77,5,5,5,"5,5,5"
16089,"2025-08-03",295,3,198.15,5,4,3,"5,4,3"
5812,"2025-08-04",294,3,231.02,5,5,3,"5,5,3"
2007,"2025-08-04",294,3,263.35,5,4,4,"5,4,4"
19119,"2025-08-04",294,3,245.30,5,5,3,"5,5,3"
16102,"2025-08-04",294,3,325.69,5,4,4,"5,4,4"
5802,"2025-08-04",294,3,185.55,5,4,3,"5,4,3"
11836,"2025-08-04",294,1,147.12,5,1,2,"5,1,2"
5206,"2025-08-04",294,3,342.37,5,4,4,"5,4,4"
9854,"2025-08-04",294,3,1158.83,5,5,5,"5,5,5"
16717,"2025-08-04",294,2,161.20,5,3,3,"5,3,3"
3252,"2025-08-04",294,1,22.01,5,2,1,"5,2,1"
10958,"2025-08-04",294,2,89.42,5,3,2,"5,3,2"
17778,"2025-08-04",294,2,206.19,5,3,3,"5,3,3"
9360,"2025-08-04",294,5,184.00,5,5,3,"5,5,3"
17228,"2025-08-04",294,2,92.40,5,3,2,"5,3,2"
9617,"2025-08-05",293,1,1052.24,5,1,5,"5,1,5"
15822,"2025-08-05",293,1,121.64,5,2,2,"5,2,2"
16391,"2025-08-05",293,3,621.83,5,4,5,"5,4,5"
10346,"2025-08-05",293,1,63.69,5,1,1,"5,1,1"
2990,"2025-08-05",293,2,383.86,5,4,4,"5,4,4"
15360,"2025-08-05",293,3,643.09,5,4,5,"5,4,5"
4235,"2025-08-05",293,4,665.94,5,5,5,"5,5,5"
19559,"2025-08-05",293,3,243.86,5,5,3,"5,5,3"
6237,"2025-08-05",293,4,273.02,5,5,4,"5,5,4"
2240,"2025-08-05",293,3,502.23,5,5,5,"5,5,5"
17202,"2025-08-05",293,1,272.75,5,1,4,"5,1,4"
6523,"2025-08-05",293,4,286.20,5,5,4,"5,5,4"
19171,"2025-08-05",293,4,147.58,5,5,2,"5,5,2"
14337,"2025-08-05",293,4,172.45,5,5,3,"5,5,3"
8598,"2025-08-05",293,5,855.20,5,5,5,"5,5,5"
14766,"2025-08-05",293,4,409.12,5,5,4,"5,5,4"
7870,"2025-08-05",293,2,1028.77,5,4,5,"5,4,5"
19301,"2025-08-05",293,2,178.68,5,3,3,"5,3,3"
6869,"2025-08-05",293,2,52.03,5,2,1,"5,2,1"
13038,"2025-08-05",293,1,28.96,5,2,1,"5,2,1"
6921,"2025-08-05",293,2,57.30,5,3,1,"5,3,1"
9252,"2025-08-06",292,3,327.66,5,4,4,"5,4,4"
5908,"2025-08-06",292,2,191.08,5,3,3,"5,3,3"
10023,"2025-08-06",292,4,278.53,5,5,4,"5,5,4"
802,"2025-08-06",292,5,760.94,5,5,5,"5,5,5"
13361,"2025-08-06",292,3,500.75,5,5,5,"5,5,5"
10406,"2025-08-06",292,5,620.96,5,5,5,"5,5,5"
781,"2025-08-06",292,3,426.62,5,4,4,"5,4,4"
1293,"2025-08-06",292,1,18.39,5,2,1,"5,2,1"
7894,"2025-08-06",292,2,268.83,5,3,4,"5,3,4"
14152,"2025-08-06",292,3,520.19,5,5,5,"5,5,5"
14699,"2025-08-06",292,3,572.37,5,4,5,"5,4,5"
825,"2025-08-06",292,3,377.10,5,5,4,"5,5,4"
1787,"2025-08-06",292,1,9.20,5,1,1,"5,1,1"
6811,"2025-08-06",292,2,98.70,5,3,2,"5,3,2"
11150,"2025-08-07",291,3,559.08,5,4,5,"5,4,5"
2941,"2025-08-07",291,2,175.68,5,3,3,"5,3,3"
18040,"2025-08-07",291,1,282.50,5,1,4,"5,1,4"
13477,"2025-08-07",291,1,58.23,5,1,1,"5,1,1"
2719,"2025-08-07",291,6,716.64,5,5,5,"5,5,5"
8494,"2025-08-07",291,4,651.13,5,5,5,"5,5,5"
9123,"2025-08-07",291,4,275.97,5,5,4,"5,5,4"
1088,"2025-08-07",291,3,1141.87,5,5,5,"5,5,5"
16517,"2025-08-07",291,3,466.13,5,5,5,"5,5,5"
4779,"2025-08-07",291,3,616.38,5,4,5,"5,4,5"
7963,"2025-08-07",291,5,802.28,5,5,5,"5,5,5"
1651,"2025-08-08",290,4,791.54,5,5,5,"5,5,5"
5402,"2025-08-08",290,5,907.40,5,5,5,"5,5,5"
6377,"2025-08-08",290,5,352.41,5,5,4,"5,5,4"
8133,"2025-08-08",290,7,322.27,5,5,4,"5,5,4"
4059,"2025-08-08",290,3,673.66,5,4,5,"5,4,5"
16828,"2025-08-08",290,2,124.11,5,3,2,"5,3,2"
6846,"2025-08-08",290,2,138.44,5,3,2,"5,3,2"
15002,"2025-08-08",290,3,440.99,5,5,5,"5,5,5"
2552,"2025-08-08",290,3,333.42,5,4,4,"5,4,4"
16432,"2025-08-08",290,3,1211.46,5,4,5,"5,4,5"
845,"2025-08-08",290,2,187.57,5,3,3,"5,3,3"
13508,"2025-08-08",290,1,15.64,5,2,1,"5,2,1"
15602,"2025-08-08",290,1,51.57,5,1,1,"5,1,1"
7569,"2025-08-09",289,3,414.60,5,4,4,"5,4,4"
5119,"2025-08-09",289,3,94.96,5,4,2,"5,4,2"
10436,"2025-08-09",289,2,70.09,5,3,1,"5,3,1"
15678,"2025-08-09",289,1,468.80,5,2,5,"5,2,5"
9876,"2025-08-09",289,3,421.35,5,4,4,"5,4,4"
12092,"2025-08-09",289,1,53.39,5,1,1,"5,1,1"
13886,"2025-08-09",289,3,335.23,5,5,4,"5,5,4"
10916,"2025-08-09",289,4,273.95,5,5,4,"5,5,4"
6420,"2025-08-09",289,1,87.04,5,2,2,"5,2,2"
4102,"2025-08-09",289,2,119.36,5,3,2,"5,3,2"
17126,"2025-08-09",289,1,57.53,5,1,1,"5,1,1"
15511,"2025-08-09",289,4,327.73,5,5,4,"5,5,4"
13694,"2025-08-09",289,1,121.84,5,2,2,"5,2,2"
1971,"2025-08-09",289,2,170.47,5,3,3,"5,3,3"
2085,"2025-08-09",289,4,347.54,5,5,4,"5,5,4"
15304,"2025-08-09",289,2,658.21,5,4,5,"5,4,5"
16984,"2025-08-10",288,1,48.99,5,1,1,"5,1,1"
2451,"2025-08-10",288,3,213.08,5,4,3,"5,4,3"
8549,"2025-08-10",288,4,385.38,5,5,4,"5,5,4"
2882,"2025-08-10",288,2,104.31,5,3,2,"5,3,2"
5592,"2025-08-10",288,3,1383.25,5,5,5,"5,5,5"
6159,"2025-08-10",288,2,395.42,5,4,4,"5,4,4"
6344,"2025-08-10",288,2,130.58,5,3,2,"5,3,2"
12373,"2025-08-10",288,4,352.80,5,5,4,"5,5,4"
8710,"2025-08-10",288,2,147.59,5,3,2,"5,3,2"
19653,"2025-08-10",288,4,351.32,5,5,4,"5,5,4"
19079,"2025-08-10",288,2,204.18,5,3,3,"5,3,3"
15473,"2025-08-10",288,2,591.24,5,4,5,"5,4,5"
3357,"2025-08-10",288,2,117.70,5,3,2,"5,3,2"
16137,"2025-08-10",288,2,168.27,5,3,3,"5,3,3"
14010,"2025-08-10",288,3,262.57,5,4,4,"5,4,4"
2847,"2025-08-10",288,3,482.11,5,5,5,"5,5,5"
8450,"2025-08-10",288,3,289.78,5,4,4,"5,4,4"
3957,"2025-08-10",288,3,224.36,5,5,3,"5,5,3"
4801,"2025-08-10",288,1,236.52,5,1,3,"5,1,3"
10674,"2025-08-11",287,2,256.02,5,3,3,"5,3,3"
16237,"2025-08-11",287,5,628.56,5,5,5,"5,5,5"
9957,"2025-08-11",287,2,515.77,5,4,5,"5,4,5"
493,"2025-08-11",287,3,384.10,5,4,4,"5,4,4"
17720,"2025-08-11",287,2,277.14,5,3,4,"5,3,4"
13365,"2025-08-11",287,1,373.81,5,1,4,"5,1,4"
13541,"2025-08-11",287,1,21.85,5,2,1,"5,2,1"
19751,"2025-08-11",287,3,736.40,5,4,5,"5,4,5"
4700,"2025-08-11",287,3,507.39,5,5,5,"5,5,5"
16159,"2025-08-11",287,6,1183.12,5,5,5,"5,5,5"
839,"2025-08-11",287,1,435.28,5,2,5,"5,2,5"
3366,"2025-08-11",287,2,112.10,5,3,2,"5,3,2"
1112,"2025-08-11",287,2,238.79,5,3,3,"5,3,3"
14238,"2025-08-12",286,2,229.88,5,3,3,"5,3,3"
4705,"2025-08-12",286,3,453.66,5,5,5,"5,5,5"
12389,"2025-08-12",286,1,114.20,5,2,2,"5,2,2"
5710,"2025-08-12",286,5,316.19,5,5,4,"5,5,4"
871,"2025-08-12",286,1,86.09,5,2,2,"5,2,2"
14126,"2025-08-12",286,2,296.75,5,4,4,"5,4,4"
567,"2025-08-12",286,1,19.56,5,2,1,"5,2,1"
14769,"2025-08-12",286,1,162.40,5,1,3,"5,1,3"
14357,"2025-08-12",286,2,425.80,5,4,4,"5,4,4"
777,"2025-08-12",286,2,374.90,5,4,4,"5,4,4"
5001,"2025-08-12",286,2,148.34,5,3,2,"5,3,2"
17246,"2025-08-12",286,5,1534.55,5,5,5,"5,5,5"
10577,"2025-08-12",286,2,68.01,5,3,1,"5,3,1"
3362,"2025-08-12",286,1,72.10,5,1,1,"5,1,1"
11211,"2025-08-13",285,2,70.02,5,3,1,"5,3,1"
716,"2025-08-13",285,1,515.63,5,2,5,"5,2,5"
15216,"2025-08-13",285,2,175.70,5,3,3,"5,3,3"
5189,"2025-08-13",285,2,232.69,5,3,3,"5,3,3"
14716,"2025-08-13",285,4,444.65,5,5,5,"5,5,5"
6220,"2025-08-13",285,5,1068.94,5,5,5,"5,5,5"
19467,"2025-08-13",285,2,184.61,5,3,3,"5,3,3"
17725,"2025-08-13",285,3,219.82,5,5,3,"5,5,3"
9941,"2025-08-13",285,3,344.43,5,4,4,"5,4,4"
7535,"2025-08-13",285,4,373.25,5,5,4,"5,5,4"
11616,"2025-08-14",284,3,361.97,5,5,4,"5,5,4"
708,"2025-08-14",284,4,169.14,5,5,3,"5,5,3"
15239,"2025-08-14",284,4,368.35,5,5,4,"5,5,4"
14985,"2025-08-14",284,1,43.72,5,1,1,"5,1,1"
75,"2025-08-14",284,1,589.54,5,2,5,"5,2,5"
214,"2025-08-14",284,3,366.75,5,5,4,"5,5,4"
19786,"2025-08-14",284,6,1534.76,5,5,5,"5,5,5"
31,"2025-08-14",284,2,296.48,5,4,4,"5,4,4"
12668,"2025-08-14",284,2,90.36,5,3,2,"5,3,2"
2459,"2025-08-14",284,2,279.32,5,3,4,"5,3,4"
12857,"2025-08-14",284,2,35.59,5,2,1,"5,2,1"
2734,"2025-08-14",284,3,436.54,5,5,5,"5,5,5"
4633,"2025-08-14",284,2,272.43,5,3,4,"5,3,4"
18632,"2025-08-14",284,4,765.51,5,5,5,"5,5,5"
6552,"2025-08-14",284,2,464.00,5,4,5,"5,4,5"
3830,"2025-08-15",283,1,175.29,5,1,3,"5,1,3"
1845,"2025-08-15",283,2,317.57,5,4,4,"5,4,4"
14347,"2025-08-15",283,2,278.79,5,3,4,"5,3,4"
5010,"2025-08-15",283,2,659.31,5,4,5,"5,4,5"
6170,"2025-08-15",283,2,168.58,5,3,3,"5,3,3"
15538,"2025-08-15",283,2,598.99,5,4,5,"5,4,5"
2084,"2025-08-15",283,3,520.74,5,5,5,"5,5,5"
16877,"2025-08-15",283,4,672.61,5,5,5,"5,5,5"
490,"2025-08-15",283,1,57.72,5,1,1,"5,1,1"
12043,"2025-08-15",283,3,267.92,5,4,4,"5,4,4"
18783,"2025-08-15",283,5,1098.12,5,5,5,"5,5,5"
18038,"2025-08-15",283,1,13.60,5,1,1,"5,1,1"
5334,"2025-08-15",283,2,345.55,5,4,4,"5,4,4"
15755,"2025-08-15",283,2,95.62,5,3,2,"5,3,2"
15673,"2025-08-15",283,4,333.69,5,5,4,"5,5,4"
4842,"2025-08-15",283,3,717.29,5,5,5,"5,5,5"
19132,"2025-08-15",283,3,115.43,5,5,2,"5,5,2"
10479,"2025-08-16",282,1,119.11,5,2,2,"5,2,2"
14075,"2025-08-16",282,3,533.86,5,5,5,"5,5,5"
12969,"2025-08-16",282,3,982.53,5,4,5,"5,4,5"
4263,"2025-08-16",282,1,28.05,5,2,1,"5,2,1"
14213,"2025-08-16",282,3,202.23,5,4,3,"5,4,3"
8482,"2025-08-16",282,2,142.54,5,3,2,"5,3,2"
14343,"2025-08-16",282,3,170.62,5,4,3,"5,4,3"
14301,"2025-08-16",282,3,932.16,5,5,5,"5,5,5"
15058,"2025-08-16",282,4,274.63,5,5,4,"5,5,4"
10848,"2025-08-16",282,2,383.25,5,4,4,"5,4,4"
17528,"2025-08-16",282,2,90.27,5,3,2,"5,3,2"
6002,"2025-08-16",282,4,492.28,5,5,5,"5,5,5"
8861,"2025-08-16",282,5,1044.71,5,5,5,"5,5,5"
14929,"2025-08-17",281,2,145.35,5,3,2,"5,3,2"
14528,"2025-08-17",281,3,298.67,5,4,4,"5,4,4"
12946,"2025-08-17",281,1,422.48,5,2,4,"5,2,4"
3429,"2025-08-17",281,3,361.95,5,5,4,"5,5,4"
7890,"2025-08-17",281,1,36.38,5,2,1,"5,2,1"
13282,"2025-08-17",281,7,1697.11,5,5,5,"5,5,5"
19396,"2025-08-17",281,4,556.48,5,5,5,"5,5,5"
5317,"2025-08-17",281,2,1020.40,5,4,5,"5,4,5"
6015,"2025-08-17",281,1,74.15,5,2,2,"5,2,2"
14358,"2025-08-17",281,3,189.94,5,4,3,"5,4,3"
16976,"2025-08-17",281,2,46.38,5,2,1,"5,2,1"
7396,"2025-08-17",281,1,151.40,5,1,2,"5,1,2"
5896,"2025-08-17",281,2,725.93,5,4,5,"5,4,5"
2304,"2025-08-17",281,2,19.13,5,2,1,"5,2,1"
15963,"2025-08-17",281,3,199.00,5,4,3,"5,4,3"
15179,"2025-08-17",281,2,123.07,5,3,2,"5,3,2"
2426,"2025-08-18",280,1,272.32,5,1,4,"5,1,4"
2267,"2025-08-18",280,1,45.56,5,1,1,"5,1,1"
8405,"2025-08-18",280,3,261.40,5,4,4,"5,4,4"
2711,"2025-08-18",280,3,319.55,5,5,4,"5,5,4"
5567,"2025-08-18",280,1,50.14,5,1,1,"5,1,1"
18189,"2025-08-18",280,2,397.37,5,4,4,"5,4,4"
2635,"2025-08-18",280,3,203.91,5,4,3,"5,4,3"
7608,"2025-08-18",280,3,221.90,5,5,3,"5,5,3"
7631,"2025-08-18",280,1,495.04,5,2,5,"5,2,5"
18642,"2025-08-18",280,3,345.58,5,5,4,"5,5,4"
4204,"2025-08-18",280,3,465.51,5,5,5,"5,5,5"
10508,"2025-08-18",280,3,338.10,5,4,4,"5,4,4"
8182,"2025-08-18",280,4,211.65,5,5,3,"5,5,3"
19058,"2025-08-18",280,2,98.99,5,3,2,"5,3,2"
12369,"2025-08-18",280,3,973.03,5,4,5,"5,4,5"
10470,"2025-08-18",280,2,248.71,5,3,3,"5,3,3"
506,"2025-08-18",280,2,257.02,5,3,4,"5,3,4"
2216,"2025-08-18",280,1,160.28,5,1,3,"5,1,3"
10502,"2025-08-18",280,4,1410.83,5,5,5,"5,5,5"
6383,"2025-08-18",280,2,118.48,5,3,2,"5,3,2"
15580,"2025-08-18",280,4,404.28,5,5,4,"5,5,4"
17092,"2025-08-19",279,4,723.94,5,5,5,"5,5,5"
14375,"2025-08-19",279,2,284.16,5,3,4,"5,3,4"
3450,"2025-08-19",279,1,104.54,5,2,2,"5,2,2"
19096,"2025-08-19",279,3,705.86,5,5,5,"5,5,5"
416,"2025-08-19",279,2,225.00,5,3,3,"5,3,3"
2567,"2025-08-19",279,1,44.11,5,1,1,"5,1,1"
2695,"2025-08-19",279,4,251.58,5,5,3,"5,5,3"
9231,"2025-08-19",279,1,31.50,5,2,1,"5,2,1"
8608,"2025-08-19",279,3,218.41,5,5,3,"5,5,3"
11431,"2025-08-19",279,1,16.57,5,2,1,"5,2,1"
5142,"2025-08-19",279,3,172.80,5,5,3,"5,5,3"
6332,"2025-08-19",279,2,969.03,5,4,5,"5,4,5"
17655,"2025-08-19",279,2,184.34,5,3,3,"5,3,3"
2325,"2025-08-19",279,3,346.58,5,5,4,"5,5,4"
19749,"2025-08-19",279,3,330.26,5,5,4,"5,5,4"
5028,"2025-08-19",279,2,45.62,5,2,1,"5,2,1"
13348,"2025-08-19",279,3,134.89,5,5,2,"5,5,2"
19204,"2025-08-20",278,4,559.25,5,5,5,"5,5,5"
14942,"2025-08-20",278,3,299.20,5,4,4,"5,4,4"
2490,"2025-08-20",278,1,57.80,5,1,1,"5,1,1"
1401,"2025-08-20",278,3,361.74,5,5,4,"5,5,4"
11745,"2025-08-20",278,3,448.01,5,5,5,"5,5,5"
1879,"2025-08-20",278,1,53.82,5,1,1,"5,1,1"
253,"2025-08-20",278,3,1030.41,5,5,5,"5,5,5"
19246,"2025-08-20",278,1,181.53,5,1,3,"5,1,3"
8281,"2025-08-20",278,2,345.38,5,4,4,"5,4,4"
2373,"2025-08-20",278,3,244.70,5,5,3,"5,5,3"
13196,"2025-08-20",278,2,313.48,5,4,4,"5,4,4"
19558,"2025-08-20",278,3,253.75,5,5,3,"5,5,3"
3757,"2025-08-20",278,2,286.97,5,4,4,"5,4,4"
2793,"2025-08-20",278,2,224.94,5,3,3,"5,3,3"
10313,"2025-08-20",278,4,497.80,5,5,5,"5,5,5"
16435,"2025-08-20",278,2,200.02,5,3,3,"5,3,3"
5434,"2025-08-20",278,4,286.49,5,5,4,"5,5,4"
9807,"2025-08-20",278,2,169.40,5,3,3,"5,3,3"
91,"2025-08-20",278,5,727.71,5,5,5,"5,5,5"
14319,"2025-08-20",278,2,154.71,5,3,3,"5,3,3"
7977,"2025-08-20",278,5,1346.18,5,5,5,"5,5,5"
18504,"2025-08-20",278,5,633.28,5,5,5,"5,5,5"
19658,"2025-08-20",278,2,119.65,5,3,2,"5,3,2"
7165,"2025-08-21",277,4,721.96,5,5,5,"5,5,5"
13461,"2025-08-21",277,2,199.97,5,3,3,"5,3,3"
11301,"2025-08-21",277,4,371.41,5,5,4,"5,5,4"
6152,"2025-08-21",277,2,943.30,5,4,5,"5,4,5"
7611,"2025-08-21",277,1,205.88,5,1,3,"5,1,3"
10564,"2025-08-21",277,1,262.11,5,1,4,"5,1,4"
14680,"2025-08-21",277,1,165.42,5,1,3,"5,1,3"
17415,"2025-08-21",277,2,173.99,5,3,3,"5,3,3"
14418,"2025-08-21",277,3,73.17,5,5,1,"5,5,1"
5586,"2025-08-21",277,4,78.03,5,5,2,"5,5,2"
18751,"2025-08-22",276,3,524.29,5,5,5,"5,5,5"
2580,"2025-08-22",276,2,438.26,5,4,5,"5,4,5"
11950,"2025-08-22",276,3,321.55,5,4,4,"5,4,4"
10407,"2025-08-22",276,2,205.27,5,3,3,"5,3,3"
6491,"2025-08-22",276,3,249.38,5,5,3,"5,5,3"
12148,"2025-08-22",276,2,179.83,5,3,3,"5,3,3"
17433,"2025-08-22",276,4,548.68,5,5,5,"5,5,5"
4453,"2025-08-22",276,2,172.61,5,3,3,"5,3,3"
727,"2025-08-22",276,2,54.49,5,2,1,"5,2,1"
3732,"2025-08-22",276,2,221.44,5,3,3,"5,3,3"
2957,"2025-08-22",276,3,353.99,5,4,4,"5,4,4"
9182,"2025-08-22",276,6,1042.65,5,5,5,"5,5,5"
12437,"2025-08-22",276,3,151.80,5,4,3,"5,4,3"
16197,"2025-08-22",276,4,389.88,5,5,4,"5,5,4"
11056,"2025-08-22",276,1,21.85,5,2,1,"5,2,1"
3300,"2025-08-22",276,5,687.53,5,5,5,"5,5,5"
3313,"2025-08-22",276,2,228.84,5,3,3,"5,3,3"
9015,"2025-08-22",276,2,700.39,5,4,5,"5,4,5"
11312,"2025-08-22",276,4,284.63,5,5,4,"5,5,4"
10836,"2025-08-22",276,5,585.22,5,5,5,"5,5,5"
19580,"2025-08-22",276,1,224.35,5,1,3,"5,1,3"
4590,"2025-08-23",275,2,333.09,5,4,4,"5,4,4"
17890,"2025-08-23",275,2,307.10,5,4,4,"5,4,4"
248,"2025-08-23",275,1,96.51,5,2,2,"5,2,2"
18014,"2025-08-23",275,3,227.91,5,5,3,"5,5,3"
11041,"2025-08-23",275,1,288.67,5,1,4,"5,1,4"
14484,"2025-08-23",275,2,340.63,5,4,4,"5,4,4"
16912,"2025-08-23",275,3,375.83,5,5,4,"5,5,4"
18562,"2025-08-23",275,7,1657.85,5,5,5,"5,5,5"
2219,"2025-08-23",275,4,472.97,5,5,5,"5,5,5"
2856,"2025-08-23",275,1,28.06,5,2,1,"5,2,1"
4334,"2025-08-23",275,4,975.94,5,5,5,"5,5,5"
19657,"2025-08-23",275,3,248.23,5,5,3,"5,5,3"
17195,"2025-08-23",275,2,86.05,5,3,2,"5,3,2"
17198,"2025-08-23",275,4,424.53,5,5,4,"5,5,4"
15613,"2025-08-23",275,2,447.36,5,4,5,"5,4,5"
3175,"2025-08-23",275,5,292.89,5,5,4,"5,5,4"
17022,"2025-08-24",274,4,316.57,5,5,4,"5,5,4"
8130,"2025-08-24",274,4,377.52,5,5,4,"5,5,4"
9745,"2025-08-24",274,4,355.26,5,5,4,"5,5,4"
14961,"2025-08-24",274,3,209.69,5,4,3,"5,4,3"
11256,"2025-08-24",274,2,352.63,5,4,4,"5,4,4"
1303,"2025-08-24",274,2,635.76,5,4,5,"5,4,5"
12918,"2025-08-24",274,2,372.08,5,4,4,"5,4,4"
16805,"2025-08-24",274,3,332.06,5,4,4,"5,4,4"
9618,"2025-08-24",274,3,181.27,5,5,3,"5,5,3"
9578,"2025-08-24",274,3,270.16,5,4,4,"5,4,4"
14888,"2025-08-24",274,2,130.14,5,3,2,"5,3,2"
15309,"2025-08-24",274,1,155.10,5,1,3,"5,1,3"
17636,"2025-08-24",274,2,499.49,5,4,5,"5,4,5"
14703,"2025-08-24",274,2,76.04,5,3,2,"5,3,2"
9859,"2025-08-25",273,2,371.89,5,4,4,"5,4,4"
1438,"2025-08-25",273,2,106.50,5,3,2,"5,3,2"
4008,"2025-08-25",273,1,110.54,5,2,2,"5,2,2"
6570,"2025-08-25",273,1,324.37,5,1,4,"5,1,4"
8084,"2025-08-25",273,2,382.75,5,4,4,"5,4,4"
6797,"2025-08-25",273,2,413.88,5,4,4,"5,4,4"
11020,"2025-08-25",273,3,287.73,5,4,4,"5,4,4"
16358,"2025-08-25",273,1,332.84,5,1,4,"5,1,4"
13931,"2025-08-25",273,1,94.78,5,2,2,"5,2,2"
14595,"2025-08-25",273,1,119.58,5,2,2,"5,2,2"
18115,"2025-08-25",273,3,251.36,5,5,3,"5,5,3"
9856,"2025-08-25",273,4,194.24,5,5,3,"5,5,3"
1379,"2025-08-25",273,2,154.88,5,3,3,"5,3,3"
14775,"2025-08-25",273,1,130.34,5,2,2,"5,2,2"
12328,"2025-08-26",272,7,592.14,5,5,5,"5,5,5"
16261,"2025-08-26",272,3,199.22,5,4,3,"5,4,3"
15830,"2025-08-26",272,2,313.43,5,4,4,"5,4,4"
3720,"2025-08-26",272,1,48.70,5,1,1,"5,1,1"
1855,"2025-08-26",272,2,179.73,5,3,3,"5,3,3"
19102,"2025-08-26",272,2,146.21,5,3,2,"5,3,2"
3503,"2025-08-26",272,2,128.24,5,3,2,"5,3,2"
11925,"2025-08-26",272,3,231.63,5,5,3,"5,5,3"
15128,"2025-08-26",272,4,893.22,5,5,5,"5,5,5"
15326,"2025-08-26",272,1,244.82,5,1,3,"5,1,3"
16187,"2025-08-26",272,3,288.53,5,4,4,"5,4,4"
15368,"2025-08-26",272,2,335.85,5,4,4,"5,4,4"
14020,"2025-08-26",272,2,592.47,5,4,5,"5,4,5"
14447,"2025-08-26",272,2,233.32,5,3,3,"5,3,3"
13906,"2025-08-27",271,1,163.74,5,1,3,"5,1,3"
771,"2025-08-27",271,3,497.35,5,5,5,"5,5,5"
5769,"2025-08-27",271,2,673.20,5,4,5,"5,4,5"
2715,"2025-08-27",271,2,249.85,5,3,3,"5,3,3"
15425,"2025-08-27",271,4,461.59,5,5,5,"5,5,5"
17302,"2025-08-27",271,3,188.58,5,4,3,"5,4,3"
12259,"2025-08-27",271,1,29.71,5,2,1,"5,2,1"
19557,"2025-08-27",271,2,495.34,5,4,5,"5,4,5"
5746,"2025-08-27",271,4,345.34,5,5,4,"5,5,4"
16768,"2025-08-27",271,7,663.03,5,5,5,"5,5,5"
11843,"2025-08-27",271,3,590.55,5,4,5,"5,4,5"
3251,"2025-08-27",271,4,2467.01,5,5,5,"5,5,5"
895,"2025-08-27",271,3,139.30,5,4,2,"5,4,2"
5997,"2025-08-27",271,3,139.49,5,4,2,"5,4,2"
4936,"2025-08-27",271,2,711.59,5,4,5,"5,4,5"
19429,"2025-08-27",271,3,147.65,5,4,2,"5,4,2"
15754,"2025-08-27",271,2,185.96,5,3,3,"5,3,3"
4794,"2025-08-28",270,3,516.44,5,5,5,"5,5,5"
7585,"2025-08-28",270,4,563.33,5,5,5,"5,5,5"
19395,"2025-08-28",270,2,233.91,5,3,3,"5,3,3"
11142,"2025-08-28",270,2,124.88,5,3,2,"5,3,2"
6434,"2025-08-28",270,3,284.34,5,4,4,"5,4,4"
3446,"2025-08-28",270,3,409.30,5,4,4,"5,4,4"
10385,"2025-08-28",270,2,398.31,5,4,4,"5,4,4"
19603,"2025-08-28",270,2,68.36,5,3,1,"5,3,1"
11706,"2025-08-28",270,3,413.38,5,4,4,"5,4,4"
11570,"2025-08-28",270,3,523.50,5,5,5,"5,5,5"
1477,"2025-08-28",270,5,728.55,5,5,5,"5,5,5"
7787,"2025-08-28",270,1,87.33,5,2,2,"5,2,2"
17429,"2025-08-28",270,2,141.35,5,3,2,"5,3,2"
19197,"2025-08-28",270,4,513.47,5,5,5,"5,5,5"
4173,"2025-08-28",270,1,148.89,5,1,2,"5,1,2"
7163,"2025-08-28",270,3,834.88,5,5,5,"5,5,5"
3553,"2025-08-28",270,1,156.07,5,1,3,"5,1,3"
9035,"2025-08-28",270,2,368.31,5,4,4,"5,4,4"
12400,"2025-08-28",270,5,222.36,5,5,3,"5,5,3"
16282,"2025-08-29",269,2,167.29,5,3,3,"5,3,3"
6631,"2025-08-29",269,3,214.84,5,5,3,"5,5,3"
5752,"2025-08-29",269,6,2361.67,5,5,5,"5,5,5"
8327,"2025-08-29",269,3,416.23,5,4,4,"5,4,4"
17585,"2025-08-29",269,2,115.05,5,3,2,"5,3,2"
6019,"2025-08-29",269,2,412.01,5,4,4,"5,4,4"
13476,"2025-08-29",269,4,531.53,5,5,5,"5,5,5"
12824,"2025-08-29",269,1,255.87,5,1,3,"5,1,3"
9061,"2025-08-29",269,2,217.51,5,3,3,"5,3,3"
5719,"2025-08-29",269,2,265.55,5,3,4,"5,3,4"
483,"2025-08-29",269,4,563.77,5,5,5,"5,5,5"
18939,"2025-08-29",269,3,294.46,5,4,4,"5,4,4"
14627,"2025-08-29",269,4,411.62,5,5,4,"5,5,4"
10468,"2025-08-29",269,2,86.14,5,3,2,"5,3,2"
7243,"2025-08-30",268,2,615.56,5,4,5,"5,4,5"
7577,"2025-08-30",268,2,75.28,5,3,2,"5,3,2"
13380,"2025-08-30",268,1,27.05,5,2,1,"5,2,1"
4862,"2025-08-30",268,3,96.01,5,5,2,"5,5,2"
2861,"2025-08-30",268,2,47.33,5,2,1,"5,2,1"
4534,"2025-08-30",268,3,1159.32,5,4,5,"5,4,5"
691,"2025-08-30",268,3,307.62,5,5,4,"5,5,4"
4146,"2025-08-30",268,1,1101.30,5,1,5,"5,1,5"
8124,"2025-08-30",268,3,130.42,5,5,2,"5,5,2"
15756,"2025-08-30",268,6,815.20,5,5,5,"5,5,5"
92,"2025-08-30",268,4,344.28,5,5,4,"5,5,4"
12253,"2025-08-30",268,1,12.80,5,1,1,"5,1,1"
14840,"2025-08-30",268,1,61.85,5,1,1,"5,1,1"
13894,"2025-08-30",268,5,2343.10,5,5,5,"5,5,5"
16394,"2025-08-30",268,3,430.11,5,4,4,"5,4,4"
3744,"2025-08-30",268,2,113.31,5,3,2,"5,3,2"
15036,"2025-08-30",268,3,302.35,5,4,4,"5,4,4"
9810,"2025-08-31",267,2,426.45,5,4,4,"5,4,4"
19970,"2025-08-31",267,2,61.15,5,3,1,"5,3,1"
11153,"2025-08-31",267,4,571.20,5,5,5,"5,5,5"
18969,"2025-08-31",267,3,494.81,5,5,5,"5,5,5"
17474,"2025-08-31",267,2,80.10,5,3,2,"5,3,2"
593,"2025-08-31",267,2,385.31,5,4,4,"5,4,4"
16681,"2025-08-31",267,2,48.50,5,2,1,"5,2,1"
11631,"2025-08-31",267,2,309.64,5,4,4,"5,4,4"
651,"2025-08-31",267,2,364.51,5,4,4,"5,4,4"
6325,"2025-08-31",267,3,449.90,5,5,5,"5,5,5"
7627,"2025-08-31",267,2,284.87,5,4,4,"5,4,4"
2090,"2025-08-31",267,5,383.49,5,5,4,"5,5,4"
10926,"2025-08-31",267,4,1148.34,5,5,5,"5,5,5"
4041,"2025-08-31",267,2,170.45,5,3,3,"5,3,3"
6439,"2025-08-31",267,1,17.26,5,2,1,"5,2,1"
19425,"2025-08-31",267,3,619.83,5,4,5,"5,4,5"
19364,"2025-08-31",267,3,1086.18,5,5,5,"5,5,5"
15024,"2025-09-01",266,1,50.87,5,1,1,"5,1,1"
7704,"2025-09-01",266,2,85.47,5,3,2,"5,3,2"
43,"2025-09-01",266,3,675.04,5,4,5,"5,4,5"
4442,"2025-09-01",266,2,223.65,5,3,3,"5,3,3"
4510,"2025-09-01",266,3,130.68,5,5,2,"5,5,2"
7926,"2025-09-01",266,3,147.69,5,4,2,"5,4,2"
5890,"2025-09-01",266,2,50.34,5,2,1,"5,2,1"
2692,"2025-09-01",266,2,477.71,5,4,5,"5,4,5"
18092,"2025-09-01",266,3,1257.03,5,5,5,"5,5,5"
5292,"2025-09-01",266,3,1002.65,5,4,5,"5,4,5"
18983,"2025-09-01",266,6,678.68,5,5,5,"5,5,5"
1609,"2025-09-01",266,2,320.36,5,4,4,"5,4,4"
7091,"2025-09-01",266,1,21.48,5,2,1,"5,2,1"
19628,"2025-09-01",266,2,72.36,5,3,1,"5,3,1"
7486,"2025-09-02",265,5,549.41,5,5,5,"5,5,5"
11329,"2025-09-02",265,2,121.32,5,3,2,"5,3,2"
432,"2025-09-02",265,4,514.57,5,5,5,"5,5,5"
13483,"2025-09-02",265,6,1140.29,5,5,5,"5,5,5"
5963,"2025-09-02",265,6,805.46,5,5,5,"5,5,5"
10153,"2025-09-02",265,3,343.51,5,4,4,"5,4,4"
8642,"2025-09-02",265,3,204.09,5,4,3,"5,4,3"
18452,"2025-09-02",265,4,388.73,5,5,4,"5,5,4"
2638,"2025-09-02",265,3,826.12,5,5,5,"5,5,5"
11235,"2025-09-02",265,2,664.99,5,4,5,"5,4,5"
7850,"2025-09-02",265,1,34.33,5,2,1,"5,2,1"
18976,"2025-09-02",265,3,341.04,5,5,4,"5,5,4"
6316,"2025-09-02",265,2,301.52,5,4,4,"5,4,4"
6064,"2025-09-02",265,2,176.53,5,3,3,"5,3,3"
14714,"2025-09-02",265,2,368.16,5,4,4,"5,4,4"
1067,"2025-09-03",264,1,186.60,5,1,3,"5,1,3"
18223,"2025-09-03",264,3,381.76,5,5,4,"5,5,4"
10218,"2025-09-03",264,2,67.27,5,3,1,"5,3,1"
17102,"2025-09-03",264,2,79.54,5,3,2,"5,3,2"
6750,"2025-09-03",264,2,589.21,5,4,5,"5,4,5"
14767,"2025-09-03",264,1,145.99,5,1,2,"5,1,2"
7498,"2025-09-03",264,5,369.11,5,5,4,"5,5,4"
2336,"2025-09-03",264,2,189.93,5,3,3,"5,3,3"
1979,"2025-09-03",264,3,173.35,5,4,3,"5,4,3"
5897,"2025-09-03",264,3,376.52,5,5,4,"5,5,4"
733,"2025-09-03",264,3,296.94,5,4,4,"5,4,4"
16643,"2025-09-03",264,1,25.48,5,2,1,"5,2,1"
8539,"2025-09-03",264,2,34.65,5,2,1,"5,2,1"
17469,"2025-09-03",264,5,700.52,5,5,5,"5,5,5"
4600,"2025-09-04",263,3,229.42,5,5,3,"5,5,3"
8628,"2025-09-04",263,2,426.17,5,4,4,"5,4,4"
11664,"2025-09-04",263,3,468.72,5,5,5,"5,5,5"
226,"2025-09-04",263,2,190.83,5,3,3,"5,3,3"
5486,"2025-09-04",263,5,501.02,5,5,5,"5,5,5"
5337,"2025-09-04",263,2,208.38,5,3,3,"5,3,3"
12424,"2025-09-04",263,4,509.07,5,5,5,"5,5,5"
16150,"2025-09-04",263,3,366.46,5,5,4,"5,5,4"
7099,"2025-09-04",263,4,147.57,5,5,2,"5,5,2"
10903,"2025-09-04",263,7,626.55,5,5,5,"5,5,5"
9504,"2025-09-04",263,2,182.56,5,3,3,"5,3,3"
12472,"2025-09-04",263,3,253.24,5,5,3,"5,5,3"
12405,"2025-09-04",263,3,194.55,5,4,3,"5,4,3"
14615,"2025-09-04",263,5,683.47,5,5,5,"5,5,5"
11095,"2025-09-04",263,3,444.48,5,5,5,"5,5,5"
5775,"2025-09-04",263,3,301.84,5,4,4,"5,4,4"
12213,"2025-09-04",263,3,1022.04,5,4,5,"5,4,5"
590,"2025-09-04",263,4,374.37,5,5,4,"5,5,4"
16893,"2025-09-04",263,4,254.43,5,5,3,"5,5,3"
12226,"2025-09-04",263,2,248.46,5,3,3,"5,3,3"
14306,"2025-09-04",263,1,28.32,5,2,1,"5,2,1"
19530,"2025-09-04",263,2,217.74,5,3,3,"5,3,3"
9740,"2025-09-05",262,6,599.11,5,5,5,"5,5,5"
12294,"2025-09-05",262,2,290.42,5,4,4,"5,4,4"
6740,"2025-09-05",262,2,156.93,5,3,3,"5,3,3"
10126,"2025-09-05",262,3,437.83,5,5,5,"5,5,5"
10204,"2025-09-05",262,5,231.29,5,5,3,"5,5,3"
3805,"2025-09-05",262,3,608.23,5,4,5,"5,4,5"
1526,"2025-09-05",262,1,152.90,5,1,3,"5,1,3"
16333,"2025-09-05",262,2,109.52,5,3,2,"5,3,2"
5264,"2025-09-05",262,4,368.86,5,5,4,"5,5,4"
9045,"2025-09-05",262,3,247.63,5,5,3,"5,5,3"
8485,"2025-09-05",262,7,434.81,5,5,5,"5,5,5"
12140,"2025-09-05",262,4,540.87,5,5,5,"5,5,5"
18147,"2025-09-05",262,5,741.12,5,5,5,"5,5,5"
5858,"2025-09-05",262,4,745.50,5,5,5,"5,5,5"
1561,"2025-09-06",261,5,539.75,5,5,5,"5,5,5"
61,"2025-09-06",261,3,288.47,5,4,4,"5,4,4"
2094,"2025-09-06",261,3,534.41,5,5,5,"5,5,5"
3628,"2025-09-06",261,2,127.04,5,3,2,"5,3,2"
1657,"2025-09-06",261,1,133.74,5,2,2,"5,2,2"
2516,"2025-09-06",261,3,670.45,5,4,5,"5,4,5"
1659,"2025-09-06",261,1,64.52,5,1,1,"5,1,1"
13301,"2025-09-06",261,3,357.24,5,4,4,"5,4,4"
10196,"2025-09-06",261,4,587.86,5,5,5,"5,5,5"
10160,"2025-09-06",261,1,86.73,5,2,2,"5,2,2"
7904,"2025-09-06",261,1,130.03,5,2,2,"5,2,2"
5783,"2025-09-06",261,3,179.29,5,5,3,"5,5,3"
13216,"2025-09-06",261,2,96.82,5,3,2,"5,3,2"
13890,"2025-09-06",261,4,405.69,5,5,4,"5,5,4"
12481,"2025-09-07",260,2,145.16,5,3,2,"5,3,2"
2169,"2025-09-07",260,4,642.20,5,5,5,"5,5,5"
3781,"2025-09-07",260,1,13.68,5,1,1,"5,1,1"
3988,"2025-09-07",260,2,619.53,5,4,5,"5,4,5"
16998,"2025-09-07",260,2,426.99,5,4,4,"5,4,4"
14077,"2025-09-07",260,1,43.60,5,1,1,"5,1,1"
6395,"2025-09-07",260,1,44.41,5,1,1,"5,1,1"
16928,"2025-09-07",260,2,466.98,5,4,5,"5,4,5"
16657,"2025-09-07",260,1,213.56,5,1,3,"5,1,3"
6671,"2025-09-07",260,2,23.04,5,2,1,"5,2,1"
17891,"2025-09-07",260,3,342.37,5,4,4,"5,4,4"
14920,"2025-09-08",259,1,23.94,5,2,1,"5,2,1"
13444,"2025-09-08",259,4,352.05,5,5,4,"5,5,4"
15117,"2025-09-08",259,3,777.46,5,4,5,"5,4,5"
5585,"2025-09-08",259,2,294.52,5,4,4,"5,4,4"
4703,"2025-09-08",259,1,25.31,5,2,1,"5,2,1"
18121,"2025-09-08",259,2,355.25,5,4,4,"5,4,4"
12894,"2025-09-08",259,4,573.68,5,5,5,"5,5,5"
19344,"2025-09-09",258,1,132.44,5,2,2,"5,2,2"
7812,"2025-09-09",258,2,62.60,5,3,1,"5,3,1"
2315,"2025-09-09",258,2,271.97,5,3,4,"5,3,4"
11649,"2025-09-09",258,3,1174.65,5,4,5,"5,4,5"
19484,"2025-09-09",258,4,309.49,5,5,4,"5,5,4"
18712,"2025-09-09",258,3,628.85,5,5,5,"5,5,5"
13490,"2025-09-09",258,3,547.15,5,4,5,"5,4,5"
7556,"2025-09-09",258,3,141.45,5,4,2,"5,4,2"
12667,"2025-09-09",258,1,79.98,5,2,2,"5,2,2"
3650,"2025-09-09",258,2,213.92,5,3,3,"5,3,3"
8636,"2025-09-09",258,3,377.51,5,5,4,"5,5,4"
14687,"2025-09-09",258,4,412.81,5,5,4,"5,5,4"
19414,"2025-09-09",258,1,177.76,5,1,3,"5,1,3"
17550,"2025-09-09",258,2,216.61,5,3,3,"5,3,3"
19838,"2025-09-09",258,4,588.23,5,5,5,"5,5,5"
9289,"2025-09-09",258,3,159.39,5,5,3,"5,5,3"
14228,"2025-09-09",258,6,680.51,5,5,5,"5,5,5"
17368,"2025-09-09",258,2,562.17,5,4,5,"5,4,5"
17294,"2025-09-09",258,2,113.72,5,3,2,"5,3,2"
17324,"2025-09-09",258,2,86.15,5,3,2,"5,3,2"
1231,"2025-09-09",258,3,177.13,5,4,3,"5,4,3"
15724,"2025-09-09",258,2,211.39,5,3,3,"5,3,3"
12594,"2025-09-10",257,2,34.82,5,2,1,"5,2,1"
16959,"2025-09-10",257,2,509.88,5,4,5,"5,4,5"
11436,"2025-09-10",257,3,142.75,5,4,2,"5,4,2"
12676,"2025-09-10",257,3,485.96,5,5,5,"5,5,5"
19186,"2025-09-10",257,3,102.51,5,4,2,"5,4,2"
14459,"2025-09-10",257,3,210.44,5,4,3,"5,4,3"
19275,"2025-09-10",257,7,1202.36,5,5,5,"5,5,5"
10253,"2025-09-10",257,3,214.83,5,5,3,"5,5,3"
9241,"2025-09-10",257,5,751.36,5,5,5,"5,5,5"
10740,"2025-09-10",257,2,294.80,5,4,4,"5,4,4"
16016,"2025-09-10",257,2,102.20,5,3,2,"5,3,2"
13303,"2025-09-10",257,3,633.40,5,5,5,"5,5,5"
18785,"2025-09-10",257,1,190.03,5,1,3,"5,1,3"
8771,"2025-09-10",257,4,487.25,5,5,5,"5,5,5"
6166,"2025-09-10",257,6,1638.69,5,5,5,"5,5,5"
560,"2025-09-10",257,1,140.37,5,2,2,"5,2,2"
17295,"2025-09-10",257,2,52.28,5,2,1,"5,2,1"
9101,"2025-09-10",257,5,1030.34,5,5,5,"5,5,5"
12646,"2025-09-10",257,4,1436.19,5,5,5,"5,5,5"
14054,"2025-09-11",256,3,388.65,5,4,4,"5,4,4"
19926,"2025-09-11",256,4,363.82,5,5,4,"5,5,4"
8772,"2025-09-11",256,5,450.20,5,5,5,"5,5,5"
18069,"2025-09-11",256,4,670.85,5,5,5,"5,5,5"
13965,"2025-09-11",256,2,792.46,5,4,5,"5,4,5"
8128,"2025-09-11",256,2,62.49,5,3,1,"5,3,1"
6021,"2025-09-11",256,5,257.06,5,5,4,"5,5,4"
7542,"2025-09-11",256,1,139.27,5,2,2,"5,2,2"
5847,"2025-09-11",256,2,75.76,5,3,2,"5,3,2"
2564,"2025-09-11",256,2,500.59,5,4,5,"5,4,5"
5078,"2025-09-11",256,5,731.69,5,5,5,"5,5,5"
2427,"2025-09-11",256,3,402.61,5,4,4,"5,4,4"
18965,"2025-09-11",256,6,1015.69,5,5,5,"5,5,5"
17477,"2025-09-11",256,1,112.25,5,2,2,"5,2,2"
6115,"2025-09-11",256,2,33.87,5,2,1,"5,2,1"
15052,"2025-09-11",256,2,223.89,5,3,3,"5,3,3"
489,"2025-09-11",256,4,173.73,5,5,3,"5,5,3"
10493,"2025-09-11",256,7,1603.40,5,5,5,"5,5,5"
16109,"2025-09-11",256,3,377.01,5,5,4,"5,5,4"
2431,"2025-09-11",256,3,441.12,5,5,5,"5,5,5"
6824,"2025-09-12",255,4,897.20,5,5,5,"5,5,5"
734,"2025-09-12",255,5,353.60,5,5,4,"5,5,4"
8943,"2025-09-12",255,3,43.93,5,5,1,"5,5,1"
3152,"2025-09-12",255,2,134.24,5,3,2,"5,3,2"
15866,"2025-09-12",255,2,172.06,5,3,3,"5,3,3"
16204,"2025-09-12",255,4,478.41,5,5,5,"5,5,5"
2306,"2025-09-12",255,5,902.63,5,5,5,"5,5,5"
13784,"2025-09-12",255,3,339.54,5,5,4,"5,5,4"
12160,"2025-09-12",255,2,149.52,5,3,2,"5,3,2"
1517,"2025-09-12",255,2,540.18,5,4,5,"5,4,5"
16809,"2025-09-12",255,5,807.68,5,5,5,"5,5,5"
5038,"2025-09-12",255,2,180.75,5,3,3,"5,3,3"
11048,"2025-09-12",255,3,734.06,5,4,5,"5,4,5"
635,"2025-09-13",254,2,337.37,5,4,4,"5,4,4"
19819,"2025-09-13",254,3,392.88,5,4,4,"5,4,4"
8693,"2025-09-13",254,2,494.39,5,4,5,"5,4,5"
15670,"2025-09-13",254,1,4.50,5,2,1,"5,2,1"
12479,"2025-09-13",254,1,121.73,5,2,2,"5,2,2"
6130,"2025-09-13",254,2,516.35,5,4,5,"5,4,5"
16481,"2025-09-13",254,3,467.75,5,5,5,"5,5,5"
17337,"2025-09-13",254,2,151.16,5,3,2,"5,3,2"
11837,"2025-09-13",254,3,433.10,5,5,5,"5,5,5"
17986,"2025-09-13",254,3,162.42,5,5,3,"5,5,3"
8265,"2025-09-13",254,2,39.34,5,2,1,"5,2,1"
8349,"2025-09-13",254,3,640.83,5,4,5,"5,4,5"
16727,"2025-09-13",254,1,66.22,5,1,1,"5,1,1"
4167,"2025-09-13",254,5,1007.67,5,5,5,"5,5,5"
18659,"2025-09-14",253,2,209.76,5,3,3,"5,3,3"
10060,"2025-09-14",253,5,273.99,5,5,4,"5,5,4"
18365,"2025-09-14",253,2,293.41,5,4,4,"5,4,4"
12822,"2025-09-14",253,3,589.78,5,4,5,"5,4,5"
15906,"2025-09-14",253,2,190.34,5,3,3,"5,3,3"
13523,"2025-09-14",253,3,318.04,5,5,4,"5,5,4"
16396,"2025-09-14",253,3,302.56,5,4,4,"5,4,4"
15702,"2025-09-14",253,1,56.40,5,1,1,"5,1,1"
4501,"2025-09-14",253,2,301.40,5,4,4,"5,4,4"
7457,"2025-09-14",253,3,461.83,5,5,5,"5,5,5"
4511,"2025-09-14",253,3,108.05,5,4,2,"5,4,2"
9080,"2025-09-14",253,3,154.72,5,4,3,"5,4,3"
2429,"2025-09-14",253,4,691.10,5,5,5,"5,5,5"
19106,"2025-09-15",252,1,26.85,5,2,1,"5,2,1"
14050,"2025-09-15",252,2,234.66,5,3,3,"5,3,3"
16571,"2025-09-15",252,4,279.88,5,5,4,"5,5,4"
9024,"2025-09-15",252,4,580.47,5,5,5,"5,5,5"
3915,"2025-09-15",252,4,198.85,5,5,3,"5,5,3"
5448,"2025-09-15",252,1,57.64,5,1,1,"5,1,1"
11862,"2025-09-15",252,2,26.75,5,2,1,"5,2,1"
13174,"2025-09-15",252,3,210.58,5,4,3,"5,4,3"
18608,"2025-09-15",252,5,425.83,5,5,4,"5,5,4"
4170,"2025-09-15",252,2,100.02,5,3,2,"5,3,2"
4182,"2025-09-15",252,2,121.70,5,3,2,"5,3,2"
1389,"2025-09-15",252,1,61.13,5,1,1,"5,1,1"
13634,"2025-09-15",252,4,715.91,5,5,5,"5,5,5"
3239,"2025-09-15",252,2,382.61,5,4,4,"5,4,4"
5566,"2025-09-15",252,5,446.47,5,5,5,"5,5,5"
10723,"2025-09-15",252,1,40.31,5,1,1,"5,1,1"
17833,"2025-09-15",252,2,363.88,5,4,4,"5,4,4"
7230,"2025-09-15",252,4,1156.19,5,5,5,"5,5,5"
10222,"2025-09-16",251,6,585.37,5,5,5,"5,5,5"
13108,"2025-09-16",251,3,898.25,5,5,5,"5,5,5"
5741,"2025-09-16",251,3,446.28,5,5,5,"5,5,5"
15665,"2025-09-16",251,1,376.75,5,1,4,"5,1,4"
18097,"2025-09-16",251,3,401.09,5,4,4,"5,4,4"
12795,"2025-09-16",251,1,48.91,5,1,1,"5,1,1"
1398,"2025-09-16",251,4,1013.47,5,5,5,"5,5,5"
9007,"2025-09-16",251,2,231.74,5,3,3,"5,3,3"
19260,"2025-09-16",251,1,4.86,5,2,1,"5,2,1"
4521,"2025-09-16",251,1,42.06,5,1,1,"5,1,1"
14250,"2025-09-16",251,1,159.77,5,1,3,"5,1,3"
19817,"2025-09-16",251,3,576.94,5,4,5,"5,4,5"
7281,"2025-09-16",251,2,283.98,5,3,4,"5,3,4"
13934,"2025-09-16",251,4,622.33,5,5,5,"5,5,5"
17322,"2025-09-16",251,1,31.63,5,2,1,"5,2,1"
4556,"2025-09-16",251,2,91.56,5,3,2,"5,3,2"
9614,"2025-09-16",251,3,625.49,5,5,5,"5,5,5"
732,"2025-09-16",251,2,299.90,5,4,4,"5,4,4"
19265,"2025-09-16",251,1,12.34,5,1,1,"5,1,1"
18835,"2025-09-17",250,1,63.69,5,1,1,"5,1,1"
9759,"2025-09-17",250,3,530.50,5,5,5,"5,5,5"
4472,"2025-09-17",250,3,761.25,5,4,5,"5,4,5"
8488,"2025-09-17",250,2,76.03,5,3,2,"5,3,2"
2442,"2025-09-17",250,1,321.25,5,1,4,"5,1,4"
11844,"2025-09-17",250,4,484.62,5,5,5,"5,5,5"
12312,"2025-09-17",250,1,82.61,5,2,2,"5,2,2"
533,"2025-09-17",250,4,383.93,5,5,4,"5,5,4"
10272,"2025-09-17",250,3,216.65,5,5,3,"5,5,3"
3637,"2025-09-17",250,3,353.69,5,4,4,"5,4,4"
12557,"2025-09-17",250,4,498.77,5,5,5,"5,5,5"
2611,"2025-09-17",250,2,25.54,5,2,1,"5,2,1"
12119,"2025-09-17",250,3,203.47,5,4,3,"5,4,3"
16130,"2025-09-17",250,2,90.89,5,3,2,"5,3,2"
16738,"2025-09-17",250,1,8.35,5,1,1,"5,1,1"
9620,"2025-09-17",250,3,87.32,5,4,2,"5,4,2"
8316,"2025-09-17",250,1,460.80,5,2,5,"5,2,5"
17932,"2025-09-17",250,4,741.27,5,5,5,"5,5,5"
14731,"2025-09-17",250,3,258.77,5,4,4,"5,4,4"
14945,"2025-09-18",249,1,43.70,5,1,1,"5,1,1"
12303,"2025-09-18",249,3,612.93,5,4,5,"5,4,5"
18602,"2025-09-18",249,2,149.32,5,3,2,"5,3,2"
17204,"2025-09-18",249,3,641.87,5,4,5,"5,4,5"
19354,"2025-09-18",249,1,75.87,5,2,2,"5,2,2"
16827,"2025-09-18",249,2,393.11,5,4,4,"5,4,4"
8865,"2025-09-18",249,2,387.76,5,4,4,"5,4,4"
5410,"2025-09-18",249,1,512.71,5,2,5,"5,2,5"
2655,"2025-09-18",249,3,188.57,5,4,3,"5,4,3"
14752,"2025-09-18",249,6,737.66,5,5,5,"5,5,5"
6746,"2025-09-18",249,1,49.91,5,1,1,"5,1,1"
3201,"2025-09-18",249,2,243.95,5,3,3,"5,3,3"
263,"2025-09-18",249,3,50.82,5,4,1,"5,4,1"
51,"2025-09-18",249,2,267.34,5,3,4,"5,3,4"
18446,"2025-09-18",249,2,565.17,5,4,5,"5,4,5"
9359,"2025-09-18",249,3,347.55,5,5,4,"5,5,4"
14842,"2025-09-18",249,2,140.28,5,3,2,"5,3,2"
10382,"2025-09-18",249,1,56.94,5,1,1,"5,1,1"
6925,"2025-09-18",249,1,209.44,5,1,3,"5,1,3"
11222,"2025-09-19",248,1,182.18,5,1,3,"5,1,3"
3405,"2025-09-19",248,4,383.90,5,5,4,"5,5,4"
9391,"2025-09-19",248,4,346.27,5,5,4,"5,5,4"
10500,"2025-09-19",248,1,126.28,5,2,2,"5,2,2"
8961,"2025-09-19",248,1,34.18,5,2,1,"5,2,1"
8255,"2025-09-19",248,4,181.02,5,5,3,"5,5,3"
5549,"2025-09-19",248,2,356.93,5,4,4,"5,4,4"
19914,"2025-09-19",248,4,635.70,5,5,5,"5,5,5"
741,"2025-09-19",248,3,1045.67,5,5,5,"5,5,5"
366,"2025-09-19",248,1,187.57,5,1,3,"5,1,3"
5085,"2025-09-19",248,2,531.79,5,4,5,"5,4,5"
8554,"2025-09-19",248,2,745.24,5,4,5,"5,4,5"
2079,"2025-09-19",248,3,808.53,5,5,5,"5,5,5"
2659,"2025-09-19",248,2,106.90,5,3,2,"5,3,2"
18126,"2025-09-19",248,2,107.39,5,3,2,"5,3,2"
1407,"2025-09-19",248,3,137.72,5,5,2,"5,5,2"
3807,"2025-09-19",248,2,139.13,5,3,2,"5,3,2"
17782,"2025-09-19",248,1,65.58,5,1,1,"5,1,1"
6032,"2025-09-19",248,3,569.71,5,4,5,"5,4,5"
6838,"2025-09-19",248,3,203.10,5,4,3,"5,4,3"
2956,"2025-09-19",248,1,204.19,5,1,3,"5,1,3"
12342,"2025-09-19",248,3,199.95,5,4,3,"5,4,3"
9056,"2025-09-19",248,3,355.48,5,4,4,"5,4,4"
15733,"2025-09-19",248,3,606.87,5,4,5,"5,4,5"
9979,"2025-09-20",247,2,187.31,5,3,3,"5,3,3"
3917,"2025-09-20",247,1,409.89,5,1,4,"5,1,4"
7709,"2025-09-20",247,2,301.71,5,4,4,"5,4,4"
5148,"2025-09-20",247,5,652.49,5,5,5,"5,5,5"
11615,"2025-09-20",247,2,183.06,5,3,3,"5,3,3"
19247,"2025-09-20",247,3,296.34,5,4,4,"5,4,4"
10666,"2025-09-20",247,3,431.96,5,5,5,"5,5,5"
5836,"2025-09-20",247,4,338.28,5,5,4,"5,5,4"
17569,"2025-09-20",247,3,172.03,5,4,3,"5,4,3"
2110,"2025-09-20",247,2,396.40,5,4,4,"5,4,4"
9120,"2025-09-20",247,1,38.54,5,2,1,"5,2,1"
19692,"2025-09-20",247,1,132.42,5,2,2,"5,2,2"
18756,"2025-09-20",247,1,64.46,5,1,1,"5,1,1"
10880,"2025-09-20",247,5,757.90,5,5,5,"5,5,5"
8677,"2025-09-20",247,3,580.25,5,4,5,"5,4,5"
15859,"2025-09-21",246,1,35.60,5,2,1,"5,2,1"
2387,"2025-09-21",246,4,668.66,5,5,5,"5,5,5"
5690,"2025-09-21",246,4,621.25,5,5,5,"5,5,5"
12836,"2025-09-21",246,4,317.57,5,5,4,"5,5,4"
14718,"2025-09-21",246,4,430.46,5,5,5,"5,5,5"
18033,"2025-09-21",246,3,493.74,5,5,5,"5,5,5"
7619,"2025-09-21",246,3,520.76,5,5,5,"5,5,5"
18620,"2025-09-21",246,4,396.96,5,5,4,"5,5,4"
18372,"2025-09-21",246,4,931.92,5,5,5,"5,5,5"
11783,"2025-09-21",246,5,443.11,5,5,5,"5,5,5"
12956,"2025-09-21",246,3,716.99,5,5,5,"5,5,5"
9813,"2025-09-21",246,4,315.90,5,5,4,"5,5,4"
11904,"2025-09-21",246,3,524.69,5,5,5,"5,5,5"
10966,"2025-09-21",246,4,283.80,5,5,4,"5,5,4"
3704,"2025-09-22",245,2,107.57,5,3,2,"5,3,2"
17097,"2025-09-22",245,5,833.62,5,5,5,"5,5,5"
4856,"2025-09-22",245,4,623.47,5,5,5,"5,5,5"
6773,"2025-09-22",245,1,158.66,5,1,3,"5,1,3"
10928,"2025-09-22",245,7,997.14,5,5,5,"5,5,5"
8069,"2025-09-22",245,4,413.70,5,5,4,"5,5,4"
14745,"2025-09-22",245,3,267.58,5,4,4,"5,4,4"
14713,"2025-09-22",245,4,193.92,5,5,3,"5,5,3"
4024,"2025-09-22",245,3,360.57,5,4,4,"5,4,4"
12656,"2025-09-22",245,1,404.48,5,1,4,"5,1,4"
11966,"2025-09-22",245,1,38.75,5,2,1,"5,2,1"
15692,"2025-09-22",245,2,230.68,5,3,3,"5,3,3"
14524,"2025-09-22",245,1,61.33,5,1,1,"5,1,1"
19157,"2025-09-23",244,2,409.81,5,4,4,"5,4,4"
3615,"2025-09-23",244,5,744.96,5,5,5,"5,5,5"
2613,"2025-09-23",244,3,183.57,5,5,3,"5,5,3"
13741,"2025-09-23",244,2,120.93,5,3,2,"5,3,2"
12980,"2025-09-23",244,4,200.97,5,5,3,"5,5,3"
5899,"2025-09-23",244,3,162.10,5,5,3,"5,5,3"
17008,"2025-09-23",244,4,593.80,5,5,5,"5,5,5"
9019,"2025-09-23",244,2,103.33,5,3,2,"5,3,2"
18830,"2025-09-23",244,1,220.71,5,1,3,"5,1,3"
5049,"2025-09-23",244,2,164.20,5,3,3,"5,3,3"
9292,"2025-09-23",244,4,757.63,5,5,5,"5,5,5"
19162,"2025-09-23",244,1,682.02,5,2,5,"5,2,5"
10765,"2025-09-23",244,2,311.81,5,4,4,"5,4,4"
15406,"2025-09-23",244,3,151.70,5,4,3,"5,4,3"
9466,"2025-09-23",244,5,419.56,5,5,4,"5,5,4"
1017,"2025-09-23",244,2,74.18,5,3,2,"5,3,2"
10792,"2025-09-23",244,3,795.47,5,5,5,"5,5,5"
13229,"2025-09-23",244,3,267.29,5,4,4,"5,4,4"
5798,"2025-09-24",243,2,316.63,5,4,4,"5,4,4"
6419,"2025-09-24",243,3,326.60,5,4,4,"5,4,4"
4159,"2025-09-24",243,3,237.18,5,5,3,"5,5,3"
12816,"2025-09-24",243,5,219.12,5,5,3,"5,5,3"
7292,"2025-09-24",243,1,118.85,5,2,2,"5,2,2"
3009,"2025-09-24",243,2,168.16,5,3,3,"5,3,3"
782,"2025-09-24",243,2,107.64,5,3,2,"5,3,2"
1149,"2025-09-24",243,2,524.91,5,4,5,"5,4,5"
19008,"2025-09-24",243,3,293.90,5,4,4,"5,4,4"
5090,"2025-09-24",243,2,451.17,5,4,5,"5,4,5"
3550,"2025-09-24",243,3,140.59,5,4,2,"5,4,2"
13983,"2025-09-24",243,2,239.23,5,3,3,"5,3,3"
17740,"2025-09-24",243,2,206.02,5,3,3,"5,3,3"
2365,"2025-09-24",243,1,10.67,5,1,1,"5,1,1"
5686,"2025-09-24",243,3,588.62,5,4,5,"5,4,5"
6586,"2025-09-24",243,3,318.05,5,5,4,"5,5,4"
2728,"2025-09-24",243,3,260.02,5,4,4,"5,4,4"
15185,"2025-09-24",243,2,478.93,5,4,5,"5,4,5"
3768,"2025-09-24",243,4,284.73,5,5,4,"5,5,4"
15276,"2025-09-24",243,3,113.69,5,4,2,"5,4,2"
4971,"2025-09-24",243,2,123.26,5,3,2,"5,3,2"
16798,"2025-09-24",243,2,89.05,5,3,2,"5,3,2"
8168,"2025-09-24",243,3,468.90,5,5,5,"5,5,5"
4612,"2025-09-24",243,3,593.90,5,4,5,"5,4,5"
9381,"2025-09-24",243,5,752.32,5,5,5,"5,5,5"
19018,"2025-09-24",243,1,69.59,5,1,1,"5,1,1"
9366,"2025-09-25",242,1,74.80,5,2,2,"5,2,2"
16931,"2025-09-25",242,4,443.56,5,5,5,"5,5,5"
12055,"2025-09-25",242,4,388.98,5,5,4,"5,5,4"
224,"2025-09-25",242,1,100.07,5,2,2,"5,2,2"
10590,"2025-09-25",242,4,360.02,5,5,4,"5,5,4"
7525,"2025-09-25",242,3,262.16,5,4,4,"5,4,4"
6522,"2025-09-25",242,2,194.90,5,3,3,"5,3,3"
7864,"2025-09-25",242,3,554.80,5,4,5,"5,4,5"
3643,"2025-09-25",242,1,77.85,5,2,2,"5,2,2"
14632,"2025-09-25",242,3,386.36,5,4,4,"5,4,4"
12932,"2025-09-25",242,4,383.80,5,5,4,"5,5,4"
12444,"2025-09-25",242,1,195.71,5,1,3,"5,1,3"
10843,"2025-09-25",242,5,775.91,5,5,5,"5,5,5"
6265,"2025-09-25",242,2,142.22,5,3,2,"5,3,2"
80,"2025-09-25",242,2,367.45,5,4,4,"5,4,4"
5299,"2025-09-25",242,3,371.02,5,5,4,"5,5,4"
19357,"2025-09-25",242,1,50.23,5,1,1,"5,1,1"
7762,"2025-09-25",242,2,163.64,5,3,3,"5,3,3"
99,"2025-09-26",241,4,730.92,5,5,5,"5,5,5"
17016,"2025-09-26",241,5,2101.50,5,5,5,"5,5,5"
5082,"2025-09-26",241,2,152.57,5,3,3,"5,3,3"
16163,"2025-09-26",241,2,53.33,5,2,1,"5,2,1"
10555,"2025-09-26",241,1,1182.04,5,1,5,"5,1,5"
543,"2025-09-26",241,3,168.63,5,5,3,"5,5,3"
5348,"2025-09-26",241,2,16.32,5,2,1,"5,2,1"
740,"2025-09-26",241,2,116.75,5,3,2,"5,3,2"
17606,"2025-09-26",241,3,312.38,5,5,4,"5,5,4"
1153,"2025-09-26",241,1,65.60,5,1,1,"5,1,1"
14318,"2025-09-26",241,3,371.75,5,5,4,"5,5,4"
5439,"2025-09-26",241,3,328.79,5,4,4,"5,4,4"
5199,"2025-09-26",241,5,1323.92,5,5,5,"5,5,5"
1952,"2025-09-26",241,5,574.88,5,5,5,"5,5,5"
7679,"2025-09-26",241,3,650.63,5,5,5,"5,5,5"
17863,"2025-09-26",241,2,278.35,5,3,4,"5,3,4"
291,"2025-09-26",241,2,213.03,5,3,3,"5,3,3"
14451,"2025-09-26",241,1,79.45,5,2,2,"5,2,2"
7059,"2025-09-27",240,2,121.06,5,3,2,"5,3,2"
16478,"2025-09-27",240,1,18.40,5,2,1,"5,2,1"
8911,"2025-09-27",240,3,80.29,5,5,2,"5,5,2"
18280,"2025-09-27",240,2,124.78,5,3,2,"5,3,2"
1308,"2025-09-27",240,2,359.16,5,4,4,"5,4,4"
10841,"2025-09-27",240,2,244.92,5,3,3,"5,3,3"
8455,"2025-09-27",240,1,132.26,5,2,2,"5,2,2"
158,"2025-09-27",240,1,50.38,5,1,1,"5,1,1"
7881,"2025-09-27",240,3,241.85,5,5,3,"5,5,3"
1312,"2025-09-27",240,1,13.48,5,1,1,"5,1,1"
13458,"2025-09-28",239,2,85.76,5,3,2,"5,3,2"
17050,"2025-09-28",239,3,314.72,5,5,4,"5,5,4"
495,"2025-09-28",239,5,345.51,5,5,4,"5,5,4"
14008,"2025-09-28",239,5,289.33,5,5,4,"5,5,4"
10878,"2025-09-28",239,5,323.52,5,5,4,"5,5,4"
2630,"2025-09-28",239,3,92.45,5,5,2,"5,5,2"
451,"2025-09-28",239,3,380.81,5,5,4,"5,5,4"
838,"2025-09-28",239,3,616.83,5,4,5,"5,4,5"
11357,"2025-09-28",239,2,132.94,5,3,2,"5,3,2"
16630,"2025-09-28",239,2,34.73,5,2,1,"5,2,1"
4109,"2025-09-28",239,4,736.77,5,5,5,"5,5,5"
4970,"2025-09-28",239,2,177.86,5,3,3,"5,3,3"
10176,"2025-09-28",239,2,175.80,5,3,3,"5,3,3"
11342,"2025-09-28",239,4,462.32,5,5,5,"5,5,5"
1136,"2025-09-28",239,1,52.94,5,1,1,"5,1,1"
5596,"2025-09-28",239,2,192.67,5,3,3,"5,3,3"
10522,"2025-09-28",239,3,152.88,5,4,3,"5,4,3"
5318,"2025-09-28",239,3,484.72,5,5,5,"5,5,5"
10620,"2025-09-28",239,2,233.54,5,3,3,"5,3,3"
14382,"2025-09-28",239,4,703.67,5,5,5,"5,5,5"
345,"2025-09-28",239,2,620.09,5,4,5,"5,4,5"
11553,"2025-09-28",239,3,733.71,5,4,5,"5,4,5"
11507,"2025-09-28",239,2,381.42,5,4,4,"5,4,4"
1652,"2025-09-29",238,3,307.80,5,5,4,"5,5,4"
11407,"2025-09-29",238,2,91.60,5,3,2,"5,3,2"
17425,"2025-09-29",238,2,588.97,5,4,5,"5,4,5"
15435,"2025-09-29",238,5,1636.67,5,5,5,"5,5,5"
9989,"2025-09-29",238,3,167.75,5,5,3,"5,5,3"
15315,"2025-09-29",238,1,426.85,5,2,4,"5,2,4"
16199,"2025-09-29",238,2,163.61,5,3,3,"5,3,3"
1220,"2025-09-29",238,4,206.36,5,5,3,"5,5,3"
2773,"2025-09-29",238,1,162.41,5,1,3,"5,1,3"
5395,"2025-09-29",238,2,212.87,5,3,3,"5,3,3"
12082,"2025-09-29",238,4,955.71,5,5,5,"5,5,5"
8362,"2025-09-29",238,3,301.57,5,4,4,"5,4,4"
11587,"2025-09-29",238,3,721.06,5,4,5,"5,4,5"
12941,"2025-09-29",238,2,120.39,5,3,2,"5,3,2"
2111,"2025-09-29",238,1,255.85,5,1,3,"5,1,3"
11166,"2025-09-29",238,1,211.73,5,1,3,"5,1,3"
222,"2025-09-29",238,2,108.74,5,3,2,"5,3,2"
7613,"2025-09-30",237,1,148.95,5,1,2,"5,1,2"
12512,"2025-09-30",237,2,290.87,5,4,4,"5,4,4"
15967,"2025-09-30",237,1,75.78,5,2,2,"5,2,2"
8077,"2025-09-30",237,3,234.17,5,5,3,"5,5,3"
5991,"2025-09-30",237,2,260.81,5,3,4,"5,3,4"
3170,"2025-09-30",237,2,251.92,5,3,3,"5,3,3"
3597,"2025-09-30",237,2,120.26,5,3,2,"5,3,2"
4497,"2025-09-30",237,5,407.55,5,5,4,"5,5,4"
998,"2025-09-30",237,2,154.48,5,3,3,"5,3,3"
15663,"2025-09-30",237,4,403.11,5,5,4,"5,5,4"
9558,"2025-09-30",237,2,142.87,5,3,2,"5,3,2"
7420,"2025-09-30",237,3,787.10,5,4,5,"5,4,5"
46,"2025-09-30",237,2,72.24,5,3,1,"5,3,1"
18353,"2025-10-01",236,3,148.78,5,4,2,"5,4,2"
2283,"2025-10-01",236,2,249.67,5,3,3,"5,3,3"
2943,"2025-10-01",236,1,307.60,5,1,4,"5,1,4"
11260,"2025-10-01",236,2,168.65,5,3,3,"5,3,3"
11327,"2025-10-01",236,1,126.51,5,2,2,"5,2,2"
1138,"2025-10-01",236,1,225.11,5,1,3,"5,1,3"
6587,"2025-10-01",236,2,652.16,5,4,5,"5,4,5"
9997,"2025-10-01",236,1,6.51,5,2,1,"5,2,1"
662,"2025-10-01",236,4,244.03,5,5,3,"5,5,3"
2981,"2025-10-01",236,2,236.92,5,3,3,"5,3,3"
8645,"2025-10-01",236,2,646.83,5,4,5,"5,4,5"
6361,"2025-10-01",236,1,122.51,5,2,2,"5,2,2"
17367,"2025-10-01",236,4,623.18,5,5,5,"5,5,5"
8499,"2025-10-01",236,4,518.18,5,5,5,"5,5,5"
10267,"2025-10-01",236,2,556.98,5,4,5,"5,4,5"
117,"2025-10-01",236,5,1355.84,5,5,5,"5,5,5"
9919,"2025-10-01",236,3,289.68,5,4,4,"5,4,4"
3706,"2025-10-01",236,4,532.70,5,5,5,"5,5,5"
12654,"2025-10-02",235,5,538.59,5,5,5,"5,5,5"
275,"2025-10-02",235,2,169.07,5,3,3,"5,3,3"
17577,"2025-10-02",235,2,167.76,5,3,3,"5,3,3"
16605,"2025-10-02",235,4,622.13,5,5,5,"5,5,5"
11091,"2025-10-02",235,3,235.66,5,5,3,"5,5,3"
7007,"2025-10-02",235,5,995.38,5,5,5,"5,5,5"
6368,"2025-10-02",235,2,295.85,5,4,4,"5,4,4"
16786,"2025-10-02",235,5,567.34,5,5,5,"5,5,5"
17233,"2025-10-02",235,5,725.70,5,5,5,"5,5,5"
9425,"2025-10-02",235,1,34.02,5,2,1,"5,2,1"
11040,"2025-10-02",235,3,559.43,5,4,5,"5,4,5"
810,"2025-10-02",235,4,493.05,5,5,5,"5,5,5"
1875,"2025-10-02",235,1,378.48,5,1,4,"5,1,4"
692,"2025-10-02",235,3,298.52,5,4,4,"5,4,4"
6123,"2025-10-03",234,3,99.54,5,5,2,"5,5,2"
16867,"2025-10-03",234,5,487.82,5,5,5,"5,5,5"
14540,"2025-10-03",234,6,1426.96,5,5,5,"5,5,5"
8841,"2025-10-03",234,3,400.51,5,4,4,"5,4,4"
7447,"2025-10-03",234,1,123.94,5,2,2,"5,2,2"
14790,"2025-10-03",234,1,232.65,5,1,3,"5,1,3"
4243,"2025-10-03",234,4,256.63,5,5,3,"5,5,3"
3172,"2025-10-03",234,3,59.76,5,4,1,"5,4,1"
19772,"2025-10-04",233,2,699.09,5,4,5,"5,4,5"
19643,"2025-10-04",233,4,1234.32,5,5,5,"5,5,5"
1772,"2025-10-04",233,6,981.85,5,5,5,"5,5,5"
15354,"2025-10-04",233,2,88.34,5,3,2,"5,3,2"
18200,"2025-10-04",233,3,239.56,5,5,3,"5,5,3"
16299,"2025-10-04",233,4,695.61,5,5,5,"5,5,5"
9137,"2025-10-04",233,2,285.43,5,4,4,"5,4,4"
12460,"2025-10-04",233,1,58.09,5,1,1,"5,1,1"
12227,"2025-10-04",233,3,513.17,5,5,5,"5,5,5"
11749,"2025-10-04",233,4,294.80,5,5,4,"5,5,4"
3104,"2025-10-04",233,2,244.60,5,3,3,"5,3,3"
14939,"2025-10-04",233,1,133.02,5,2,2,"5,2,2"
270,"2025-10-04",233,2,321.34,5,4,4,"5,4,4"
19907,"2025-10-04",233,2,257.78,5,3,4,"5,3,4"
5287,"2025-10-04",233,2,83.04,5,3,2,"5,3,2"
4536,"2025-10-04",233,3,431.19,5,5,5,"5,5,5"
3196,"2025-10-04",233,3,149.39,5,4,2,"5,4,2"
4944,"2025-10-04",233,1,35.02,5,2,1,"5,2,1"
4346,"2025-10-04",233,1,15.06,5,1,1,"5,1,1"
7177,"2025-10-04",233,3,105.96,5,4,2,"5,4,2"
18154,"2025-10-04",233,3,337.97,5,5,4,"5,5,4"
11013,"2025-10-04",233,2,74.86,5,3,2,"5,3,2"
8122,"2025-10-04",233,2,287.88,5,4,4,"5,4,4"
19097,"2025-10-05",232,3,616.12,5,4,5,"5,4,5"
13755,"2025-10-05",232,4,317.24,5,5,4,"5,5,4"
11978,"2025-10-05",232,1,10.60,5,1,1,"5,1,1"
5716,"2025-10-05",232,3,880.88,5,5,5,"5,5,5"
3546,"2025-10-05",232,3,505.45,5,5,5,"5,5,5"
12190,"2025-10-05",232,3,442.50,5,5,5,"5,5,5"
13066,"2025-10-05",232,1,108.00,5,2,2,"5,2,2"
1254,"2025-10-05",232,2,305.42,5,4,4,"5,4,4"
10689,"2025-10-05",232,4,888.33,5,5,5,"5,5,5"
7940,"2025-10-05",232,2,270.69,5,3,4,"5,3,4"
8227,"2025-10-05",232,3,764.79,5,4,5,"5,4,5"
11259,"2025-10-05",232,4,442.74,5,5,5,"5,5,5"
18920,"2025-10-05",232,1,192.17,5,1,3,"5,1,3"
11434,"2025-10-05",232,2,216.81,5,3,3,"5,3,3"
6239,"2025-10-05",232,1,189.61,5,1,3,"5,1,3"
12602,"2025-10-05",232,1,49.44,5,1,1,"5,1,1"
5671,"2025-10-06",231,5,261.73,5,5,4,"5,5,4"
5837,"2025-10-06",231,2,638.76,5,4,5,"5,4,5"
14439,"2025-10-06",231,4,1004.07,5,5,5,"5,5,5"
17952,"2025-10-06",231,4,484.56,5,5,5,"5,5,5"
10827,"2025-10-06",231,5,470.34,5,5,5,"5,5,5"
14721,"2025-10-06",231,4,672.45,5,5,5,"5,5,5"
8930,"2025-10-06",231,2,234.68,5,3,3,"5,3,3"
14816,"2025-10-06",231,6,646.18,5,5,5,"5,5,5"
15078,"2025-10-06",231,2,45.53,5,2,1,"5,2,1"
8322,"2025-10-06",231,2,1018.25,5,4,5,"5,4,5"
704,"2025-10-06",231,1,161.42,5,1,3,"5,1,3"
3116,"2025-10-06",231,6,918.38,5,5,5,"5,5,5"
1605,"2025-10-06",231,1,87.50,5,2,2,"5,2,2"
11654,"2025-10-06",231,3,162.95,5,5,3,"5,5,3"
4355,"2025-10-06",231,1,28.94,5,2,1,"5,2,1"
1869,"2025-10-06",231,2,259.20,5,3,4,"5,3,4"
735,"2025-10-06",231,1,41.32,5,1,1,"5,1,1"
12856,"2025-10-06",231,1,205.51,5,1,3,"5,1,3"
15686,"2025-10-07",230,1,425.69,5,2,4,"5,2,4"
4275,"2025-10-07",230,2,171.00,5,3,3,"5,3,3"
2367,"2025-10-07",230,4,150.37,5,5,2,"5,5,2"
9963,"2025-10-07",230,4,850.00,5,5,5,"5,5,5"
3039,"2025-10-07",230,2,357.61,5,4,4,"5,4,4"
19249,"2025-10-07",230,2,660.31,5,4,5,"5,4,5"
18094,"2025-10-07",230,6,364.86,5,5,4,"5,5,4"
17860,"2025-10-07",230,2,122.60,5,3,2,"5,3,2"
16722,"2025-10-07",230,2,27.57,5,2,1,"5,2,1"
7951,"2025-10-07",230,3,684.11,5,5,5,"5,5,5"
13431,"2025-10-07",230,4,275.21,5,5,4,"5,5,4"
4776,"2025-10-07",230,1,262.57,5,1,4,"5,1,4"
10724,"2025-10-07",230,1,50.89,5,1,1,"5,1,1"
8576,"2025-10-07",230,3,283.52,5,4,4,"5,4,4"
2239,"2025-10-07",230,3,459.62,5,5,5,"5,5,5"
5727,"2025-10-07",230,3,137.97,5,4,2,"5,4,2"
1887,"2025-10-08",229,2,196.39,5,3,3,"5,3,3"
6837,"2025-10-08",229,2,156.21,5,3,3,"5,3,3"
5036,"2025-10-08",229,1,221.28,5,1,3,"5,1,3"
9796,"2025-10-08",229,3,522.19,5,5,5,"5,5,5"
1082,"2025-10-08",229,2,208.82,5,3,3,"5,3,3"
16843,"2025-10-08",229,2,371.87,5,4,4,"5,4,4"
8359,"2025-10-08",229,2,98.61,5,3,2,"5,3,2"
1847,"2025-10-08",229,2,190.88,5,3,3,"5,3,3"
13260,"2025-10-08",229,3,493.20,5,5,5,"5,5,5"
17478,"2025-10-08",229,3,303.34,5,4,4,"5,4,4"
11417,"2025-10-08",229,1,272.63,5,1,4,"5,1,4"
8745,"2025-10-08",229,2,217.24,5,3,3,"5,3,3"
15937,"2025-10-09",228,2,540.31,5,4,5,"5,4,5"
18143,"2025-10-09",228,3,238.79,5,5,3,"5,5,3"
11037,"2025-10-09",228,2,171.04,5,3,3,"5,3,3"
5080,"2025-10-09",228,2,227.82,5,3,3,"5,3,3"
9676,"2025-10-09",228,1,61.55,5,1,1,"5,1,1"
9327,"2025-10-09",228,2,155.16,5,3,3,"5,3,3"
475,"2025-10-09",228,4,785.36,5,5,5,"5,5,5"
15334,"2025-10-09",228,2,602.74,5,4,5,"5,4,5"
2345,"2025-10-09",228,6,845.67,5,5,5,"5,5,5"
16773,"2025-10-09",228,6,440.84,5,5,5,"5,5,5"
7544,"2025-10-09",228,2,189.32,5,3,3,"5,3,3"
16568,"2025-10-09",228,4,493.86,5,5,5,"5,5,5"
11517,"2025-10-09",228,5,391.41,5,5,4,"5,5,4"
1284,"2025-10-09",228,2,145.33,5,3,2,"5,3,2"
17366,"2025-10-09",228,1,48.40,5,1,1,"5,1,1"
6654,"2025-10-09",228,3,177.40,5,5,3,"5,5,3"
10641,"2025-10-10",227,3,345.81,5,5,4,"5,5,4"
17601,"2025-10-10",227,4,222.42,5,5,3,"5,5,3"
17783,"2025-10-10",227,3,232.77,5,5,3,"5,5,3"
7983,"2025-10-10",227,5,498.58,5,5,5,"5,5,5"
3551,"2025-10-10",227,2,27.55,5,2,1,"5,2,1"
11298,"2025-10-10",227,1,200.87,5,1,3,"5,1,3"
5697,"2025-10-10",227,2,299.10,5,4,4,"5,4,4"
13364,"2025-10-10",227,3,296.30,5,4,4,"5,4,4"
5722,"2025-10-10",227,1,86.31,5,2,2,"5,2,2"
1553,"2025-10-10",227,4,415.49,5,5,4,"5,5,4"
434,"2025-10-10",227,1,207.64,5,1,3,"5,1,3"
15462,"2025-10-10",227,1,149.98,5,1,2,"5,1,2"
4036,"2025-10-10",227,1,125.11,5,2,2,"5,2,2"
9104,"2025-10-10",227,3,183.14,5,5,3,"5,5,3"
866,"2025-10-10",227,4,734.43,5,5,5,"5,5,5"
9505,"2025-10-10",227,3,563.86,5,4,5,"5,4,5"
5916,"2025-10-10",227,2,190.57,5,3,3,"5,3,3"
5519,"2025-10-11",226,2,108.78,5,3,2,"5,3,2"
2313,"2025-10-11",226,3,259.89,5,4,4,"5,4,4"
1299,"2025-10-11",226,2,163.62,5,3,3,"5,3,3"
15506,"2025-10-11",226,3,105.98,5,4,2,"5,4,2"
16512,"2025-10-11",226,3,453.68,5,5,5,"5,5,5"
18549,"2025-10-11",226,5,554.79,5,5,5,"5,5,5"
5614,"2025-10-11",226,1,386.49,5,1,4,"5,1,4"
11786,"2025-10-11",226,1,236.63,5,1,3,"5,1,3"
4051,"2025-10-11",226,2,45.53,5,2,1,"5,2,1"
3156,"2025-10-11",226,1,110.37,5,2,2,"5,2,2"
2645,"2025-10-11",226,3,834.92,5,5,5,"5,5,5"
17369,"2025-10-11",226,2,38.85,5,2,1,"5,2,1"
2125,"2025-10-11",226,2,141.66,5,3,2,"5,3,2"
12195,"2025-10-11",226,3,135.76,5,5,2,"5,5,2"
2419,"2025-10-11",226,2,461.22,5,4,5,"5,4,5"
11470,"2025-10-11",226,5,428.47,5,5,4,"5,5,4"
2971,"2025-10-12",225,5,1159.20,5,5,5,"5,5,5"
3073,"2025-10-12",225,4,195.33,5,5,3,"5,5,3"
7245,"2025-10-12",225,4,1092.71,5,5,5,"5,5,5"
12871,"2025-10-12",225,2,70.77,5,3,1,"5,3,1"
9464,"2025-10-12",225,3,162.85,5,5,3,"5,5,3"
8276,"2025-10-12",225,3,124.24,5,5,2,"5,5,2"
18827,"2025-10-12",225,5,291.11,5,5,4,"5,5,4"
5921,"2025-10-12",225,2,108.98,5,3,2,"5,3,2"
7817,"2025-10-12",225,1,138.36,5,2,2,"5,2,2"
3342,"2025-10-12",225,2,178.53,5,3,3,"5,3,3"
12230,"2025-10-12",225,1,241.57,5,1,3,"5,1,3"
17403,"2025-10-12",225,1,24.78,5,2,1,"5,2,1"
15220,"2025-10-12",225,2,396.54,5,4,4,"5,4,4"
12052,"2025-10-12",225,2,244.19,5,3,3,"5,3,3"
1193,"2025-10-12",225,3,391.19,5,4,4,"5,4,4"
16114,"2025-10-12",225,6,926.92,5,5,5,"5,5,5"
9757,"2025-10-12",225,4,624.84,5,5,5,"5,5,5"
5106,"2025-10-12",225,1,50.01,5,1,1,"5,1,1"
5061,"2025-10-13",224,3,174.20,5,4,3,"5,4,3"
3782,"2025-10-13",224,1,13.68,5,1,1,"5,1,1"
2561,"2025-10-13",224,3,1146.99,5,5,5,"5,5,5"
15022,"2025-10-13",224,2,625.91,5,4,5,"5,4,5"
2736,"2025-10-13",224,2,132.81,5,3,2,"5,3,2"
14980,"2025-10-13",224,2,72.45,5,3,1,"5,3,1"
7074,"2025-10-13",224,2,224.77,5,3,3,"5,3,3"
11586,"2025-10-13",224,6,347.71,5,5,4,"5,5,4"
5718,"2025-10-13",224,1,32.47,5,2,1,"5,2,1"
8129,"2025-10-13",224,1,195.66,5,1,3,"5,1,3"
7502,"2025-10-13",224,3,132.63,5,5,2,"5,5,2"
17114,"2025-10-13",224,1,349.35,5,1,4,"5,1,4"
10183,"2025-10-13",224,1,27.10,5,2,1,"5,2,1"
1530,"2025-10-13",224,4,425.82,5,5,4,"5,5,4"
11932,"2025-10-14",223,3,240.11,5,5,3,"5,5,3"
9145,"2025-10-14",223,3,406.88,5,4,4,"5,4,4"
19635,"2025-10-14",223,3,203.56,5,4,3,"5,4,3"
3417,"2025-10-14",223,3,220.68,5,5,3,"5,5,3"
426,"2025-10-14",223,2,305.43,5,4,4,"5,4,4"
6202,"2025-10-14",223,2,185.78,5,3,3,"5,3,3"
12084,"2025-10-14",223,3,155.18,5,5,3,"5,5,3"
10988,"2025-10-14",223,3,358.97,5,4,4,"5,4,4"
3410,"2025-10-14",223,2,278.52,5,3,4,"5,3,4"
16748,"2025-10-14",223,1,301.69,5,1,4,"5,1,4"
10514,"2025-10-14",223,4,369.52,5,5,4,"5,5,4"
13918,"2025-10-14",223,1,49.92,5,1,1,"5,1,1"
15375,"2025-10-14",223,3,173.97,5,4,3,"5,4,3"
498,"2025-10-14",223,5,941.15,5,5,5,"5,5,5"
15371,"2025-10-14",223,3,709.94,5,5,5,"5,5,5"
18706,"2025-10-15",222,1,200.87,5,1,3,"5,1,3"
3154,"2025-10-15",222,1,151.80,5,1,3,"5,1,3"
9118,"2025-10-15",222,6,729.67,5,5,5,"5,5,5"
15621,"2025-10-15",222,2,352.11,5,4,4,"5,4,4"
12223,"2025-10-15",222,4,383.75,5,5,4,"5,5,4"
6024,"2025-10-15",222,1,607.66,5,2,5,"5,2,5"
3819,"2025-10-15",222,1,102.97,5,2,2,"5,2,2"
16943,"2025-10-15",222,4,476.72,5,5,5,"5,5,5"
2404,"2025-10-15",222,1,116.15,5,2,2,"5,2,2"
5304,"2025-10-15",222,4,364.24,5,5,4,"5,5,4"
745,"2025-10-15",222,3,979.65,5,4,5,"5,4,5"
10677,"2025-10-15",222,1,64.87,5,1,1,"5,1,1"
11941,"2025-10-15",222,5,478.41,5,5,5,"5,5,5"
14798,"2025-10-15",222,4,651.55,5,5,5,"5,5,5"
15291,"2025-10-15",222,5,573.87,5,5,5,"5,5,5"
3664,"2025-10-16",221,2,239.94,5,3,3,"5,3,3"
6625,"2025-10-16",221,2,138.78,5,3,2,"5,3,2"
5925,"2025-10-16",221,3,681.29,5,4,5,"5,4,5"
9116,"2025-10-16",221,3,213.34,5,4,3,"5,4,3"
1348,"2025-10-16",221,4,462.02,5,5,5,"5,5,5"
13123,"2025-10-16",221,1,265.06,5,1,4,"5,1,4"
13801,"2025-10-16",221,1,52.52,5,1,1,"5,1,1"
3522,"2025-10-16",221,3,1106.28,5,4,5,"5,4,5"
12251,"2025-10-17",220,1,117.42,5,2,2,"5,2,2"
18412,"2025-10-17",220,3,180.95,5,5,3,"5,5,3"
17965,"2025-10-17",220,7,675.31,5,5,5,"5,5,5"
13154,"2025-10-17",220,3,558.89,5,4,5,"5,4,5"
18926,"2025-10-17",220,3,493.36,5,5,5,"5,5,5"
19492,"2025-10-17",220,4,516.65,5,5,5,"5,5,5"
17149,"2025-10-17",220,2,167.85,5,3,3,"5,3,3"
2860,"2025-10-17",220,2,122.53,5,3,2,"5,3,2"
16677,"2025-10-17",220,3,242.47,5,5,3,"5,5,3"
17523,"2025-10-17",220,2,45.96,5,2,1,"5,2,1"
7277,"2025-10-17",220,3,288.13,5,4,4,"5,4,4"
13278,"2025-10-17",220,4,657.46,5,5,5,"5,5,5"
17495,"2025-10-17",220,1,58.77,5,1,1,"5,1,1"
15681,"2025-10-17",220,3,588.75,5,4,5,"5,4,5"
5200,"2025-10-17",220,3,459.50,5,5,5,"5,5,5"
143,"2025-10-17",220,3,409.48,5,4,4,"5,4,4"
1203,"2025-10-17",220,1,100.88,5,2,2,"5,2,2"
2538,"2025-10-17",220,4,363.00,5,5,4,"5,5,4"
5732,"2025-10-17",220,3,447.46,5,5,5,"5,5,5"
19353,"2025-10-17",220,1,38.32,5,2,1,"5,2,1"
3998,"2025-10-18",219,4,622.02,5,5,5,"5,5,5"
11489,"2025-10-18",219,3,133.52,5,5,2,"5,5,2"
17330,"2025-10-18",219,3,384.19,5,4,4,"5,4,4"
3423,"2025-10-18",219,3,612.90,5,4,5,"5,4,5"
9223,"2025-10-18",219,1,61.39,5,1,1,"5,1,1"
148,"2025-10-18",219,1,224.01,5,1,3,"5,1,3"
19597,"2025-10-18",219,3,688.24,5,5,5,"5,5,5"
15197,"2025-10-18",219,2,61.05,5,3,1,"5,3,1"
15921,"2025-10-18",219,5,692.61,5,5,5,"5,5,5"
15769,"2025-10-18",219,1,71.20,5,1,1,"5,1,1"
7167,"2025-10-18",219,3,1032.48,5,5,5,"5,5,5"
14526,"2025-10-18",219,2,172.13,5,3,3,"5,3,3"
18272,"2025-10-18",219,2,238.48,5,3,3,"5,3,3"
10268,"2025-10-19",218,3,360.60,5,4,4,"5,4,4"
16366,"2025-10-19",218,4,472.42,5,5,5,"5,5,5"
18306,"2025-10-19",218,3,221.19,5,5,3,"5,5,3"
1494,"2025-10-19",218,2,161.42,5,3,3,"5,3,3"
8675,"2025-10-19",218,2,296.12,5,4,4,"5,4,4"
16519,"2025-10-19",218,2,102.94,5,3,2,"5,3,2"
7867,"2025-10-19",218,1,94.31,5,2,2,"5,2,2"
13779,"2025-10-19",218,2,300.50,5,4,4,"5,4,4"
336,"2025-10-19",218,3,546.58,5,4,5,"5,4,5"
8759,"2025-10-19",218,2,270.28,5,3,4,"5,3,4"
14895,"2025-10-19",218,2,93.05,5,3,2,"5,3,2"
14754,"2025-10-19",218,1,64.73,5,1,1,"5,1,1"
18925,"2025-10-19",218,1,190.01,5,1,3,"5,1,3"
4726,"2025-10-19",218,5,745.12,5,5,5,"5,5,5"
6144,"2025-10-19",218,4,860.85,5,5,5,"5,5,5"
9790,"2025-10-20",217,2,94.23,5,3,2,"5,3,2"
7529,"2025-10-20",217,3,262.79,5,4,4,"5,4,4"
11685,"2025-10-20",217,5,977.63,5,5,5,"5,5,5"
8127,"2025-10-20",217,2,437.98,5,4,5,"5,4,5"
6942,"2025-10-20",217,1,48.06,5,1,1,"5,1,1"
17422,"2025-10-20",217,2,256.66,5,3,3,"5,3,3"
3054,"2025-10-20",217,2,58.84,5,3,1,"5,3,1"
7740,"2025-10-20",217,4,414.87,5,5,4,"5,5,4"
14954,"2025-10-20",217,2,243.68,5,3,3,"5,3,3"
417,"2025-10-20",217,2,183.79,5,3,3,"5,3,3"
5525,"2025-10-20",217,2,364.85,5,4,4,"5,4,4"
6475,"2025-10-20",217,3,293.24,5,4,4,"5,4,4"
15653,"2025-10-21",216,2,143.82,5,3,2,"5,3,2"
1365,"2025-10-21",216,1,95.16,5,2,2,"5,2,2"
5785,"2025-10-21",216,2,153.81,5,3,3,"5,3,3"
14283,"2025-10-21",216,4,975.86,5,5,5,"5,5,5"
6854,"2025-10-21",216,3,360.28,5,4,4,"5,4,4"
13552,"2025-10-21",216,3,556.38,5,4,5,"5,4,5"
12415,"2025-10-21",216,2,498.78,5,4,5,"5,4,5"
15833,"2025-10-21",216,3,951.09,5,4,5,"5,4,5"
11374,"2025-10-21",216,3,316.26,5,5,4,"5,5,4"
7605,"2025-10-21",216,1,120.98,5,2,2,"5,2,2"
508,"2025-10-21",216,2,502.09,5,4,5,"5,4,5"
16008,"2025-10-21",216,4,444.85,5,5,5,"5,5,5"
9335,"2025-10-21",216,4,898.52,5,5,5,"5,5,5"
12334,"2025-10-21",216,1,779.60,5,2,5,"5,2,5"
17133,"2025-10-21",216,2,233.90,5,3,3,"5,3,3"
4795,"2025-10-21",216,6,593.74,5,5,5,"5,5,5"
9677,"2025-10-21",216,2,100.81,5,3,2,"5,3,2"
6861,"2025-10-21",216,2,139.54,5,3,2,"5,3,2"
12765,"2025-10-22",215,2,268.90,5,3,4,"5,3,4"
11253,"2025-10-22",215,5,804.78,5,5,5,"5,5,5"
2718,"2025-10-22",215,2,117.16,5,3,2,"5,3,2"
10351,"2025-10-22",215,2,296.13,5,4,4,"5,4,4"
2707,"2025-10-22",215,4,596.59,5,5,5,"5,5,5"
1167,"2025-10-22",215,3,484.12,5,5,5,"5,5,5"
19150,"2025-10-22",215,3,671.10,5,4,5,"5,4,5"
14594,"2025-10-22",215,2,258.20,5,3,4,"5,3,4"
4738,"2025-10-22",215,3,104.97,5,4,2,"5,4,2"
18651,"2025-10-22",215,2,329.65,5,4,4,"5,4,4"
16090,"2025-10-22",215,3,257.83,5,4,4,"5,4,4"
18860,"2025-10-22",215,1,279.92,5,1,4,"5,1,4"
14189,"2025-10-22",215,2,35.97,5,2,1,"5,2,1"
6116,"2025-10-22",215,3,182.09,5,5,3,"5,5,3"
19910,"2025-10-22",215,1,121.74,5,2,2,"5,2,2"
10959,"2025-10-22",215,2,27.67,5,2,1,"5,2,1"
18973,"2025-10-22",215,4,286.97,5,5,4,"5,5,4"
16374,"2025-10-23",214,3,204.17,5,4,3,"5,4,3"
16908,"2025-10-23",214,2,98.97,5,3,2,"5,3,2"
12952,"2025-10-23",214,3,262.95,5,4,4,"5,4,4"
8800,"2025-10-23",214,2,229.53,5,3,3,"5,3,3"
15971,"2025-10-23",214,3,104.68,5,4,2,"5,4,2"
10050,"2025-10-23",214,3,698.42,5,5,5,"5,5,5"
1007,"2025-10-23",214,4,713.36,5,5,5,"5,5,5"
1805,"2025-10-23",214,2,286.82,5,4,4,"5,4,4"
12062,"2025-10-23",214,2,236.07,5,3,3,"5,3,3"
19891,"2025-10-23",214,4,385.35,5,5,4,"5,5,4"
11779,"2025-10-23",214,2,500.44,5,4,5,"5,4,5"
14755,"2025-10-23",214,2,114.89,5,3,2,"5,3,2"
18778,"2025-10-23",214,2,287.68,5,4,4,"5,4,4"
15250,"2025-10-23",214,1,131.11,5,2,2,"5,2,2"
15093,"2025-10-23",214,4,395.20,5,5,4,"5,5,4"
15489,"2025-10-23",214,2,206.85,5,3,3,"5,3,3"
4752,"2025-10-23",214,2,364.67,5,4,4,"5,4,4"
17440,"2025-10-23",214,1,43.89,5,1,1,"5,1,1"
4145,"2025-10-23",214,4,318.33,5,5,4,"5,5,4"
2571,"2025-10-23",214,4,976.63,5,5,5,"5,5,5"
9984,"2025-10-23",214,3,222.65,5,5,3,"5,5,3"
18341,"2025-10-23",214,4,226.14,5,5,3,"5,5,3"
18966,"2025-10-24",213,1,70.43,5,1,1,"5,1,1"
12611,"2025-10-24",213,2,418.81,5,4,4,"5,4,4"
1973,"2025-10-24",213,5,675.28,5,5,5,"5,5,5"
19125,"2025-10-24",213,4,187.00,5,5,3,"5,5,3"
15027,"2025-10-24",213,2,197.35,5,3,3,"5,3,3"
4988,"2025-10-24",213,2,274.31,5,3,4,"5,3,4"
18941,"2025-10-24",213,2,267.07,5,3,4,"5,3,4"
4831,"2025-10-24",213,2,430.64,5,4,5,"5,4,5"
4598,"2025-10-24",213,2,182.00,5,3,3,"5,3,3"
9825,"2025-10-24",213,2,122.80,5,3,2,"5,3,2"
8458,"2025-10-24",213,2,88.74,5,3,2,"5,3,2"
7685,"2025-10-24",213,2,264.89,5,3,4,"5,3,4"
7446,"2025-10-24",213,1,132.77,5,2,2,"5,2,2"
10137,"2025-10-24",213,2,185.59,5,3,3,"5,3,3"
2769,"2025-10-24",213,4,1318.67,5,5,5,"5,5,5"
17423,"2025-10-24",213,5,269.06,5,5,4,"5,5,4"
3003,"2025-10-24",213,2,158.54,5,3,3,"5,3,3"
2175,"2025-10-24",213,3,239.42,5,5,3,"5,5,3"
847,"2025-10-25",212,5,1335.73,5,5,5,"5,5,5"
2108,"2025-10-25",212,3,360.00,5,4,4,"5,4,4"
5509,"2025-10-25",212,2,252.21,5,3,3,"5,3,3"
1777,"2025-10-25",212,2,108.71,5,3,2,"5,3,2"
9588,"2025-10-25",212,2,280.48,5,3,4,"5,3,4"
7993,"2025-10-25",212,4,557.87,5,5,5,"5,5,5"
7400,"2025-10-25",212,2,185.77,5,3,3,"5,3,3"
5814,"2025-10-25",212,2,385.23,5,4,4,"5,4,4"
9903,"2025-10-25",212,1,71.51,5,1,1,"5,1,1"
3192,"2025-10-25",212,2,208.69,5,3,3,"5,3,3"
3767,"2025-10-25",212,2,89.21,5,3,2,"5,3,2"
2253,"2025-10-25",212,2,583.48,5,4,5,"5,4,5"
4491,"2025-10-25",212,5,605.07,5,5,5,"5,5,5"
4336,"2025-10-25",212,1,114.98,5,2,2,"5,2,2"
983,"2025-10-25",212,1,28.70,5,2,1,"5,2,1"
16339,"2025-10-25",212,5,518.30,5,5,5,"5,5,5"
4547,"2025-10-26",211,2,496.95,5,4,5,"5,4,5"
9781,"2025-10-26",211,2,154.63,5,3,3,"5,3,3"
9946,"2025-10-26",211,6,641.59,5,5,5,"5,5,5"
13622,"2025-10-26",211,4,756.76,5,5,5,"5,5,5"
10884,"2025-10-26",211,3,629.42,5,5,5,"5,5,5"
1902,"2025-10-26",211,3,282.87,5,4,4,"5,4,4"
1392,"2025-10-26",211,1,26.39,5,2,1,"5,2,1"
7260,"2025-10-26",211,2,65.84,5,3,1,"5,3,1"
6190,"2025-10-26",211,4,384.64,5,5,4,"5,5,4"
1780,"2025-10-26",211,4,632.47,5,5,5,"5,5,5"
8395,"2025-10-26",211,2,165.44,5,3,3,"5,3,3"
18923,"2025-10-26",211,3,761.60,5,4,5,"5,4,5"
7435,"2025-10-26",211,5,641.58,5,5,5,"5,5,5"
6150,"2025-10-26",211,1,522.28,5,2,5,"5,2,5"
17448,"2025-10-26",211,3,297.11,5,4,4,"5,4,4"
1851,"2025-10-26",211,3,354.34,5,4,4,"5,4,4"
11167,"2025-10-27",210,3,436.29,5,5,5,"5,5,5"
17222,"2025-10-27",210,4,870.77,5,5,5,"5,5,5"
10868,"2025-10-27",210,1,98.46,5,2,2,"5,2,2"
7431,"2025-10-27",210,2,139.55,5,3,2,"5,3,2"
13529,"2025-10-27",210,3,385.72,5,4,4,"5,4,4"
3512,"2025-10-27",210,3,327.70,5,4,4,"5,4,4"
8662,"2025-10-27",210,4,523.12,5,5,5,"5,5,5"
13307,"2025-10-27",210,4,511.95,5,5,5,"5,5,5"
1260,"2025-10-27",210,1,320.59,5,1,4,"5,1,4"
10117,"2025-10-27",210,3,96.59,5,4,2,"5,4,2"
7470,"2025-10-27",210,2,150.02,5,3,2,"5,3,2"
4474,"2025-10-27",210,1,7.67,5,1,1,"5,1,1"
14563,"2025-10-28",209,2,139.87,5,3,2,"5,3,2"
2974,"2025-10-28",209,5,1321.21,5,5,5,"5,5,5"
19528,"2025-10-28",209,4,435.64,5,5,5,"5,5,5"
10294,"2025-10-28",209,6,950.69,5,5,5,"5,5,5"
6201,"2025-10-28",209,2,790.03,5,4,5,"5,4,5"
14,"2025-10-28",209,3,380.89,5,5,4,"5,5,4"
10993,"2025-10-28",209,3,279.20,5,4,4,"5,4,4"
19695,"2025-10-28",209,3,263.02,5,4,4,"5,4,4"
13832,"2025-10-28",209,1,461.18,5,2,5,"5,2,5"
12999,"2025-10-28",209,3,210.61,5,4,3,"5,4,3"
1940,"2025-10-28",209,1,152.03,5,1,3,"5,1,3"
18524,"2025-10-28",209,4,1230.86,5,5,5,"5,5,5"
1808,"2025-10-28",209,3,699.52,5,5,5,"5,5,5"
18550,"2025-10-28",209,3,398.99,5,4,4,"5,4,4"
5679,"2025-10-28",209,2,413.28,5,4,4,"5,4,4"
7660,"2025-10-28",209,4,594.94,5,5,5,"5,5,5"
3532,"2025-10-28",209,1,45.87,5,1,1,"5,1,1"
17718,"2025-10-29",208,1,116.15,5,2,2,"5,2,2"
11044,"2025-10-29",208,3,875.28,5,5,5,"5,5,5"
13702,"2025-10-29",208,2,276.38,5,3,4,"5,3,4"
262,"2025-10-29",208,1,692.35,5,2,5,"5,2,5"
1199,"2025-10-29",208,2,260.67,5,3,4,"5,3,4"
9434,"2025-10-29",208,3,136.04,5,5,2,"5,5,2"
433,"2025-10-29",208,3,398.26,5,4,4,"5,4,4"
4853,"2025-10-29",208,3,383.42,5,4,4,"5,4,4"
12647,"2025-10-29",208,5,898.74,5,5,5,"5,5,5"
13954,"2025-10-29",208,1,78.12,5,2,2,"5,2,2"
19267,"2025-10-29",208,3,245.83,5,5,3,"5,5,3"
19676,"2025-10-29",208,3,274.12,5,4,4,"5,4,4"
10686,"2025-10-29",208,2,195.70,5,3,3,"5,3,3"
18331,"2025-10-29",208,2,452.68,5,4,5,"5,4,5"
15660,"2025-10-30",207,1,509.67,5,2,5,"5,2,5"
8671,"2025-10-30",207,4,381.10,5,5,4,"5,5,4"
19978,"2025-10-30",207,4,364.02,5,5,4,"5,5,4"
7117,"2025-10-30",207,3,1264.38,5,5,5,"5,5,5"
5712,"2025-10-30",207,3,324.63,5,4,4,"5,4,4"
9646,"2025-10-30",207,4,636.79,5,5,5,"5,5,5"
16894,"2025-10-30",207,1,71.84,5,1,1,"5,1,1"
8427,"2025-10-30",207,2,1103.53,5,4,5,"5,4,5"
13513,"2025-10-30",207,6,1472.85,5,5,5,"5,5,5"
5426,"2025-10-30",207,1,231.91,5,1,3,"5,1,3"
9016,"2025-10-30",207,4,581.69,5,5,5,"5,5,5"
2636,"2025-10-30",207,2,91.69,5,3,2,"5,3,2"
8430,"2025-10-31",206,1,99.02,5,2,2,"5,2,2"
376,"2025-10-31",206,2,260.42,5,3,4,"5,3,4"
1311,"2025-10-31",206,4,371.72,5,5,4,"5,5,4"
8370,"2025-10-31",206,1,151.14,5,1,2,"5,1,2"
9109,"2025-10-31",206,4,951.97,5,5,5,"5,5,5"
9763,"2025-10-31",206,1,95.36,5,2,2,"5,2,2"
12124,"2025-10-31",206,4,784.28,5,5,5,"5,5,5"
10338,"2025-10-31",206,1,39.58,5,2,1,"5,2,1"
7691,"2025-10-31",206,3,451.28,5,5,5,"5,5,5"
3556,"2025-10-31",206,4,407.78,5,5,4,"5,5,4"
3629,"2025-10-31",206,1,31.43,5,2,1,"5,2,1"
5110,"2025-10-31",206,1,216.36,5,1,3,"5,1,3"
8562,"2025-10-31",206,2,65.88,5,3,1,"5,3,1"
3793,"2025-10-31",206,5,572.00,5,5,5,"5,5,5"
1581,"2025-10-31",206,4,373.19,5,5,4,"5,5,4"
13879,"2025-10-31",206,3,399.83,5,4,4,"5,4,4"
